[4] 2026-03-09 11:07:20,526 DEBUG CachedMetadataProvider.LoadCachedMetadata => obtaining lock
[4] 2026-03-09 11:07:20,528 DEBUG CachedMetadataProvider.LoadCachedMetadata => deserialized 0 files.
[4] 2026-03-09 11:07:20,529 DEBUG CachedMetadataProvider.SavePreviousCachedMetadata => obtaining lock
[4] 2026-03-09 11:07:20,531 DEBUG CachedMetadataProvider.SaveCachedMetadata => obtaining lock
[4] 2026-03-09 11:07:20,545 DEBUG CachedMetadataProvider.LoadCachedMetadata => obtaining lock
[4] 2026-03-09 11:07:20,546 DEBUG CachedMetadataProvider.LoadCachedMetadata => deserialized 0 files.
[4] 2026-03-09 11:07:20,554 DEBUG CachedMetadataProvider.LoadCachedMetadata => obtaining lock
[4] 2026-03-09 11:07:20,598 DEBUG CachedMetadataProvider.LoadCachedMetadata => deserialized 1 files.
[4] 2026-03-09 11:07:20,609 DEBUG CachedMetadataProvider.LoadCachedMetadata => obtaining lock
[4] 2026-03-09 11:07:20,637 DEBUG CachedMetadataProvider.LoadCachedMetadata => deserialized 2 files.
[4] 2026-03-09 11:07:20,640 DEBUG CachedMetadataProvider.LoadCachedMetadata => obtaining lock
[4] 2026-03-09 11:07:20,671 DEBUG CachedMetadataProvider.LoadCachedMetadata => deserialized 3 files.
[4] 2026-03-09 11:07:20,672 DEBUG CachedMetadataProvider.LoadCachedMetadata => obtaining lock
[4] 2026-03-09 11:07:20,705 DEBUG CachedMetadataProvider.LoadCachedMetadata => deserialized 4 files.
[4] 2026-03-09 11:07:20,706 DEBUG CachedMetadataProvider.LoadCachedMetadata => obtaining lock
[4] 2026-03-09 11:07:20,733 DEBUG CachedMetadataProvider.LoadCachedMetadata => deserialized 5 files.
[4] 2026-03-09 11:07:20,734 DEBUG CachedMetadataProvider.LoadCachedMetadata => obtaining lock
[4] 2026-03-09 11:07:20,763 DEBUG CachedMetadataProvider.LoadCachedMetadata => deserialized 6 files.
[4] 2026-03-09 11:07:20,764 DEBUG CachedMetadataProvider.LoadCachedMetadata => obtaining lock
[4] 2026-03-09 11:07:20,803 DEBUG CachedMetadataProvider.LoadCachedMetadata => deserialized 7 files.
[4] 2026-03-09 11:07:20,805 DEBUG CachedMetadataProvider.LoadCachedMetadata => obtaining lock
[4] 2026-03-09 11:07:20,830 DEBUG CachedMetadataProvider.LoadCachedMetadata => deserialized 8 files.
[4] 2026-03-09 11:07:20,832 DEBUG CachedMetadataProvider.LoadCachedMetadata => obtaining lock
[4] 2026-03-09 11:07:20,857 DEBUG CachedMetadataProvider.LoadCachedMetadata => deserialized 9 files.
[4] 2026-03-09 11:07:20,859 DEBUG CachedMetadataProvider.LoadCachedMetadata => obtaining lock
[4] 2026-03-09 11:07:20,878 DEBUG CachedMetadataProvider.LoadCachedMetadata => deserialized 10 files.
[4] 2026-03-09 11:07:20,879 DEBUG CachedMetadataProvider.LoadCachedMetadata => obtaining lock
[4] 2026-03-09 11:07:20,902 DEBUG CachedMetadataProvider.LoadCachedMetadata => deserialized 11 files.
[4] 2026-03-09 11:07:20,903 DEBUG CachedMetadataProvider.LoadCachedMetadata => obtaining lock
[4] 2026-03-09 11:07:20,931 DEBUG CachedMetadataProvider.LoadCachedMetadata => deserialized 12 files.
[4] 2026-03-09 11:07:20,932 DEBUG CachedMetadataProvider.LoadCachedMetadata => obtaining lock
[4] 2026-03-09 11:07:20,953 DEBUG CachedMetadataProvider.LoadCachedMetadata => deserialized 13 files.
[4] 2026-03-09 11:07:20,954 DEBUG CachedMetadataProvider.LoadCachedMetadata => obtaining lock
[4] 2026-03-09 11:07:20,990 DEBUG CachedMetadataProvider.LoadCachedMetadata => deserialized 14 files.
[4] 2026-03-09 11:07:20,997 DEBUG CachedMetadataProvider.LoadCachedMetadata => obtaining lock
[4] 2026-03-09 11:07:21,025 DEBUG CachedMetadataProvider.LoadCachedMetadata => deserialized 15 files.
[4] 2026-03-09 11:07:21,027 DEBUG CachedMetadataProvider.LoadCachedMetadata => obtaining lock
[4] 2026-03-09 11:07:21,061 DEBUG CachedMetadataProvider.LoadCachedMetadata => deserialized 16 files.
[4] 2026-03-09 11:07:21,062 DEBUG CachedMetadataProvider.LoadCachedMetadata => obtaining lock
[4] 2026-03-09 11:07:21,090 DEBUG CachedMetadataProvider.LoadCachedMetadata => deserialized 17 files.
[4] 2026-03-09 11:07:21,092 DEBUG CachedMetadataProvider.SaveCachedMetadata => saved 18 files.
[13] 2026-03-10 09:00:36,291 OFF   =============================================================================================
[13] 2026-03-10 09:00:36,292 OFF   ==================================>>>>> Start Actions <<<<<==================================
[13] 2026-03-10 09:00:36,292 OFF   ActionDelegator.Execute => processing 1 actions. Timeout: 180 minutes.
[13] 2026-03-10 09:00:36,293 DEBUG ActionDelegator.ExistsRegKey_SetupPhase => Check FU in progress. Checking registry key [HKEY_LOCAL_MACHINE\SYSTEM\Setup\MoSetup\Volatile\SetupPhase|[type=DWord]]: 
[13] 2026-03-10 09:00:36,297 DEBUG All Patch Prerequisites are installed.
[13] 2026-03-10 09:00:36,299 DEBUG CachedMetadataProvider.LoadCachedMetadata => obtaining lock
[13] 2026-03-10 09:00:36,477 DEBUG CachedMetadataProvider.LoadCachedMetadata => deserialized 18 files.
[13] 2026-03-10 09:00:36,482 DEBUG CachedMetadataProvider.LoadCachedMetadata => obtaining lock
[13] 2026-03-10 09:00:36,485 DEBUG CachedMetadataProvider.LoadCachedMetadata => deserialized 18 files.
[13] 2026-03-10 09:00:36,486 DEBUG CachedMetadataProvider.LoadCachedMetadata => obtaining lock
[13] 2026-03-10 09:00:36,489 DEBUG CachedMetadataProvider.LoadCachedMetadata => deserialized 18 files.
[13] 2026-03-10 09:00:36,489 DEBUG CachedMetadataProvider.LoadCachedMetadata => obtaining lock
[13] 2026-03-10 09:00:36,492 DEBUG CachedMetadataProvider.LoadCachedMetadata => deserialized 18 files.
[13] 2026-03-10 09:00:36,496 DEBUG ActionHandlerResolver.LoadPropertyBag => skipping field [SupersededUpdateIDs], not a simple type.
[13] 2026-03-10 09:00:36,496 DEBUG ActionHandlerResolver.Resolve => resolved action handler [WuaInstallerActionHandler]. Mapping: keys [ActionType,DataProviderType], values [Installation,Wua]
[13] 2026-03-10 09:00:36,498 OFF   ActionDelegator.Execute => ------ processing 1 action(s) for action handler: [WuaInstallerActionHandler]. Time limit: 2026-03-10 12:00 ------
[13] 2026-03-10 09:00:36,499 DEBUG 		Installation: [71563eb2-c3d9-49ad-88a1-ff575396a188] 2026-02 .NET 8.0.24 Security Update for x64 Client (KB5077863), 5077863
[13] 2026-03-10 09:00:36,508 DEBUG WuaInstallerActionHandler.Execute => Running installation =====>>> Step 1 <<<=====
[1] 2026-03-10 09:00:36,804 DEBUG Enter >>> WuaUtilities.SetPreferredUpdateService()
[1] 2026-03-10 09:00:36,813 DEBUG Enter >>> WuaUtilities.FindService("7971f918-a847-4430-9279-4a52d1efe18d")
[1] 2026-03-10 09:00:36,814 DEBUG Exit  <<< WuaUtilities.FindService("7971f918-a847-4430-9279-4a52d1efe18d"), returns System.__ComObject
[1] 2026-03-10 09:00:36,815 DEBUG Enter >>> WuaUtilities.SetSearcherService(System.__ComObject)
[1] 2026-03-10 09:00:36,815 DEBUG Exit  <<< WuaUtilities.SetSearcherService("System.__ComObject"), returns True
[1] 2026-03-10 09:00:36,816 INFO  WUA Update Service set to 7971f918-a847-4430-9279-4a52d1efe18d, ServerSelection = ssOthers
[1] 2026-03-10 09:00:36,816 DEBUG Exit  <<< WuaUtilities.SetPreferredUpdateService()
[1] 2026-03-10 09:00:36,816 INFO  WuaInstallerActionHandler.PreInstallSearch => search WUA patch [UpdateID='71563eb2-c3d9-49ad-88a1-ff575396a188' and DeploymentAction=*]...
[1] 2026-03-10 09:00:47,744 DEBUG WuaInstallerActionHandler.SubmitFilesForDownload => submitting file for download [71563eb2-c3d9-49ad-88a1-ff575396a188.1] [http://download.windowsupdate.com/d/msdownload/update/software/secu/2026/02/windowsdesktop-runtime-8.0.24-win-x64_498e520c81f1aa21b0fed9ca64fa2893e6ad4c1d.exe]
[1] 2026-03-10 09:00:47,761 DEBUG WuaInstallerActionHandler.PreInstallDownload => Waiting for finishing patch installers download (time limit: 2026-03-10 11:00)
[1] 2026-03-10 09:00:47,765 DEBUG WuaInstallerActionHandler.IsDownloadCompleted => checking download status for file [71563eb2-c3d9-49ad-88a1-ff575396a188.1] [http://download.windowsupdate.com/d/msdownload/update/software/secu/2026/02/windowsdesktop-runtime-8.0.24-win-x64_498e520c81f1aa21b0fed9ca64fa2893e6ad4c1d.exe], IsDownloadCompleted = False
[1] 2026-03-10 09:00:47,765 DEBUG WuaInstallerActionHandler.PreInstallDownload => Download of installation files for remaining 1 patches is still in progress, waiting 10 seconds...
[1] 2026-03-10 09:00:57,774 DEBUG WuaInstallerActionHandler.IsDownloadCompleted => checking download status for file [71563eb2-c3d9-49ad-88a1-ff575396a188.1] [http://download.windowsupdate.com/d/msdownload/update/software/secu/2026/02/windowsdesktop-runtime-8.0.24-win-x64_498e520c81f1aa21b0fed9ca64fa2893e6ad4c1d.exe], IsDownloadCompleted = True
[1] 2026-03-10 09:00:57,775 DEBUG WuaInstallerActionHandler.PreInstallDownload => Download of installation files for [71563eb2-c3d9-49ad-88a1-ff575396a188] patch is finished...
[1] 2026-03-10 09:00:57,778 DEBUG WuaInstallerActionHandler.Download => Downloading file [71563eb2-c3d9-49ad-88a1-ff575396a188.1] to [C:\ProgramData\MspPlatform\PME\Archives\71563eb2-c3d9-49ad-88a1-ff575396a188\windowsdesktop-runtime-8.0.24-win-x64_498e520c81f1aa21b0fed9ca64fa2893e6ad4c1d.exe]
[1] 2026-03-10 09:00:57,985 WARN  MspPlatform.Common.Utility.RegistryUtility.GetStringRegistryValue => couldn't open registry key '\SOFTWARE\Microsoft\Windows\CurrentVersion\WindowsUpdate\Auto Update\Results\Download\LastSuccessTime' 
[1] 2026-03-10 09:00:57,986 DEBUG WuaService.UpdateLastSuccessTimeDownloadInRegistry => LastSuccessTime value in registry: 
[1] 2026-03-10 09:00:57,986 OFF   WuaService.UpdateLastSuccessTimeDownloadInRegistry => setting LastSuccessTime to: 2026-03-10 07:00:57 [Culture is: en-IL]
[1] 2026-03-10 09:00:57,996 DEBUG WuaInstallerActionHandler.GetUpdateFiles => Mapping [http://download.windowsupdate.com/d/msdownload/update/software/secu/2026/02/windowsdesktop-runtime-8.0.24-win-x64_498e520c81f1aa21b0fed9ca64fa2893e6ad4c1d.exe] to [C:\ProgramData\MspPlatform\PME\Archives\71563eb2-c3d9-49ad-88a1-ff575396a188\windowsdesktop-runtime-8.0.24-win-x64_498e520c81f1aa21b0fed9ca64fa2893e6ad4c1d.exe]
[1] 2026-03-10 09:00:57,997 DEBUG WuaInstallerActionHandler.CopyToCache_Software => copy files to cache for patch [71563eb2-c3d9-49ad-88a1-ff575396a188]
[1] 2026-03-10 09:00:58,405 INFO  WuaInstallerActionHandler.Install => installing [1] WUA patch(es)...
[1] 2026-03-10 09:01:09,809 OFF   WuaInstallerActionHandler.Install => installation of [1] WUA patch(es) finished with result code [0/orcSucceeded], reboot: [False]. 
[1] 2026-03-10 09:01:09,810 DEBUG WuaInstallerActionHandler.Commit => (new interface)
[1] 2026-03-10 09:01:09,822 OFF   WuaInstallerActionHandler.ProcessInstallationResult => Installed [71563eb2-c3d9-49ad-88a1-ff575396a188], result code: orcSucceeded, hResult: 0, reboot required: NotRequired
[13] 2026-03-10 09:01:09,890 DEBUG ActionDelegator.Execute => ------ processing action finished. Id: 71563eb2-c3d9-49ad-88a1-ff575396a188, Error: , RebootRequired: False
[13] 2026-03-10 09:01:09,890 OFF   =============================>>> Processing Actions finished <<<=============================
[13] 2026-03-10 09:03:00,714 DEBUG CachedMetadataProvider.LoadCachedMetadata => obtaining lock
[13] 2026-03-10 09:03:00,718 DEBUG CachedMetadataProvider.LoadCachedMetadata => deserialized 18 files.
[13] 2026-03-10 09:03:00,718 DEBUG CachedMetadataProvider.SavePreviousCachedMetadata => obtaining lock
[13] 2026-03-10 09:03:00,723 DEBUG CachedMetadataProvider.SaveCachedMetadata => obtaining lock
[13] 2026-03-10 09:03:00,724 DEBUG CachedMetadataProvider.LoadCachedMetadata => obtaining lock
[13] 2026-03-10 09:03:00,724 DEBUG CachedMetadataProvider.LoadCachedMetadata => deserialized 0 files.
[13] 2026-03-10 09:03:00,725 DEBUG CachedMetadataProvider.LoadCachedMetadata => obtaining lock
[13] 2026-03-10 09:03:00,735 DEBUG CachedMetadataProvider.LoadCachedMetadata => deserialized 1 files.
[13] 2026-03-10 09:03:00,736 DEBUG CachedMetadataProvider.LoadCachedMetadata => obtaining lock
[13] 2026-03-10 09:03:00,746 DEBUG CachedMetadataProvider.LoadCachedMetadata => deserialized 2 files.
[13] 2026-03-10 09:03:00,747 DEBUG CachedMetadataProvider.LoadCachedMetadata => obtaining lock
[13] 2026-03-10 09:03:00,757 DEBUG CachedMetadataProvider.LoadCachedMetadata => deserialized 3 files.
[13] 2026-03-10 09:03:00,758 DEBUG CachedMetadataProvider.LoadCachedMetadata => obtaining lock
[13] 2026-03-10 09:03:00,771 DEBUG CachedMetadataProvider.LoadCachedMetadata => deserialized 4 files.
[13] 2026-03-10 09:03:00,772 DEBUG CachedMetadataProvider.LoadCachedMetadata => obtaining lock
[13] 2026-03-10 09:03:00,784 DEBUG CachedMetadataProvider.LoadCachedMetadata => deserialized 5 files.
[13] 2026-03-10 09:03:00,785 DEBUG CachedMetadataProvider.LoadCachedMetadata => obtaining lock
[13] 2026-03-10 09:03:00,796 DEBUG CachedMetadataProvider.LoadCachedMetadata => deserialized 6 files.
[13] 2026-03-10 09:03:00,797 DEBUG CachedMetadataProvider.LoadCachedMetadata => obtaining lock
[13] 2026-03-10 09:03:00,799 DEBUG CachedMetadataProvider.LoadCachedMetadata => deserialized 7 files.
[13] 2026-03-10 09:03:00,799 DEBUG CachedMetadataProvider.LoadCachedMetadata => obtaining lock
[13] 2026-03-10 09:03:00,800 DEBUG CachedMetadataProvider.LoadCachedMetadata => deserialized 8 files.
[13] 2026-03-10 09:03:00,802 DEBUG CachedMetadataProvider.LoadCachedMetadata => obtaining lock
[13] 2026-03-10 09:03:00,803 DEBUG CachedMetadataProvider.LoadCachedMetadata => deserialized 9 files.
[13] 2026-03-10 09:03:00,804 DEBUG CachedMetadataProvider.LoadCachedMetadata => obtaining lock
[13] 2026-03-10 09:03:00,806 DEBUG CachedMetadataProvider.LoadCachedMetadata => deserialized 10 files.
[13] 2026-03-10 09:03:00,807 DEBUG CachedMetadataProvider.LoadCachedMetadata => obtaining lock
[13] 2026-03-10 09:03:00,808 DEBUG CachedMetadataProvider.LoadCachedMetadata => deserialized 11 files.
[13] 2026-03-10 09:03:00,809 DEBUG CachedMetadataProvider.LoadCachedMetadata => obtaining lock
[13] 2026-03-10 09:03:00,819 DEBUG CachedMetadataProvider.LoadCachedMetadata => deserialized 12 files.
[13] 2026-03-10 09:03:00,819 DEBUG CachedMetadataProvider.LoadCachedMetadata => obtaining lock
[13] 2026-03-10 09:03:00,832 DEBUG CachedMetadataProvider.LoadCachedMetadata => deserialized 13 files.
[13] 2026-03-10 09:03:00,832 DEBUG CachedMetadataProvider.LoadCachedMetadata => obtaining lock
[13] 2026-03-10 09:03:00,842 DEBUG CachedMetadataProvider.LoadCachedMetadata => deserialized 14 files.
[13] 2026-03-10 09:03:00,842 DEBUG CachedMetadataProvider.LoadCachedMetadata => obtaining lock
[13] 2026-03-10 09:03:00,854 DEBUG CachedMetadataProvider.LoadCachedMetadata => deserialized 15 files.
[13] 2026-03-10 09:03:00,854 DEBUG CachedMetadataProvider.LoadCachedMetadata => obtaining lock
[13] 2026-03-10 09:03:00,866 DEBUG CachedMetadataProvider.LoadCachedMetadata => deserialized 16 files.
[13] 2026-03-10 09:03:00,867 DEBUG CachedMetadataProvider.LoadCachedMetadata => obtaining lock
[13] 2026-03-10 09:03:00,880 DEBUG CachedMetadataProvider.LoadCachedMetadata => deserialized 17 files.
[13] 2026-03-10 09:03:00,881 DEBUG CachedMetadataProvider.LoadCachedMetadata => obtaining lock
[13] 2026-03-10 09:03:00,895 DEBUG CachedMetadataProvider.LoadCachedMetadata => deserialized 18 files.
[13] 2026-03-10 09:03:00,897 DEBUG CachedMetadataProvider.SaveCachedMetadata => saved 19 files.
[10] 2026-03-10 11:01:24,293 DEBUG CachedMetadataProvider.LoadCachedMetadata => obtaining lock
[10] 2026-03-10 11:01:24,347 DEBUG CachedMetadataProvider.LoadCachedMetadata => deserialized 19 files.
[10] 2026-03-10 11:01:24,349 DEBUG CachedMetadataProvider.SavePreviousCachedMetadata => obtaining lock
[10] 2026-03-10 11:01:24,358 DEBUG CachedMetadataProvider.SaveCachedMetadata => obtaining lock
[10] 2026-03-10 11:01:24,358 DEBUG CachedMetadataProvider.LoadCachedMetadata => obtaining lock
[10] 2026-03-10 11:01:24,359 DEBUG CachedMetadataProvider.LoadCachedMetadata => deserialized 0 files.
[10] 2026-03-10 11:01:24,362 DEBUG CachedMetadataProvider.LoadCachedMetadata => obtaining lock
[10] 2026-03-10 11:01:24,374 DEBUG CachedMetadataProvider.LoadCachedMetadata => deserialized 1 files.
[10] 2026-03-10 11:01:24,374 DEBUG CachedMetadataProvider.LoadCachedMetadata => obtaining lock
[10] 2026-03-10 11:01:24,375 DEBUG CachedMetadataProvider.LoadCachedMetadata => deserialized 2 files.
[10] 2026-03-10 11:01:24,376 DEBUG CachedMetadataProvider.LoadCachedMetadata => obtaining lock
[10] 2026-03-10 11:01:24,377 DEBUG CachedMetadataProvider.LoadCachedMetadata => deserialized 3 files.
[10] 2026-03-10 11:01:24,377 DEBUG CachedMetadataProvider.LoadCachedMetadata => obtaining lock
[10] 2026-03-10 11:01:24,378 DEBUG CachedMetadataProvider.LoadCachedMetadata => deserialized 4 files.
[10] 2026-03-10 11:01:24,379 DEBUG CachedMetadataProvider.LoadCachedMetadata => obtaining lock
[10] 2026-03-10 11:01:24,380 DEBUG CachedMetadataProvider.LoadCachedMetadata => deserialized 5 files.
[10] 2026-03-10 11:01:24,380 DEBUG CachedMetadataProvider.LoadCachedMetadata => obtaining lock
[10] 2026-03-10 11:01:24,393 DEBUG CachedMetadataProvider.LoadCachedMetadata => deserialized 6 files.
[10] 2026-03-10 11:01:24,395 DEBUG CachedMetadataProvider.LoadCachedMetadata => obtaining lock
[10] 2026-03-10 11:01:24,405 DEBUG CachedMetadataProvider.LoadCachedMetadata => deserialized 7 files.
[10] 2026-03-10 11:01:24,406 DEBUG CachedMetadataProvider.LoadCachedMetadata => obtaining lock
[10] 2026-03-10 11:01:24,408 DEBUG CachedMetadataProvider.LoadCachedMetadata => deserialized 8 files.
[10] 2026-03-10 11:01:24,408 DEBUG CachedMetadataProvider.LoadCachedMetadata => obtaining lock
[10] 2026-03-10 11:01:24,410 DEBUG CachedMetadataProvider.LoadCachedMetadata => deserialized 9 files.
[10] 2026-03-10 11:01:24,411 DEBUG CachedMetadataProvider.LoadCachedMetadata => obtaining lock
[10] 2026-03-10 11:01:24,420 DEBUG CachedMetadataProvider.LoadCachedMetadata => deserialized 10 files.
[10] 2026-03-10 11:01:24,421 DEBUG CachedMetadataProvider.LoadCachedMetadata => obtaining lock
[10] 2026-03-10 11:01:24,423 DEBUG CachedMetadataProvider.LoadCachedMetadata => deserialized 11 files.
[10] 2026-03-10 11:01:24,424 DEBUG CachedMetadataProvider.LoadCachedMetadata => obtaining lock
[10] 2026-03-10 11:01:24,425 DEBUG CachedMetadataProvider.LoadCachedMetadata => deserialized 12 files.
[10] 2026-03-10 11:01:24,425 DEBUG CachedMetadataProvider.LoadCachedMetadata => obtaining lock
[10] 2026-03-10 11:01:24,428 DEBUG CachedMetadataProvider.LoadCachedMetadata => deserialized 13 files.
[10] 2026-03-10 11:01:24,429 DEBUG CachedMetadataProvider.LoadCachedMetadata => obtaining lock
[10] 2026-03-10 11:01:24,431 DEBUG CachedMetadataProvider.LoadCachedMetadata => deserialized 14 files.
[10] 2026-03-10 11:01:24,431 DEBUG CachedMetadataProvider.LoadCachedMetadata => obtaining lock
[10] 2026-03-10 11:01:24,444 DEBUG CachedMetadataProvider.LoadCachedMetadata => deserialized 15 files.
[10] 2026-03-10 11:01:24,445 DEBUG CachedMetadataProvider.LoadCachedMetadata => obtaining lock
[10] 2026-03-10 11:01:24,456 DEBUG CachedMetadataProvider.LoadCachedMetadata => deserialized 16 files.
[10] 2026-03-10 11:01:24,457 DEBUG CachedMetadataProvider.LoadCachedMetadata => obtaining lock
[10] 2026-03-10 11:01:24,470 DEBUG CachedMetadataProvider.LoadCachedMetadata => deserialized 17 files.
[10] 2026-03-10 11:01:24,471 DEBUG CachedMetadataProvider.LoadCachedMetadata => obtaining lock
[10] 2026-03-10 11:01:24,473 DEBUG CachedMetadataProvider.LoadCachedMetadata => deserialized 18 files.
[10] 2026-03-10 11:01:24,474 DEBUG CachedMetadataProvider.SaveCachedMetadata => saved 19 files.
[4] 2026-03-11 09:09:40,399 OFF   =============================================================================================
[4] 2026-03-11 09:09:40,401 OFF   ==================================>>>>> Start Actions <<<<<==================================
[4] 2026-03-11 09:09:40,401 OFF   ActionDelegator.Execute => processing 1 actions. Timeout: 180 minutes.
[4] 2026-03-11 09:09:40,405 DEBUG ActionDelegator.ExistsRegKey_SetupPhase => Check FU in progress. Checking registry key [HKEY_LOCAL_MACHINE\SYSTEM\Setup\MoSetup\Volatile\SetupPhase|[type=DWord]]: 
[4] 2026-03-11 09:09:40,408 DEBUG All Patch Prerequisites are installed.
[4] 2026-03-11 09:09:40,423 DEBUG CachedMetadataProvider.LoadCachedMetadata => obtaining lock
[4] 2026-03-11 09:09:40,749 DEBUG CachedMetadataProvider.LoadCachedMetadata => deserialized 19 files.
[4] 2026-03-11 09:09:40,758 DEBUG ActionHandlerResolver.LoadPropertyBag => skipping field [SupersededUpdateIDs], not a simple type.
[4] 2026-03-11 09:09:40,758 DEBUG ActionHandlerResolver.Resolve => resolved action handler [WuaInstallerActionHandler]. Mapping: keys [ActionType,DataProviderType], values [Installation,DriverUpdate]
[4] 2026-03-11 09:09:40,758 OFF   ActionDelegator.Execute => ------ processing 1 action(s) for action handler: [WuaInstallerActionHandler]. Time limit: 2026-03-11 12:09 ------
[4] 2026-03-11 09:09:40,758 DEBUG 		Installation: [b98198fc-0776-49e2-8a96-dede64191d5c] SAMSUNG Electronics Co., Ltd.  - USB - 2.21.0.0, 
[4] 2026-03-11 09:09:40,979 DEBUG WuaInstallerActionHandler.Execute => Running installation =====>>> Step 1 <<<=====
[1] 2026-03-11 09:09:41,512 DEBUG Enter >>> WuaUtilities.SetPreferredUpdateService()
[1] 2026-03-11 09:09:41,528 DEBUG Enter >>> WuaUtilities.FindService("7971f918-a847-4430-9279-4a52d1efe18d")
[1] 2026-03-11 09:09:41,530 DEBUG Exit  <<< WuaUtilities.FindService("7971f918-a847-4430-9279-4a52d1efe18d"), returns System.__ComObject
[1] 2026-03-11 09:09:41,530 DEBUG Enter >>> WuaUtilities.SetSearcherService(System.__ComObject)
[1] 2026-03-11 09:09:41,530 DEBUG Exit  <<< WuaUtilities.SetSearcherService("System.__ComObject"), returns True
[1] 2026-03-11 09:09:41,530 INFO  WUA Update Service set to 7971f918-a847-4430-9279-4a52d1efe18d, ServerSelection = ssOthers
[1] 2026-03-11 09:09:41,532 DEBUG Exit  <<< WuaUtilities.SetPreferredUpdateService()
[1] 2026-03-11 09:09:41,532 INFO  WuaInstallerActionHandler.PreInstallSearch => search WUA patch [UpdateID='b98198fc-0776-49e2-8a96-dede64191d5c' and DeploymentAction=*]...
[1] 2026-03-11 09:09:51,908 INFO  WuaInstallerActionHandler.SubmitFilesForDownload => Patch has no installation package! [b98198fc-0776-49e2-8a96-dede64191d5c] SAMSUNG Electronics Co., Ltd.  - USB - 2.21.0.0
[1] 2026-03-11 09:09:51,911 DEBUG WuaInstallerActionHandler.PreInstallDownload => Waiting for finishing patch installers download (time limit: 2026-03-11 11:09)
[1] 2026-03-11 09:09:51,911 DEBUG WuaInstallerActionHandler.PreInstallDownload => Download of installation files for [b98198fc-0776-49e2-8a96-dede64191d5c] patch is finished...
[1] 2026-03-11 09:09:51,917 DEBUG WuaService.UpdateLastSuccessTimeDownloadInRegistry => LastSuccessTime value in registry: 2026-03-10 07:00:57
[1] 2026-03-11 09:09:51,919 OFF   WuaService.UpdateLastSuccessTimeDownloadInRegistry => setting LastSuccessTime to: 2026-03-11 07:09:51 [Culture is: en-IL]
[1] 2026-03-11 09:09:51,935 DEBUG WuaInstallerActionHandler.DownloadDirectlyByWua => start download by WUA [b98198fc-0776-49e2-8a96-dede64191d5c]
[1] 2026-03-11 09:09:59,620 DEBUG WuaInstallerActionHandler.DownloadDirectlyByWua => successful download by WUA [b98198fc-0776-49e2-8a96-dede64191d5c]
[1] 2026-03-11 09:09:59,634 INFO  WuaInstallerActionHandler.Install => installing [1] WUA patch(es)...
[1] 2026-03-11 09:10:01,352 OFF   WuaInstallerActionHandler.Install => installation of [1] WUA patch(es) finished with result code [0/orcSucceeded], reboot: [False]. 
[1] 2026-03-11 09:10:01,354 DEBUG WuaInstallerActionHandler.Commit => (new interface)
[1] 2026-03-11 09:10:01,385 OFF   WuaInstallerActionHandler.ProcessInstallationResult => Installed [b98198fc-0776-49e2-8a96-dede64191d5c], result code: orcSucceeded, hResult: 0, reboot required: NotRequired
[4] 2026-03-11 09:10:01,567 DEBUG ActionDelegator.Execute => ------ processing action finished. Id: b98198fc-0776-49e2-8a96-dede64191d5c, Error: , RebootRequired: False
[4] 2026-03-11 09:10:01,568 OFF   =============================>>> Processing Actions finished <<<=============================
[9] 2026-03-11 09:12:25,746 DEBUG CachedMetadataProvider.LoadCachedMetadata => obtaining lock
[9] 2026-03-11 09:12:25,746 DEBUG CachedMetadataProvider.LoadCachedMetadata => deserialized 19 files.
[9] 2026-03-11 09:12:25,746 DEBUG CachedMetadataProvider.SavePreviousCachedMetadata => obtaining lock
[9] 2026-03-11 09:12:25,762 DEBUG CachedMetadataProvider.SaveCachedMetadata => obtaining lock
[9] 2026-03-11 09:12:25,762 DEBUG CachedMetadataProvider.LoadCachedMetadata => obtaining lock
[9] 2026-03-11 09:12:25,762 DEBUG CachedMetadataProvider.LoadCachedMetadata => deserialized 0 files.
[9] 2026-03-11 09:12:25,767 DEBUG CachedMetadataProvider.LoadCachedMetadata => obtaining lock
[9] 2026-03-11 09:12:25,779 DEBUG CachedMetadataProvider.LoadCachedMetadata => deserialized 1 files.
[9] 2026-03-11 09:12:25,779 DEBUG CachedMetadataProvider.LoadCachedMetadata => obtaining lock
[9] 2026-03-11 09:12:25,788 DEBUG CachedMetadataProvider.LoadCachedMetadata => deserialized 2 files.
[9] 2026-03-11 09:12:25,788 DEBUG CachedMetadataProvider.LoadCachedMetadata => obtaining lock
[9] 2026-03-11 09:12:25,798 DEBUG CachedMetadataProvider.LoadCachedMetadata => deserialized 3 files.
[9] 2026-03-11 09:12:25,798 DEBUG CachedMetadataProvider.LoadCachedMetadata => obtaining lock
[9] 2026-03-11 09:12:25,808 DEBUG CachedMetadataProvider.LoadCachedMetadata => deserialized 4 files.
[9] 2026-03-11 09:12:25,808 DEBUG CachedMetadataProvider.LoadCachedMetadata => obtaining lock
[9] 2026-03-11 09:12:25,825 DEBUG CachedMetadataProvider.LoadCachedMetadata => deserialized 5 files.
[9] 2026-03-11 09:12:25,825 DEBUG CachedMetadataProvider.LoadCachedMetadata => obtaining lock
[9] 2026-03-11 09:12:25,839 DEBUG CachedMetadataProvider.LoadCachedMetadata => deserialized 6 files.
[9] 2026-03-11 09:12:25,839 DEBUG CachedMetadataProvider.LoadCachedMetadata => obtaining lock
[9] 2026-03-11 09:12:25,852 DEBUG CachedMetadataProvider.LoadCachedMetadata => deserialized 7 files.
[9] 2026-03-11 09:12:25,852 DEBUG CachedMetadataProvider.LoadCachedMetadata => obtaining lock
[9] 2026-03-11 09:12:25,868 DEBUG CachedMetadataProvider.LoadCachedMetadata => deserialized 8 files.
[9] 2026-03-11 09:12:25,868 DEBUG CachedMetadataProvider.LoadCachedMetadata => obtaining lock
[9] 2026-03-11 09:12:25,873 DEBUG CachedMetadataProvider.LoadCachedMetadata => deserialized 9 files.
[9] 2026-03-11 09:12:25,873 DEBUG CachedMetadataProvider.LoadCachedMetadata => obtaining lock
[9] 2026-03-11 09:12:25,889 DEBUG CachedMetadataProvider.LoadCachedMetadata => deserialized 10 files.
[9] 2026-03-11 09:12:25,889 DEBUG CachedMetadataProvider.LoadCachedMetadata => obtaining lock
[9] 2026-03-11 09:12:25,900 DEBUG CachedMetadataProvider.LoadCachedMetadata => deserialized 11 files.
[9] 2026-03-11 09:12:25,900 DEBUG CachedMetadataProvider.LoadCachedMetadata => obtaining lock
[9] 2026-03-11 09:12:25,904 DEBUG CachedMetadataProvider.LoadCachedMetadata => deserialized 12 files.
[9] 2026-03-11 09:12:25,904 DEBUG CachedMetadataProvider.LoadCachedMetadata => obtaining lock
[9] 2026-03-11 09:12:25,926 DEBUG CachedMetadataProvider.LoadCachedMetadata => deserialized 13 files.
[9] 2026-03-11 09:12:25,928 DEBUG CachedMetadataProvider.LoadCachedMetadata => obtaining lock
[9] 2026-03-11 09:12:25,942 DEBUG CachedMetadataProvider.LoadCachedMetadata => deserialized 14 files.
[9] 2026-03-11 09:12:25,942 DEBUG CachedMetadataProvider.SaveCachedMetadata => saved 15 files.
[35] 2026-03-11 11:01:44,023 DEBUG CachedMetadataProvider.LoadCachedMetadata => obtaining lock
[35] 2026-03-11 11:01:44,034 DEBUG CachedMetadataProvider.LoadCachedMetadata => deserialized 15 files.
[35] 2026-03-11 11:01:44,039 DEBUG CachedMetadataProvider.LoadCachedMetadata => obtaining lock
[35] 2026-03-11 11:01:44,042 DEBUG CachedMetadataProvider.LoadCachedMetadata => deserialized 15 files.
[35] 2026-03-11 11:01:44,044 DEBUG CachedMetadataProvider.SavePreviousCachedMetadata => obtaining lock
[35] 2026-03-11 11:01:44,044 DEBUG CachedMetadataProvider.SaveCachedMetadata => obtaining lock
[35] 2026-03-11 11:01:44,044 DEBUG CachedMetadataProvider.LoadCachedMetadata => obtaining lock
[35] 2026-03-11 11:01:44,044 DEBUG CachedMetadataProvider.LoadCachedMetadata => deserialized 0 files.
[35] 2026-03-11 11:01:44,044 DEBUG CachedMetadataProvider.LoadCachedMetadata => obtaining lock
[35] 2026-03-11 11:01:44,044 DEBUG CachedMetadataProvider.LoadCachedMetadata => deserialized 1 files.
[35] 2026-03-11 11:01:44,055 DEBUG CachedMetadataProvider.LoadCachedMetadata => obtaining lock
[35] 2026-03-11 11:01:44,055 DEBUG CachedMetadataProvider.LoadCachedMetadata => deserialized 2 files.
[35] 2026-03-11 11:01:44,055 DEBUG CachedMetadataProvider.LoadCachedMetadata => obtaining lock
[35] 2026-03-11 11:01:44,055 DEBUG CachedMetadataProvider.LoadCachedMetadata => deserialized 3 files.
[35] 2026-03-11 11:01:44,055 DEBUG CachedMetadataProvider.LoadCachedMetadata => obtaining lock
[35] 2026-03-11 11:01:44,055 DEBUG CachedMetadataProvider.LoadCachedMetadata => deserialized 4 files.
[35] 2026-03-11 11:01:44,055 DEBUG CachedMetadataProvider.LoadCachedMetadata => obtaining lock
[35] 2026-03-11 11:01:44,065 DEBUG CachedMetadataProvider.LoadCachedMetadata => deserialized 5 files.
[35] 2026-03-11 11:01:44,065 DEBUG CachedMetadataProvider.LoadCachedMetadata => obtaining lock
[35] 2026-03-11 11:01:44,065 DEBUG CachedMetadataProvider.LoadCachedMetadata => deserialized 6 files.
[35] 2026-03-11 11:01:44,065 DEBUG CachedMetadataProvider.LoadCachedMetadata => obtaining lock
[35] 2026-03-11 11:01:44,075 DEBUG CachedMetadataProvider.LoadCachedMetadata => deserialized 7 files.
[35] 2026-03-11 11:01:44,075 DEBUG CachedMetadataProvider.LoadCachedMetadata => obtaining lock
[35] 2026-03-11 11:01:44,078 DEBUG CachedMetadataProvider.LoadCachedMetadata => deserialized 8 files.
[35] 2026-03-11 11:01:44,079 DEBUG CachedMetadataProvider.LoadCachedMetadata => obtaining lock
[35] 2026-03-11 11:01:44,086 DEBUG CachedMetadataProvider.LoadCachedMetadata => deserialized 9 files.
[35] 2026-03-11 11:01:44,086 DEBUG CachedMetadataProvider.LoadCachedMetadata => obtaining lock
[35] 2026-03-11 11:01:44,086 DEBUG CachedMetadataProvider.LoadCachedMetadata => deserialized 10 files.
[35] 2026-03-11 11:01:44,086 DEBUG CachedMetadataProvider.LoadCachedMetadata => obtaining lock
[35] 2026-03-11 11:01:44,098 DEBUG CachedMetadataProvider.LoadCachedMetadata => deserialized 11 files.
[35] 2026-03-11 11:01:44,098 DEBUG CachedMetadataProvider.LoadCachedMetadata => obtaining lock
[35] 2026-03-11 11:01:44,098 DEBUG CachedMetadataProvider.LoadCachedMetadata => deserialized 12 files.
[35] 2026-03-11 11:01:44,107 DEBUG CachedMetadataProvider.LoadCachedMetadata => obtaining lock
[35] 2026-03-11 11:01:44,107 DEBUG CachedMetadataProvider.LoadCachedMetadata => deserialized 13 files.
[35] 2026-03-11 11:01:44,110 DEBUG CachedMetadataProvider.LoadCachedMetadata => obtaining lock
[35] 2026-03-11 11:01:44,112 DEBUG CachedMetadataProvider.LoadCachedMetadata => deserialized 14 files.
[35] 2026-03-11 11:01:44,114 DEBUG CachedMetadataProvider.LoadCachedMetadata => obtaining lock
[35] 2026-03-11 11:01:44,114 DEBUG CachedMetadataProvider.LoadCachedMetadata => deserialized 15 files.
[35] 2026-03-11 11:01:44,117 DEBUG CachedMetadataProvider.SaveCachedMetadata => saved 16 files.
[71] 2026-03-12 09:42:30,771 OFF   =============================================================================================
[71] 2026-03-12 09:42:30,771 OFF   ==================================>>>>> Start Actions <<<<<==================================
[71] 2026-03-12 09:42:30,771 OFF   ActionDelegator.Execute => processing 3 actions. Timeout: 180 minutes.
[71] 2026-03-12 09:42:30,771 DEBUG ActionDelegator.ExistsRegKey_SetupPhase => Check FU in progress. Checking registry key [HKEY_LOCAL_MACHINE\SYSTEM\Setup\MoSetup\Volatile\SetupPhase|[type=DWord]]: 
[71] 2026-03-12 09:42:30,773 DEBUG All Patch Prerequisites are installed.
[71] 2026-03-12 09:42:30,773 DEBUG CachedMetadataProvider.LoadCachedMetadata => obtaining lock
[71] 2026-03-12 09:42:30,916 DEBUG CachedMetadataProvider.LoadCachedMetadata => deserialized 16 files.
[71] 2026-03-12 09:42:30,916 DEBUG CachedMetadataProvider.LoadCachedMetadata => obtaining lock
[71] 2026-03-12 09:42:30,916 DEBUG CachedMetadataProvider.LoadCachedMetadata => deserialized 16 files.
[71] 2026-03-12 09:42:30,916 DEBUG CachedMetadataProvider.LoadCachedMetadata => obtaining lock
[71] 2026-03-12 09:42:30,921 DEBUG CachedMetadataProvider.LoadCachedMetadata => deserialized 16 files.
[71] 2026-03-12 09:42:30,921 DEBUG CachedMetadataProvider.LoadCachedMetadata => obtaining lock
[71] 2026-03-12 09:42:30,921 DEBUG CachedMetadataProvider.LoadCachedMetadata => deserialized 16 files.
[71] 2026-03-12 09:42:30,921 DEBUG CachedMetadataProvider.LoadCachedMetadata => obtaining lock
[71] 2026-03-12 09:42:30,921 DEBUG CachedMetadataProvider.LoadCachedMetadata => deserialized 16 files.
[71] 2026-03-12 09:42:30,921 DEBUG CachedMetadataProvider.LoadCachedMetadata => obtaining lock
[71] 2026-03-12 09:42:30,931 DEBUG CachedMetadataProvider.LoadCachedMetadata => deserialized 16 files.
[71] 2026-03-12 09:42:30,931 DEBUG CachedMetadataProvider.LoadCachedMetadata => obtaining lock
[71] 2026-03-12 09:42:30,933 DEBUG CachedMetadataProvider.LoadCachedMetadata => deserialized 16 files.
[71] 2026-03-12 09:42:30,935 DEBUG CachedMetadataProvider.LoadCachedMetadata => obtaining lock
[71] 2026-03-12 09:42:30,937 DEBUG CachedMetadataProvider.LoadCachedMetadata => deserialized 16 files.
[71] 2026-03-12 09:42:30,937 DEBUG CachedMetadataProvider.LoadCachedMetadata => obtaining lock
[71] 2026-03-12 09:42:30,941 DEBUG CachedMetadataProvider.LoadCachedMetadata => deserialized 16 files.
[71] 2026-03-12 09:42:30,941 DEBUG CachedMetadataProvider.LoadCachedMetadata => obtaining lock
[71] 2026-03-12 09:42:30,943 DEBUG CachedMetadataProvider.LoadCachedMetadata => deserialized 16 files.
[71] 2026-03-12 09:42:30,943 DEBUG CachedMetadataProvider.LoadCachedMetadata => obtaining lock
[71] 2026-03-12 09:42:30,943 DEBUG CachedMetadataProvider.LoadCachedMetadata => deserialized 16 files.
[71] 2026-03-12 09:42:30,943 DEBUG CachedMetadataProvider.LoadCachedMetadata => obtaining lock
[71] 2026-03-12 09:42:30,949 DEBUG CachedMetadataProvider.LoadCachedMetadata => deserialized 16 files.
[71] 2026-03-12 09:42:30,949 DEBUG CachedMetadataProvider.LoadCachedMetadata => obtaining lock
[71] 2026-03-12 09:42:30,952 DEBUG CachedMetadataProvider.LoadCachedMetadata => deserialized 16 files.
[71] 2026-03-12 09:42:30,952 DEBUG CachedMetadataProvider.LoadCachedMetadata => obtaining lock
[71] 2026-03-12 09:42:30,952 DEBUG CachedMetadataProvider.LoadCachedMetadata => deserialized 16 files.
[71] 2026-03-12 09:42:30,952 DEBUG CachedMetadataProvider.LoadCachedMetadata => obtaining lock
[71] 2026-03-12 09:42:30,956 DEBUG CachedMetadataProvider.LoadCachedMetadata => deserialized 16 files.
[71] 2026-03-12 09:42:30,956 DEBUG CachedMetadataProvider.LoadCachedMetadata => obtaining lock
[71] 2026-03-12 09:42:30,958 DEBUG CachedMetadataProvider.LoadCachedMetadata => deserialized 16 files.
[71] 2026-03-12 09:42:30,960 DEBUG CachedMetadataProvider.LoadCachedMetadata => obtaining lock
[71] 2026-03-12 09:42:30,962 DEBUG CachedMetadataProvider.LoadCachedMetadata => deserialized 16 files.
[71] 2026-03-12 09:42:30,962 DEBUG CachedMetadataProvider.LoadCachedMetadata => obtaining lock
[71] 2026-03-12 09:42:30,964 DEBUG CachedMetadataProvider.LoadCachedMetadata => deserialized 16 files.
[71] 2026-03-12 09:42:30,964 DEBUG CachedMetadataProvider.LoadCachedMetadata => obtaining lock
[71] 2026-03-12 09:42:30,966 DEBUG CachedMetadataProvider.LoadCachedMetadata => deserialized 16 files.
[71] 2026-03-12 09:42:30,968 DEBUG CachedMetadataProvider.LoadCachedMetadata => obtaining lock
[71] 2026-03-12 09:42:30,970 DEBUG CachedMetadataProvider.LoadCachedMetadata => deserialized 16 files.
[71] 2026-03-12 09:42:30,970 DEBUG CachedMetadataProvider.LoadCachedMetadata => obtaining lock
[71] 2026-03-12 09:42:30,972 DEBUG CachedMetadataProvider.LoadCachedMetadata => deserialized 16 files.
[71] 2026-03-12 09:42:30,972 DEBUG CachedMetadataProvider.LoadCachedMetadata => obtaining lock
[71] 2026-03-12 09:42:30,976 DEBUG CachedMetadataProvider.LoadCachedMetadata => deserialized 16 files.
[71] 2026-03-12 09:42:30,976 DEBUG CachedMetadataProvider.LoadCachedMetadata => obtaining lock
[71] 2026-03-12 09:42:30,978 DEBUG CachedMetadataProvider.LoadCachedMetadata => deserialized 16 files.
[71] 2026-03-12 09:42:30,978 DEBUG CachedMetadataProvider.LoadCachedMetadata => obtaining lock
[71] 2026-03-12 09:42:30,980 DEBUG CachedMetadataProvider.LoadCachedMetadata => deserialized 16 files.
[71] 2026-03-12 09:42:30,982 DEBUG ActionHandlerResolver.LoadPropertyBag => skipping field [SupersededUpdateIDs], not a simple type.
[71] 2026-03-12 09:42:30,982 DEBUG ActionHandlerResolver.Resolve => resolved action handler [WuaInstallerActionHandler]. Mapping: keys [ActionType,DataProviderType], values [Installation,DriverUpdate]
[71] 2026-03-12 09:42:30,982 DEBUG ActionHandlerResolver.LoadPropertyBag => skipping field [SupersededUpdateIDs], not a simple type.
[71] 2026-03-12 09:42:30,982 DEBUG ActionHandlerResolver.Resolve => resolved action handler [WuaInstallerActionHandler]. Mapping: keys [ActionType,DataProviderType], values [Installation,DriverUpdate]
[71] 2026-03-12 09:42:30,982 DEBUG ActionHandlerResolver.LoadPropertyBag => skipping field [SupersededUpdateIDs], not a simple type.
[71] 2026-03-12 09:42:30,982 DEBUG ActionHandlerResolver.Resolve => resolved action handler [FileBasedInstallerActionHandler]. Mapping: keys [ActionType,DataProviderType], values [Installation,CumulativeUpdates]
[71] 2026-03-12 09:42:30,982 OFF   ActionDelegator.Execute => ------ processing 2 action(s) for action handler: [WuaInstallerActionHandler]. Time limit: 2026-03-12 12:42 ------
[71] 2026-03-12 09:42:30,982 DEBUG 		Installation: [bc6ca75f-ceac-4f68-a0a1-b3ccd1eac8d6] Realtek - Net - 1156.10.20.1104, 
[71] 2026-03-12 09:42:30,982 DEBUG 		Installation: [795d23d2-37ee-494b-9906-2967ffc02ef4] SAMSUNG Electronics Co., Ltd.  - Modem - 2.21.0.0, 
[71] 2026-03-12 09:42:30,984 DEBUG WuaInstallerActionHandler.Execute => Running installation =====>>> Step 1 <<<=====
[1] 2026-03-12 09:42:32,221 DEBUG Enter >>> WuaUtilities.SetPreferredUpdateService()
[1] 2026-03-12 09:42:32,232 DEBUG Enter >>> WuaUtilities.FindService("7971f918-a847-4430-9279-4a52d1efe18d")
[1] 2026-03-12 09:42:32,232 DEBUG Exit  <<< WuaUtilities.FindService("7971f918-a847-4430-9279-4a52d1efe18d"), returns System.__ComObject
[1] 2026-03-12 09:42:32,232 DEBUG Enter >>> WuaUtilities.SetSearcherService(System.__ComObject)
[1] 2026-03-12 09:42:32,234 DEBUG Exit  <<< WuaUtilities.SetSearcherService("System.__ComObject"), returns True
[1] 2026-03-12 09:42:32,234 INFO  WUA Update Service set to 7971f918-a847-4430-9279-4a52d1efe18d, ServerSelection = ssOthers
[1] 2026-03-12 09:42:32,234 DEBUG Exit  <<< WuaUtilities.SetPreferredUpdateService()
[1] 2026-03-12 09:42:32,234 INFO  WuaInstallerActionHandler.PreInstallSearch => search WUA patch [UpdateID='bc6ca75f-ceac-4f68-a0a1-b3ccd1eac8d6' and DeploymentAction=* OR UpdateID='795d23d2-37ee-494b-9906-2967ffc02ef4' and DeploymentAction=*]...
[1] 2026-03-12 09:42:54,044 INFO  WuaInstallerActionHandler.SubmitFilesForDownload => Patch has no installation package! [bc6ca75f-ceac-4f68-a0a1-b3ccd1eac8d6] Realtek - Net - 1156.10.20.1104
[1] 2026-03-12 09:42:54,044 INFO  WuaInstallerActionHandler.SubmitFilesForDownload => Patch has no installation package! [795d23d2-37ee-494b-9906-2967ffc02ef4] SAMSUNG Electronics Co., Ltd.  - Modem - 2.21.0.0
[1] 2026-03-12 09:42:54,047 DEBUG WuaInstallerActionHandler.PreInstallDownload => Waiting for finishing patch installers download (time limit: 2026-03-12 11:42)
[1] 2026-03-12 09:42:54,047 DEBUG WuaInstallerActionHandler.PreInstallDownload => Download of installation files for [bc6ca75f-ceac-4f68-a0a1-b3ccd1eac8d6] patch is finished...
[1] 2026-03-12 09:42:54,051 DEBUG WuaService.UpdateLastSuccessTimeDownloadInRegistry => LastSuccessTime value in registry: 2026-03-11 07:09:51
[1] 2026-03-12 09:42:54,051 OFF   WuaService.UpdateLastSuccessTimeDownloadInRegistry => setting LastSuccessTime to: 2026-03-12 07:42:54 [Culture is: en-IL]
[1] 2026-03-12 09:42:54,054 DEBUG WuaInstallerActionHandler.PreInstallDownload => Download of installation files for [795d23d2-37ee-494b-9906-2967ffc02ef4] patch is finished...
[1] 2026-03-12 09:42:54,054 DEBUG WuaService.UpdateLastSuccessTimeDownloadInRegistry => LastSuccessTime value in registry: 2026-03-12 07:42:54
[1] 2026-03-12 09:42:54,056 OFF   WuaService.UpdateLastSuccessTimeDownloadInRegistry => setting LastSuccessTime to: 2026-03-12 07:42:54 [Culture is: en-IL]
[1] 2026-03-12 09:42:54,061 DEBUG WuaInstallerActionHandler.DownloadDirectlyByWua => start download by WUA [bc6ca75f-ceac-4f68-a0a1-b3ccd1eac8d6]
[1] 2026-03-12 09:42:55,371 DEBUG WuaInstallerActionHandler.DownloadDirectlyByWua => successful download by WUA [bc6ca75f-ceac-4f68-a0a1-b3ccd1eac8d6]
[1] 2026-03-12 09:42:55,376 DEBUG WuaInstallerActionHandler.DownloadDirectlyByWua => start download by WUA [795d23d2-37ee-494b-9906-2967ffc02ef4]
[1] 2026-03-12 09:42:56,811 DEBUG WuaInstallerActionHandler.DownloadDirectlyByWua => successful download by WUA [795d23d2-37ee-494b-9906-2967ffc02ef4]
[1] 2026-03-12 09:42:56,813 INFO  WuaInstallerActionHandler.Install => installing [2] WUA patch(es)...
[1] 2026-03-12 09:42:59,460 OFF   WuaInstallerActionHandler.Install => installation of [2] WUA patch(es) finished with result code [0/orcSucceeded], reboot: [False]. 
[1] 2026-03-12 09:42:59,462 DEBUG WuaInstallerActionHandler.Commit => (new interface)
[1] 2026-03-12 09:42:59,475 OFF   WuaInstallerActionHandler.ProcessInstallationResult => Installed [bc6ca75f-ceac-4f68-a0a1-b3ccd1eac8d6], result code: orcSucceeded, hResult: 0, reboot required: NotRequired
[1] 2026-03-12 09:42:59,475 OFF   WuaInstallerActionHandler.ProcessInstallationResult => Installed [795d23d2-37ee-494b-9906-2967ffc02ef4], result code: orcSucceeded, hResult: 0, reboot required: NotRequired
[71] 2026-03-12 09:42:59,628 DEBUG ActionDelegator.Execute => ------ processing action finished. Id: bc6ca75f-ceac-4f68-a0a1-b3ccd1eac8d6, Error: , RebootRequired: False
[71] 2026-03-12 09:42:59,628 DEBUG ActionDelegator.Execute => ------ processing action finished. Id: 795d23d2-37ee-494b-9906-2967ffc02ef4, Error: , RebootRequired: False
[71] 2026-03-12 09:42:59,628 OFF   ActionDelegator.Execute => ------ processing 1 action(s) for action handler: [FileBasedInstallerActionHandler]. Time limit: 2026-03-12 12:42 ------
[71] 2026-03-12 09:42:59,628 DEBUG 		Installation: [c76f6748-fa6a-4feb-9121-798da084a057] 2026-03 Security Update (KB5079473) (26200.8037), 5079473
[71] 2026-03-12 09:42:59,630 DEBUG FileBasedInstallerActionHandler.SubmitFilesForDownload => submitting file for download [c76f6748-fa6a-4feb-9121-798da084a057.1] [https://catalog.sf.dl.delivery.mp.microsoft.com/filestreamingservice/files/d8b7f92b-bd35-4b4c-96e5-46ce984b31e0/public/windows11.0-kb5043080-x64_953449672073f8fb99badb4cc6d5d7849b9c83e8.msu]
[71] 2026-03-12 09:42:59,634 DEBUG FileBasedInstallerActionHandler.SubmitFilesForDownload => submitting file for download [c76f6748-fa6a-4feb-9121-798da084a057.2] [https://catalog.sf.dl.delivery.mp.microsoft.com/filestreamingservice/files/db81d709-c552-47ed-a3b9-ba77dfff9972/public/windows11.0-kb5079473-x64_651d0cdb7665e03bb80b4c198784b255081032d2.msu]
[71] 2026-03-12 09:42:59,636 DEBUG FileBasedInstallerActionHandler.Execute => Waiting for finishing patch installers download (time limit: 2026-03-12 11:42)
[71] 2026-03-12 09:42:59,638 DEBUG FileBasedInstallerActionHandler.IsDownloadCompleted => checking download status for file [c76f6748-fa6a-4feb-9121-798da084a057.1] [https://catalog.sf.dl.delivery.mp.microsoft.com/filestreamingservice/files/d8b7f92b-bd35-4b4c-96e5-46ce984b31e0/public/windows11.0-kb5043080-x64_953449672073f8fb99badb4cc6d5d7849b9c83e8.msu], IsDownloadCompleted = False
[71] 2026-03-12 09:42:59,638 DEBUG FileBasedInstallerActionHandler.Execute => Download of installation files for remaining 1 patches is still in progress, waiting 10 seconds...
[71] 2026-03-12 09:43:09,641 DEBUG FileBasedInstallerActionHandler.IsDownloadCompleted => checking download status for file [c76f6748-fa6a-4feb-9121-798da084a057.1] [https://catalog.sf.dl.delivery.mp.microsoft.com/filestreamingservice/files/d8b7f92b-bd35-4b4c-96e5-46ce984b31e0/public/windows11.0-kb5043080-x64_953449672073f8fb99badb4cc6d5d7849b9c83e8.msu], IsDownloadCompleted = False
[71] 2026-03-12 09:43:09,641 DEBUG FileBasedInstallerActionHandler.Execute => Download of installation files for remaining 1 patches is still in progress, waiting 10 seconds...
[71] 2026-03-12 09:43:19,653 DEBUG FileBasedInstallerActionHandler.IsDownloadCompleted => checking download status for file [c76f6748-fa6a-4feb-9121-798da084a057.1] [https://catalog.sf.dl.delivery.mp.microsoft.com/filestreamingservice/files/d8b7f92b-bd35-4b4c-96e5-46ce984b31e0/public/windows11.0-kb5043080-x64_953449672073f8fb99badb4cc6d5d7849b9c83e8.msu], IsDownloadCompleted = False
[71] 2026-03-12 09:43:19,653 DEBUG FileBasedInstallerActionHandler.Execute => Download of installation files for remaining 1 patches is still in progress, waiting 10 seconds...
[71] 2026-03-12 09:43:29,666 DEBUG FileBasedInstallerActionHandler.IsDownloadCompleted => checking download status for file [c76f6748-fa6a-4feb-9121-798da084a057.1] [https://catalog.sf.dl.delivery.mp.microsoft.com/filestreamingservice/files/d8b7f92b-bd35-4b4c-96e5-46ce984b31e0/public/windows11.0-kb5043080-x64_953449672073f8fb99badb4cc6d5d7849b9c83e8.msu], IsDownloadCompleted = True
[71] 2026-03-12 09:43:29,668 DEBUG FileBasedInstallerActionHandler.IsDownloadCompleted => checking download status for file [c76f6748-fa6a-4feb-9121-798da084a057.2] [https://catalog.sf.dl.delivery.mp.microsoft.com/filestreamingservice/files/db81d709-c552-47ed-a3b9-ba77dfff9972/public/windows11.0-kb5079473-x64_651d0cdb7665e03bb80b4c198784b255081032d2.msu], IsDownloadCompleted = False
[71] 2026-03-12 09:43:29,668 DEBUG FileBasedInstallerActionHandler.Execute => Download of installation files for remaining 1 patches is still in progress, waiting 10 seconds...
[71] 2026-03-12 09:43:39,674 DEBUG FileBasedInstallerActionHandler.IsDownloadCompleted => checking download status for file [c76f6748-fa6a-4feb-9121-798da084a057.1] [https://catalog.sf.dl.delivery.mp.microsoft.com/filestreamingservice/files/d8b7f92b-bd35-4b4c-96e5-46ce984b31e0/public/windows11.0-kb5043080-x64_953449672073f8fb99badb4cc6d5d7849b9c83e8.msu], IsDownloadCompleted = True
[71] 2026-03-12 09:43:39,674 DEBUG FileBasedInstallerActionHandler.IsDownloadCompleted => checking download status for file [c76f6748-fa6a-4feb-9121-798da084a057.2] [https://catalog.sf.dl.delivery.mp.microsoft.com/filestreamingservice/files/db81d709-c552-47ed-a3b9-ba77dfff9972/public/windows11.0-kb5079473-x64_651d0cdb7665e03bb80b4c198784b255081032d2.msu], IsDownloadCompleted = False
[71] 2026-03-12 09:43:39,674 DEBUG FileBasedInstallerActionHandler.Execute => Download of installation files for remaining 1 patches is still in progress, waiting 10 seconds...
[71] 2026-03-12 09:43:49,681 DEBUG FileBasedInstallerActionHandler.IsDownloadCompleted => checking download status for file [c76f6748-fa6a-4feb-9121-798da084a057.1] [https://catalog.sf.dl.delivery.mp.microsoft.com/filestreamingservice/files/d8b7f92b-bd35-4b4c-96e5-46ce984b31e0/public/windows11.0-kb5043080-x64_953449672073f8fb99badb4cc6d5d7849b9c83e8.msu], IsDownloadCompleted = True
[71] 2026-03-12 09:43:49,681 DEBUG FileBasedInstallerActionHandler.IsDownloadCompleted => checking download status for file [c76f6748-fa6a-4feb-9121-798da084a057.2] [https://catalog.sf.dl.delivery.mp.microsoft.com/filestreamingservice/files/db81d709-c552-47ed-a3b9-ba77dfff9972/public/windows11.0-kb5079473-x64_651d0cdb7665e03bb80b4c198784b255081032d2.msu], IsDownloadCompleted = False
[71] 2026-03-12 09:43:49,681 DEBUG FileBasedInstallerActionHandler.Execute => Download of installation files for remaining 1 patches is still in progress, waiting 10 seconds...
[71] 2026-03-12 09:43:59,693 DEBUG FileBasedInstallerActionHandler.IsDownloadCompleted => checking download status for file [c76f6748-fa6a-4feb-9121-798da084a057.1] [https://catalog.sf.dl.delivery.mp.microsoft.com/filestreamingservice/files/d8b7f92b-bd35-4b4c-96e5-46ce984b31e0/public/windows11.0-kb5043080-x64_953449672073f8fb99badb4cc6d5d7849b9c83e8.msu], IsDownloadCompleted = True
[71] 2026-03-12 09:43:59,696 DEBUG FileBasedInstallerActionHandler.IsDownloadCompleted => checking download status for file [c76f6748-fa6a-4feb-9121-798da084a057.2] [https://catalog.sf.dl.delivery.mp.microsoft.com/filestreamingservice/files/db81d709-c552-47ed-a3b9-ba77dfff9972/public/windows11.0-kb5079473-x64_651d0cdb7665e03bb80b4c198784b255081032d2.msu], IsDownloadCompleted = False
[71] 2026-03-12 09:43:59,696 DEBUG FileBasedInstallerActionHandler.Execute => Download of installation files for remaining 1 patches is still in progress, waiting 10 seconds...
[71] 2026-03-12 09:44:09,706 DEBUG FileBasedInstallerActionHandler.IsDownloadCompleted => checking download status for file [c76f6748-fa6a-4feb-9121-798da084a057.1] [https://catalog.sf.dl.delivery.mp.microsoft.com/filestreamingservice/files/d8b7f92b-bd35-4b4c-96e5-46ce984b31e0/public/windows11.0-kb5043080-x64_953449672073f8fb99badb4cc6d5d7849b9c83e8.msu], IsDownloadCompleted = True
[71] 2026-03-12 09:44:09,707 DEBUG FileBasedInstallerActionHandler.IsDownloadCompleted => checking download status for file [c76f6748-fa6a-4feb-9121-798da084a057.2] [https://catalog.sf.dl.delivery.mp.microsoft.com/filestreamingservice/files/db81d709-c552-47ed-a3b9-ba77dfff9972/public/windows11.0-kb5079473-x64_651d0cdb7665e03bb80b4c198784b255081032d2.msu], IsDownloadCompleted = False
[71] 2026-03-12 09:44:09,707 DEBUG FileBasedInstallerActionHandler.Execute => Download of installation files for remaining 1 patches is still in progress, waiting 10 seconds...
[71] 2026-03-12 09:44:19,717 DEBUG FileBasedInstallerActionHandler.IsDownloadCompleted => checking download status for file [c76f6748-fa6a-4feb-9121-798da084a057.1] [https://catalog.sf.dl.delivery.mp.microsoft.com/filestreamingservice/files/d8b7f92b-bd35-4b4c-96e5-46ce984b31e0/public/windows11.0-kb5043080-x64_953449672073f8fb99badb4cc6d5d7849b9c83e8.msu], IsDownloadCompleted = True
[71] 2026-03-12 09:44:19,717 DEBUG FileBasedInstallerActionHandler.IsDownloadCompleted => checking download status for file [c76f6748-fa6a-4feb-9121-798da084a057.2] [https://catalog.sf.dl.delivery.mp.microsoft.com/filestreamingservice/files/db81d709-c552-47ed-a3b9-ba77dfff9972/public/windows11.0-kb5079473-x64_651d0cdb7665e03bb80b4c198784b255081032d2.msu], IsDownloadCompleted = False
[71] 2026-03-12 09:44:19,717 DEBUG FileBasedInstallerActionHandler.Execute => Download of installation files for remaining 1 patches is still in progress, waiting 10 seconds...
[71] 2026-03-12 09:44:29,724 DEBUG FileBasedInstallerActionHandler.IsDownloadCompleted => checking download status for file [c76f6748-fa6a-4feb-9121-798da084a057.1] [https://catalog.sf.dl.delivery.mp.microsoft.com/filestreamingservice/files/d8b7f92b-bd35-4b4c-96e5-46ce984b31e0/public/windows11.0-kb5043080-x64_953449672073f8fb99badb4cc6d5d7849b9c83e8.msu], IsDownloadCompleted = True
[71] 2026-03-12 09:44:29,724 DEBUG FileBasedInstallerActionHandler.IsDownloadCompleted => checking download status for file [c76f6748-fa6a-4feb-9121-798da084a057.2] [https://catalog.sf.dl.delivery.mp.microsoft.com/filestreamingservice/files/db81d709-c552-47ed-a3b9-ba77dfff9972/public/windows11.0-kb5079473-x64_651d0cdb7665e03bb80b4c198784b255081032d2.msu], IsDownloadCompleted = False
[71] 2026-03-12 09:44:29,724 DEBUG FileBasedInstallerActionHandler.Execute => Download of installation files for remaining 1 patches is still in progress, waiting 10 seconds...
[71] 2026-03-12 09:44:39,736 DEBUG FileBasedInstallerActionHandler.IsDownloadCompleted => checking download status for file [c76f6748-fa6a-4feb-9121-798da084a057.1] [https://catalog.sf.dl.delivery.mp.microsoft.com/filestreamingservice/files/d8b7f92b-bd35-4b4c-96e5-46ce984b31e0/public/windows11.0-kb5043080-x64_953449672073f8fb99badb4cc6d5d7849b9c83e8.msu], IsDownloadCompleted = True
[71] 2026-03-12 09:44:39,736 DEBUG FileBasedInstallerActionHandler.IsDownloadCompleted => checking download status for file [c76f6748-fa6a-4feb-9121-798da084a057.2] [https://catalog.sf.dl.delivery.mp.microsoft.com/filestreamingservice/files/db81d709-c552-47ed-a3b9-ba77dfff9972/public/windows11.0-kb5079473-x64_651d0cdb7665e03bb80b4c198784b255081032d2.msu], IsDownloadCompleted = False
[71] 2026-03-12 09:44:39,736 DEBUG FileBasedInstallerActionHandler.Execute => Download of installation files for remaining 1 patches is still in progress, waiting 10 seconds...
[71] 2026-03-12 09:44:49,750 DEBUG FileBasedInstallerActionHandler.IsDownloadCompleted => checking download status for file [c76f6748-fa6a-4feb-9121-798da084a057.1] [https://catalog.sf.dl.delivery.mp.microsoft.com/filestreamingservice/files/d8b7f92b-bd35-4b4c-96e5-46ce984b31e0/public/windows11.0-kb5043080-x64_953449672073f8fb99badb4cc6d5d7849b9c83e8.msu], IsDownloadCompleted = True
[71] 2026-03-12 09:44:49,750 DEBUG FileBasedInstallerActionHandler.IsDownloadCompleted => checking download status for file [c76f6748-fa6a-4feb-9121-798da084a057.2] [https://catalog.sf.dl.delivery.mp.microsoft.com/filestreamingservice/files/db81d709-c552-47ed-a3b9-ba77dfff9972/public/windows11.0-kb5079473-x64_651d0cdb7665e03bb80b4c198784b255081032d2.msu], IsDownloadCompleted = False
[71] 2026-03-12 09:44:49,752 DEBUG FileBasedInstallerActionHandler.Execute => Download of installation files for remaining 1 patches is still in progress, waiting 10 seconds...
[71] 2026-03-12 09:44:59,762 DEBUG FileBasedInstallerActionHandler.IsDownloadCompleted => checking download status for file [c76f6748-fa6a-4feb-9121-798da084a057.1] [https://catalog.sf.dl.delivery.mp.microsoft.com/filestreamingservice/files/d8b7f92b-bd35-4b4c-96e5-46ce984b31e0/public/windows11.0-kb5043080-x64_953449672073f8fb99badb4cc6d5d7849b9c83e8.msu], IsDownloadCompleted = True
[71] 2026-03-12 09:44:59,762 DEBUG FileBasedInstallerActionHandler.IsDownloadCompleted => checking download status for file [c76f6748-fa6a-4feb-9121-798da084a057.2] [https://catalog.sf.dl.delivery.mp.microsoft.com/filestreamingservice/files/db81d709-c552-47ed-a3b9-ba77dfff9972/public/windows11.0-kb5079473-x64_651d0cdb7665e03bb80b4c198784b255081032d2.msu], IsDownloadCompleted = False
[71] 2026-03-12 09:44:59,762 DEBUG FileBasedInstallerActionHandler.Execute => Download of installation files for remaining 1 patches is still in progress, waiting 10 seconds...
[71] 2026-03-12 09:45:09,767 DEBUG FileBasedInstallerActionHandler.IsDownloadCompleted => checking download status for file [c76f6748-fa6a-4feb-9121-798da084a057.1] [https://catalog.sf.dl.delivery.mp.microsoft.com/filestreamingservice/files/d8b7f92b-bd35-4b4c-96e5-46ce984b31e0/public/windows11.0-kb5043080-x64_953449672073f8fb99badb4cc6d5d7849b9c83e8.msu], IsDownloadCompleted = True
[71] 2026-03-12 09:45:09,767 DEBUG FileBasedInstallerActionHandler.IsDownloadCompleted => checking download status for file [c76f6748-fa6a-4feb-9121-798da084a057.2] [https://catalog.sf.dl.delivery.mp.microsoft.com/filestreamingservice/files/db81d709-c552-47ed-a3b9-ba77dfff9972/public/windows11.0-kb5079473-x64_651d0cdb7665e03bb80b4c198784b255081032d2.msu], IsDownloadCompleted = False
[71] 2026-03-12 09:45:09,767 DEBUG FileBasedInstallerActionHandler.Execute => Download of installation files for remaining 1 patches is still in progress, waiting 10 seconds...
[71] 2026-03-12 09:45:19,783 DEBUG FileBasedInstallerActionHandler.IsDownloadCompleted => checking download status for file [c76f6748-fa6a-4feb-9121-798da084a057.1] [https://catalog.sf.dl.delivery.mp.microsoft.com/filestreamingservice/files/d8b7f92b-bd35-4b4c-96e5-46ce984b31e0/public/windows11.0-kb5043080-x64_953449672073f8fb99badb4cc6d5d7849b9c83e8.msu], IsDownloadCompleted = True
[71] 2026-03-12 09:45:19,783 DEBUG FileBasedInstallerActionHandler.IsDownloadCompleted => checking download status for file [c76f6748-fa6a-4feb-9121-798da084a057.2] [https://catalog.sf.dl.delivery.mp.microsoft.com/filestreamingservice/files/db81d709-c552-47ed-a3b9-ba77dfff9972/public/windows11.0-kb5079473-x64_651d0cdb7665e03bb80b4c198784b255081032d2.msu], IsDownloadCompleted = True
[71] 2026-03-12 09:45:19,783 DEBUG FileBasedInstallerActionHandler.Execute => Download of installation files for [c76f6748-fa6a-4feb-9121-798da084a057] patch is finished, starting installation...
[71] 2026-03-12 09:45:19,783 DEBUG FileBasedInstallerActionHandler.Download => Downloading file [c76f6748-fa6a-4feb-9121-798da084a057.1] to [C:\ProgramData\MspPlatform\PME\Archives\c76f6748-fa6a-4feb-9121-798da084a057\windows11.0-kb5043080-x64_953449672073f8fb99badb4cc6d5d7849b9c83e8.msu]
[71] 2026-03-12 09:45:21,590 DEBUG FileBasedInstallerActionHandler.Download => Downloading file [c76f6748-fa6a-4feb-9121-798da084a057.2] to [C:\ProgramData\MspPlatform\PME\Archives\c76f6748-fa6a-4feb-9121-798da084a057\windows11.0-kb5079473-x64_651d0cdb7665e03bb80b4c198784b255081032d2.msu]
[71] 2026-03-12 09:45:40,726 DEBUG FileBasedInstallerActionHandler.FilterOutCheckpointUpdatesIfInstalled => Filtering out non-needed checkpoint updates...
[71] 2026-03-12 09:45:40,734 DEBUG FileBasedInstallerActionHandler.FilterOutCheckpointUpdatesIfInstalled => Filtering updates based on the following OS build number: 26200.7922
[71] 2026-03-12 09:45:40,736 DEBUG FileBasedInstallerActionHandler.FilterOutCheckpointUpdatesIfInstalled => Device requires checkpoint update: False
[71] 2026-03-12 09:45:40,736 DEBUG FileBasedInstallerActionHandler.DeleteMsuFromDictAndFolder => Removing following file from install list: https://catalog.sf.dl.delivery.mp.microsoft.com/filestreamingservice/files/d8b7f92b-bd35-4b4c-96e5-46ce984b31e0/public/windows11.0-kb5043080-x64_953449672073f8fb99badb4cc6d5d7849b9c83e8.msu
[71] 2026-03-12 09:45:40,791 DEBUG FileBasedInstallerActionHandler.TryInstallWithFallback => handling actionType: 'Installation', filePath: 'C:\ProgramData\MspPlatform\PME\Archives\c76f6748-fa6a-4feb-9121-798da084a057'
[71] 2026-03-12 09:45:40,793 DEBUG Starting process: 'C:\Windows\Sysnative\dism.exe' with arguments: '/Online /Add-Package /PackagePath:"C:\ProgramData\MspPlatform\PME\Archives\c76f6748-fa6a-4feb-9121-798da084a057" /quiet /norestart'. Time limit: 2026-03-12 12:42
[71] 2026-03-12 10:08:13,840 OFF   DismInstaller.ParseResult => Installation action for [c76f6748-fa6a-4feb-9121-798da084a057] finished with ExitCode = '3010'
[71] 2026-03-12 10:08:14,287 DEBUG ActionDelegator.Execute => ------ processing action finished. Id: c76f6748-fa6a-4feb-9121-798da084a057, Error: , RebootRequired: True
[71] 2026-03-12 10:08:14,287 OFF   =============================>>> Processing Actions finished <<<=============================
[71] 2026-03-12 10:10:10,803 DEBUG CachedMetadataProvider.LoadCachedMetadata => obtaining lock
[71] 2026-03-12 10:10:10,810 DEBUG CachedMetadataProvider.LoadCachedMetadata => deserialized 16 files.
[71] 2026-03-12 10:10:10,810 DEBUG CachedMetadataProvider.SavePreviousCachedMetadata => obtaining lock
[71] 2026-03-12 10:10:10,813 DEBUG CachedMetadataProvider.SaveCachedMetadata => obtaining lock
[71] 2026-03-12 10:10:10,813 DEBUG CachedMetadataProvider.LoadCachedMetadata => obtaining lock
[71] 2026-03-12 10:10:10,813 DEBUG CachedMetadataProvider.LoadCachedMetadata => deserialized 0 files.
[71] 2026-03-12 10:10:10,813 DEBUG CachedMetadataProvider.LoadCachedMetadata => obtaining lock
[71] 2026-03-12 10:10:10,829 DEBUG CachedMetadataProvider.LoadCachedMetadata => deserialized 1 files.
[71] 2026-03-12 10:10:10,829 DEBUG CachedMetadataProvider.LoadCachedMetadata => obtaining lock
[71] 2026-03-12 10:10:10,829 DEBUG CachedMetadataProvider.LoadCachedMetadata => deserialized 2 files.
[71] 2026-03-12 10:10:10,829 DEBUG CachedMetadataProvider.LoadCachedMetadata => obtaining lock
[71] 2026-03-12 10:10:10,847 DEBUG CachedMetadataProvider.LoadCachedMetadata => deserialized 3 files.
[71] 2026-03-12 10:10:10,848 DEBUG CachedMetadataProvider.LoadCachedMetadata => obtaining lock
[71] 2026-03-12 10:10:10,848 DEBUG CachedMetadataProvider.LoadCachedMetadata => deserialized 4 files.
[71] 2026-03-12 10:10:10,848 DEBUG CachedMetadataProvider.LoadCachedMetadata => obtaining lock
[71] 2026-03-12 10:10:10,858 DEBUG CachedMetadataProvider.LoadCachedMetadata => deserialized 5 files.
[71] 2026-03-12 10:10:10,858 DEBUG CachedMetadataProvider.LoadCachedMetadata => obtaining lock
[71] 2026-03-12 10:10:10,873 DEBUG CachedMetadataProvider.LoadCachedMetadata => deserialized 6 files.
[71] 2026-03-12 10:10:10,878 DEBUG CachedMetadataProvider.LoadCachedMetadata => obtaining lock
[71] 2026-03-12 10:10:10,878 DEBUG CachedMetadataProvider.LoadCachedMetadata => deserialized 7 files.
[71] 2026-03-12 10:10:10,878 DEBUG CachedMetadataProvider.LoadCachedMetadata => obtaining lock
[71] 2026-03-12 10:10:10,878 DEBUG CachedMetadataProvider.LoadCachedMetadata => deserialized 8 files.
[71] 2026-03-12 10:10:10,878 DEBUG CachedMetadataProvider.LoadCachedMetadata => obtaining lock
[71] 2026-03-12 10:10:10,889 DEBUG CachedMetadataProvider.LoadCachedMetadata => deserialized 9 files.
[71] 2026-03-12 10:10:10,889 DEBUG CachedMetadataProvider.LoadCachedMetadata => obtaining lock
[71] 2026-03-12 10:10:10,889 DEBUG CachedMetadataProvider.LoadCachedMetadata => deserialized 10 files.
[71] 2026-03-12 10:10:10,889 DEBUG CachedMetadataProvider.LoadCachedMetadata => obtaining lock
[71] 2026-03-12 10:10:10,905 DEBUG CachedMetadataProvider.LoadCachedMetadata => deserialized 11 files.
[71] 2026-03-12 10:10:10,905 DEBUG CachedMetadataProvider.LoadCachedMetadata => obtaining lock
[71] 2026-03-12 10:10:10,920 DEBUG CachedMetadataProvider.LoadCachedMetadata => deserialized 12 files.
[71] 2026-03-12 10:10:10,920 DEBUG CachedMetadataProvider.LoadCachedMetadata => obtaining lock
[71] 2026-03-12 10:10:10,929 DEBUG CachedMetadataProvider.LoadCachedMetadata => deserialized 13 files.
[71] 2026-03-12 10:10:10,929 DEBUG CachedMetadataProvider.LoadCachedMetadata => obtaining lock
[71] 2026-03-12 10:10:10,941 DEBUG CachedMetadataProvider.LoadCachedMetadata => deserialized 14 files.
[71] 2026-03-12 10:10:10,943 DEBUG CachedMetadataProvider.SaveCachedMetadata => saved 15 files.
[60] 2026-03-12 11:01:29,945 DEBUG CachedMetadataProvider.LoadCachedMetadata => obtaining lock
[60] 2026-03-12 11:01:30,091 DEBUG CachedMetadataProvider.LoadCachedMetadata => deserialized 15 files.
[60] 2026-03-12 11:01:30,098 DEBUG CachedMetadataProvider.SavePreviousCachedMetadata => obtaining lock
[60] 2026-03-12 11:01:30,102 DEBUG CachedMetadataProvider.SaveCachedMetadata => obtaining lock
[60] 2026-03-12 11:01:30,102 DEBUG CachedMetadataProvider.LoadCachedMetadata => obtaining lock
[60] 2026-03-12 11:01:30,102 DEBUG CachedMetadataProvider.LoadCachedMetadata => deserialized 0 files.
[60] 2026-03-12 11:01:30,102 DEBUG CachedMetadataProvider.LoadCachedMetadata => obtaining lock
[60] 2026-03-12 11:01:30,112 DEBUG CachedMetadataProvider.LoadCachedMetadata => deserialized 1 files.
[60] 2026-03-12 11:01:30,112 DEBUG CachedMetadataProvider.LoadCachedMetadata => obtaining lock
[60] 2026-03-12 11:01:30,133 DEBUG CachedMetadataProvider.LoadCachedMetadata => deserialized 2 files.
[60] 2026-03-12 11:01:30,133 DEBUG CachedMetadataProvider.LoadCachedMetadata => obtaining lock
[60] 2026-03-12 11:01:30,143 DEBUG CachedMetadataProvider.LoadCachedMetadata => deserialized 3 files.
[60] 2026-03-12 11:01:30,143 DEBUG CachedMetadataProvider.LoadCachedMetadata => obtaining lock
[60] 2026-03-12 11:01:30,154 DEBUG CachedMetadataProvider.LoadCachedMetadata => deserialized 4 files.
[60] 2026-03-12 11:01:30,164 DEBUG CachedMetadataProvider.LoadCachedMetadata => obtaining lock
[60] 2026-03-12 11:01:30,174 DEBUG CachedMetadataProvider.LoadCachedMetadata => deserialized 5 files.
[60] 2026-03-12 11:01:30,174 DEBUG CachedMetadataProvider.LoadCachedMetadata => obtaining lock
[60] 2026-03-12 11:01:30,184 DEBUG CachedMetadataProvider.LoadCachedMetadata => deserialized 6 files.
[60] 2026-03-12 11:01:30,184 DEBUG CachedMetadataProvider.LoadCachedMetadata => obtaining lock
[60] 2026-03-12 11:01:30,205 DEBUG CachedMetadataProvider.LoadCachedMetadata => deserialized 7 files.
[60] 2026-03-12 11:01:30,205 DEBUG CachedMetadataProvider.LoadCachedMetadata => obtaining lock
[60] 2026-03-12 11:01:30,215 DEBUG CachedMetadataProvider.LoadCachedMetadata => deserialized 8 files.
[60] 2026-03-12 11:01:30,215 DEBUG CachedMetadataProvider.LoadCachedMetadata => obtaining lock
[60] 2026-03-12 11:01:30,226 DEBUG CachedMetadataProvider.LoadCachedMetadata => deserialized 9 files.
[60] 2026-03-12 11:01:30,226 DEBUG CachedMetadataProvider.LoadCachedMetadata => obtaining lock
[60] 2026-03-12 11:01:30,236 DEBUG CachedMetadataProvider.LoadCachedMetadata => deserialized 10 files.
[60] 2026-03-12 11:01:30,241 DEBUG CachedMetadataProvider.LoadCachedMetadata => obtaining lock
[60] 2026-03-12 11:01:30,246 DEBUG CachedMetadataProvider.LoadCachedMetadata => deserialized 11 files.
[60] 2026-03-12 11:01:30,257 DEBUG CachedMetadataProvider.LoadCachedMetadata => obtaining lock
[60] 2026-03-12 11:01:30,267 DEBUG CachedMetadataProvider.LoadCachedMetadata => deserialized 12 files.
[60] 2026-03-12 11:01:30,267 DEBUG CachedMetadataProvider.LoadCachedMetadata => obtaining lock
[60] 2026-03-12 11:01:30,277 DEBUG CachedMetadataProvider.LoadCachedMetadata => deserialized 13 files.
[60] 2026-03-12 11:01:30,277 DEBUG CachedMetadataProvider.LoadCachedMetadata => obtaining lock
[60] 2026-03-12 11:01:30,298 DEBUG CachedMetadataProvider.LoadCachedMetadata => deserialized 14 files.
[60] 2026-03-12 11:01:30,298 DEBUG CachedMetadataProvider.SaveCachedMetadata => saved 15 files.
[35] 2026-03-15 09:40:03,127 OFF   =============================================================================================
[35] 2026-03-15 09:40:03,128 OFF   ==================================>>>>> Start Actions <<<<<==================================
[35] 2026-03-15 09:40:03,128 OFF   ActionDelegator.Execute => processing 3 actions. Timeout: 180 minutes.
[35] 2026-03-15 09:40:03,128 DEBUG ActionDelegator.ExistsRegKey_SetupPhase => Check FU in progress. Checking registry key [HKEY_LOCAL_MACHINE\SYSTEM\Setup\MoSetup\Volatile\SetupPhase|[type=DWord]]: 
[35] 2026-03-15 09:40:03,129 DEBUG All Patch Prerequisites are installed.
[35] 2026-03-15 09:40:03,130 DEBUG CachedMetadataProvider.LoadCachedMetadata => obtaining lock
[35] 2026-03-15 09:40:03,287 DEBUG CachedMetadataProvider.LoadCachedMetadata => deserialized 15 files.
[35] 2026-03-15 09:40:03,288 DEBUG CachedMetadataProvider.LoadCachedMetadata => obtaining lock
[35] 2026-03-15 09:40:03,293 DEBUG CachedMetadataProvider.LoadCachedMetadata => deserialized 15 files.
[35] 2026-03-15 09:40:03,294 DEBUG CachedMetadataProvider.LoadCachedMetadata => obtaining lock
[35] 2026-03-15 09:40:03,298 DEBUG CachedMetadataProvider.LoadCachedMetadata => deserialized 15 files.
[35] 2026-03-15 09:40:03,301 DEBUG CachedMetadataProvider.LoadCachedMetadata => obtaining lock
[35] 2026-03-15 09:40:03,306 DEBUG CachedMetadataProvider.LoadCachedMetadata => deserialized 15 files.
[35] 2026-03-15 09:40:03,308 DEBUG CachedMetadataProvider.LoadCachedMetadata => obtaining lock
[35] 2026-03-15 09:40:03,313 DEBUG CachedMetadataProvider.LoadCachedMetadata => deserialized 15 files.
[35] 2026-03-15 09:40:03,313 DEBUG CachedMetadataProvider.LoadCachedMetadata => obtaining lock
[35] 2026-03-15 09:40:03,316 DEBUG CachedMetadataProvider.LoadCachedMetadata => deserialized 15 files.
[35] 2026-03-15 09:40:03,316 DEBUG CachedMetadataProvider.LoadCachedMetadata => obtaining lock
[35] 2026-03-15 09:40:03,320 DEBUG CachedMetadataProvider.LoadCachedMetadata => deserialized 15 files.
[35] 2026-03-15 09:40:03,321 DEBUG CachedMetadataProvider.LoadCachedMetadata => obtaining lock
[35] 2026-03-15 09:40:03,325 DEBUG CachedMetadataProvider.LoadCachedMetadata => deserialized 15 files.
[35] 2026-03-15 09:40:03,325 DEBUG CachedMetadataProvider.LoadCachedMetadata => obtaining lock
[35] 2026-03-15 09:40:03,328 DEBUG CachedMetadataProvider.LoadCachedMetadata => deserialized 15 files.
[35] 2026-03-15 09:40:03,329 DEBUG CachedMetadataProvider.LoadCachedMetadata => obtaining lock
[35] 2026-03-15 09:40:03,333 DEBUG CachedMetadataProvider.LoadCachedMetadata => deserialized 15 files.
[35] 2026-03-15 09:40:03,333 DEBUG CachedMetadataProvider.LoadCachedMetadata => obtaining lock
[35] 2026-03-15 09:40:03,335 DEBUG CachedMetadataProvider.LoadCachedMetadata => deserialized 15 files.
[35] 2026-03-15 09:40:03,336 DEBUG CachedMetadataProvider.LoadCachedMetadata => obtaining lock
[35] 2026-03-15 09:40:03,342 DEBUG CachedMetadataProvider.LoadCachedMetadata => deserialized 15 files.
[35] 2026-03-15 09:40:03,342 DEBUG CachedMetadataProvider.LoadCachedMetadata => obtaining lock
[35] 2026-03-15 09:40:03,345 DEBUG CachedMetadataProvider.LoadCachedMetadata => deserialized 15 files.
[35] 2026-03-15 09:40:03,346 DEBUG CachedMetadataProvider.LoadCachedMetadata => obtaining lock
[35] 2026-03-15 09:40:03,348 DEBUG CachedMetadataProvider.LoadCachedMetadata => deserialized 15 files.
[35] 2026-03-15 09:40:03,348 DEBUG CachedMetadataProvider.LoadCachedMetadata => obtaining lock
[35] 2026-03-15 09:40:03,351 DEBUG CachedMetadataProvider.LoadCachedMetadata => deserialized 15 files.
[35] 2026-03-15 09:40:03,352 DEBUG CachedMetadataProvider.LoadCachedMetadata => obtaining lock
[35] 2026-03-15 09:40:03,357 DEBUG CachedMetadataProvider.LoadCachedMetadata => deserialized 15 files.
[35] 2026-03-15 09:40:03,358 DEBUG ActionHandlerResolver.LoadPropertyBag => skipping field [SupersededUpdateIDs], not a simple type.
[35] 2026-03-15 09:40:03,359 DEBUG ActionHandlerResolver.Resolve => resolved action handler [WuaInstallerActionHandler]. Mapping: keys [ActionType,DataProviderType], values [Installation,DriverUpdate]
[35] 2026-03-15 09:40:03,359 DEBUG ActionHandlerResolver.LoadPropertyBag => skipping field [SupersededUpdateIDs], not a simple type.
[35] 2026-03-15 09:40:03,359 DEBUG ActionHandlerResolver.Resolve => resolved action handler [WuaInstallerActionHandler]. Mapping: keys [ActionType,DataProviderType], values [Installation,Wua]
[35] 2026-03-15 09:40:03,360 DEBUG ActionHandlerResolver.LoadPropertyBag => skipping field [SupersededUpdateIDs], not a simple type.
[35] 2026-03-15 09:40:03,360 DEBUG ActionHandlerResolver.Resolve => resolved action handler [ThirdPartyInstallerActionHandler]. Mapping: keys [ActionType,DataProviderType], values [Installation,ThirdParty]
[35] 2026-03-15 09:40:03,361 OFF   ActionDelegator.Execute => ------ processing 1 action(s) for action handler: [WuaInstallerActionHandler]. Time limit: 2026-03-15 12:40 ------
[35] 2026-03-15 09:40:03,361 DEBUG 		Installation: [1092a81e-6385-4289-92be-fda86b4a9627] MediaTek, Inc. Net Driver Update (26.30.3.60), 
[35] 2026-03-15 09:40:03,362 DEBUG WuaInstallerActionHandler.Execute => Running installation =====>>> Step 1 <<<=====
[1] 2026-03-15 09:40:04,998 DEBUG Enter >>> WuaUtilities.SetPreferredUpdateService()
[1] 2026-03-15 09:40:05,009 DEBUG Enter >>> WuaUtilities.FindService("7971f918-a847-4430-9279-4a52d1efe18d")
[1] 2026-03-15 09:40:05,010 DEBUG Exit  <<< WuaUtilities.FindService("7971f918-a847-4430-9279-4a52d1efe18d"), returns System.__ComObject
[1] 2026-03-15 09:40:05,010 DEBUG Enter >>> WuaUtilities.SetSearcherService(System.__ComObject)
[1] 2026-03-15 09:40:05,011 DEBUG Exit  <<< WuaUtilities.SetSearcherService("System.__ComObject"), returns True
[1] 2026-03-15 09:40:05,012 INFO  WUA Update Service set to 7971f918-a847-4430-9279-4a52d1efe18d, ServerSelection = ssOthers
[1] 2026-03-15 09:40:05,012 DEBUG Exit  <<< WuaUtilities.SetPreferredUpdateService()
[1] 2026-03-15 09:40:05,012 INFO  WuaInstallerActionHandler.PreInstallSearch => search WUA patch [UpdateID='1092a81e-6385-4289-92be-fda86b4a9627' and DeploymentAction=*]...
[1] 2026-03-15 09:40:59,189 INFO  WuaInstallerActionHandler.SubmitFilesForDownload => Patch has no installation package! [1092a81e-6385-4289-92be-fda86b4a9627] MediaTek, Inc. Net Driver Update (26.30.3.60)
[1] 2026-03-15 09:40:59,191 DEBUG WuaInstallerActionHandler.PreInstallDownload => Waiting for finishing patch installers download (time limit: 2026-03-15 11:40)
[1] 2026-03-15 09:40:59,191 DEBUG WuaInstallerActionHandler.PreInstallDownload => Download of installation files for [1092a81e-6385-4289-92be-fda86b4a9627] patch is finished...
[1] 2026-03-15 09:40:59,196 DEBUG WuaService.UpdateLastSuccessTimeDownloadInRegistry => LastSuccessTime value in registry: 2026-03-12 07:45:35
[1] 2026-03-15 09:40:59,196 OFF   WuaService.UpdateLastSuccessTimeDownloadInRegistry => setting LastSuccessTime to: 2026-03-15 07:40:59 [Culture is: en-IL]
[1] 2026-03-15 09:40:59,206 DEBUG WuaInstallerActionHandler.DownloadDirectlyByWua => start download by WUA [1092a81e-6385-4289-92be-fda86b4a9627]
[1] 2026-03-15 09:41:03,349 DEBUG WuaInstallerActionHandler.DownloadDirectlyByWua => successful download by WUA [1092a81e-6385-4289-92be-fda86b4a9627]
[1] 2026-03-15 09:41:03,353 INFO  WuaInstallerActionHandler.Install => installing [1] WUA patch(es)...
[1] 2026-03-15 09:41:30,606 OFF   WuaInstallerActionHandler.Install => installation of [1] WUA patch(es) finished with result code [0/orcSucceeded], reboot: [True]. 
[1] 2026-03-15 09:41:30,606 DEBUG WuaInstallerActionHandler.Commit => (new interface)
[1] 2026-03-15 09:41:30,620 OFF   WuaInstallerActionHandler.RunFromExtProcess => reboot required
[1] 2026-03-15 09:41:30,620 OFF   WuaInstallerActionHandler.ProcessInstallationResult => Installed [1092a81e-6385-4289-92be-fda86b4a9627], result code: orcSucceeded, hResult: 0, reboot required: Required
[35] 2026-03-15 09:41:30,711 DEBUG ActionDelegator.Execute => ------ processing action finished. Id: 1092a81e-6385-4289-92be-fda86b4a9627, Error: , RebootRequired: True
[35] 2026-03-15 09:41:30,711 OFF   ActionDelegator.Execute => ------ processing 1 action(s) for action handler: [WuaInstallerActionHandler]. Time limit: 2026-03-15 12:40 ------
[35] 2026-03-15 09:41:30,711 DEBUG 		Installation: [0b5db432-4ae5-4ec9-a250-42b3e1b714da] 2026-03 .NET 8.0.25 Security Update for x64 Client (KB5081277), 5081277
[35] 2026-03-15 09:41:30,711 DEBUG WuaInstallerActionHandler.Execute => Running installation =====>>> Step 1 <<<=====
[1] 2026-03-15 09:41:30,976 DEBUG Enter >>> WuaUtilities.SetPreferredUpdateService()
[1] 2026-03-15 09:41:30,995 DEBUG Enter >>> WuaUtilities.FindService("7971f918-a847-4430-9279-4a52d1efe18d")
[1] 2026-03-15 09:41:30,996 DEBUG Exit  <<< WuaUtilities.FindService("7971f918-a847-4430-9279-4a52d1efe18d"), returns System.__ComObject
[1] 2026-03-15 09:41:30,996 DEBUG Enter >>> WuaUtilities.SetSearcherService(System.__ComObject)
[1] 2026-03-15 09:41:30,998 DEBUG Exit  <<< WuaUtilities.SetSearcherService("System.__ComObject"), returns True
[1] 2026-03-15 09:41:30,998 INFO  WUA Update Service set to 7971f918-a847-4430-9279-4a52d1efe18d, ServerSelection = ssOthers
[1] 2026-03-15 09:41:30,999 DEBUG Exit  <<< WuaUtilities.SetPreferredUpdateService()
[1] 2026-03-15 09:41:30,999 INFO  WuaInstallerActionHandler.PreInstallSearch => search WUA patch [UpdateID='0b5db432-4ae5-4ec9-a250-42b3e1b714da' and DeploymentAction=*]...
[1] 2026-03-15 09:41:46,540 DEBUG WuaInstallerActionHandler.SubmitFilesForDownload => submitting file for download [0b5db432-4ae5-4ec9-a250-42b3e1b714da.1] [http://download.windowsupdate.com/d/msdownload/update/software/secu/2026/03/windowsdesktop-runtime-8.0.25-win-x64_5af2ef45b817c57ea68d9eec9fe5a9e23d87d481.exe]
[1] 2026-03-15 09:41:46,558 DEBUG WuaInstallerActionHandler.PreInstallDownload => Waiting for finishing patch installers download (time limit: 2026-03-15 11:41)
[1] 2026-03-15 09:41:46,563 DEBUG WuaInstallerActionHandler.IsDownloadCompleted => checking download status for file [0b5db432-4ae5-4ec9-a250-42b3e1b714da.1] [http://download.windowsupdate.com/d/msdownload/update/software/secu/2026/03/windowsdesktop-runtime-8.0.25-win-x64_5af2ef45b817c57ea68d9eec9fe5a9e23d87d481.exe], IsDownloadCompleted = False
[1] 2026-03-15 09:41:46,563 DEBUG WuaInstallerActionHandler.PreInstallDownload => Download of installation files for remaining 1 patches is still in progress, waiting 10 seconds...
[1] 2026-03-15 09:41:56,578 DEBUG WuaInstallerActionHandler.IsDownloadCompleted => checking download status for file [0b5db432-4ae5-4ec9-a250-42b3e1b714da.1] [http://download.windowsupdate.com/d/msdownload/update/software/secu/2026/03/windowsdesktop-runtime-8.0.25-win-x64_5af2ef45b817c57ea68d9eec9fe5a9e23d87d481.exe], IsDownloadCompleted = False
[1] 2026-03-15 09:41:56,578 DEBUG WuaInstallerActionHandler.PreInstallDownload => Download of installation files for remaining 1 patches is still in progress, waiting 10 seconds...
[1] 2026-03-15 09:42:06,591 DEBUG WuaInstallerActionHandler.IsDownloadCompleted => checking download status for file [0b5db432-4ae5-4ec9-a250-42b3e1b714da.1] [http://download.windowsupdate.com/d/msdownload/update/software/secu/2026/03/windowsdesktop-runtime-8.0.25-win-x64_5af2ef45b817c57ea68d9eec9fe5a9e23d87d481.exe], IsDownloadCompleted = True
[1] 2026-03-15 09:42:06,591 DEBUG WuaInstallerActionHandler.PreInstallDownload => Download of installation files for [0b5db432-4ae5-4ec9-a250-42b3e1b714da] patch is finished...
[1] 2026-03-15 09:42:06,591 DEBUG WuaInstallerActionHandler.Download => Downloading file [0b5db432-4ae5-4ec9-a250-42b3e1b714da.1] to [C:\ProgramData\MspPlatform\PME\Archives\0b5db432-4ae5-4ec9-a250-42b3e1b714da\windowsdesktop-runtime-8.0.25-win-x64_5af2ef45b817c57ea68d9eec9fe5a9e23d87d481.exe]
[1] 2026-03-15 09:42:06,818 DEBUG WuaService.UpdateLastSuccessTimeDownloadInRegistry => LastSuccessTime value in registry: 2026-03-15 07:40:59
[1] 2026-03-15 09:42:06,819 OFF   WuaService.UpdateLastSuccessTimeDownloadInRegistry => setting LastSuccessTime to: 2026-03-15 07:42:06 [Culture is: en-IL]
[1] 2026-03-15 09:42:06,827 DEBUG WuaInstallerActionHandler.GetUpdateFiles => Mapping [http://download.windowsupdate.com/d/msdownload/update/software/secu/2026/03/windowsdesktop-runtime-8.0.25-win-x64_5af2ef45b817c57ea68d9eec9fe5a9e23d87d481.exe] to [C:\ProgramData\MspPlatform\PME\Archives\0b5db432-4ae5-4ec9-a250-42b3e1b714da\windowsdesktop-runtime-8.0.25-win-x64_5af2ef45b817c57ea68d9eec9fe5a9e23d87d481.exe]
[1] 2026-03-15 09:42:06,828 DEBUG WuaInstallerActionHandler.CopyToCache_Software => copy files to cache for patch [0b5db432-4ae5-4ec9-a250-42b3e1b714da]
[1] 2026-03-15 09:42:07,206 INFO  WuaInstallerActionHandler.Install => installing [1] WUA patch(es)...
[1] 2026-03-15 09:42:18,233 OFF   WuaInstallerActionHandler.Install => installation of [1] WUA patch(es) finished with result code [0/orcSucceeded], reboot: [False]. 
[1] 2026-03-15 09:42:18,234 DEBUG WuaInstallerActionHandler.Commit => (new interface)
[1] 2026-03-15 09:42:18,244 OFF   WuaInstallerActionHandler.ProcessInstallationResult => Installed [0b5db432-4ae5-4ec9-a250-42b3e1b714da], result code: orcSucceeded, hResult: 0, reboot required: NotRequired
[35] 2026-03-15 09:42:18,394 DEBUG ActionDelegator.Execute => ------ processing action finished. Id: 0b5db432-4ae5-4ec9-a250-42b3e1b714da, Error: , RebootRequired: False
[35] 2026-03-15 09:42:18,394 OFF   ActionDelegator.Execute => ------ processing 1 action(s) for action handler: [ThirdPartyInstallerActionHandler]. Time limit: 2026-03-15 12:40 ------
[35] 2026-03-15 09:42:18,394 DEBUG 		Installation: [5b850e92-f7f5-4358-a8ad-93a304a17ecf] Chrome (x64) 146.0.7680.72, 
[35] 2026-03-15 09:43:30,872 DEBUG ThirdPartyInstallerActionHandler.SubmitFilesForDownload => submitting file for download [5b850e92-f7f5-4358-a8ad-93a304a17ecf.1] [https://dl.google.com/tag/s/appguid%3D%7B8A69D345-D564-463C-AFF1-A69D9E530F96%7D%26iid%3D%7BA812BA5F-B124-5A68-2F5B-4DF63A862C4F%7D%26lang%3Den%26browser%3D4%26usagestats%3D0%26appname%3DGoogle%2520Chrome%26needsadmin%3Dtrue%26ap%3Dx64-stable-statsdef_0%26brand%3DGCEA/dl/chrome/install/googlechromestandaloneenterprise64.msi]
[35] 2026-03-15 09:43:30,872 DEBUG ThirdPartyInstallerActionHandler.Execute => Waiting for finishing patch installers download (time limit: 2026-03-15 11:43)
[35] 2026-03-15 09:43:30,879 DEBUG ThirdPartyInstallerActionHandler.IsDownloadCompleted => checking download status for file [5b850e92-f7f5-4358-a8ad-93a304a17ecf.1] [https://dl.google.com/tag/s/appguid%3D%7B8A69D345-D564-463C-AFF1-A69D9E530F96%7D%26iid%3D%7BA812BA5F-B124-5A68-2F5B-4DF63A862C4F%7D%26lang%3Den%26browser%3D4%26usagestats%3D0%26appname%3DGoogle%2520Chrome%26needsadmin%3Dtrue%26ap%3Dx64-stable-statsdef_0%26brand%3DGCEA/dl/chrome/install/googlechromestandaloneenterprise64.msi], IsDownloadCompleted = False
[35] 2026-03-15 09:43:30,879 DEBUG ThirdPartyInstallerActionHandler.Execute => Download of installation files for remaining 1 patches is still in progress, waiting 10 seconds...
[35] 2026-03-15 09:43:40,892 DEBUG ThirdPartyInstallerActionHandler.IsDownloadCompleted => checking download status for file [5b850e92-f7f5-4358-a8ad-93a304a17ecf.1] [https://dl.google.com/tag/s/appguid%3D%7B8A69D345-D564-463C-AFF1-A69D9E530F96%7D%26iid%3D%7BA812BA5F-B124-5A68-2F5B-4DF63A862C4F%7D%26lang%3Den%26browser%3D4%26usagestats%3D0%26appname%3DGoogle%2520Chrome%26needsadmin%3Dtrue%26ap%3Dx64-stable-statsdef_0%26brand%3DGCEA/dl/chrome/install/googlechromestandaloneenterprise64.msi], IsDownloadCompleted = False
[35] 2026-03-15 09:43:40,892 DEBUG ThirdPartyInstallerActionHandler.Execute => Download of installation files for remaining 1 patches is still in progress, waiting 10 seconds...
[35] 2026-03-15 09:43:50,904 DEBUG ThirdPartyInstallerActionHandler.IsDownloadCompleted => checking download status for file [5b850e92-f7f5-4358-a8ad-93a304a17ecf.1] [https://dl.google.com/tag/s/appguid%3D%7B8A69D345-D564-463C-AFF1-A69D9E530F96%7D%26iid%3D%7BA812BA5F-B124-5A68-2F5B-4DF63A862C4F%7D%26lang%3Den%26browser%3D4%26usagestats%3D0%26appname%3DGoogle%2520Chrome%26needsadmin%3Dtrue%26ap%3Dx64-stable-statsdef_0%26brand%3DGCEA/dl/chrome/install/googlechromestandaloneenterprise64.msi], IsDownloadCompleted = True
[35] 2026-03-15 09:43:50,904 DEBUG ThirdPartyInstallerActionHandler.Execute => Download of installation files for [5b850e92-f7f5-4358-a8ad-93a304a17ecf] patch is finished, starting installation...
[35] 2026-03-15 09:43:50,907 DEBUG ThirdPartyInstallerActionHandler.Download => Downloading file [5b850e92-f7f5-4358-a8ad-93a304a17ecf.1] to [C:\ProgramData\MspPlatform\PME\ThirdPartyPatch\Downloads\f7aa248b-6982-498c-825d-847b0104f3a2\googlechromestandaloneenterprise64.msi]
[35] 2026-03-15 09:43:51,487 DEBUG ThirdPartyInstallerActionHandler.ExecuteImpl => handling actionType: 'Installation', GUID: '5b850e92-f7f5-4358-a8ad-93a304a17ecf'
[35] 2026-03-15 09:43:51,490 DEBUG Extracted the following data from ThirdPartyPatch [Chrome] Installed: [145.0.7632.160] > Latest: [146.0.7680.72]
[35] 2026-03-15 09:43:59,095 ERROR Third Party patch installation returned an error: Detected a bad installer - The installer's checksum didn't match the expected checksum. Skipping installation.
[35] 2026-03-15 09:43:59,095 INFO  Requesting file recache.
[35] 2026-03-15 09:43:59,111 DEBUG ActionDelegator.Execute => ------ processing action finished. Id: 5b850e92-f7f5-4358-a8ad-93a304a17ecf, Error: Detected a bad installer - The installer's checksum didn't match the expected checksum. Skipping installation., RebootRequired: False
[35] 2026-03-15 09:43:59,124 OFF   =============================>>> Processing Actions finished <<<=============================
[55] 2026-03-15 09:45:31,602 DEBUG CachedMetadataProvider.LoadCachedMetadata => obtaining lock
[55] 2026-03-15 09:45:31,605 DEBUG CachedMetadataProvider.LoadCachedMetadata => deserialized 15 files.
[55] 2026-03-15 09:45:31,607 DEBUG CachedMetadataProvider.SavePreviousCachedMetadata => obtaining lock
[55] 2026-03-15 09:45:31,613 DEBUG CachedMetadataProvider.SaveCachedMetadata => obtaining lock
[55] 2026-03-15 09:45:31,614 DEBUG CachedMetadataProvider.LoadCachedMetadata => obtaining lock
[55] 2026-03-15 09:45:31,614 DEBUG CachedMetadataProvider.LoadCachedMetadata => deserialized 0 files.
[55] 2026-03-15 09:45:31,614 DEBUG CachedMetadataProvider.LoadCachedMetadata => obtaining lock
[55] 2026-03-15 09:45:31,630 DEBUG CachedMetadataProvider.LoadCachedMetadata => deserialized 1 files.
[55] 2026-03-15 09:45:31,633 DEBUG CachedMetadataProvider.LoadCachedMetadata => obtaining lock
[55] 2026-03-15 09:45:31,651 DEBUG CachedMetadataProvider.LoadCachedMetadata => deserialized 2 files.
[55] 2026-03-15 09:45:31,651 DEBUG CachedMetadataProvider.LoadCachedMetadata => obtaining lock
[55] 2026-03-15 09:45:31,653 DEBUG CachedMetadataProvider.LoadCachedMetadata => deserialized 3 files.
[55] 2026-03-15 09:45:31,655 DEBUG CachedMetadataProvider.LoadCachedMetadata => obtaining lock
[55] 2026-03-15 09:45:31,674 DEBUG CachedMetadataProvider.LoadCachedMetadata => deserialized 4 files.
[55] 2026-03-15 09:45:31,674 DEBUG CachedMetadataProvider.LoadCachedMetadata => obtaining lock
[55] 2026-03-15 09:45:31,675 DEBUG CachedMetadataProvider.LoadCachedMetadata => deserialized 5 files.
[55] 2026-03-15 09:45:31,677 DEBUG CachedMetadataProvider.LoadCachedMetadata => obtaining lock
[55] 2026-03-15 09:45:31,692 DEBUG CachedMetadataProvider.LoadCachedMetadata => deserialized 6 files.
[55] 2026-03-15 09:45:31,694 DEBUG CachedMetadataProvider.LoadCachedMetadata => obtaining lock
[55] 2026-03-15 09:45:31,694 DEBUG CachedMetadataProvider.LoadCachedMetadata => deserialized 7 files.
[55] 2026-03-15 09:45:31,694 DEBUG CachedMetadataProvider.LoadCachedMetadata => obtaining lock
[55] 2026-03-15 09:45:31,694 DEBUG CachedMetadataProvider.LoadCachedMetadata => deserialized 8 files.
[55] 2026-03-15 09:45:31,699 DEBUG CachedMetadataProvider.LoadCachedMetadata => obtaining lock
[55] 2026-03-15 09:45:31,716 DEBUG CachedMetadataProvider.LoadCachedMetadata => deserialized 9 files.
[55] 2026-03-15 09:45:31,716 DEBUG CachedMetadataProvider.LoadCachedMetadata => obtaining lock
[55] 2026-03-15 09:45:31,731 DEBUG CachedMetadataProvider.LoadCachedMetadata => deserialized 10 files.
[55] 2026-03-15 09:45:31,731 DEBUG CachedMetadataProvider.LoadCachedMetadata => obtaining lock
[55] 2026-03-15 09:45:31,748 DEBUG CachedMetadataProvider.LoadCachedMetadata => deserialized 11 files.
[55] 2026-03-15 09:45:31,748 DEBUG CachedMetadataProvider.LoadCachedMetadata => obtaining lock
[55] 2026-03-15 09:45:31,766 DEBUG CachedMetadataProvider.LoadCachedMetadata => deserialized 12 files.
[55] 2026-03-15 09:45:31,766 DEBUG CachedMetadataProvider.LoadCachedMetadata => obtaining lock
[55] 2026-03-15 09:45:31,789 DEBUG CachedMetadataProvider.LoadCachedMetadata => deserialized 13 files.
[55] 2026-03-15 09:45:31,789 DEBUG CachedMetadataProvider.LoadCachedMetadata => obtaining lock
[55] 2026-03-15 09:45:31,805 DEBUG CachedMetadataProvider.LoadCachedMetadata => deserialized 14 files.
[55] 2026-03-15 09:45:31,808 DEBUG CachedMetadataProvider.SaveCachedMetadata => saved 15 files.
[64] 2026-03-15 11:02:30,519 DEBUG CachedMetadataProvider.LoadCachedMetadata => obtaining lock
[64] 2026-03-15 11:02:30,691 DEBUG CachedMetadataProvider.LoadCachedMetadata => deserialized 15 files.
[64] 2026-03-15 11:02:30,692 DEBUG CachedMetadataProvider.SavePreviousCachedMetadata => obtaining lock
[64] 2026-03-15 11:02:30,698 DEBUG CachedMetadataProvider.SaveCachedMetadata => obtaining lock
[64] 2026-03-15 11:02:30,699 DEBUG CachedMetadataProvider.LoadCachedMetadata => obtaining lock
[64] 2026-03-15 11:02:30,700 DEBUG CachedMetadataProvider.LoadCachedMetadata => deserialized 0 files.
[64] 2026-03-15 11:02:30,700 DEBUG CachedMetadataProvider.LoadCachedMetadata => obtaining lock
[64] 2026-03-15 11:02:30,711 DEBUG CachedMetadataProvider.LoadCachedMetadata => deserialized 1 files.
[64] 2026-03-15 11:02:30,712 DEBUG CachedMetadataProvider.LoadCachedMetadata => obtaining lock
[64] 2026-03-15 11:02:30,725 DEBUG CachedMetadataProvider.LoadCachedMetadata => deserialized 2 files.
[64] 2026-03-15 11:02:30,725 DEBUG CachedMetadataProvider.LoadCachedMetadata => obtaining lock
[64] 2026-03-15 11:02:30,738 DEBUG CachedMetadataProvider.LoadCachedMetadata => deserialized 3 files.
[64] 2026-03-15 11:02:30,738 DEBUG CachedMetadataProvider.LoadCachedMetadata => obtaining lock
[64] 2026-03-15 11:02:30,751 DEBUG CachedMetadataProvider.LoadCachedMetadata => deserialized 4 files.
[64] 2026-03-15 11:02:30,753 DEBUG CachedMetadataProvider.LoadCachedMetadata => obtaining lock
[64] 2026-03-15 11:02:30,766 DEBUG CachedMetadataProvider.LoadCachedMetadata => deserialized 5 files.
[64] 2026-03-15 11:02:30,767 DEBUG CachedMetadataProvider.LoadCachedMetadata => obtaining lock
[64] 2026-03-15 11:02:30,781 DEBUG CachedMetadataProvider.LoadCachedMetadata => deserialized 6 files.
[64] 2026-03-15 11:02:30,783 DEBUG CachedMetadataProvider.LoadCachedMetadata => obtaining lock
[64] 2026-03-15 11:02:30,794 DEBUG CachedMetadataProvider.LoadCachedMetadata => deserialized 7 files.
[64] 2026-03-15 11:02:30,795 DEBUG CachedMetadataProvider.LoadCachedMetadata => obtaining lock
[64] 2026-03-15 11:02:30,809 DEBUG CachedMetadataProvider.LoadCachedMetadata => deserialized 8 files.
[64] 2026-03-15 11:02:30,810 DEBUG CachedMetadataProvider.LoadCachedMetadata => obtaining lock
[64] 2026-03-15 11:02:30,821 DEBUG CachedMetadataProvider.LoadCachedMetadata => deserialized 9 files.
[64] 2026-03-15 11:02:30,822 DEBUG CachedMetadataProvider.LoadCachedMetadata => obtaining lock
[64] 2026-03-15 11:02:30,831 DEBUG CachedMetadataProvider.LoadCachedMetadata => deserialized 10 files.
[64] 2026-03-15 11:02:30,832 DEBUG CachedMetadataProvider.LoadCachedMetadata => obtaining lock
[64] 2026-03-15 11:02:30,846 DEBUG CachedMetadataProvider.LoadCachedMetadata => deserialized 11 files.
[64] 2026-03-15 11:02:30,847 DEBUG CachedMetadataProvider.LoadCachedMetadata => obtaining lock
[64] 2026-03-15 11:02:30,863 DEBUG CachedMetadataProvider.LoadCachedMetadata => deserialized 12 files.
[64] 2026-03-15 11:02:30,864 DEBUG CachedMetadataProvider.LoadCachedMetadata => obtaining lock
[64] 2026-03-15 11:02:30,879 DEBUG CachedMetadataProvider.LoadCachedMetadata => deserialized 13 files.
[64] 2026-03-15 11:02:30,880 DEBUG CachedMetadataProvider.LoadCachedMetadata => obtaining lock
[64] 2026-03-15 11:02:30,893 DEBUG CachedMetadataProvider.LoadCachedMetadata => deserialized 14 files.
[64] 2026-03-15 11:02:30,894 DEBUG CachedMetadataProvider.SaveCachedMetadata => saved 15 files.
[37] 2026-03-16 09:06:24,670 OFF   =============================================================================================
[37] 2026-03-16 09:06:24,671 OFF   ==================================>>>>> Start Actions <<<<<==================================
[37] 2026-03-16 09:06:24,671 OFF   ActionDelegator.Execute => processing 1 actions. Timeout: 180 minutes.
[37] 2026-03-16 09:06:24,673 DEBUG ActionDelegator.ExistsRegKey_SetupPhase => Check FU in progress. Checking registry key [HKEY_LOCAL_MACHINE\SYSTEM\Setup\MoSetup\Volatile\SetupPhase|[type=DWord]]: 
[37] 2026-03-16 09:06:24,673 DEBUG All Patch Prerequisites are installed.
[37] 2026-03-16 09:06:24,674 DEBUG CachedMetadataProvider.LoadCachedMetadata => obtaining lock
[37] 2026-03-16 09:06:24,758 DEBUG CachedMetadataProvider.LoadCachedMetadata => deserialized 15 files.
[37] 2026-03-16 09:06:24,759 DEBUG CachedMetadataProvider.LoadCachedMetadata => obtaining lock
[37] 2026-03-16 09:06:24,761 DEBUG CachedMetadataProvider.LoadCachedMetadata => deserialized 15 files.
[37] 2026-03-16 09:06:24,762 DEBUG CachedMetadataProvider.LoadCachedMetadata => obtaining lock
[37] 2026-03-16 09:06:24,764 DEBUG CachedMetadataProvider.LoadCachedMetadata => deserialized 15 files.
[37] 2026-03-16 09:06:24,764 DEBUG CachedMetadataProvider.LoadCachedMetadata => obtaining lock
[37] 2026-03-16 09:06:24,767 DEBUG CachedMetadataProvider.LoadCachedMetadata => deserialized 15 files.
[37] 2026-03-16 09:06:24,768 DEBUG CachedMetadataProvider.LoadCachedMetadata => obtaining lock
[37] 2026-03-16 09:06:24,770 DEBUG CachedMetadataProvider.LoadCachedMetadata => deserialized 15 files.
[37] 2026-03-16 09:06:24,770 DEBUG CachedMetadataProvider.LoadCachedMetadata => obtaining lock
[37] 2026-03-16 09:06:24,773 DEBUG CachedMetadataProvider.LoadCachedMetadata => deserialized 15 files.
[37] 2026-03-16 09:06:24,773 DEBUG CachedMetadataProvider.LoadCachedMetadata => obtaining lock
[37] 2026-03-16 09:06:24,776 DEBUG CachedMetadataProvider.LoadCachedMetadata => deserialized 15 files.
[37] 2026-03-16 09:06:24,776 DEBUG CachedMetadataProvider.LoadCachedMetadata => obtaining lock
[37] 2026-03-16 09:06:24,780 DEBUG CachedMetadataProvider.LoadCachedMetadata => deserialized 15 files.
[37] 2026-03-16 09:06:24,780 DEBUG CachedMetadataProvider.LoadCachedMetadata => obtaining lock
[37] 2026-03-16 09:06:24,782 DEBUG CachedMetadataProvider.LoadCachedMetadata => deserialized 15 files.
[37] 2026-03-16 09:06:24,782 DEBUG CachedMetadataProvider.LoadCachedMetadata => obtaining lock
[37] 2026-03-16 09:06:24,784 DEBUG CachedMetadataProvider.LoadCachedMetadata => deserialized 15 files.
[37] 2026-03-16 09:06:24,784 DEBUG CachedMetadataProvider.LoadCachedMetadata => obtaining lock
[37] 2026-03-16 09:06:24,785 DEBUG CachedMetadataProvider.LoadCachedMetadata => deserialized 15 files.
[37] 2026-03-16 09:06:24,786 DEBUG CachedMetadataProvider.LoadCachedMetadata => obtaining lock
[37] 2026-03-16 09:06:24,787 DEBUG CachedMetadataProvider.LoadCachedMetadata => deserialized 15 files.
[37] 2026-03-16 09:06:24,788 DEBUG ActionHandlerResolver.LoadPropertyBag => skipping field [SupersededUpdateIDs], not a simple type.
[37] 2026-03-16 09:06:24,788 DEBUG ActionHandlerResolver.Resolve => resolved action handler [ThirdPartyInstallerActionHandler]. Mapping: keys [ActionType,DataProviderType], values [Installation,ThirdParty]
[37] 2026-03-16 09:06:24,788 OFF   ActionDelegator.Execute => ------ processing 1 action(s) for action handler: [ThirdPartyInstallerActionHandler]. Time limit: 2026-03-16 12:06 ------
[37] 2026-03-16 09:06:24,788 DEBUG 		Installation: [5b850e92-f7f5-4358-a8ad-93a304a17ecf] Chrome (x64) 146.0.7680.72, 
[37] 2026-03-16 09:06:37,171 DEBUG ThirdPartyInstallerActionHandler.SubmitFilesForDownload => submitting file for download [5b850e92-f7f5-4358-a8ad-93a304a17ecf.1] [https://dl.google.com/tag/s/appguid%3D%7B8A69D345-D564-463C-AFF1-A69D9E530F96%7D%26iid%3D%7BA812BA5F-B124-5A68-2F5B-4DF63A862C4F%7D%26lang%3Den%26browser%3D4%26usagestats%3D0%26appname%3DGoogle%2520Chrome%26needsadmin%3Dtrue%26ap%3Dx64-stable-statsdef_0%26brand%3DGCEA/dl/chrome/install/googlechromestandaloneenterprise64.msi]
[37] 2026-03-16 09:06:37,172 DEBUG ThirdPartyInstallerActionHandler.Execute => Waiting for finishing patch installers download (time limit: 2026-03-16 11:06)
[37] 2026-03-16 09:06:37,173 DEBUG ThirdPartyInstallerActionHandler.IsDownloadCompleted => checking download status for file [5b850e92-f7f5-4358-a8ad-93a304a17ecf.1] [https://dl.google.com/tag/s/appguid%3D%7B8A69D345-D564-463C-AFF1-A69D9E530F96%7D%26iid%3D%7BA812BA5F-B124-5A68-2F5B-4DF63A862C4F%7D%26lang%3Den%26browser%3D4%26usagestats%3D0%26appname%3DGoogle%2520Chrome%26needsadmin%3Dtrue%26ap%3Dx64-stable-statsdef_0%26brand%3DGCEA/dl/chrome/install/googlechromestandaloneenterprise64.msi], IsDownloadCompleted = False
[37] 2026-03-16 09:06:37,174 DEBUG ThirdPartyInstallerActionHandler.Execute => Download of installation files for remaining 1 patches is still in progress, waiting 10 seconds...
[37] 2026-03-16 09:06:47,186 DEBUG ThirdPartyInstallerActionHandler.IsDownloadCompleted => checking download status for file [5b850e92-f7f5-4358-a8ad-93a304a17ecf.1] [https://dl.google.com/tag/s/appguid%3D%7B8A69D345-D564-463C-AFF1-A69D9E530F96%7D%26iid%3D%7BA812BA5F-B124-5A68-2F5B-4DF63A862C4F%7D%26lang%3Den%26browser%3D4%26usagestats%3D0%26appname%3DGoogle%2520Chrome%26needsadmin%3Dtrue%26ap%3Dx64-stable-statsdef_0%26brand%3DGCEA/dl/chrome/install/googlechromestandaloneenterprise64.msi], IsDownloadCompleted = True
[37] 2026-03-16 09:06:47,187 DEBUG ThirdPartyInstallerActionHandler.Execute => Download of installation files for [5b850e92-f7f5-4358-a8ad-93a304a17ecf] patch is finished, starting installation...
[37] 2026-03-16 09:06:47,188 DEBUG ThirdPartyInstallerActionHandler.Download => Downloading file [5b850e92-f7f5-4358-a8ad-93a304a17ecf.1] to [C:\ProgramData\MspPlatform\PME\ThirdPartyPatch\Downloads\f7aa248b-6982-498c-825d-847b0104f3a2\googlechromestandaloneenterprise64.msi]
[37] 2026-03-16 09:06:48,155 DEBUG ThirdPartyInstallerActionHandler.ExecuteImpl => handling actionType: 'Installation', GUID: '5b850e92-f7f5-4358-a8ad-93a304a17ecf'
[37] 2026-03-16 09:06:48,156 DEBUG Extracted the following data from ThirdPartyPatch [Chrome] Installed: [145.0.7632.160] > Latest: [146.0.7680.72]
[37] 2026-03-16 09:06:55,734 ERROR Third Party patch installation returned an error: Detected a bad installer - The installer's checksum didn't match the expected checksum. Skipping installation.
[37] 2026-03-16 09:06:55,735 INFO  Requesting file recache.
[37] 2026-03-16 09:06:55,755 DEBUG ActionDelegator.Execute => ------ processing action finished. Id: 5b850e92-f7f5-4358-a8ad-93a304a17ecf, Error: Detected a bad installer - The installer's checksum didn't match the expected checksum. Skipping installation., RebootRequired: False
[37] 2026-03-16 09:06:55,755 OFF   =============================>>> Processing Actions finished <<<=============================
[37] 2026-03-16 09:08:31,657 DEBUG CachedMetadataProvider.LoadCachedMetadata => obtaining lock
[37] 2026-03-16 09:08:31,659 DEBUG CachedMetadataProvider.LoadCachedMetadata => deserialized 15 files.
[37] 2026-03-16 09:08:31,660 DEBUG CachedMetadataProvider.SavePreviousCachedMetadata => obtaining lock
[37] 2026-03-16 09:08:31,667 DEBUG CachedMetadataProvider.SaveCachedMetadata => obtaining lock
[37] 2026-03-16 09:08:31,667 DEBUG CachedMetadataProvider.LoadCachedMetadata => obtaining lock
[37] 2026-03-16 09:08:31,668 DEBUG CachedMetadataProvider.LoadCachedMetadata => deserialized 0 files.
[37] 2026-03-16 09:08:31,668 DEBUG CachedMetadataProvider.LoadCachedMetadata => obtaining lock
[37] 2026-03-16 09:08:31,683 DEBUG CachedMetadataProvider.LoadCachedMetadata => deserialized 1 files.
[37] 2026-03-16 09:08:31,684 DEBUG CachedMetadataProvider.LoadCachedMetadata => obtaining lock
[37] 2026-03-16 09:08:31,685 DEBUG CachedMetadataProvider.LoadCachedMetadata => deserialized 2 files.
[37] 2026-03-16 09:08:31,686 DEBUG CachedMetadataProvider.LoadCachedMetadata => obtaining lock
[37] 2026-03-16 09:08:31,700 DEBUG CachedMetadataProvider.LoadCachedMetadata => deserialized 3 files.
[37] 2026-03-16 09:08:31,701 DEBUG CachedMetadataProvider.LoadCachedMetadata => obtaining lock
[37] 2026-03-16 09:08:31,703 DEBUG CachedMetadataProvider.LoadCachedMetadata => deserialized 4 files.
[37] 2026-03-16 09:08:31,703 DEBUG CachedMetadataProvider.LoadCachedMetadata => obtaining lock
[37] 2026-03-16 09:08:31,717 DEBUG CachedMetadataProvider.LoadCachedMetadata => deserialized 5 files.
[37] 2026-03-16 09:08:31,718 DEBUG CachedMetadataProvider.LoadCachedMetadata => obtaining lock
[37] 2026-03-16 09:08:31,728 DEBUG CachedMetadataProvider.LoadCachedMetadata => deserialized 6 files.
[37] 2026-03-16 09:08:31,728 DEBUG CachedMetadataProvider.LoadCachedMetadata => obtaining lock
[37] 2026-03-16 09:08:31,742 DEBUG CachedMetadataProvider.LoadCachedMetadata => deserialized 7 files.
[37] 2026-03-16 09:08:31,743 DEBUG CachedMetadataProvider.LoadCachedMetadata => obtaining lock
[37] 2026-03-16 09:08:31,745 DEBUG CachedMetadataProvider.LoadCachedMetadata => deserialized 8 files.
[37] 2026-03-16 09:08:31,746 DEBUG CachedMetadataProvider.LoadCachedMetadata => obtaining lock
[37] 2026-03-16 09:08:31,760 DEBUG CachedMetadataProvider.LoadCachedMetadata => deserialized 9 files.
[37] 2026-03-16 09:08:31,761 DEBUG CachedMetadataProvider.LoadCachedMetadata => obtaining lock
[37] 2026-03-16 09:08:31,771 DEBUG CachedMetadataProvider.LoadCachedMetadata => deserialized 10 files.
[37] 2026-03-16 09:08:31,772 DEBUG CachedMetadataProvider.LoadCachedMetadata => obtaining lock
[37] 2026-03-16 09:08:31,785 DEBUG CachedMetadataProvider.LoadCachedMetadata => deserialized 11 files.
[37] 2026-03-16 09:08:31,786 DEBUG CachedMetadataProvider.LoadCachedMetadata => obtaining lock
[37] 2026-03-16 09:08:31,787 DEBUG CachedMetadataProvider.LoadCachedMetadata => deserialized 12 files.
[37] 2026-03-16 09:08:31,788 DEBUG CachedMetadataProvider.LoadCachedMetadata => obtaining lock
[37] 2026-03-16 09:08:31,804 DEBUG CachedMetadataProvider.LoadCachedMetadata => deserialized 13 files.
[37] 2026-03-16 09:08:31,805 DEBUG CachedMetadataProvider.LoadCachedMetadata => obtaining lock
[37] 2026-03-16 09:08:31,806 DEBUG CachedMetadataProvider.LoadCachedMetadata => deserialized 14 files.
[37] 2026-03-16 09:08:31,807 DEBUG CachedMetadataProvider.SaveCachedMetadata => saved 15 files.
[59] 2026-03-16 11:01:38,795 DEBUG CachedMetadataProvider.LoadCachedMetadata => obtaining lock
[59] 2026-03-16 11:01:38,802 DEBUG CachedMetadataProvider.LoadCachedMetadata => deserialized 15 files.
[59] 2026-03-16 11:01:38,803 DEBUG CachedMetadataProvider.SavePreviousCachedMetadata => obtaining lock
[59] 2026-03-16 11:01:38,810 DEBUG CachedMetadataProvider.SaveCachedMetadata => obtaining lock
[59] 2026-03-16 11:01:38,810 DEBUG CachedMetadataProvider.LoadCachedMetadata => obtaining lock
[59] 2026-03-16 11:01:38,810 DEBUG CachedMetadataProvider.LoadCachedMetadata => deserialized 0 files.
[59] 2026-03-16 11:01:38,811 DEBUG CachedMetadataProvider.LoadCachedMetadata => obtaining lock
[59] 2026-03-16 11:01:38,812 DEBUG CachedMetadataProvider.LoadCachedMetadata => deserialized 1 files.
[59] 2026-03-16 11:01:38,812 DEBUG CachedMetadataProvider.LoadCachedMetadata => obtaining lock
[59] 2026-03-16 11:01:38,813 DEBUG CachedMetadataProvider.LoadCachedMetadata => deserialized 2 files.
[59] 2026-03-16 11:01:38,814 DEBUG CachedMetadataProvider.LoadCachedMetadata => obtaining lock
[59] 2026-03-16 11:01:38,827 DEBUG CachedMetadataProvider.LoadCachedMetadata => deserialized 3 files.
[59] 2026-03-16 11:01:38,828 DEBUG CachedMetadataProvider.LoadCachedMetadata => obtaining lock
[59] 2026-03-16 11:01:38,840 DEBUG CachedMetadataProvider.LoadCachedMetadata => deserialized 4 files.
[59] 2026-03-16 11:01:38,840 DEBUG CachedMetadataProvider.LoadCachedMetadata => obtaining lock
[59] 2026-03-16 11:01:38,842 DEBUG CachedMetadataProvider.LoadCachedMetadata => deserialized 5 files.
[59] 2026-03-16 11:01:38,842 DEBUG CachedMetadataProvider.LoadCachedMetadata => obtaining lock
[59] 2026-03-16 11:01:38,854 DEBUG CachedMetadataProvider.LoadCachedMetadata => deserialized 6 files.
[59] 2026-03-16 11:01:38,855 DEBUG CachedMetadataProvider.LoadCachedMetadata => obtaining lock
[59] 2026-03-16 11:01:38,866 DEBUG CachedMetadataProvider.LoadCachedMetadata => deserialized 7 files.
[59] 2026-03-16 11:01:38,867 DEBUG CachedMetadataProvider.LoadCachedMetadata => obtaining lock
[59] 2026-03-16 11:01:38,868 DEBUG CachedMetadataProvider.LoadCachedMetadata => deserialized 8 files.
[59] 2026-03-16 11:01:38,868 DEBUG CachedMetadataProvider.LoadCachedMetadata => obtaining lock
[59] 2026-03-16 11:01:38,879 DEBUG CachedMetadataProvider.LoadCachedMetadata => deserialized 9 files.
[59] 2026-03-16 11:01:38,880 DEBUG CachedMetadataProvider.LoadCachedMetadata => obtaining lock
[59] 2026-03-16 11:01:38,882 DEBUG CachedMetadataProvider.LoadCachedMetadata => deserialized 10 files.
[59] 2026-03-16 11:01:38,883 DEBUG CachedMetadataProvider.LoadCachedMetadata => obtaining lock
[59] 2026-03-16 11:01:38,895 DEBUG CachedMetadataProvider.LoadCachedMetadata => deserialized 11 files.
[59] 2026-03-16 11:01:38,896 DEBUG CachedMetadataProvider.LoadCachedMetadata => obtaining lock
[59] 2026-03-16 11:01:38,898 DEBUG CachedMetadataProvider.LoadCachedMetadata => deserialized 12 files.
[59] 2026-03-16 11:01:38,899 DEBUG CachedMetadataProvider.LoadCachedMetadata => obtaining lock
[59] 2026-03-16 11:01:38,901 DEBUG CachedMetadataProvider.LoadCachedMetadata => deserialized 13 files.
[59] 2026-03-16 11:01:38,902 DEBUG CachedMetadataProvider.LoadCachedMetadata => obtaining lock
[59] 2026-03-16 11:01:38,904 DEBUG CachedMetadataProvider.LoadCachedMetadata => deserialized 14 files.
[59] 2026-03-16 11:01:38,905 DEBUG CachedMetadataProvider.SaveCachedMetadata => saved 15 files.
[22] 2026-03-17 09:09:07,389 OFF   =============================================================================================
[22] 2026-03-17 09:09:07,390 OFF   ==================================>>>>> Start Actions <<<<<==================================
[22] 2026-03-17 09:09:07,392 OFF   ActionDelegator.Execute => processing 1 actions. Timeout: 180 minutes.
[22] 2026-03-17 09:09:07,394 DEBUG ActionDelegator.ExistsRegKey_SetupPhase => Check FU in progress. Checking registry key [HKEY_LOCAL_MACHINE\SYSTEM\Setup\MoSetup\Volatile\SetupPhase|[type=DWord]]: 
[22] 2026-03-17 09:09:07,395 DEBUG All Patch Prerequisites are installed.
[22] 2026-03-17 09:09:07,396 DEBUG CachedMetadataProvider.LoadCachedMetadata => obtaining lock
[22] 2026-03-17 09:09:07,417 DEBUG CachedMetadataProvider.LoadCachedMetadata => deserialized 15 files.
[22] 2026-03-17 09:09:07,419 DEBUG CachedMetadataProvider.LoadCachedMetadata => obtaining lock
[22] 2026-03-17 09:09:07,426 DEBUG CachedMetadataProvider.LoadCachedMetadata => deserialized 15 files.
[22] 2026-03-17 09:09:07,429 DEBUG CachedMetadataProvider.LoadCachedMetadata => obtaining lock
[22] 2026-03-17 09:09:07,435 DEBUG CachedMetadataProvider.LoadCachedMetadata => deserialized 15 files.
[22] 2026-03-17 09:09:07,436 DEBUG CachedMetadataProvider.LoadCachedMetadata => obtaining lock
[22] 2026-03-17 09:09:07,445 DEBUG CachedMetadataProvider.LoadCachedMetadata => deserialized 15 files.
[22] 2026-03-17 09:09:07,446 DEBUG CachedMetadataProvider.LoadCachedMetadata => obtaining lock
[22] 2026-03-17 09:09:07,451 DEBUG CachedMetadataProvider.LoadCachedMetadata => deserialized 15 files.
[22] 2026-03-17 09:09:07,452 DEBUG CachedMetadataProvider.LoadCachedMetadata => obtaining lock
[22] 2026-03-17 09:09:07,457 DEBUG CachedMetadataProvider.LoadCachedMetadata => deserialized 15 files.
[22] 2026-03-17 09:09:07,458 DEBUG CachedMetadataProvider.LoadCachedMetadata => obtaining lock
[22] 2026-03-17 09:09:07,464 DEBUG CachedMetadataProvider.LoadCachedMetadata => deserialized 15 files.
[22] 2026-03-17 09:09:07,465 DEBUG CachedMetadataProvider.LoadCachedMetadata => obtaining lock
[22] 2026-03-17 09:09:07,472 DEBUG CachedMetadataProvider.LoadCachedMetadata => deserialized 15 files.
[22] 2026-03-17 09:09:07,472 DEBUG CachedMetadataProvider.LoadCachedMetadata => obtaining lock
[22] 2026-03-17 09:09:07,477 DEBUG CachedMetadataProvider.LoadCachedMetadata => deserialized 15 files.
[22] 2026-03-17 09:09:07,477 DEBUG CachedMetadataProvider.LoadCachedMetadata => obtaining lock
[22] 2026-03-17 09:09:07,482 DEBUG CachedMetadataProvider.LoadCachedMetadata => deserialized 15 files.
[22] 2026-03-17 09:09:07,483 DEBUG CachedMetadataProvider.LoadCachedMetadata => obtaining lock
[22] 2026-03-17 09:09:07,488 DEBUG CachedMetadataProvider.LoadCachedMetadata => deserialized 15 files.
[22] 2026-03-17 09:09:07,489 DEBUG CachedMetadataProvider.LoadCachedMetadata => obtaining lock
[22] 2026-03-17 09:09:07,496 DEBUG CachedMetadataProvider.LoadCachedMetadata => deserialized 15 files.
[22] 2026-03-17 09:09:07,497 DEBUG ActionHandlerResolver.LoadPropertyBag => skipping field [SupersededUpdateIDs], not a simple type.
[22] 2026-03-17 09:09:07,497 DEBUG ActionHandlerResolver.Resolve => resolved action handler [ThirdPartyInstallerActionHandler]. Mapping: keys [ActionType,DataProviderType], values [Installation,ThirdParty]
[22] 2026-03-17 09:09:07,498 OFF   ActionDelegator.Execute => ------ processing 1 action(s) for action handler: [ThirdPartyInstallerActionHandler]. Time limit: 2026-03-17 12:09 ------
[22] 2026-03-17 09:09:07,498 DEBUG 		Installation: [5b850e92-f7f5-4358-a8ad-93a304a17ecf] Chrome (x64) 146.0.7680.72, 
[22] 2026-03-17 09:10:33,748 DEBUG ThirdPartyInstallerActionHandler.SubmitFilesForDownload => submitting file for download [5b850e92-f7f5-4358-a8ad-93a304a17ecf.1] [https://dl.google.com/tag/s/appguid%3D%7B8A69D345-D564-463C-AFF1-A69D9E530F96%7D%26iid%3D%7BA812BA5F-B124-5A68-2F5B-4DF63A862C4F%7D%26lang%3Den%26browser%3D4%26usagestats%3D0%26appname%3DGoogle%2520Chrome%26needsadmin%3Dtrue%26ap%3Dx64-stable-statsdef_0%26brand%3DGCEA/dl/chrome/install/googlechromestandaloneenterprise64.msi]
[22] 2026-03-17 09:10:33,752 DEBUG ThirdPartyInstallerActionHandler.Execute => Waiting for finishing patch installers download (time limit: 2026-03-17 11:10)
[22] 2026-03-17 09:10:33,754 DEBUG ThirdPartyInstallerActionHandler.IsDownloadCompleted => checking download status for file [5b850e92-f7f5-4358-a8ad-93a304a17ecf.1] [https://dl.google.com/tag/s/appguid%3D%7B8A69D345-D564-463C-AFF1-A69D9E530F96%7D%26iid%3D%7BA812BA5F-B124-5A68-2F5B-4DF63A862C4F%7D%26lang%3Den%26browser%3D4%26usagestats%3D0%26appname%3DGoogle%2520Chrome%26needsadmin%3Dtrue%26ap%3Dx64-stable-statsdef_0%26brand%3DGCEA/dl/chrome/install/googlechromestandaloneenterprise64.msi], IsDownloadCompleted = False
[22] 2026-03-17 09:10:33,755 DEBUG ThirdPartyInstallerActionHandler.Execute => Download of installation files for remaining 1 patches is still in progress, waiting 10 seconds...
[22] 2026-03-17 09:10:43,770 DEBUG ThirdPartyInstallerActionHandler.IsDownloadCompleted => checking download status for file [5b850e92-f7f5-4358-a8ad-93a304a17ecf.1] [https://dl.google.com/tag/s/appguid%3D%7B8A69D345-D564-463C-AFF1-A69D9E530F96%7D%26iid%3D%7BA812BA5F-B124-5A68-2F5B-4DF63A862C4F%7D%26lang%3Den%26browser%3D4%26usagestats%3D0%26appname%3DGoogle%2520Chrome%26needsadmin%3Dtrue%26ap%3Dx64-stable-statsdef_0%26brand%3DGCEA/dl/chrome/install/googlechromestandaloneenterprise64.msi], IsDownloadCompleted = True
[22] 2026-03-17 09:10:43,771 DEBUG ThirdPartyInstallerActionHandler.Execute => Download of installation files for [5b850e92-f7f5-4358-a8ad-93a304a17ecf] patch is finished, starting installation...
[22] 2026-03-17 09:10:43,782 DEBUG ActionDelegator.Execute => ------ processing action finished. Id: 5b850e92-f7f5-4358-a8ad-93a304a17ecf, Error: Cannot install 3rd party patch with GUID=5b850e92-f7f5-4358-a8ad-93a304a17ecf - unknown application., RebootRequired: False
[22] 2026-03-17 09:10:43,783 OFF   =============================>>> Processing Actions finished <<<=============================
[22] 2026-03-17 09:27:02,456 DEBUG CachedMetadataProvider.LoadCachedMetadata => obtaining lock
[22] 2026-03-17 09:27:02,460 DEBUG CachedMetadataProvider.LoadCachedMetadata => deserialized 15 files.
[22] 2026-03-17 09:27:02,461 DEBUG CachedMetadataProvider.SavePreviousCachedMetadata => obtaining lock
[22] 2026-03-17 09:27:02,479 DEBUG CachedMetadataProvider.SaveCachedMetadata => obtaining lock
[22] 2026-03-17 09:27:02,479 DEBUG CachedMetadataProvider.LoadCachedMetadata => obtaining lock
[22] 2026-03-17 09:27:02,480 DEBUG CachedMetadataProvider.LoadCachedMetadata => deserialized 0 files.
[22] 2026-03-17 09:27:02,482 DEBUG CachedMetadataProvider.LoadCachedMetadata => obtaining lock
[22] 2026-03-17 09:27:02,483 DEBUG CachedMetadataProvider.LoadCachedMetadata => deserialized 1 files.
[22] 2026-03-17 09:27:02,484 DEBUG CachedMetadataProvider.LoadCachedMetadata => obtaining lock
[22] 2026-03-17 09:27:02,486 DEBUG CachedMetadataProvider.LoadCachedMetadata => deserialized 2 files.
[22] 2026-03-17 09:27:02,487 DEBUG CachedMetadataProvider.LoadCachedMetadata => obtaining lock
[22] 2026-03-17 09:27:02,489 DEBUG CachedMetadataProvider.LoadCachedMetadata => deserialized 3 files.
[22] 2026-03-17 09:27:02,490 DEBUG CachedMetadataProvider.LoadCachedMetadata => obtaining lock
[22] 2026-03-17 09:27:02,492 DEBUG CachedMetadataProvider.LoadCachedMetadata => deserialized 4 files.
[22] 2026-03-17 09:27:02,493 DEBUG CachedMetadataProvider.LoadCachedMetadata => obtaining lock
[22] 2026-03-17 09:27:02,496 DEBUG CachedMetadataProvider.LoadCachedMetadata => deserialized 5 files.
[22] 2026-03-17 09:27:02,497 DEBUG CachedMetadataProvider.LoadCachedMetadata => obtaining lock
[22] 2026-03-17 09:27:02,499 DEBUG CachedMetadataProvider.LoadCachedMetadata => deserialized 6 files.
[22] 2026-03-17 09:27:02,502 DEBUG CachedMetadataProvider.LoadCachedMetadata => obtaining lock
[22] 2026-03-17 09:27:02,505 DEBUG CachedMetadataProvider.LoadCachedMetadata => deserialized 7 files.
[22] 2026-03-17 09:27:02,506 DEBUG CachedMetadataProvider.LoadCachedMetadata => obtaining lock
[22] 2026-03-17 09:27:02,509 DEBUG CachedMetadataProvider.LoadCachedMetadata => deserialized 8 files.
[22] 2026-03-17 09:27:02,510 DEBUG CachedMetadataProvider.LoadCachedMetadata => obtaining lock
[22] 2026-03-17 09:27:02,517 DEBUG CachedMetadataProvider.LoadCachedMetadata => deserialized 9 files.
[22] 2026-03-17 09:27:02,518 DEBUG CachedMetadataProvider.LoadCachedMetadata => obtaining lock
[22] 2026-03-17 09:27:02,522 DEBUG CachedMetadataProvider.LoadCachedMetadata => deserialized 10 files.
[22] 2026-03-17 09:27:02,523 DEBUG CachedMetadataProvider.LoadCachedMetadata => obtaining lock
[22] 2026-03-17 09:27:02,529 DEBUG CachedMetadataProvider.LoadCachedMetadata => deserialized 11 files.
[22] 2026-03-17 09:27:02,530 DEBUG CachedMetadataProvider.LoadCachedMetadata => obtaining lock
[22] 2026-03-17 09:27:02,535 DEBUG CachedMetadataProvider.LoadCachedMetadata => deserialized 12 files.
[22] 2026-03-17 09:27:02,536 DEBUG CachedMetadataProvider.LoadCachedMetadata => obtaining lock
[22] 2026-03-17 09:27:02,541 DEBUG CachedMetadataProvider.LoadCachedMetadata => deserialized 13 files.
[22] 2026-03-17 09:27:02,542 DEBUG CachedMetadataProvider.LoadCachedMetadata => obtaining lock
[22] 2026-03-17 09:27:02,547 DEBUG CachedMetadataProvider.LoadCachedMetadata => deserialized 14 files.
[22] 2026-03-17 09:27:02,548 DEBUG CachedMetadataProvider.SaveCachedMetadata => saved 15 files.
[72] 2026-03-17 11:28:34,499 DEBUG CachedMetadataProvider.LoadCachedMetadata => obtaining lock
[72] 2026-03-17 11:28:34,509 DEBUG CachedMetadataProvider.LoadCachedMetadata => deserialized 15 files.
[72] 2026-03-17 11:28:34,510 DEBUG CachedMetadataProvider.SavePreviousCachedMetadata => obtaining lock
[72] 2026-03-17 11:28:34,608 DEBUG CachedMetadataProvider.SaveCachedMetadata => obtaining lock
[72] 2026-03-17 11:28:34,610 DEBUG CachedMetadataProvider.LoadCachedMetadata => obtaining lock
[72] 2026-03-17 11:28:34,612 DEBUG CachedMetadataProvider.LoadCachedMetadata => deserialized 0 files.
[72] 2026-03-17 11:28:34,614 DEBUG CachedMetadataProvider.LoadCachedMetadata => obtaining lock
[72] 2026-03-17 11:28:34,615 DEBUG CachedMetadataProvider.LoadCachedMetadata => deserialized 1 files.
[72] 2026-03-17 11:28:34,618 DEBUG CachedMetadataProvider.LoadCachedMetadata => obtaining lock
[72] 2026-03-17 11:28:34,621 DEBUG CachedMetadataProvider.LoadCachedMetadata => deserialized 2 files.
[72] 2026-03-17 11:28:34,623 DEBUG CachedMetadataProvider.LoadCachedMetadata => obtaining lock
[72] 2026-03-17 11:28:34,624 DEBUG CachedMetadataProvider.LoadCachedMetadata => deserialized 3 files.
[72] 2026-03-17 11:28:34,626 DEBUG CachedMetadataProvider.LoadCachedMetadata => obtaining lock
[72] 2026-03-17 11:28:34,629 DEBUG CachedMetadataProvider.LoadCachedMetadata => deserialized 4 files.
[72] 2026-03-17 11:28:34,630 DEBUG CachedMetadataProvider.LoadCachedMetadata => obtaining lock
[72] 2026-03-17 11:28:34,632 DEBUG CachedMetadataProvider.LoadCachedMetadata => deserialized 5 files.
[72] 2026-03-17 11:28:34,634 DEBUG CachedMetadataProvider.LoadCachedMetadata => obtaining lock
[72] 2026-03-17 11:28:34,638 DEBUG CachedMetadataProvider.LoadCachedMetadata => deserialized 6 files.
[72] 2026-03-17 11:28:34,639 DEBUG CachedMetadataProvider.LoadCachedMetadata => obtaining lock
[72] 2026-03-17 11:28:34,642 DEBUG CachedMetadataProvider.LoadCachedMetadata => deserialized 7 files.
[72] 2026-03-17 11:28:34,645 DEBUG CachedMetadataProvider.LoadCachedMetadata => obtaining lock
[72] 2026-03-17 11:28:34,649 DEBUG CachedMetadataProvider.LoadCachedMetadata => deserialized 8 files.
[72] 2026-03-17 11:28:34,651 DEBUG CachedMetadataProvider.LoadCachedMetadata => obtaining lock
[72] 2026-03-17 11:28:34,655 DEBUG CachedMetadataProvider.LoadCachedMetadata => deserialized 9 files.
[72] 2026-03-17 11:28:34,657 DEBUG CachedMetadataProvider.LoadCachedMetadata => obtaining lock
[72] 2026-03-17 11:28:34,662 DEBUG CachedMetadataProvider.LoadCachedMetadata => deserialized 10 files.
[72] 2026-03-17 11:28:34,663 DEBUG CachedMetadataProvider.LoadCachedMetadata => obtaining lock
[72] 2026-03-17 11:28:34,668 DEBUG CachedMetadataProvider.LoadCachedMetadata => deserialized 11 files.
[72] 2026-03-17 11:28:34,669 DEBUG CachedMetadataProvider.LoadCachedMetadata => obtaining lock
[72] 2026-03-17 11:28:34,674 DEBUG CachedMetadataProvider.LoadCachedMetadata => deserialized 12 files.
[72] 2026-03-17 11:28:34,676 DEBUG CachedMetadataProvider.LoadCachedMetadata => obtaining lock
[72] 2026-03-17 11:28:34,680 DEBUG CachedMetadataProvider.LoadCachedMetadata => deserialized 13 files.
[72] 2026-03-17 11:28:34,682 DEBUG CachedMetadataProvider.LoadCachedMetadata => obtaining lock
[72] 2026-03-17 11:28:34,688 DEBUG CachedMetadataProvider.LoadCachedMetadata => deserialized 14 files.
[72] 2026-03-17 11:28:34,690 DEBUG CachedMetadataProvider.SaveCachedMetadata => saved 15 files.
[65] 2026-03-19 09:40:04,225 OFF   =============================================================================================
[65] 2026-03-19 09:40:04,226 OFF   ==================================>>>>> Start Actions <<<<<==================================
[65] 2026-03-19 09:40:04,226 OFF   ActionDelegator.Execute => processing 1 actions. Timeout: 180 minutes.
[65] 2026-03-19 09:40:04,228 DEBUG ActionDelegator.ExistsRegKey_SetupPhase => Check FU in progress. Checking registry key [HKEY_LOCAL_MACHINE\SYSTEM\Setup\MoSetup\Volatile\SetupPhase|[type=DWord]]: 
[65] 2026-03-19 09:40:04,228 DEBUG All Patch Prerequisites are installed.
[65] 2026-03-19 09:40:04,229 DEBUG CachedMetadataProvider.LoadCachedMetadata => obtaining lock
[65] 2026-03-19 09:40:04,237 DEBUG CachedMetadataProvider.LoadCachedMetadata => deserialized 15 files.
[65] 2026-03-19 09:40:04,239 DEBUG CachedMetadataProvider.LoadCachedMetadata => obtaining lock
[65] 2026-03-19 09:40:04,242 DEBUG CachedMetadataProvider.LoadCachedMetadata => deserialized 15 files.
[65] 2026-03-19 09:40:04,244 DEBUG CachedMetadataProvider.LoadCachedMetadata => obtaining lock
[65] 2026-03-19 09:40:04,247 DEBUG CachedMetadataProvider.LoadCachedMetadata => deserialized 15 files.
[65] 2026-03-19 09:40:04,247 DEBUG CachedMetadataProvider.LoadCachedMetadata => obtaining lock
[65] 2026-03-19 09:40:04,250 DEBUG CachedMetadataProvider.LoadCachedMetadata => deserialized 15 files.
[65] 2026-03-19 09:40:04,252 DEBUG CachedMetadataProvider.LoadCachedMetadata => obtaining lock
[65] 2026-03-19 09:40:04,256 DEBUG CachedMetadataProvider.LoadCachedMetadata => deserialized 15 files.
[65] 2026-03-19 09:40:04,257 DEBUG CachedMetadataProvider.LoadCachedMetadata => obtaining lock
[65] 2026-03-19 09:40:04,260 DEBUG CachedMetadataProvider.LoadCachedMetadata => deserialized 15 files.
[65] 2026-03-19 09:40:04,260 DEBUG CachedMetadataProvider.LoadCachedMetadata => obtaining lock
[65] 2026-03-19 09:40:04,264 DEBUG CachedMetadataProvider.LoadCachedMetadata => deserialized 15 files.
[65] 2026-03-19 09:40:04,265 DEBUG CachedMetadataProvider.LoadCachedMetadata => obtaining lock
[65] 2026-03-19 09:40:04,267 DEBUG CachedMetadataProvider.LoadCachedMetadata => deserialized 15 files.
[65] 2026-03-19 09:40:04,268 DEBUG CachedMetadataProvider.LoadCachedMetadata => obtaining lock
[65] 2026-03-19 09:40:04,270 DEBUG CachedMetadataProvider.LoadCachedMetadata => deserialized 15 files.
[65] 2026-03-19 09:40:04,270 DEBUG CachedMetadataProvider.LoadCachedMetadata => obtaining lock
[65] 2026-03-19 09:40:04,274 DEBUG CachedMetadataProvider.LoadCachedMetadata => deserialized 15 files.
[65] 2026-03-19 09:40:04,275 DEBUG CachedMetadataProvider.LoadCachedMetadata => obtaining lock
[65] 2026-03-19 09:40:04,278 DEBUG CachedMetadataProvider.LoadCachedMetadata => deserialized 15 files.
[65] 2026-03-19 09:40:04,279 DEBUG CachedMetadataProvider.LoadCachedMetadata => obtaining lock
[65] 2026-03-19 09:40:04,281 DEBUG CachedMetadataProvider.LoadCachedMetadata => deserialized 15 files.
[65] 2026-03-19 09:40:04,282 DEBUG CachedMetadataProvider.LoadCachedMetadata => obtaining lock
[65] 2026-03-19 09:40:04,285 DEBUG CachedMetadataProvider.LoadCachedMetadata => deserialized 15 files.
[65] 2026-03-19 09:40:04,285 DEBUG ActionHandlerResolver.LoadPropertyBag => skipping field [SupersededUpdateIDs], not a simple type.
[65] 2026-03-19 09:40:04,286 DEBUG ActionHandlerResolver.Resolve => resolved action handler [ThirdPartyInstallerActionHandler]. Mapping: keys [ActionType,DataProviderType], values [Installation,ThirdParty]
[65] 2026-03-19 09:40:04,286 OFF   ActionDelegator.Execute => ------ processing 1 action(s) for action handler: [ThirdPartyInstallerActionHandler]. Time limit: 2026-03-19 12:40 ------
[65] 2026-03-19 09:40:04,286 DEBUG 		Installation: [5d1c7bba-b21d-4dd2-8c0f-3962f9ca6509] Chrome (x64) 146.0.7680.80, 
[65] 2026-03-19 09:41:06,875 DEBUG ThirdPartyInstallerActionHandler.SubmitFilesForDownload => submitting file for download [5d1c7bba-b21d-4dd2-8c0f-3962f9ca6509.1] [https://dl.google.com/tag/s/appguid%3D%7B8A69D345-D564-463C-AFF1-A69D9E530F96%7D%26iid%3D%7BA812BA5F-B124-5A68-2F5B-4DF63A862C4F%7D%26lang%3Den%26browser%3D4%26usagestats%3D0%26appname%3DGoogle%2520Chrome%26needsadmin%3Dtrue%26ap%3Dx64-stable-statsdef_0%26brand%3DGCEA/dl/chrome/install/googlechromestandaloneenterprise64.msi]
[65] 2026-03-19 09:41:06,877 DEBUG ThirdPartyInstallerActionHandler.Execute => Waiting for finishing patch installers download (time limit: 2026-03-19 11:41)
[65] 2026-03-19 09:41:06,877 DEBUG ThirdPartyInstallerActionHandler.IsDownloadCompleted => checking download status for file [5d1c7bba-b21d-4dd2-8c0f-3962f9ca6509.1] [https://dl.google.com/tag/s/appguid%3D%7B8A69D345-D564-463C-AFF1-A69D9E530F96%7D%26iid%3D%7BA812BA5F-B124-5A68-2F5B-4DF63A862C4F%7D%26lang%3Den%26browser%3D4%26usagestats%3D0%26appname%3DGoogle%2520Chrome%26needsadmin%3Dtrue%26ap%3Dx64-stable-statsdef_0%26brand%3DGCEA/dl/chrome/install/googlechromestandaloneenterprise64.msi], IsDownloadCompleted = False
[65] 2026-03-19 09:41:06,878 DEBUG ThirdPartyInstallerActionHandler.Execute => Download of installation files for remaining 1 patches is still in progress, waiting 10 seconds...
[65] 2026-03-19 09:41:16,892 DEBUG ThirdPartyInstallerActionHandler.IsDownloadCompleted => checking download status for file [5d1c7bba-b21d-4dd2-8c0f-3962f9ca6509.1] [https://dl.google.com/tag/s/appguid%3D%7B8A69D345-D564-463C-AFF1-A69D9E530F96%7D%26iid%3D%7BA812BA5F-B124-5A68-2F5B-4DF63A862C4F%7D%26lang%3Den%26browser%3D4%26usagestats%3D0%26appname%3DGoogle%2520Chrome%26needsadmin%3Dtrue%26ap%3Dx64-stable-statsdef_0%26brand%3DGCEA/dl/chrome/install/googlechromestandaloneenterprise64.msi], IsDownloadCompleted = True
[65] 2026-03-19 09:41:16,892 DEBUG ThirdPartyInstallerActionHandler.Execute => Download of installation files for [5d1c7bba-b21d-4dd2-8c0f-3962f9ca6509] patch is finished, starting installation...
[65] 2026-03-19 09:41:16,895 DEBUG ThirdPartyInstallerActionHandler.Download => Downloading file [5d1c7bba-b21d-4dd2-8c0f-3962f9ca6509.1] to [C:\ProgramData\MspPlatform\PME\ThirdPartyPatch\Downloads\f7aa248b-6982-498c-825d-847b0104f3a2\googlechromestandaloneenterprise64.msi]
[65] 2026-03-19 09:41:17,886 DEBUG ThirdPartyInstallerActionHandler.ExecuteImpl => handling actionType: 'Installation', GUID: '5d1c7bba-b21d-4dd2-8c0f-3962f9ca6509'
[65] 2026-03-19 09:41:17,887 DEBUG Extracted the following data from ThirdPartyPatch [Chrome] Installed: [145.0.7632.162] > Latest: [146.0.7680.80]
[65] 2026-03-19 09:41:25,730 ERROR Third Party patch installation returned an error: Detected a bad installer - The installer's checksum didn't match the expected checksum. Skipping installation.
[65] 2026-03-19 09:41:25,731 INFO  Requesting file recache.
[65] 2026-03-19 09:41:25,753 DEBUG ActionDelegator.Execute => ------ processing action finished. Id: 5d1c7bba-b21d-4dd2-8c0f-3962f9ca6509, Error: Detected a bad installer - The installer's checksum didn't match the expected checksum. Skipping installation., RebootRequired: False
[65] 2026-03-19 09:41:25,753 OFF   =============================>>> Processing Actions finished <<<=============================
[65] 2026-03-19 09:44:01,855 DEBUG CachedMetadataProvider.LoadCachedMetadata => obtaining lock
[65] 2026-03-19 09:44:01,861 DEBUG CachedMetadataProvider.LoadCachedMetadata => deserialized 15 files.
[65] 2026-03-19 09:44:01,862 DEBUG CachedMetadataProvider.SavePreviousCachedMetadata => obtaining lock
[65] 2026-03-19 09:44:01,904 DEBUG CachedMetadataProvider.SaveCachedMetadata => obtaining lock
[65] 2026-03-19 09:44:01,905 DEBUG CachedMetadataProvider.LoadCachedMetadata => obtaining lock
[65] 2026-03-19 09:44:01,906 DEBUG CachedMetadataProvider.LoadCachedMetadata => deserialized 0 files.
[65] 2026-03-19 09:44:01,907 DEBUG CachedMetadataProvider.LoadCachedMetadata => obtaining lock
[65] 2026-03-19 09:44:01,909 DEBUG CachedMetadataProvider.LoadCachedMetadata => deserialized 1 files.
[65] 2026-03-19 09:44:01,911 DEBUG CachedMetadataProvider.LoadCachedMetadata => obtaining lock
[65] 2026-03-19 09:44:01,912 DEBUG CachedMetadataProvider.LoadCachedMetadata => deserialized 2 files.
[65] 2026-03-19 09:44:01,913 DEBUG CachedMetadataProvider.LoadCachedMetadata => obtaining lock
[65] 2026-03-19 09:44:01,914 DEBUG CachedMetadataProvider.LoadCachedMetadata => deserialized 3 files.
[65] 2026-03-19 09:44:01,917 DEBUG CachedMetadataProvider.LoadCachedMetadata => obtaining lock
[65] 2026-03-19 09:44:01,918 DEBUG CachedMetadataProvider.LoadCachedMetadata => deserialized 4 files.
[65] 2026-03-19 09:44:01,920 DEBUG CachedMetadataProvider.LoadCachedMetadata => obtaining lock
[65] 2026-03-19 09:44:01,921 DEBUG CachedMetadataProvider.LoadCachedMetadata => deserialized 5 files.
[65] 2026-03-19 09:44:01,923 DEBUG CachedMetadataProvider.LoadCachedMetadata => obtaining lock
[65] 2026-03-19 09:44:01,924 DEBUG CachedMetadataProvider.LoadCachedMetadata => deserialized 6 files.
[65] 2026-03-19 09:44:01,926 DEBUG CachedMetadataProvider.LoadCachedMetadata => obtaining lock
[65] 2026-03-19 09:44:01,928 DEBUG CachedMetadataProvider.LoadCachedMetadata => deserialized 7 files.
[65] 2026-03-19 09:44:01,929 DEBUG CachedMetadataProvider.LoadCachedMetadata => obtaining lock
[65] 2026-03-19 09:44:01,931 DEBUG CachedMetadataProvider.LoadCachedMetadata => deserialized 8 files.
[65] 2026-03-19 09:44:01,934 DEBUG CachedMetadataProvider.LoadCachedMetadata => obtaining lock
[65] 2026-03-19 09:44:01,936 DEBUG CachedMetadataProvider.LoadCachedMetadata => deserialized 9 files.
[65] 2026-03-19 09:44:01,938 DEBUG CachedMetadataProvider.LoadCachedMetadata => obtaining lock
[65] 2026-03-19 09:44:01,940 DEBUG CachedMetadataProvider.LoadCachedMetadata => deserialized 10 files.
[65] 2026-03-19 09:44:01,942 DEBUG CachedMetadataProvider.LoadCachedMetadata => obtaining lock
[65] 2026-03-19 09:44:01,947 DEBUG CachedMetadataProvider.LoadCachedMetadata => deserialized 11 files.
[65] 2026-03-19 09:44:01,948 DEBUG CachedMetadataProvider.LoadCachedMetadata => obtaining lock
[65] 2026-03-19 09:44:01,953 DEBUG CachedMetadataProvider.LoadCachedMetadata => deserialized 12 files.
[65] 2026-03-19 09:44:01,954 DEBUG CachedMetadataProvider.LoadCachedMetadata => obtaining lock
[65] 2026-03-19 09:44:01,958 DEBUG CachedMetadataProvider.LoadCachedMetadata => deserialized 13 files.
[65] 2026-03-19 09:44:01,959 DEBUG CachedMetadataProvider.LoadCachedMetadata => obtaining lock
[65] 2026-03-19 09:44:01,966 DEBUG CachedMetadataProvider.LoadCachedMetadata => deserialized 14 files.
[65] 2026-03-19 09:44:01,968 DEBUG CachedMetadataProvider.LoadCachedMetadata => obtaining lock
[65] 2026-03-19 09:44:01,972 DEBUG CachedMetadataProvider.LoadCachedMetadata => deserialized 15 files.
[65] 2026-03-19 09:44:01,973 DEBUG CachedMetadataProvider.SaveCachedMetadata => saved 16 files.
[39] 2026-03-25 09:44:00,706 DEBUG CachedMetadataProvider.LoadCachedMetadata => obtaining lock
[39] 2026-03-25 09:44:00,718 DEBUG CachedMetadataProvider.LoadCachedMetadata => deserialized 16 files.
[39] 2026-03-25 09:44:00,724 DEBUG CachedMetadataProvider.LoadCachedMetadata => obtaining lock
[39] 2026-03-25 09:44:00,728 DEBUG CachedMetadataProvider.LoadCachedMetadata => deserialized 16 files.
[39] 2026-03-25 09:44:00,728 DEBUG CachedMetadataProvider.SavePreviousCachedMetadata => obtaining lock
[39] 2026-03-25 09:44:00,736 DEBUG CachedMetadataProvider.SaveCachedMetadata => obtaining lock
[39] 2026-03-25 09:44:00,737 DEBUG CachedMetadataProvider.LoadCachedMetadata => obtaining lock
[39] 2026-03-25 09:44:00,737 DEBUG CachedMetadataProvider.LoadCachedMetadata => deserialized 0 files.
[39] 2026-03-25 09:44:00,738 DEBUG CachedMetadataProvider.LoadCachedMetadata => obtaining lock
[39] 2026-03-25 09:44:00,738 DEBUG CachedMetadataProvider.LoadCachedMetadata => deserialized 1 files.
[39] 2026-03-25 09:44:00,739 DEBUG CachedMetadataProvider.LoadCachedMetadata => obtaining lock
[39] 2026-03-25 09:44:00,740 DEBUG CachedMetadataProvider.LoadCachedMetadata => deserialized 2 files.
[39] 2026-03-25 09:44:00,741 DEBUG CachedMetadataProvider.LoadCachedMetadata => obtaining lock
[39] 2026-03-25 09:44:00,742 DEBUG CachedMetadataProvider.LoadCachedMetadata => deserialized 3 files.
[39] 2026-03-25 09:44:00,743 DEBUG CachedMetadataProvider.LoadCachedMetadata => obtaining lock
[39] 2026-03-25 09:44:00,744 DEBUG CachedMetadataProvider.LoadCachedMetadata => deserialized 4 files.
[39] 2026-03-25 09:44:00,745 DEBUG CachedMetadataProvider.LoadCachedMetadata => obtaining lock
[39] 2026-03-25 09:44:00,747 DEBUG CachedMetadataProvider.LoadCachedMetadata => deserialized 5 files.
[39] 2026-03-25 09:44:00,748 DEBUG CachedMetadataProvider.LoadCachedMetadata => obtaining lock
[39] 2026-03-25 09:44:00,749 DEBUG CachedMetadataProvider.LoadCachedMetadata => deserialized 6 files.
[39] 2026-03-25 09:44:00,749 DEBUG CachedMetadataProvider.LoadCachedMetadata => obtaining lock
[39] 2026-03-25 09:44:00,751 DEBUG CachedMetadataProvider.LoadCachedMetadata => deserialized 7 files.
[39] 2026-03-25 09:44:00,751 DEBUG CachedMetadataProvider.LoadCachedMetadata => obtaining lock
[39] 2026-03-25 09:44:00,753 DEBUG CachedMetadataProvider.LoadCachedMetadata => deserialized 8 files.
[39] 2026-03-25 09:44:00,754 DEBUG CachedMetadataProvider.LoadCachedMetadata => obtaining lock
[39] 2026-03-25 09:44:00,757 DEBUG CachedMetadataProvider.LoadCachedMetadata => deserialized 9 files.
[39] 2026-03-25 09:44:00,758 DEBUG CachedMetadataProvider.LoadCachedMetadata => obtaining lock
[39] 2026-03-25 09:44:00,759 DEBUG CachedMetadataProvider.LoadCachedMetadata => deserialized 10 files.
[39] 2026-03-25 09:44:00,761 DEBUG CachedMetadataProvider.LoadCachedMetadata => obtaining lock
[39] 2026-03-25 09:44:00,763 DEBUG CachedMetadataProvider.LoadCachedMetadata => deserialized 11 files.
[39] 2026-03-25 09:44:00,764 DEBUG CachedMetadataProvider.LoadCachedMetadata => obtaining lock
[39] 2026-03-25 09:44:00,766 DEBUG CachedMetadataProvider.LoadCachedMetadata => deserialized 12 files.
[39] 2026-03-25 09:44:00,767 DEBUG CachedMetadataProvider.LoadCachedMetadata => obtaining lock
[39] 2026-03-25 09:44:00,769 DEBUG CachedMetadataProvider.LoadCachedMetadata => deserialized 13 files.
[39] 2026-03-25 09:44:00,770 DEBUG CachedMetadataProvider.LoadCachedMetadata => obtaining lock
[39] 2026-03-25 09:44:00,774 DEBUG CachedMetadataProvider.LoadCachedMetadata => deserialized 14 files.
[39] 2026-03-25 09:44:00,774 DEBUG CachedMetadataProvider.LoadCachedMetadata => obtaining lock
[39] 2026-03-25 09:44:00,777 DEBUG CachedMetadataProvider.LoadCachedMetadata => deserialized 15 files.
[39] 2026-03-25 09:44:00,778 DEBUG CachedMetadataProvider.LoadCachedMetadata => obtaining lock
[39] 2026-03-25 09:44:00,781 DEBUG CachedMetadataProvider.LoadCachedMetadata => deserialized 16 files.
[39] 2026-03-25 09:44:00,782 DEBUG CachedMetadataProvider.LoadCachedMetadata => obtaining lock
[39] 2026-03-25 09:44:00,785 DEBUG CachedMetadataProvider.LoadCachedMetadata => deserialized 17 files.
[39] 2026-03-25 09:44:00,786 DEBUG CachedMetadataProvider.SaveCachedMetadata => empty guid, skipping record. Kb: [5074828], file: []
[39] 2026-03-25 09:44:00,787 DEBUG CachedMetadataProvider.SaveCachedMetadata => empty guid, skipping record. Kb: [5050575], file: []
[39] 2026-03-25 09:44:00,787 DEBUG CachedMetadataProvider.SaveCachedMetadata => empty guid, skipping record. Kb: [5054156], file: []
[39] 2026-03-25 09:44:00,787 DEBUG CachedMetadataProvider.SaveCachedMetadata => empty guid, skipping record. Kb: [5054273], file: []
[39] 2026-03-25 09:44:00,788 DEBUG CachedMetadataProvider.SaveCachedMetadata => empty guid, skipping record. Kb: [5078674], file: []
[39] 2026-03-25 09:44:00,788 DEBUG CachedMetadataProvider.SaveCachedMetadata => empty guid, skipping record. Kb: [5079473], file: []
[39] 2026-03-25 09:44:00,788 DEBUG CachedMetadataProvider.SaveCachedMetadata => empty guid, skipping record. Kb: [5043113], file: []
[39] 2026-03-25 09:44:00,788 DEBUG CachedMetadataProvider.SaveCachedMetadata => empty guid, skipping record. Kb: [5052915], file: []
[39] 2026-03-25 09:44:00,788 DEBUG CachedMetadataProvider.SaveCachedMetadata => empty guid, skipping record. Kb: [5077869], file: []
[39] 2026-03-25 09:44:00,788 DEBUG CachedMetadataProvider.SaveCachedMetadata => empty guid, skipping record. Kb: [5077371], file: []
[39] 2026-03-25 09:44:00,788 DEBUG CachedMetadataProvider.SaveCachedMetadata => empty guid, skipping record. Kb: [5083532], file: []
[39] 2026-03-25 09:44:00,789 DEBUG CachedMetadataProvider.SaveCachedMetadata => empty guid, skipping record. Kb: [5050575], file: []
[39] 2026-03-25 09:44:00,789 DEBUG CachedMetadataProvider.SaveCachedMetadata => empty guid, skipping record. Kb: [5054273], file: []
[39] 2026-03-25 09:44:00,789 DEBUG CachedMetadataProvider.LoadCachedMetadata => obtaining lock
[39] 2026-03-25 09:44:00,791 DEBUG CachedMetadataProvider.LoadCachedMetadata => deserialized 18 files.
[39] 2026-03-25 09:44:00,791 DEBUG CachedMetadataProvider.LoadCachedMetadata => obtaining lock
[39] 2026-03-25 09:44:00,795 DEBUG CachedMetadataProvider.LoadCachedMetadata => deserialized 19 files.
[39] 2026-03-25 09:44:00,795 DEBUG CachedMetadataProvider.SaveCachedMetadata => saved 20 files.
[39] 2026-03-25 09:45:50,438 DEBUG CachedMetadataProvider.LoadCachedMetadata => obtaining lock
[39] 2026-03-25 09:45:50,450 DEBUG CachedMetadataProvider.LoadCachedMetadata => deserialized 20 files.
[39] 2026-03-25 09:45:50,451 DEBUG CachedMetadataProvider.SavePreviousCachedMetadata => obtaining lock
[39] 2026-03-25 09:45:50,500 DEBUG CachedMetadataProvider.SaveCachedMetadata => obtaining lock
[39] 2026-03-25 09:45:50,501 DEBUG CachedMetadataProvider.LoadCachedMetadata => obtaining lock
[39] 2026-03-25 09:45:50,502 DEBUG CachedMetadataProvider.LoadCachedMetadata => deserialized 0 files.
[39] 2026-03-25 09:45:50,503 DEBUG CachedMetadataProvider.LoadCachedMetadata => obtaining lock
[39] 2026-03-25 09:45:50,504 DEBUG CachedMetadataProvider.LoadCachedMetadata => deserialized 1 files.
[39] 2026-03-25 09:45:50,506 DEBUG CachedMetadataProvider.LoadCachedMetadata => obtaining lock
[39] 2026-03-25 09:45:50,507 DEBUG CachedMetadataProvider.LoadCachedMetadata => deserialized 2 files.
[39] 2026-03-25 09:45:50,510 DEBUG CachedMetadataProvider.LoadCachedMetadata => obtaining lock
[39] 2026-03-25 09:45:50,512 DEBUG CachedMetadataProvider.LoadCachedMetadata => deserialized 3 files.
[39] 2026-03-25 09:45:50,513 DEBUG CachedMetadataProvider.LoadCachedMetadata => obtaining lock
[39] 2026-03-25 09:45:50,515 DEBUG CachedMetadataProvider.LoadCachedMetadata => deserialized 4 files.
[39] 2026-03-25 09:45:50,517 DEBUG CachedMetadataProvider.LoadCachedMetadata => obtaining lock
[39] 2026-03-25 09:45:50,519 DEBUG CachedMetadataProvider.LoadCachedMetadata => deserialized 5 files.
[39] 2026-03-25 09:45:50,520 DEBUG CachedMetadataProvider.LoadCachedMetadata => obtaining lock
[39] 2026-03-25 09:45:50,523 DEBUG CachedMetadataProvider.LoadCachedMetadata => deserialized 6 files.
[39] 2026-03-25 09:45:50,524 DEBUG CachedMetadataProvider.LoadCachedMetadata => obtaining lock
[39] 2026-03-25 09:45:50,528 DEBUG CachedMetadataProvider.LoadCachedMetadata => deserialized 7 files.
[39] 2026-03-25 09:45:50,529 DEBUG CachedMetadataProvider.LoadCachedMetadata => obtaining lock
[39] 2026-03-25 09:45:50,534 DEBUG CachedMetadataProvider.LoadCachedMetadata => deserialized 8 files.
[39] 2026-03-25 09:45:50,536 DEBUG CachedMetadataProvider.LoadCachedMetadata => obtaining lock
[39] 2026-03-25 09:45:50,541 DEBUG CachedMetadataProvider.LoadCachedMetadata => deserialized 9 files.
[39] 2026-03-25 09:45:50,542 DEBUG CachedMetadataProvider.LoadCachedMetadata => obtaining lock
[39] 2026-03-25 09:45:50,546 DEBUG CachedMetadataProvider.LoadCachedMetadata => deserialized 10 files.
[39] 2026-03-25 09:45:50,547 DEBUG CachedMetadataProvider.LoadCachedMetadata => obtaining lock
[39] 2026-03-25 09:45:50,551 DEBUG CachedMetadataProvider.LoadCachedMetadata => deserialized 11 files.
[39] 2026-03-25 09:45:50,552 DEBUG CachedMetadataProvider.LoadCachedMetadata => obtaining lock
[39] 2026-03-25 09:45:50,558 DEBUG CachedMetadataProvider.LoadCachedMetadata => deserialized 12 files.
[39] 2026-03-25 09:45:50,559 DEBUG CachedMetadataProvider.LoadCachedMetadata => obtaining lock
[39] 2026-03-25 09:45:50,567 DEBUG CachedMetadataProvider.LoadCachedMetadata => deserialized 13 files.
[39] 2026-03-25 09:45:50,569 DEBUG CachedMetadataProvider.LoadCachedMetadata => obtaining lock
[39] 2026-03-25 09:45:50,576 DEBUG CachedMetadataProvider.LoadCachedMetadata => deserialized 14 files.
[39] 2026-03-25 09:45:50,578 DEBUG CachedMetadataProvider.LoadCachedMetadata => obtaining lock
[39] 2026-03-25 09:45:50,584 DEBUG CachedMetadataProvider.LoadCachedMetadata => deserialized 15 files.
[39] 2026-03-25 09:45:50,585 DEBUG CachedMetadataProvider.LoadCachedMetadata => obtaining lock
[39] 2026-03-25 09:45:50,594 DEBUG CachedMetadataProvider.LoadCachedMetadata => deserialized 16 files.
[39] 2026-03-25 09:45:50,595 DEBUG CachedMetadataProvider.LoadCachedMetadata => obtaining lock
[39] 2026-03-25 09:45:50,605 DEBUG CachedMetadataProvider.LoadCachedMetadata => deserialized 17 files.
[39] 2026-03-25 09:45:50,606 DEBUG CachedMetadataProvider.LoadCachedMetadata => obtaining lock
[39] 2026-03-25 09:45:50,615 DEBUG CachedMetadataProvider.LoadCachedMetadata => deserialized 18 files.
[39] 2026-03-25 09:45:50,616 DEBUG CachedMetadataProvider.SaveCachedMetadata => saved 19 files.
[39] 2026-03-25 09:46:00,651 OFF   =============================================================================================
[39] 2026-03-25 09:46:00,651 OFF   ==================================>>>>> Start Actions <<<<<==================================
[39] 2026-03-25 09:46:00,652 OFF   ActionDelegator.Execute => processing 2 actions. Timeout: 180 minutes.
[39] 2026-03-25 09:46:00,652 DEBUG ActionDelegator.ExistsRegKey_SetupPhase => Check FU in progress. Checking registry key [HKEY_LOCAL_MACHINE\SYSTEM\Setup\MoSetup\Volatile\SetupPhase|[type=DWord]]: 
[39] 2026-03-25 09:46:00,653 DEBUG All Patch Prerequisites are installed.
[39] 2026-03-25 09:46:00,653 DEBUG CachedMetadataProvider.LoadCachedMetadata => obtaining lock
[39] 2026-03-25 09:46:00,659 DEBUG CachedMetadataProvider.LoadCachedMetadata => deserialized 19 files.
[39] 2026-03-25 09:46:00,659 DEBUG CachedMetadataProvider.LoadCachedMetadata => obtaining lock
[39] 2026-03-25 09:46:00,667 DEBUG CachedMetadataProvider.LoadCachedMetadata => deserialized 19 files.
[39] 2026-03-25 09:46:00,667 DEBUG CachedMetadataProvider.LoadCachedMetadata => obtaining lock
[39] 2026-03-25 09:46:00,675 DEBUG CachedMetadataProvider.LoadCachedMetadata => deserialized 19 files.
[39] 2026-03-25 09:46:00,675 DEBUG CachedMetadataProvider.LoadCachedMetadata => obtaining lock
[39] 2026-03-25 09:46:00,683 DEBUG CachedMetadataProvider.LoadCachedMetadata => deserialized 19 files.
[39] 2026-03-25 09:46:00,684 DEBUG CachedMetadataProvider.LoadCachedMetadata => obtaining lock
[39] 2026-03-25 09:46:00,694 DEBUG CachedMetadataProvider.LoadCachedMetadata => deserialized 19 files.
[39] 2026-03-25 09:46:00,694 DEBUG CachedMetadataProvider.LoadCachedMetadata => obtaining lock
[39] 2026-03-25 09:46:00,706 DEBUG CachedMetadataProvider.LoadCachedMetadata => deserialized 19 files.
[39] 2026-03-25 09:46:00,706 DEBUG CachedMetadataProvider.LoadCachedMetadata => obtaining lock
[39] 2026-03-25 09:46:00,712 DEBUG CachedMetadataProvider.LoadCachedMetadata => deserialized 19 files.
[39] 2026-03-25 09:46:00,713 DEBUG CachedMetadataProvider.LoadCachedMetadata => obtaining lock
[39] 2026-03-25 09:46:00,719 DEBUG CachedMetadataProvider.LoadCachedMetadata => deserialized 19 files.
[39] 2026-03-25 09:46:00,719 DEBUG CachedMetadataProvider.LoadCachedMetadata => obtaining lock
[39] 2026-03-25 09:46:00,725 DEBUG CachedMetadataProvider.LoadCachedMetadata => deserialized 19 files.
[39] 2026-03-25 09:46:00,725 DEBUG CachedMetadataProvider.LoadCachedMetadata => obtaining lock
[39] 2026-03-25 09:46:00,732 DEBUG CachedMetadataProvider.LoadCachedMetadata => deserialized 19 files.
[39] 2026-03-25 09:46:00,732 DEBUG CachedMetadataProvider.LoadCachedMetadata => obtaining lock
[39] 2026-03-25 09:46:00,739 DEBUG CachedMetadataProvider.LoadCachedMetadata => deserialized 19 files.
[39] 2026-03-25 09:46:00,740 DEBUG CachedMetadataProvider.LoadCachedMetadata => obtaining lock
[39] 2026-03-25 09:46:00,746 DEBUG CachedMetadataProvider.LoadCachedMetadata => deserialized 19 files.
[39] 2026-03-25 09:46:00,746 DEBUG CachedMetadataProvider.LoadCachedMetadata => obtaining lock
[39] 2026-03-25 09:46:00,752 DEBUG CachedMetadataProvider.LoadCachedMetadata => deserialized 19 files.
[39] 2026-03-25 09:46:00,752 DEBUG CachedMetadataProvider.LoadCachedMetadata => obtaining lock
[39] 2026-03-25 09:46:00,758 DEBUG CachedMetadataProvider.LoadCachedMetadata => deserialized 19 files.
[39] 2026-03-25 09:46:00,759 DEBUG ActionHandlerResolver.LoadPropertyBag => skipping field [SupersededUpdateIDs], not a simple type.
[39] 2026-03-25 09:46:00,759 DEBUG ActionHandlerResolver.Resolve => resolved action handler [WuaInstallerActionHandler]. Mapping: keys [ActionType,DataProviderType], values [Installation,DriverUpdate]
[39] 2026-03-25 09:46:00,759 DEBUG ActionHandlerResolver.LoadPropertyBag => skipping field [SupersededUpdateIDs], not a simple type.
[39] 2026-03-25 09:46:00,760 DEBUG ActionHandlerResolver.Resolve => resolved action handler [ThirdPartyInstallerActionHandler]. Mapping: keys [ActionType,DataProviderType], values [Installation,ThirdParty]
[39] 2026-03-25 09:46:00,760 OFF   ActionDelegator.Execute => ------ processing 1 action(s) for action handler: [WuaInstallerActionHandler]. Time limit: 2026-03-25 12:46 ------
[39] 2026-03-25 09:46:00,760 DEBUG 		Installation: [9684e7f5-b4d1-4b0c-8a74-d398e819e46c] Lenovo System Driver Update (10.2.4.15), 
[39] 2026-03-25 09:46:00,761 DEBUG WuaInstallerActionHandler.Execute => Running installation =====>>> Step 1 <<<=====
[1] 2026-03-25 09:46:01,762 DEBUG Enter >>> WuaUtilities.SetPreferredUpdateService()
[1] 2026-03-25 09:46:01,781 DEBUG Enter >>> WuaUtilities.FindService("7971f918-a847-4430-9279-4a52d1efe18d")
[1] 2026-03-25 09:46:01,782 DEBUG Exit  <<< WuaUtilities.FindService("7971f918-a847-4430-9279-4a52d1efe18d"), returns System.__ComObject
[1] 2026-03-25 09:46:01,783 DEBUG Enter >>> WuaUtilities.SetSearcherService(System.__ComObject)
[1] 2026-03-25 09:46:01,784 DEBUG Exit  <<< WuaUtilities.SetSearcherService("System.__ComObject"), returns True
[1] 2026-03-25 09:46:01,784 INFO  WUA Update Service set to 7971f918-a847-4430-9279-4a52d1efe18d, ServerSelection = ssOthers
[1] 2026-03-25 09:46:01,785 DEBUG Exit  <<< WuaUtilities.SetPreferredUpdateService()
[1] 2026-03-25 09:46:01,785 INFO  WuaInstallerActionHandler.PreInstallSearch => search WUA patch [UpdateID='9684e7f5-b4d1-4b0c-8a74-d398e819e46c' and DeploymentAction=*]...
[1] 2026-03-25 09:46:16,464 INFO  WuaInstallerActionHandler.SubmitFilesForDownload => Patch has no installation package! [9684e7f5-b4d1-4b0c-8a74-d398e819e46c] Lenovo System Driver Update (10.2.4.15)
[1] 2026-03-25 09:46:16,466 DEBUG WuaInstallerActionHandler.PreInstallDownload => Waiting for finishing patch installers download (time limit: 2026-03-25 11:46)
[1] 2026-03-25 09:46:16,467 DEBUG WuaInstallerActionHandler.PreInstallDownload => Download of installation files for [9684e7f5-b4d1-4b0c-8a74-d398e819e46c] patch is finished...
[1] 2026-03-25 09:46:16,475 DEBUG WuaService.UpdateLastSuccessTimeDownloadInRegistry => LastSuccessTime value in registry: 2026-03-19 07:41:17
[1] 2026-03-25 09:46:16,478 OFF   WuaService.UpdateLastSuccessTimeDownloadInRegistry => setting LastSuccessTime to: 2026-03-25 07:46:16 [Culture is: en-IL]
[1] 2026-03-25 09:46:16,489 DEBUG WuaInstallerActionHandler.DownloadDirectlyByWua => start download by WUA [9684e7f5-b4d1-4b0c-8a74-d398e819e46c]
[1] 2026-03-25 09:46:23,236 DEBUG WuaInstallerActionHandler.DownloadDirectlyByWua => successful download by WUA [9684e7f5-b4d1-4b0c-8a74-d398e819e46c]
[1] 2026-03-25 09:46:23,244 INFO  WuaInstallerActionHandler.Install => installing [1] WUA patch(es)...
[1] 2026-03-25 09:46:42,903 OFF   WuaInstallerActionHandler.Install => installation of [1] WUA patch(es) finished with result code [0/orcSucceeded], reboot: [False]. 
[1] 2026-03-25 09:46:42,907 DEBUG WuaInstallerActionHandler.Commit => (new interface)
[1] 2026-03-25 09:46:42,927 OFF   WuaInstallerActionHandler.ProcessInstallationResult => Installed [9684e7f5-b4d1-4b0c-8a74-d398e819e46c], result code: orcSucceeded, hResult: 0, reboot required: NotRequired
[39] 2026-03-25 09:46:43,124 DEBUG ActionDelegator.Execute => ------ processing action finished. Id: 9684e7f5-b4d1-4b0c-8a74-d398e819e46c, Error: , RebootRequired: False
[39] 2026-03-25 09:46:43,124 OFF   ActionDelegator.Execute => ------ processing 1 action(s) for action handler: [ThirdPartyInstallerActionHandler]. Time limit: 2026-03-25 12:46 ------
[39] 2026-03-25 09:46:43,126 DEBUG 		Installation: [5d1c7bba-b21d-4dd2-8c0f-3962f9ca6509] Chrome (x64) 146.0.7680.80, 
[39] 2026-03-25 09:46:47,561 DEBUG ThirdPartyInstallerActionHandler.SubmitFilesForDownload => submitting file for download [5d1c7bba-b21d-4dd2-8c0f-3962f9ca6509.1] [https://dl.google.com/tag/s/appguid%3D%7B8A69D345-D564-463C-AFF1-A69D9E530F96%7D%26iid%3D%7BA812BA5F-B124-5A68-2F5B-4DF63A862C4F%7D%26lang%3Den%26browser%3D4%26usagestats%3D0%26appname%3DGoogle%2520Chrome%26needsadmin%3Dtrue%26ap%3Dx64-stable-statsdef_0%26brand%3DGCEA/dl/chrome/install/googlechromestandaloneenterprise64.msi]
[39] 2026-03-25 09:46:47,565 DEBUG ThirdPartyInstallerActionHandler.Execute => Waiting for finishing patch installers download (time limit: 2026-03-25 11:46)
[39] 2026-03-25 09:46:47,567 DEBUG ThirdPartyInstallerActionHandler.IsDownloadCompleted => checking download status for file [5d1c7bba-b21d-4dd2-8c0f-3962f9ca6509.1] [https://dl.google.com/tag/s/appguid%3D%7B8A69D345-D564-463C-AFF1-A69D9E530F96%7D%26iid%3D%7BA812BA5F-B124-5A68-2F5B-4DF63A862C4F%7D%26lang%3Den%26browser%3D4%26usagestats%3D0%26appname%3DGoogle%2520Chrome%26needsadmin%3Dtrue%26ap%3Dx64-stable-statsdef_0%26brand%3DGCEA/dl/chrome/install/googlechromestandaloneenterprise64.msi], IsDownloadCompleted = True
[39] 2026-03-25 09:46:47,568 DEBUG ThirdPartyInstallerActionHandler.Execute => Download of installation files for [5d1c7bba-b21d-4dd2-8c0f-3962f9ca6509] patch is finished, starting installation...
[39] 2026-03-25 09:46:47,575 DEBUG ActionDelegator.Execute => ------ processing action finished. Id: 5d1c7bba-b21d-4dd2-8c0f-3962f9ca6509, Error: Cannot install 3rd party patch with GUID=5d1c7bba-b21d-4dd2-8c0f-3962f9ca6509 - unknown application., RebootRequired: False
[39] 2026-03-25 09:46:47,576 OFF   =============================>>> Processing Actions finished <<<=============================
[51] 2026-03-25 09:49:00,073 DEBUG CachedMetadataProvider.LoadCachedMetadata => obtaining lock
[51] 2026-03-25 09:49:00,083 DEBUG CachedMetadataProvider.LoadCachedMetadata => deserialized 19 files.
[51] 2026-03-25 09:49:00,084 DEBUG CachedMetadataProvider.SavePreviousCachedMetadata => obtaining lock
[51] 2026-03-25 09:49:00,130 DEBUG CachedMetadataProvider.SaveCachedMetadata => obtaining lock
[51] 2026-03-25 09:49:00,132 DEBUG CachedMetadataProvider.LoadCachedMetadata => obtaining lock
[51] 2026-03-25 09:49:00,133 DEBUG CachedMetadataProvider.LoadCachedMetadata => deserialized 0 files.
[51] 2026-03-25 09:49:00,135 DEBUG CachedMetadataProvider.LoadCachedMetadata => obtaining lock
[51] 2026-03-25 09:49:00,140 DEBUG CachedMetadataProvider.LoadCachedMetadata => deserialized 1 files.
[51] 2026-03-25 09:49:00,142 DEBUG CachedMetadataProvider.LoadCachedMetadata => obtaining lock
[51] 2026-03-25 09:49:00,145 DEBUG CachedMetadataProvider.LoadCachedMetadata => deserialized 2 files.
[51] 2026-03-25 09:49:00,147 DEBUG CachedMetadataProvider.LoadCachedMetadata => obtaining lock
[51] 2026-03-25 09:49:00,151 DEBUG CachedMetadataProvider.LoadCachedMetadata => deserialized 3 files.
[51] 2026-03-25 09:49:00,154 DEBUG CachedMetadataProvider.LoadCachedMetadata => obtaining lock
[51] 2026-03-25 09:49:00,158 DEBUG CachedMetadataProvider.LoadCachedMetadata => deserialized 4 files.
[51] 2026-03-25 09:49:00,158 DEBUG CachedMetadataProvider.LoadCachedMetadata => obtaining lock
[51] 2026-03-25 09:49:00,179 DEBUG CachedMetadataProvider.LoadCachedMetadata => deserialized 5 files.
[51] 2026-03-25 09:49:00,181 DEBUG CachedMetadataProvider.LoadCachedMetadata => obtaining lock
[51] 2026-03-25 09:49:00,185 DEBUG CachedMetadataProvider.LoadCachedMetadata => deserialized 6 files.
[51] 2026-03-25 09:49:00,186 DEBUG CachedMetadataProvider.LoadCachedMetadata => obtaining lock
[51] 2026-03-25 09:49:00,191 DEBUG CachedMetadataProvider.LoadCachedMetadata => deserialized 7 files.
[51] 2026-03-25 09:49:00,192 DEBUG CachedMetadataProvider.LoadCachedMetadata => obtaining lock
[51] 2026-03-25 09:49:00,196 DEBUG CachedMetadataProvider.LoadCachedMetadata => deserialized 8 files.
[51] 2026-03-25 09:49:00,198 DEBUG CachedMetadataProvider.LoadCachedMetadata => obtaining lock
[51] 2026-03-25 09:49:00,201 DEBUG CachedMetadataProvider.LoadCachedMetadata => deserialized 9 files.
[51] 2026-03-25 09:49:00,203 DEBUG CachedMetadataProvider.LoadCachedMetadata => obtaining lock
[51] 2026-03-25 09:49:00,211 DEBUG CachedMetadataProvider.LoadCachedMetadata => deserialized 10 files.
[51] 2026-03-25 09:49:00,213 DEBUG CachedMetadataProvider.LoadCachedMetadata => obtaining lock
[51] 2026-03-25 09:49:00,223 DEBUG CachedMetadataProvider.LoadCachedMetadata => deserialized 11 files.
[51] 2026-03-25 09:49:00,224 DEBUG CachedMetadataProvider.LoadCachedMetadata => obtaining lock
[51] 2026-03-25 09:49:00,231 DEBUG CachedMetadataProvider.LoadCachedMetadata => deserialized 12 files.
[51] 2026-03-25 09:49:00,232 DEBUG CachedMetadataProvider.LoadCachedMetadata => obtaining lock
[51] 2026-03-25 09:49:00,244 DEBUG CachedMetadataProvider.LoadCachedMetadata => deserialized 13 files.
[51] 2026-03-25 09:49:00,246 DEBUG CachedMetadataProvider.LoadCachedMetadata => obtaining lock
[51] 2026-03-25 09:49:00,253 DEBUG CachedMetadataProvider.LoadCachedMetadata => deserialized 14 files.
[51] 2026-03-25 09:49:00,256 DEBUG CachedMetadataProvider.LoadCachedMetadata => obtaining lock
[51] 2026-03-25 09:49:00,263 DEBUG CachedMetadataProvider.LoadCachedMetadata => deserialized 15 files.
[51] 2026-03-25 09:49:00,264 DEBUG CachedMetadataProvider.LoadCachedMetadata => obtaining lock
[51] 2026-03-25 09:49:00,276 DEBUG CachedMetadataProvider.LoadCachedMetadata => deserialized 16 files.
[51] 2026-03-25 09:49:00,278 DEBUG CachedMetadataProvider.LoadCachedMetadata => obtaining lock
[51] 2026-03-25 09:49:00,291 DEBUG CachedMetadataProvider.LoadCachedMetadata => deserialized 17 files.
[51] 2026-03-25 09:49:00,292 DEBUG CachedMetadataProvider.SaveCachedMetadata => saved 18 files.
[56] 2026-03-25 14:33:05,478 DEBUG CachedMetadataProvider.LoadCachedMetadata => obtaining lock
[56] 2026-03-25 14:33:05,494 DEBUG CachedMetadataProvider.LoadCachedMetadata => deserialized 18 files.
[56] 2026-03-25 14:33:05,494 DEBUG CachedMetadataProvider.SavePreviousCachedMetadata => obtaining lock
[56] 2026-03-25 14:33:05,510 DEBUG CachedMetadataProvider.SaveCachedMetadata => obtaining lock
[56] 2026-03-25 14:33:05,511 DEBUG CachedMetadataProvider.LoadCachedMetadata => obtaining lock
[56] 2026-03-25 14:33:05,512 DEBUG CachedMetadataProvider.LoadCachedMetadata => deserialized 0 files.
[56] 2026-03-25 14:33:05,513 DEBUG CachedMetadataProvider.LoadCachedMetadata => obtaining lock
[56] 2026-03-25 14:33:05,513 DEBUG CachedMetadataProvider.LoadCachedMetadata => deserialized 1 files.
[56] 2026-03-25 14:33:05,515 DEBUG CachedMetadataProvider.LoadCachedMetadata => obtaining lock
[56] 2026-03-25 14:33:05,516 DEBUG CachedMetadataProvider.LoadCachedMetadata => deserialized 2 files.
[56] 2026-03-25 14:33:05,518 DEBUG CachedMetadataProvider.LoadCachedMetadata => obtaining lock
[56] 2026-03-25 14:33:05,520 DEBUG CachedMetadataProvider.LoadCachedMetadata => deserialized 3 files.
[56] 2026-03-25 14:33:05,522 DEBUG CachedMetadataProvider.LoadCachedMetadata => obtaining lock
[56] 2026-03-25 14:33:05,524 DEBUG CachedMetadataProvider.LoadCachedMetadata => deserialized 4 files.
[56] 2026-03-25 14:33:05,526 DEBUG CachedMetadataProvider.LoadCachedMetadata => obtaining lock
[56] 2026-03-25 14:33:05,529 DEBUG CachedMetadataProvider.LoadCachedMetadata => deserialized 5 files.
[56] 2026-03-25 14:33:05,530 DEBUG CachedMetadataProvider.LoadCachedMetadata => obtaining lock
[56] 2026-03-25 14:33:05,534 DEBUG CachedMetadataProvider.LoadCachedMetadata => deserialized 6 files.
[56] 2026-03-25 14:33:05,535 DEBUG CachedMetadataProvider.LoadCachedMetadata => obtaining lock
[56] 2026-03-25 14:33:05,540 DEBUG CachedMetadataProvider.LoadCachedMetadata => deserialized 7 files.
[56] 2026-03-25 14:33:05,541 DEBUG CachedMetadataProvider.LoadCachedMetadata => obtaining lock
[56] 2026-03-25 14:33:05,545 DEBUG CachedMetadataProvider.LoadCachedMetadata => deserialized 8 files.
[56] 2026-03-25 14:33:05,548 DEBUG CachedMetadataProvider.LoadCachedMetadata => obtaining lock
[56] 2026-03-25 14:33:05,552 DEBUG CachedMetadataProvider.LoadCachedMetadata => deserialized 9 files.
[56] 2026-03-25 14:33:05,553 DEBUG CachedMetadataProvider.LoadCachedMetadata => obtaining lock
[56] 2026-03-25 14:33:05,558 DEBUG CachedMetadataProvider.LoadCachedMetadata => deserialized 10 files.
[56] 2026-03-25 14:33:05,560 DEBUG CachedMetadataProvider.LoadCachedMetadata => obtaining lock
[56] 2026-03-25 14:33:05,565 DEBUG CachedMetadataProvider.LoadCachedMetadata => deserialized 11 files.
[56] 2026-03-25 14:33:05,566 DEBUG CachedMetadataProvider.LoadCachedMetadata => obtaining lock
[56] 2026-03-25 14:33:05,571 DEBUG CachedMetadataProvider.LoadCachedMetadata => deserialized 12 files.
[56] 2026-03-25 14:33:05,572 DEBUG CachedMetadataProvider.LoadCachedMetadata => obtaining lock
[56] 2026-03-25 14:33:05,579 DEBUG CachedMetadataProvider.LoadCachedMetadata => deserialized 13 files.
[56] 2026-03-25 14:33:05,580 DEBUG CachedMetadataProvider.LoadCachedMetadata => obtaining lock
[56] 2026-03-25 14:33:05,587 DEBUG CachedMetadataProvider.LoadCachedMetadata => deserialized 14 files.
[56] 2026-03-25 14:33:05,588 DEBUG CachedMetadataProvider.LoadCachedMetadata => obtaining lock
[56] 2026-03-25 14:33:05,597 DEBUG CachedMetadataProvider.LoadCachedMetadata => deserialized 15 files.
[56] 2026-03-25 14:33:05,598 DEBUG CachedMetadataProvider.LoadCachedMetadata => obtaining lock
[56] 2026-03-25 14:33:05,606 DEBUG CachedMetadataProvider.LoadCachedMetadata => deserialized 16 files.
[56] 2026-03-25 14:33:05,607 DEBUG CachedMetadataProvider.LoadCachedMetadata => obtaining lock
[56] 2026-03-25 14:33:05,613 DEBUG CachedMetadataProvider.LoadCachedMetadata => deserialized 17 files.
[56] 2026-03-25 14:33:05,615 DEBUG CachedMetadataProvider.SaveCachedMetadata => saved 18 files.
[14] 2026-03-26 09:01:55,262 OFF   =============================================================================================
[14] 2026-03-26 09:01:55,263 OFF   ==================================>>>>> Start Actions <<<<<==================================
[14] 2026-03-26 09:01:55,263 OFF   ActionDelegator.Execute => processing 4 actions. Timeout: 180 minutes.
[14] 2026-03-26 09:01:55,264 DEBUG ActionDelegator.ExistsRegKey_SetupPhase => Check FU in progress. Checking registry key [HKEY_LOCAL_MACHINE\SYSTEM\Setup\MoSetup\Volatile\SetupPhase|[type=DWord]]: 
[14] 2026-03-26 09:01:55,265 DEBUG All Patch Prerequisites are installed.
[14] 2026-03-26 09:01:55,266 DEBUG CachedMetadataProvider.LoadCachedMetadata => obtaining lock
[14] 2026-03-26 09:01:55,286 DEBUG CachedMetadataProvider.LoadCachedMetadata => deserialized 18 files.
[14] 2026-03-26 09:01:55,290 DEBUG CachedMetadataProvider.LoadCachedMetadata => obtaining lock
[14] 2026-03-26 09:01:55,307 DEBUG CachedMetadataProvider.LoadCachedMetadata => deserialized 18 files.
[14] 2026-03-26 09:01:55,309 DEBUG CachedMetadataProvider.LoadCachedMetadata => obtaining lock
[14] 2026-03-26 09:01:55,327 DEBUG CachedMetadataProvider.LoadCachedMetadata => deserialized 18 files.
[14] 2026-03-26 09:01:55,329 DEBUG CachedMetadataProvider.LoadCachedMetadata => obtaining lock
[14] 2026-03-26 09:01:55,347 DEBUG CachedMetadataProvider.LoadCachedMetadata => deserialized 18 files.
[14] 2026-03-26 09:01:55,349 DEBUG CachedMetadataProvider.LoadCachedMetadata => obtaining lock
[14] 2026-03-26 09:01:55,367 DEBUG CachedMetadataProvider.LoadCachedMetadata => deserialized 18 files.
[14] 2026-03-26 09:01:55,367 DEBUG CachedMetadataProvider.LoadCachedMetadata => obtaining lock
[14] 2026-03-26 09:01:55,386 DEBUG CachedMetadataProvider.LoadCachedMetadata => deserialized 18 files.
[14] 2026-03-26 09:01:55,388 DEBUG CachedMetadataProvider.LoadCachedMetadata => obtaining lock
[14] 2026-03-26 09:01:55,404 DEBUG CachedMetadataProvider.LoadCachedMetadata => deserialized 18 files.
[14] 2026-03-26 09:01:55,405 DEBUG CachedMetadataProvider.LoadCachedMetadata => obtaining lock
[14] 2026-03-26 09:01:55,421 DEBUG CachedMetadataProvider.LoadCachedMetadata => deserialized 18 files.
[14] 2026-03-26 09:01:55,422 DEBUG CachedMetadataProvider.LoadCachedMetadata => obtaining lock
[14] 2026-03-26 09:01:55,440 DEBUG CachedMetadataProvider.LoadCachedMetadata => deserialized 18 files.
[14] 2026-03-26 09:01:55,441 DEBUG CachedMetadataProvider.LoadCachedMetadata => obtaining lock
[14] 2026-03-26 09:01:55,456 DEBUG CachedMetadataProvider.LoadCachedMetadata => deserialized 18 files.
[14] 2026-03-26 09:01:55,457 DEBUG CachedMetadataProvider.LoadCachedMetadata => obtaining lock
[14] 2026-03-26 09:01:55,471 DEBUG CachedMetadataProvider.LoadCachedMetadata => deserialized 18 files.
[14] 2026-03-26 09:01:55,472 DEBUG CachedMetadataProvider.LoadCachedMetadata => obtaining lock
[14] 2026-03-26 09:01:55,488 DEBUG CachedMetadataProvider.LoadCachedMetadata => deserialized 18 files.
[14] 2026-03-26 09:01:55,489 DEBUG CachedMetadataProvider.LoadCachedMetadata => obtaining lock
[14] 2026-03-26 09:01:55,504 DEBUG CachedMetadataProvider.LoadCachedMetadata => deserialized 18 files.
[14] 2026-03-26 09:01:55,505 DEBUG CachedMetadataProvider.LoadCachedMetadata => obtaining lock
[14] 2026-03-26 09:01:55,522 DEBUG CachedMetadataProvider.LoadCachedMetadata => deserialized 18 files.
[14] 2026-03-26 09:01:55,523 DEBUG CachedMetadataProvider.LoadCachedMetadata => obtaining lock
[14] 2026-03-26 09:01:55,540 DEBUG CachedMetadataProvider.LoadCachedMetadata => deserialized 18 files.
[14] 2026-03-26 09:01:55,541 DEBUG CachedMetadataProvider.LoadCachedMetadata => obtaining lock
[14] 2026-03-26 09:01:55,556 DEBUG CachedMetadataProvider.LoadCachedMetadata => deserialized 18 files.
[14] 2026-03-26 09:01:55,557 DEBUG CachedMetadataProvider.LoadCachedMetadata => obtaining lock
[14] 2026-03-26 09:01:55,572 DEBUG CachedMetadataProvider.LoadCachedMetadata => deserialized 18 files.
[14] 2026-03-26 09:01:55,574 DEBUG CachedMetadataProvider.LoadCachedMetadata => obtaining lock
[14] 2026-03-26 09:01:55,587 DEBUG CachedMetadataProvider.LoadCachedMetadata => deserialized 18 files.
[14] 2026-03-26 09:01:55,588 DEBUG ActionHandlerResolver.LoadPropertyBag => skipping field [SupersededUpdateIDs], not a simple type.
[14] 2026-03-26 09:01:55,589 DEBUG ActionHandlerResolver.Resolve => resolved action handler [WuaInstallerActionHandler]. Mapping: keys [ActionType,DataProviderType], values [Installation,DriverUpdate]
[14] 2026-03-26 09:01:55,589 DEBUG ActionHandlerResolver.LoadPropertyBag => skipping field [SupersededUpdateIDs], not a simple type.
[14] 2026-03-26 09:01:55,590 DEBUG ActionHandlerResolver.Resolve => resolved action handler [WuaInstallerActionHandler]. Mapping: keys [ActionType,DataProviderType], values [Installation,DriverUpdate]
[14] 2026-03-26 09:01:55,591 DEBUG ActionHandlerResolver.LoadPropertyBag => skipping field [SupersededUpdateIDs], not a simple type.
[14] 2026-03-26 09:01:55,591 DEBUG ActionHandlerResolver.Resolve => resolved action handler [WuaInstallerActionHandler]. Mapping: keys [ActionType,DataProviderType], values [Installation,Wua]
[14] 2026-03-26 09:01:55,592 DEBUG ActionHandlerResolver.LoadPropertyBag => skipping field [SupersededUpdateIDs], not a simple type.
[14] 2026-03-26 09:01:55,592 DEBUG ActionHandlerResolver.Resolve => resolved action handler [ThirdPartyInstallerActionHandler]. Mapping: keys [ActionType,DataProviderType], values [Installation,ThirdParty]
[14] 2026-03-26 09:01:55,594 OFF   ActionDelegator.Execute => ------ processing 2 action(s) for action handler: [WuaInstallerActionHandler]. Time limit: 2026-03-26 12:01 ------
[14] 2026-03-26 09:01:55,595 DEBUG 		Installation: [4d69bd5e-0bb4-4e24-a64c-48655d19e02b] Advanced Micro Devices, Inc. Driver Update (25.20.0.6), 
[14] 2026-03-26 09:01:55,595 DEBUG 		Installation: [b2cfa72a-8953-4249-ae4c-07a19f86869f] AMD Driver Update (7.0.3.57), 
[14] 2026-03-26 09:01:55,597 DEBUG WuaInstallerActionHandler.Execute => Running installation =====>>> Step 1 <<<=====
[1] 2026-03-26 09:01:56,803 DEBUG Enter >>> WuaUtilities.SetPreferredUpdateService()
[1] 2026-03-26 09:01:56,830 DEBUG Enter >>> WuaUtilities.FindService("7971f918-a847-4430-9279-4a52d1efe18d")
[1] 2026-03-26 09:01:56,832 DEBUG Exit  <<< WuaUtilities.FindService("7971f918-a847-4430-9279-4a52d1efe18d"), returns System.__ComObject
[1] 2026-03-26 09:01:56,833 DEBUG Enter >>> WuaUtilities.SetSearcherService(System.__ComObject)
[1] 2026-03-26 09:01:56,835 DEBUG Exit  <<< WuaUtilities.SetSearcherService("System.__ComObject"), returns True
[1] 2026-03-26 09:01:56,836 INFO  WUA Update Service set to 7971f918-a847-4430-9279-4a52d1efe18d, ServerSelection = ssOthers
[1] 2026-03-26 09:01:56,837 DEBUG Exit  <<< WuaUtilities.SetPreferredUpdateService()
[1] 2026-03-26 09:01:56,837 INFO  WuaInstallerActionHandler.PreInstallSearch => search WUA patch [UpdateID='4d69bd5e-0bb4-4e24-a64c-48655d19e02b' and DeploymentAction=* OR UpdateID='b2cfa72a-8953-4249-ae4c-07a19f86869f' and DeploymentAction=*]...
[1] 2026-03-26 09:02:50,673 INFO  WuaInstallerActionHandler.SubmitFilesForDownload => Patch has no installation package! [4d69bd5e-0bb4-4e24-a64c-48655d19e02b] Advanced Micro Devices, Inc. Driver Update (25.20.0.6)
[1] 2026-03-26 09:02:50,673 INFO  WuaInstallerActionHandler.SubmitFilesForDownload => Patch has no installation package! [b2cfa72a-8953-4249-ae4c-07a19f86869f] AMD Driver Update (7.0.3.57)
[1] 2026-03-26 09:02:50,676 DEBUG WuaInstallerActionHandler.PreInstallDownload => Waiting for finishing patch installers download (time limit: 2026-03-26 11:02)
[1] 2026-03-26 09:02:50,679 DEBUG WuaInstallerActionHandler.PreInstallDownload => Download of installation files for [4d69bd5e-0bb4-4e24-a64c-48655d19e02b] patch is finished...
[1] 2026-03-26 09:02:50,687 DEBUG WuaService.UpdateLastSuccessTimeDownloadInRegistry => LastSuccessTime value in registry: 2026-03-25 07:46:16
[1] 2026-03-26 09:02:50,691 OFF   WuaService.UpdateLastSuccessTimeDownloadInRegistry => setting LastSuccessTime to: 2026-03-26 07:02:50 [Culture is: en-IL]
[1] 2026-03-26 09:02:50,695 DEBUG WuaInstallerActionHandler.PreInstallDownload => Download of installation files for [b2cfa72a-8953-4249-ae4c-07a19f86869f] patch is finished...
[1] 2026-03-26 09:02:50,697 DEBUG WuaService.UpdateLastSuccessTimeDownloadInRegistry => LastSuccessTime value in registry: 2026-03-26 07:02:50
[1] 2026-03-26 09:02:50,698 OFF   WuaService.UpdateLastSuccessTimeDownloadInRegistry => setting LastSuccessTime to: 2026-03-26 07:02:50 [Culture is: en-IL]
[1] 2026-03-26 09:02:50,711 DEBUG WuaInstallerActionHandler.DownloadDirectlyByWua => start download by WUA [4d69bd5e-0bb4-4e24-a64c-48655d19e02b]
[1] 2026-03-26 09:04:45,114 DEBUG WuaInstallerActionHandler.DownloadDirectlyByWua => successful download by WUA [4d69bd5e-0bb4-4e24-a64c-48655d19e02b]
[1] 2026-03-26 09:04:45,121 DEBUG WuaInstallerActionHandler.DownloadDirectlyByWua => start download by WUA [b2cfa72a-8953-4249-ae4c-07a19f86869f]
[1] 2026-03-26 09:04:51,631 DEBUG WuaInstallerActionHandler.DownloadDirectlyByWua => successful download by WUA [b2cfa72a-8953-4249-ae4c-07a19f86869f]
[14] 2026-03-26 09:07:35,630 ERROR Error when executing actions for action handler: WuaInstallerActionHandler: Value does not fall within the expected range.
System.ArgumentException: Value does not fall within the expected range.
   at PME.ActionManager.ActionHandlers.WuaInstallerActionHandler.WuaInstallerActionHandler.RunInstallationInExtProcess(CancellationToken cancellationToken, IEnumerable`1 patchesToInstall)
   at PME.ActionManager.ActionHandlers.WuaInstallerActionHandler.WuaInstallerActionHandler.Execute(CancellationToken cancellationToken, Nullable`1 killTime, IEnumerable`1 actionsWithMetadata)
   at PME.ActionManager.ActionDelegator.ActionDelegator.Execute(CancellationToken token, StartActionsParameters parameters)
[14] 2026-03-26 09:07:35,631 DEBUG ActionDelegator.Execute => ------ processing action finished. Id: 4d69bd5e-0bb4-4e24-a64c-48655d19e02b, Error: Error in action handler: Value does not fall within the expected range., RebootRequired: False
[14] 2026-03-26 09:07:35,632 DEBUG ActionDelegator.Execute => ------ processing action finished. Id: b2cfa72a-8953-4249-ae4c-07a19f86869f, Error: Error in action handler: Value does not fall within the expected range., RebootRequired: False
[14] 2026-03-26 09:07:35,632 OFF   ActionDelegator.Execute => ------ processing 1 action(s) for action handler: [WuaInstallerActionHandler]. Time limit: 2026-03-26 12:01 ------
[14] 2026-03-26 09:07:35,633 DEBUG 		Installation: [423a4fe8-e093-4176-8b5b-ef29f4cba0f0] 2026-03 Update (KB5085516) (26200.8039), 5085516
[14] 2026-03-26 09:07:35,637 DEBUG WuaInstallerActionHandler.Execute => Running installation =====>>> Step 1 <<<=====
[1] 2026-03-26 09:07:36,367 DEBUG Enter >>> WuaUtilities.SetPreferredUpdateService()
[1] 2026-03-26 09:07:36,382 DEBUG Enter >>> WuaUtilities.FindService("7971f918-a847-4430-9279-4a52d1efe18d")
[1] 2026-03-26 09:07:36,383 DEBUG Exit  <<< WuaUtilities.FindService("7971f918-a847-4430-9279-4a52d1efe18d"), returns System.__ComObject
[1] 2026-03-26 09:07:36,384 DEBUG Enter >>> WuaUtilities.SetSearcherService(System.__ComObject)
[1] 2026-03-26 09:07:36,385 DEBUG Exit  <<< WuaUtilities.SetSearcherService("System.__ComObject"), returns True
[1] 2026-03-26 09:07:36,385 INFO  WUA Update Service set to 7971f918-a847-4430-9279-4a52d1efe18d, ServerSelection = ssOthers
[1] 2026-03-26 09:07:36,386 DEBUG Exit  <<< WuaUtilities.SetPreferredUpdateService()
[1] 2026-03-26 09:07:36,386 INFO  WuaInstallerActionHandler.PreInstallSearch => search WUA patch [UpdateID='423a4fe8-e093-4176-8b5b-ef29f4cba0f0' and DeploymentAction=*]...
[1] 2026-03-26 09:07:50,759 INFO  WuaInstallerActionHandler.SubmitFilesForDownload => Patch has no installation package! [423a4fe8-e093-4176-8b5b-ef29f4cba0f0] 2026-03 Update (KB5085516) (26200.8039)
[1] 2026-03-26 09:07:50,762 DEBUG WuaInstallerActionHandler.PreInstallDownload => Waiting for finishing patch installers download (time limit: 2026-03-26 11:07)
[1] 2026-03-26 09:07:50,763 DEBUG WuaInstallerActionHandler.PreInstallDownload => Download of installation files for [423a4fe8-e093-4176-8b5b-ef29f4cba0f0] patch is finished...
[1] 2026-03-26 09:07:50,768 DEBUG WuaService.UpdateLastSuccessTimeDownloadInRegistry => LastSuccessTime value in registry: 2026-03-26 07:02:50
[1] 2026-03-26 09:07:50,770 OFF   WuaService.UpdateLastSuccessTimeDownloadInRegistry => setting LastSuccessTime to: 2026-03-26 07:07:50 [Culture is: en-IL]
[1] 2026-03-26 09:07:50,781 DEBUG WuaInstallerActionHandler.DownloadDirectlyByWua => start download by WUA [423a4fe8-e093-4176-8b5b-ef29f4cba0f0]
[1] 2026-03-26 09:15:54,676 DEBUG WuaInstallerActionHandler.DownloadDirectlyByWua => successful download by WUA [423a4fe8-e093-4176-8b5b-ef29f4cba0f0]
[1] 2026-03-26 09:15:54,853 INFO  WuaInstallerActionHandler.Install => installing [1] WUA patch(es)...
[1] 2026-03-26 09:21:29,869 OFF   WuaInstallerActionHandler.Install => installation of [1] WUA patch(es) finished with result code [0/orcSucceeded], reboot: [True]. 
[1] 2026-03-26 09:21:29,872 DEBUG WuaInstallerActionHandler.Commit => (new interface)
[1] 2026-03-26 09:21:29,880 OFF   WuaInstallerActionHandler.RunFromExtProcess => reboot required
[1] 2026-03-26 09:21:29,883 OFF   WuaInstallerActionHandler.ProcessInstallationResult => Installed [423a4fe8-e093-4176-8b5b-ef29f4cba0f0], result code: orcSucceeded, hResult: 0, reboot required: Required
[14] 2026-03-26 09:21:29,941 DEBUG ActionDelegator.Execute => ------ processing action finished. Id: 423a4fe8-e093-4176-8b5b-ef29f4cba0f0, Error: , RebootRequired: True
[14] 2026-03-26 09:21:29,941 OFF   ActionDelegator.Execute => ------ processing 1 action(s) for action handler: [ThirdPartyInstallerActionHandler]. Time limit: 2026-03-26 12:01 ------
[14] 2026-03-26 09:21:29,942 DEBUG 		Installation: [7c46d84b-e4c8-4dba-a3f9-b1e9818bb7ff] Chrome (x64) 146.0.7680.165, 
[14] 2026-03-26 09:22:42,097 DEBUG ThirdPartyInstallerActionHandler.SubmitFilesForDownload => submitting file for download [7c46d84b-e4c8-4dba-a3f9-b1e9818bb7ff.1] [https://dl.google.com/tag/s/appguid%3D%7B8A69D345-D564-463C-AFF1-A69D9E530F96%7D%26iid%3D%7BA812BA5F-B124-5A68-2F5B-4DF63A862C4F%7D%26lang%3Den%26browser%3D4%26usagestats%3D0%26appname%3DGoogle%2520Chrome%26needsadmin%3Dtrue%26ap%3Dx64-stable-statsdef_0%26brand%3DGCEA/dl/chrome/install/googlechromestandaloneenterprise64.msi]
[14] 2026-03-26 09:22:42,099 DEBUG ThirdPartyInstallerActionHandler.Execute => Waiting for finishing patch installers download (time limit: 2026-03-26 11:22)
[14] 2026-03-26 09:22:42,100 DEBUG ThirdPartyInstallerActionHandler.IsDownloadCompleted => checking download status for file [7c46d84b-e4c8-4dba-a3f9-b1e9818bb7ff.1] [https://dl.google.com/tag/s/appguid%3D%7B8A69D345-D564-463C-AFF1-A69D9E530F96%7D%26iid%3D%7BA812BA5F-B124-5A68-2F5B-4DF63A862C4F%7D%26lang%3Den%26browser%3D4%26usagestats%3D0%26appname%3DGoogle%2520Chrome%26needsadmin%3Dtrue%26ap%3Dx64-stable-statsdef_0%26brand%3DGCEA/dl/chrome/install/googlechromestandaloneenterprise64.msi], IsDownloadCompleted = False
[14] 2026-03-26 09:22:42,100 DEBUG ThirdPartyInstallerActionHandler.Execute => Download of installation files for remaining 1 patches is still in progress, waiting 10 seconds...
[14] 2026-03-26 09:22:52,104 DEBUG ThirdPartyInstallerActionHandler.IsDownloadCompleted => checking download status for file [7c46d84b-e4c8-4dba-a3f9-b1e9818bb7ff.1] [https://dl.google.com/tag/s/appguid%3D%7B8A69D345-D564-463C-AFF1-A69D9E530F96%7D%26iid%3D%7BA812BA5F-B124-5A68-2F5B-4DF63A862C4F%7D%26lang%3Den%26browser%3D4%26usagestats%3D0%26appname%3DGoogle%2520Chrome%26needsadmin%3Dtrue%26ap%3Dx64-stable-statsdef_0%26brand%3DGCEA/dl/chrome/install/googlechromestandaloneenterprise64.msi], IsDownloadCompleted = False
[14] 2026-03-26 09:22:52,105 DEBUG ThirdPartyInstallerActionHandler.Execute => Download of installation files for remaining 1 patches is still in progress, waiting 10 seconds...
[14] 2026-03-26 09:23:02,112 DEBUG ThirdPartyInstallerActionHandler.IsDownloadCompleted => checking download status for file [7c46d84b-e4c8-4dba-a3f9-b1e9818bb7ff.1] [https://dl.google.com/tag/s/appguid%3D%7B8A69D345-D564-463C-AFF1-A69D9E530F96%7D%26iid%3D%7BA812BA5F-B124-5A68-2F5B-4DF63A862C4F%7D%26lang%3Den%26browser%3D4%26usagestats%3D0%26appname%3DGoogle%2520Chrome%26needsadmin%3Dtrue%26ap%3Dx64-stable-statsdef_0%26brand%3DGCEA/dl/chrome/install/googlechromestandaloneenterprise64.msi], IsDownloadCompleted = False
[14] 2026-03-26 09:23:02,112 DEBUG ThirdPartyInstallerActionHandler.Execute => Download of installation files for remaining 1 patches is still in progress, waiting 10 seconds...
[14] 2026-03-26 09:23:12,124 DEBUG ThirdPartyInstallerActionHandler.IsDownloadCompleted => checking download status for file [7c46d84b-e4c8-4dba-a3f9-b1e9818bb7ff.1] [https://dl.google.com/tag/s/appguid%3D%7B8A69D345-D564-463C-AFF1-A69D9E530F96%7D%26iid%3D%7BA812BA5F-B124-5A68-2F5B-4DF63A862C4F%7D%26lang%3Den%26browser%3D4%26usagestats%3D0%26appname%3DGoogle%2520Chrome%26needsadmin%3Dtrue%26ap%3Dx64-stable-statsdef_0%26brand%3DGCEA/dl/chrome/install/googlechromestandaloneenterprise64.msi], IsDownloadCompleted = False
[14] 2026-03-26 09:23:12,124 DEBUG ThirdPartyInstallerActionHandler.Execute => Download of installation files for remaining 1 patches is still in progress, waiting 10 seconds...
[14] 2026-03-26 09:23:22,139 DEBUG ThirdPartyInstallerActionHandler.IsDownloadCompleted => checking download status for file [7c46d84b-e4c8-4dba-a3f9-b1e9818bb7ff.1] [https://dl.google.com/tag/s/appguid%3D%7B8A69D345-D564-463C-AFF1-A69D9E530F96%7D%26iid%3D%7BA812BA5F-B124-5A68-2F5B-4DF63A862C4F%7D%26lang%3Den%26browser%3D4%26usagestats%3D0%26appname%3DGoogle%2520Chrome%26needsadmin%3Dtrue%26ap%3Dx64-stable-statsdef_0%26brand%3DGCEA/dl/chrome/install/googlechromestandaloneenterprise64.msi], IsDownloadCompleted = False
[14] 2026-03-26 09:23:22,140 DEBUG ThirdPartyInstallerActionHandler.Execute => Download of installation files for remaining 1 patches is still in progress, waiting 10 seconds...
[14] 2026-03-26 09:23:32,149 DEBUG ThirdPartyInstallerActionHandler.IsDownloadCompleted => checking download status for file [7c46d84b-e4c8-4dba-a3f9-b1e9818bb7ff.1] [https://dl.google.com/tag/s/appguid%3D%7B8A69D345-D564-463C-AFF1-A69D9E530F96%7D%26iid%3D%7BA812BA5F-B124-5A68-2F5B-4DF63A862C4F%7D%26lang%3Den%26browser%3D4%26usagestats%3D0%26appname%3DGoogle%2520Chrome%26needsadmin%3Dtrue%26ap%3Dx64-stable-statsdef_0%26brand%3DGCEA/dl/chrome/install/googlechromestandaloneenterprise64.msi], IsDownloadCompleted = False
[14] 2026-03-26 09:23:32,150 DEBUG ThirdPartyInstallerActionHandler.Execute => Download of installation files for remaining 1 patches is still in progress, waiting 10 seconds...
[14] 2026-03-26 09:23:42,154 DEBUG ThirdPartyInstallerActionHandler.IsDownloadCompleted => checking download status for file [7c46d84b-e4c8-4dba-a3f9-b1e9818bb7ff.1] [https://dl.google.com/tag/s/appguid%3D%7B8A69D345-D564-463C-AFF1-A69D9E530F96%7D%26iid%3D%7BA812BA5F-B124-5A68-2F5B-4DF63A862C4F%7D%26lang%3Den%26browser%3D4%26usagestats%3D0%26appname%3DGoogle%2520Chrome%26needsadmin%3Dtrue%26ap%3Dx64-stable-statsdef_0%26brand%3DGCEA/dl/chrome/install/googlechromestandaloneenterprise64.msi], IsDownloadCompleted = False
[14] 2026-03-26 09:23:42,154 DEBUG ThirdPartyInstallerActionHandler.Execute => Download of installation files for remaining 1 patches is still in progress, waiting 10 seconds...
[14] 2026-03-26 09:23:52,168 DEBUG ThirdPartyInstallerActionHandler.IsDownloadCompleted => checking download status for file [7c46d84b-e4c8-4dba-a3f9-b1e9818bb7ff.1] [https://dl.google.com/tag/s/appguid%3D%7B8A69D345-D564-463C-AFF1-A69D9E530F96%7D%26iid%3D%7BA812BA5F-B124-5A68-2F5B-4DF63A862C4F%7D%26lang%3Den%26browser%3D4%26usagestats%3D0%26appname%3DGoogle%2520Chrome%26needsadmin%3Dtrue%26ap%3Dx64-stable-statsdef_0%26brand%3DGCEA/dl/chrome/install/googlechromestandaloneenterprise64.msi], IsDownloadCompleted = False
[14] 2026-03-26 09:23:52,168 DEBUG ThirdPartyInstallerActionHandler.Execute => Download of installation files for remaining 1 patches is still in progress, waiting 10 seconds...
[14] 2026-03-26 09:24:02,174 DEBUG ThirdPartyInstallerActionHandler.IsDownloadCompleted => checking download status for file [7c46d84b-e4c8-4dba-a3f9-b1e9818bb7ff.1] [https://dl.google.com/tag/s/appguid%3D%7B8A69D345-D564-463C-AFF1-A69D9E530F96%7D%26iid%3D%7BA812BA5F-B124-5A68-2F5B-4DF63A862C4F%7D%26lang%3Den%26browser%3D4%26usagestats%3D0%26appname%3DGoogle%2520Chrome%26needsadmin%3Dtrue%26ap%3Dx64-stable-statsdef_0%26brand%3DGCEA/dl/chrome/install/googlechromestandaloneenterprise64.msi], IsDownloadCompleted = False
[14] 2026-03-26 09:24:02,174 DEBUG ThirdPartyInstallerActionHandler.Execute => Download of installation files for remaining 1 patches is still in progress, waiting 10 seconds...
[14] 2026-03-26 09:24:12,181 DEBUG ThirdPartyInstallerActionHandler.IsDownloadCompleted => checking download status for file [7c46d84b-e4c8-4dba-a3f9-b1e9818bb7ff.1] [https://dl.google.com/tag/s/appguid%3D%7B8A69D345-D564-463C-AFF1-A69D9E530F96%7D%26iid%3D%7BA812BA5F-B124-5A68-2F5B-4DF63A862C4F%7D%26lang%3Den%26browser%3D4%26usagestats%3D0%26appname%3DGoogle%2520Chrome%26needsadmin%3Dtrue%26ap%3Dx64-stable-statsdef_0%26brand%3DGCEA/dl/chrome/install/googlechromestandaloneenterprise64.msi], IsDownloadCompleted = False
[14] 2026-03-26 09:24:12,181 DEBUG ThirdPartyInstallerActionHandler.Execute => Download of installation files for remaining 1 patches is still in progress, waiting 10 seconds...
[14] 2026-03-26 09:24:22,189 DEBUG ThirdPartyInstallerActionHandler.IsDownloadCompleted => checking download status for file [7c46d84b-e4c8-4dba-a3f9-b1e9818bb7ff.1] [https://dl.google.com/tag/s/appguid%3D%7B8A69D345-D564-463C-AFF1-A69D9E530F96%7D%26iid%3D%7BA812BA5F-B124-5A68-2F5B-4DF63A862C4F%7D%26lang%3Den%26browser%3D4%26usagestats%3D0%26appname%3DGoogle%2520Chrome%26needsadmin%3Dtrue%26ap%3Dx64-stable-statsdef_0%26brand%3DGCEA/dl/chrome/install/googlechromestandaloneenterprise64.msi], IsDownloadCompleted = False
[14] 2026-03-26 09:24:22,189 DEBUG ThirdPartyInstallerActionHandler.Execute => Download of installation files for remaining 1 patches is still in progress, waiting 10 seconds...
[14] 2026-03-26 09:24:32,200 DEBUG ThirdPartyInstallerActionHandler.IsDownloadCompleted => checking download status for file [7c46d84b-e4c8-4dba-a3f9-b1e9818bb7ff.1] [https://dl.google.com/tag/s/appguid%3D%7B8A69D345-D564-463C-AFF1-A69D9E530F96%7D%26iid%3D%7BA812BA5F-B124-5A68-2F5B-4DF63A862C4F%7D%26lang%3Den%26browser%3D4%26usagestats%3D0%26appname%3DGoogle%2520Chrome%26needsadmin%3Dtrue%26ap%3Dx64-stable-statsdef_0%26brand%3DGCEA/dl/chrome/install/googlechromestandaloneenterprise64.msi], IsDownloadCompleted = False
[14] 2026-03-26 09:24:32,200 DEBUG ThirdPartyInstallerActionHandler.Execute => Download of installation files for remaining 1 patches is still in progress, waiting 10 seconds...
[14] 2026-03-26 09:24:42,212 DEBUG ThirdPartyInstallerActionHandler.IsDownloadCompleted => checking download status for file [7c46d84b-e4c8-4dba-a3f9-b1e9818bb7ff.1] [https://dl.google.com/tag/s/appguid%3D%7B8A69D345-D564-463C-AFF1-A69D9E530F96%7D%26iid%3D%7BA812BA5F-B124-5A68-2F5B-4DF63A862C4F%7D%26lang%3Den%26browser%3D4%26usagestats%3D0%26appname%3DGoogle%2520Chrome%26needsadmin%3Dtrue%26ap%3Dx64-stable-statsdef_0%26brand%3DGCEA/dl/chrome/install/googlechromestandaloneenterprise64.msi], IsDownloadCompleted = False
[14] 2026-03-26 09:24:42,212 DEBUG ThirdPartyInstallerActionHandler.Execute => Download of installation files for remaining 1 patches is still in progress, waiting 10 seconds...
[14] 2026-03-26 09:24:52,222 DEBUG ThirdPartyInstallerActionHandler.IsDownloadCompleted => checking download status for file [7c46d84b-e4c8-4dba-a3f9-b1e9818bb7ff.1] [https://dl.google.com/tag/s/appguid%3D%7B8A69D345-D564-463C-AFF1-A69D9E530F96%7D%26iid%3D%7BA812BA5F-B124-5A68-2F5B-4DF63A862C4F%7D%26lang%3Den%26browser%3D4%26usagestats%3D0%26appname%3DGoogle%2520Chrome%26needsadmin%3Dtrue%26ap%3Dx64-stable-statsdef_0%26brand%3DGCEA/dl/chrome/install/googlechromestandaloneenterprise64.msi], IsDownloadCompleted = False
[14] 2026-03-26 09:24:52,223 DEBUG ThirdPartyInstallerActionHandler.Execute => Download of installation files for remaining 1 patches is still in progress, waiting 10 seconds...
[14] 2026-03-26 09:25:02,240 DEBUG ThirdPartyInstallerActionHandler.IsDownloadCompleted => checking download status for file [7c46d84b-e4c8-4dba-a3f9-b1e9818bb7ff.1] [https://dl.google.com/tag/s/appguid%3D%7B8A69D345-D564-463C-AFF1-A69D9E530F96%7D%26iid%3D%7BA812BA5F-B124-5A68-2F5B-4DF63A862C4F%7D%26lang%3Den%26browser%3D4%26usagestats%3D0%26appname%3DGoogle%2520Chrome%26needsadmin%3Dtrue%26ap%3Dx64-stable-statsdef_0%26brand%3DGCEA/dl/chrome/install/googlechromestandaloneenterprise64.msi], IsDownloadCompleted = False
[14] 2026-03-26 09:25:02,240 DEBUG ThirdPartyInstallerActionHandler.Execute => Download of installation files for remaining 1 patches is still in progress, waiting 10 seconds...
[14] 2026-03-26 09:25:12,243 DEBUG ThirdPartyInstallerActionHandler.IsDownloadCompleted => checking download status for file [7c46d84b-e4c8-4dba-a3f9-b1e9818bb7ff.1] [https://dl.google.com/tag/s/appguid%3D%7B8A69D345-D564-463C-AFF1-A69D9E530F96%7D%26iid%3D%7BA812BA5F-B124-5A68-2F5B-4DF63A862C4F%7D%26lang%3Den%26browser%3D4%26usagestats%3D0%26appname%3DGoogle%2520Chrome%26needsadmin%3Dtrue%26ap%3Dx64-stable-statsdef_0%26brand%3DGCEA/dl/chrome/install/googlechromestandaloneenterprise64.msi], IsDownloadCompleted = False
[14] 2026-03-26 09:25:12,243 DEBUG ThirdPartyInstallerActionHandler.Execute => Download of installation files for remaining 1 patches is still in progress, waiting 10 seconds...
[14] 2026-03-26 09:25:22,259 DEBUG ThirdPartyInstallerActionHandler.IsDownloadCompleted => checking download status for file [7c46d84b-e4c8-4dba-a3f9-b1e9818bb7ff.1] [https://dl.google.com/tag/s/appguid%3D%7B8A69D345-D564-463C-AFF1-A69D9E530F96%7D%26iid%3D%7BA812BA5F-B124-5A68-2F5B-4DF63A862C4F%7D%26lang%3Den%26browser%3D4%26usagestats%3D0%26appname%3DGoogle%2520Chrome%26needsadmin%3Dtrue%26ap%3Dx64-stable-statsdef_0%26brand%3DGCEA/dl/chrome/install/googlechromestandaloneenterprise64.msi], IsDownloadCompleted = False
[14] 2026-03-26 09:25:22,260 DEBUG ThirdPartyInstallerActionHandler.Execute => Download of installation files for remaining 1 patches is still in progress, waiting 10 seconds...
[14] 2026-03-26 09:25:32,274 DEBUG ThirdPartyInstallerActionHandler.IsDownloadCompleted => checking download status for file [7c46d84b-e4c8-4dba-a3f9-b1e9818bb7ff.1] [https://dl.google.com/tag/s/appguid%3D%7B8A69D345-D564-463C-AFF1-A69D9E530F96%7D%26iid%3D%7BA812BA5F-B124-5A68-2F5B-4DF63A862C4F%7D%26lang%3Den%26browser%3D4%26usagestats%3D0%26appname%3DGoogle%2520Chrome%26needsadmin%3Dtrue%26ap%3Dx64-stable-statsdef_0%26brand%3DGCEA/dl/chrome/install/googlechromestandaloneenterprise64.msi], IsDownloadCompleted = False
[14] 2026-03-26 09:25:32,275 DEBUG ThirdPartyInstallerActionHandler.Execute => Download of installation files for remaining 1 patches is still in progress, waiting 10 seconds...
[14] 2026-03-26 09:25:42,279 DEBUG ThirdPartyInstallerActionHandler.IsDownloadCompleted => checking download status for file [7c46d84b-e4c8-4dba-a3f9-b1e9818bb7ff.1] [https://dl.google.com/tag/s/appguid%3D%7B8A69D345-D564-463C-AFF1-A69D9E530F96%7D%26iid%3D%7BA812BA5F-B124-5A68-2F5B-4DF63A862C4F%7D%26lang%3Den%26browser%3D4%26usagestats%3D0%26appname%3DGoogle%2520Chrome%26needsadmin%3Dtrue%26ap%3Dx64-stable-statsdef_0%26brand%3DGCEA/dl/chrome/install/googlechromestandaloneenterprise64.msi], IsDownloadCompleted = False
[14] 2026-03-26 09:25:42,280 DEBUG ThirdPartyInstallerActionHandler.Execute => Download of installation files for remaining 1 patches is still in progress, waiting 10 seconds...
[14] 2026-03-26 09:25:52,287 DEBUG ThirdPartyInstallerActionHandler.IsDownloadCompleted => checking download status for file [7c46d84b-e4c8-4dba-a3f9-b1e9818bb7ff.1] [https://dl.google.com/tag/s/appguid%3D%7B8A69D345-D564-463C-AFF1-A69D9E530F96%7D%26iid%3D%7BA812BA5F-B124-5A68-2F5B-4DF63A862C4F%7D%26lang%3Den%26browser%3D4%26usagestats%3D0%26appname%3DGoogle%2520Chrome%26needsadmin%3Dtrue%26ap%3Dx64-stable-statsdef_0%26brand%3DGCEA/dl/chrome/install/googlechromestandaloneenterprise64.msi], IsDownloadCompleted = False
[14] 2026-03-26 09:25:52,288 DEBUG ThirdPartyInstallerActionHandler.Execute => Download of installation files for remaining 1 patches is still in progress, waiting 10 seconds...
[14] 2026-03-26 09:26:02,297 DEBUG ThirdPartyInstallerActionHandler.IsDownloadCompleted => checking download status for file [7c46d84b-e4c8-4dba-a3f9-b1e9818bb7ff.1] [https://dl.google.com/tag/s/appguid%3D%7B8A69D345-D564-463C-AFF1-A69D9E530F96%7D%26iid%3D%7BA812BA5F-B124-5A68-2F5B-4DF63A862C4F%7D%26lang%3Den%26browser%3D4%26usagestats%3D0%26appname%3DGoogle%2520Chrome%26needsadmin%3Dtrue%26ap%3Dx64-stable-statsdef_0%26brand%3DGCEA/dl/chrome/install/googlechromestandaloneenterprise64.msi], IsDownloadCompleted = True
[14] 2026-03-26 09:26:02,297 DEBUG ThirdPartyInstallerActionHandler.Execute => Download of installation files for [7c46d84b-e4c8-4dba-a3f9-b1e9818bb7ff] patch is finished, starting installation...
[14] 2026-03-26 09:26:02,301 DEBUG ThirdPartyInstallerActionHandler.Download => Downloading file [7c46d84b-e4c8-4dba-a3f9-b1e9818bb7ff.1] to [C:\ProgramData\MspPlatform\PME\ThirdPartyPatch\Downloads\f7aa248b-6982-498c-825d-847b0104f3a2\googlechromestandaloneenterprise64.msi]
[14] 2026-03-26 09:26:02,929 DEBUG ThirdPartyInstallerActionHandler.ExecuteImpl => handling actionType: 'Installation', GUID: '7c46d84b-e4c8-4dba-a3f9-b1e9818bb7ff'
[14] 2026-03-26 09:26:02,930 DEBUG Extracted the following data from ThirdPartyPatch [Chrome] Installed: [146.0.7680.154] > Latest: [146.0.7680.165]
[14] 2026-03-26 09:26:24,942 DEBUG ActionDelegator.Execute => ------ processing action finished. Id: 7c46d84b-e4c8-4dba-a3f9-b1e9818bb7ff, Error: , RebootRequired: False
[14] 2026-03-26 09:26:24,942 OFF   =============================>>> Processing Actions finished <<<=============================
[14] 2026-03-26 09:27:22,612 DEBUG CachedMetadataProvider.LoadCachedMetadata => obtaining lock
[14] 2026-03-26 09:27:22,621 DEBUG CachedMetadataProvider.LoadCachedMetadata => deserialized 18 files.
[14] 2026-03-26 09:27:22,623 DEBUG CachedMetadataProvider.LoadCachedMetadata => obtaining lock
[14] 2026-03-26 09:27:22,627 DEBUG CachedMetadataProvider.LoadCachedMetadata => deserialized 18 files.
[14] 2026-03-26 09:27:22,627 DEBUG CachedMetadataProvider.SavePreviousCachedMetadata => obtaining lock
[14] 2026-03-26 09:27:22,636 DEBUG CachedMetadataProvider.SaveCachedMetadata => obtaining lock
[14] 2026-03-26 09:27:22,636 DEBUG CachedMetadataProvider.LoadCachedMetadata => obtaining lock
[14] 2026-03-26 09:27:22,637 DEBUG CachedMetadataProvider.LoadCachedMetadata => deserialized 0 files.
[14] 2026-03-26 09:27:22,638 DEBUG CachedMetadataProvider.LoadCachedMetadata => obtaining lock
[14] 2026-03-26 09:27:22,638 DEBUG CachedMetadataProvider.LoadCachedMetadata => deserialized 1 files.
[14] 2026-03-26 09:27:22,638 DEBUG CachedMetadataProvider.LoadCachedMetadata => obtaining lock
[14] 2026-03-26 09:27:22,639 DEBUG CachedMetadataProvider.LoadCachedMetadata => deserialized 2 files.
[14] 2026-03-26 09:27:22,640 DEBUG CachedMetadataProvider.LoadCachedMetadata => obtaining lock
[14] 2026-03-26 09:27:22,641 DEBUG CachedMetadataProvider.LoadCachedMetadata => deserialized 3 files.
[14] 2026-03-26 09:27:22,642 DEBUG CachedMetadataProvider.LoadCachedMetadata => obtaining lock
[14] 2026-03-26 09:27:22,644 DEBUG CachedMetadataProvider.LoadCachedMetadata => deserialized 4 files.
[14] 2026-03-26 09:27:22,645 DEBUG CachedMetadataProvider.LoadCachedMetadata => obtaining lock
[14] 2026-03-26 09:27:22,646 DEBUG CachedMetadataProvider.LoadCachedMetadata => deserialized 5 files.
[14] 2026-03-26 09:27:22,647 DEBUG CachedMetadataProvider.LoadCachedMetadata => obtaining lock
[14] 2026-03-26 09:27:22,648 DEBUG CachedMetadataProvider.LoadCachedMetadata => deserialized 6 files.
[14] 2026-03-26 09:27:22,649 DEBUG CachedMetadataProvider.LoadCachedMetadata => obtaining lock
[14] 2026-03-26 09:27:22,650 DEBUG CachedMetadataProvider.LoadCachedMetadata => deserialized 7 files.
[14] 2026-03-26 09:27:22,651 DEBUG CachedMetadataProvider.LoadCachedMetadata => obtaining lock
[14] 2026-03-26 09:27:22,653 DEBUG CachedMetadataProvider.LoadCachedMetadata => deserialized 8 files.
[14] 2026-03-26 09:27:22,653 DEBUG CachedMetadataProvider.LoadCachedMetadata => obtaining lock
[14] 2026-03-26 09:27:22,656 DEBUG CachedMetadataProvider.LoadCachedMetadata => deserialized 9 files.
[14] 2026-03-26 09:27:22,657 DEBUG CachedMetadataProvider.LoadCachedMetadata => obtaining lock
[14] 2026-03-26 09:27:22,659 DEBUG CachedMetadataProvider.LoadCachedMetadata => deserialized 10 files.
[14] 2026-03-26 09:27:22,660 DEBUG CachedMetadataProvider.LoadCachedMetadata => obtaining lock
[14] 2026-03-26 09:27:22,663 DEBUG CachedMetadataProvider.LoadCachedMetadata => deserialized 11 files.
[14] 2026-03-26 09:27:22,663 DEBUG CachedMetadataProvider.LoadCachedMetadata => obtaining lock
[14] 2026-03-26 09:27:22,666 DEBUG CachedMetadataProvider.LoadCachedMetadata => deserialized 12 files.
[14] 2026-03-26 09:27:22,667 DEBUG CachedMetadataProvider.LoadCachedMetadata => obtaining lock
[14] 2026-03-26 09:27:22,670 DEBUG CachedMetadataProvider.LoadCachedMetadata => deserialized 13 files.
[14] 2026-03-26 09:27:22,671 DEBUG CachedMetadataProvider.LoadCachedMetadata => obtaining lock
[14] 2026-03-26 09:27:22,674 DEBUG CachedMetadataProvider.LoadCachedMetadata => deserialized 14 files.
[14] 2026-03-26 09:27:22,675 DEBUG CachedMetadataProvider.LoadCachedMetadata => obtaining lock
[14] 2026-03-26 09:27:22,678 DEBUG CachedMetadataProvider.LoadCachedMetadata => deserialized 15 files.
[14] 2026-03-26 09:27:22,678 DEBUG CachedMetadataProvider.LoadCachedMetadata => obtaining lock
[14] 2026-03-26 09:27:22,682 DEBUG CachedMetadataProvider.LoadCachedMetadata => deserialized 16 files.
[14] 2026-03-26 09:27:22,683 DEBUG CachedMetadataProvider.LoadCachedMetadata => obtaining lock
[14] 2026-03-26 09:27:22,686 DEBUG CachedMetadataProvider.LoadCachedMetadata => deserialized 17 files.
[14] 2026-03-26 09:27:22,687 DEBUG CachedMetadataProvider.LoadCachedMetadata => obtaining lock
[14] 2026-03-26 09:27:22,692 DEBUG CachedMetadataProvider.LoadCachedMetadata => deserialized 18 files.
[14] 2026-03-26 09:27:22,693 DEBUG CachedMetadataProvider.LoadCachedMetadata => obtaining lock
[14] 2026-03-26 09:27:22,697 DEBUG CachedMetadataProvider.LoadCachedMetadata => deserialized 19 files.
[14] 2026-03-26 09:27:22,697 DEBUG CachedMetadataProvider.SaveCachedMetadata => saved 20 files.
[48] 2026-03-26 11:01:08,350 DEBUG CachedMetadataProvider.LoadCachedMetadata => obtaining lock
[48] 2026-03-26 11:01:08,356 DEBUG CachedMetadataProvider.LoadCachedMetadata => deserialized 20 files.
[51] 2026-03-28 08:12:22,353 DEBUG CachedMetadataProvider.LoadCachedMetadata => obtaining lock
[51] 2026-03-28 08:12:22,401 DEBUG CachedMetadataProvider.LoadCachedMetadata => deserialized 20 files.
[51] 2026-03-28 08:12:22,405 DEBUG CachedMetadataProvider.LoadCachedMetadata => obtaining lock
[51] 2026-03-28 08:12:22,410 DEBUG CachedMetadataProvider.LoadCachedMetadata => deserialized 20 files.
[51] 2026-03-28 08:12:22,411 DEBUG CachedMetadataProvider.SavePreviousCachedMetadata => obtaining lock
[51] 2026-03-28 08:12:22,433 DEBUG CachedMetadataProvider.SaveCachedMetadata => obtaining lock
[51] 2026-03-28 08:12:22,434 DEBUG CachedMetadataProvider.LoadCachedMetadata => obtaining lock
[51] 2026-03-28 08:12:22,435 DEBUG CachedMetadataProvider.LoadCachedMetadata => deserialized 0 files.
[51] 2026-03-28 08:12:22,436 DEBUG CachedMetadataProvider.LoadCachedMetadata => obtaining lock
[51] 2026-03-28 08:12:22,437 DEBUG CachedMetadataProvider.LoadCachedMetadata => deserialized 1 files.
[51] 2026-03-28 08:12:22,439 DEBUG CachedMetadataProvider.LoadCachedMetadata => obtaining lock
[51] 2026-03-28 08:12:22,440 DEBUG CachedMetadataProvider.LoadCachedMetadata => deserialized 2 files.
[51] 2026-03-28 08:12:22,442 DEBUG CachedMetadataProvider.LoadCachedMetadata => obtaining lock
[51] 2026-03-28 08:12:22,443 DEBUG CachedMetadataProvider.LoadCachedMetadata => deserialized 3 files.
[51] 2026-03-28 08:12:22,444 DEBUG CachedMetadataProvider.LoadCachedMetadata => obtaining lock
[51] 2026-03-28 08:12:22,447 DEBUG CachedMetadataProvider.LoadCachedMetadata => deserialized 4 files.
[51] 2026-03-28 08:12:22,449 DEBUG CachedMetadataProvider.LoadCachedMetadata => obtaining lock
[51] 2026-03-28 08:12:22,451 DEBUG CachedMetadataProvider.LoadCachedMetadata => deserialized 5 files.
[51] 2026-03-28 08:12:22,453 DEBUG CachedMetadataProvider.LoadCachedMetadata => obtaining lock
[51] 2026-03-28 08:12:22,455 DEBUG CachedMetadataProvider.LoadCachedMetadata => deserialized 6 files.
[51] 2026-03-28 08:12:22,456 DEBUG CachedMetadataProvider.LoadCachedMetadata => obtaining lock
[51] 2026-03-28 08:12:22,458 DEBUG CachedMetadataProvider.LoadCachedMetadata => deserialized 7 files.
[51] 2026-03-28 08:12:22,459 DEBUG CachedMetadataProvider.LoadCachedMetadata => obtaining lock
[51] 2026-03-28 08:12:22,462 DEBUG CachedMetadataProvider.LoadCachedMetadata => deserialized 8 files.
[51] 2026-03-28 08:12:22,464 DEBUG CachedMetadataProvider.LoadCachedMetadata => obtaining lock
[51] 2026-03-28 08:12:22,468 DEBUG CachedMetadataProvider.LoadCachedMetadata => deserialized 9 files.
[51] 2026-03-28 08:12:22,469 DEBUG CachedMetadataProvider.LoadCachedMetadata => obtaining lock
[51] 2026-03-28 08:12:22,472 DEBUG CachedMetadataProvider.LoadCachedMetadata => deserialized 10 files.
[51] 2026-03-28 08:12:22,475 DEBUG CachedMetadataProvider.LoadCachedMetadata => obtaining lock
[51] 2026-03-28 08:12:22,477 DEBUG CachedMetadataProvider.LoadCachedMetadata => deserialized 11 files.
[51] 2026-03-28 08:12:22,477 DEBUG CachedMetadataProvider.LoadCachedMetadata => obtaining lock
[51] 2026-03-28 08:12:22,491 DEBUG CachedMetadataProvider.LoadCachedMetadata => deserialized 12 files.
[51] 2026-03-28 08:12:22,492 DEBUG CachedMetadataProvider.LoadCachedMetadata => obtaining lock
[51] 2026-03-28 08:12:22,496 DEBUG CachedMetadataProvider.LoadCachedMetadata => deserialized 13 files.
[51] 2026-03-28 08:12:22,498 DEBUG CachedMetadataProvider.LoadCachedMetadata => obtaining lock
[51] 2026-03-28 08:12:22,504 DEBUG CachedMetadataProvider.LoadCachedMetadata => deserialized 14 files.
[51] 2026-03-28 08:12:22,506 DEBUG CachedMetadataProvider.LoadCachedMetadata => obtaining lock
[51] 2026-03-28 08:12:22,511 DEBUG CachedMetadataProvider.LoadCachedMetadata => deserialized 15 files.
[51] 2026-03-28 08:12:22,512 DEBUG CachedMetadataProvider.LoadCachedMetadata => obtaining lock
[51] 2026-03-28 08:12:22,519 DEBUG CachedMetadataProvider.LoadCachedMetadata => deserialized 16 files.
[51] 2026-03-28 08:12:22,520 DEBUG CachedMetadataProvider.LoadCachedMetadata => obtaining lock
[51] 2026-03-28 08:12:22,527 DEBUG CachedMetadataProvider.LoadCachedMetadata => deserialized 17 files.
[51] 2026-03-28 08:12:22,529 DEBUG CachedMetadataProvider.LoadCachedMetadata => obtaining lock
[51] 2026-03-28 08:12:22,538 DEBUG CachedMetadataProvider.LoadCachedMetadata => deserialized 18 files.
[51] 2026-03-28 08:12:22,540 DEBUG CachedMetadataProvider.LoadCachedMetadata => obtaining lock
[51] 2026-03-28 08:12:22,550 DEBUG CachedMetadataProvider.LoadCachedMetadata => deserialized 19 files.
[51] 2026-03-28 08:12:22,553 DEBUG CachedMetadataProvider.LoadCachedMetadata => obtaining lock
[51] 2026-03-28 08:12:22,561 DEBUG CachedMetadataProvider.LoadCachedMetadata => deserialized 20 files.
[51] 2026-03-28 08:12:22,562 DEBUG CachedMetadataProvider.LoadCachedMetadata => obtaining lock
[51] 2026-03-28 08:12:22,571 DEBUG CachedMetadataProvider.LoadCachedMetadata => deserialized 21 files.
[51] 2026-03-28 08:12:22,574 DEBUG CachedMetadataProvider.SaveCachedMetadata => saved 22 files.
[38] 2026-03-29 08:14:28,275 DEBUG CachedMetadataProvider.LoadCachedMetadata => obtaining lock
[38] 2026-03-29 08:14:28,322 DEBUG CachedMetadataProvider.LoadCachedMetadata => deserialized 22 files.
[38] 2026-03-29 08:14:28,325 DEBUG CachedMetadataProvider.LoadCachedMetadata => obtaining lock
[38] 2026-03-29 08:14:28,329 DEBUG CachedMetadataProvider.LoadCachedMetadata => deserialized 22 files.
[38] 2026-03-29 08:14:28,329 DEBUG CachedMetadataProvider.SavePreviousCachedMetadata => obtaining lock
[38] 2026-03-29 08:14:28,348 DEBUG CachedMetadataProvider.SaveCachedMetadata => obtaining lock
[38] 2026-03-29 08:14:28,350 DEBUG CachedMetadataProvider.LoadCachedMetadata => obtaining lock
[38] 2026-03-29 08:14:28,350 DEBUG CachedMetadataProvider.LoadCachedMetadata => deserialized 0 files.
[38] 2026-03-29 08:14:28,351 DEBUG CachedMetadataProvider.LoadCachedMetadata => obtaining lock
[38] 2026-03-29 08:14:28,352 DEBUG CachedMetadataProvider.LoadCachedMetadata => deserialized 1 files.
[38] 2026-03-29 08:14:28,353 DEBUG CachedMetadataProvider.LoadCachedMetadata => obtaining lock
[38] 2026-03-29 08:14:28,355 DEBUG CachedMetadataProvider.LoadCachedMetadata => deserialized 2 files.
[38] 2026-03-29 08:14:28,356 DEBUG CachedMetadataProvider.LoadCachedMetadata => obtaining lock
[38] 2026-03-29 08:14:28,357 DEBUG CachedMetadataProvider.LoadCachedMetadata => deserialized 3 files.
[38] 2026-03-29 08:14:28,358 DEBUG CachedMetadataProvider.LoadCachedMetadata => obtaining lock
[38] 2026-03-29 08:14:28,359 DEBUG CachedMetadataProvider.LoadCachedMetadata => deserialized 4 files.
[38] 2026-03-29 08:14:28,361 DEBUG CachedMetadataProvider.LoadCachedMetadata => obtaining lock
[38] 2026-03-29 08:14:28,363 DEBUG CachedMetadataProvider.LoadCachedMetadata => deserialized 5 files.
[38] 2026-03-29 08:14:28,363 DEBUG CachedMetadataProvider.LoadCachedMetadata => obtaining lock
[38] 2026-03-29 08:14:28,365 DEBUG CachedMetadataProvider.LoadCachedMetadata => deserialized 6 files.
[38] 2026-03-29 08:14:28,366 DEBUG CachedMetadataProvider.LoadCachedMetadata => obtaining lock
[38] 2026-03-29 08:14:28,367 DEBUG CachedMetadataProvider.LoadCachedMetadata => deserialized 7 files.
[38] 2026-03-29 08:14:28,368 DEBUG CachedMetadataProvider.LoadCachedMetadata => obtaining lock
[38] 2026-03-29 08:14:28,371 DEBUG CachedMetadataProvider.LoadCachedMetadata => deserialized 8 files.
[38] 2026-03-29 08:14:28,372 DEBUG CachedMetadataProvider.LoadCachedMetadata => obtaining lock
[38] 2026-03-29 08:14:28,374 DEBUG CachedMetadataProvider.LoadCachedMetadata => deserialized 9 files.
[38] 2026-03-29 08:14:28,375 DEBUG CachedMetadataProvider.LoadCachedMetadata => obtaining lock
[38] 2026-03-29 08:14:28,377 DEBUG CachedMetadataProvider.LoadCachedMetadata => deserialized 10 files.
[38] 2026-03-29 08:14:28,378 DEBUG CachedMetadataProvider.LoadCachedMetadata => obtaining lock
[38] 2026-03-29 08:14:28,380 DEBUG CachedMetadataProvider.LoadCachedMetadata => deserialized 11 files.
[38] 2026-03-29 08:14:28,381 DEBUG CachedMetadataProvider.LoadCachedMetadata => obtaining lock
[38] 2026-03-29 08:14:28,384 DEBUG CachedMetadataProvider.LoadCachedMetadata => deserialized 12 files.
[38] 2026-03-29 08:14:28,385 DEBUG CachedMetadataProvider.LoadCachedMetadata => obtaining lock
[38] 2026-03-29 08:14:28,387 DEBUG CachedMetadataProvider.LoadCachedMetadata => deserialized 13 files.
[38] 2026-03-29 08:14:28,389 DEBUG CachedMetadataProvider.LoadCachedMetadata => obtaining lock
[38] 2026-03-29 08:14:28,391 DEBUG CachedMetadataProvider.LoadCachedMetadata => deserialized 14 files.
[38] 2026-03-29 08:14:28,393 DEBUG CachedMetadataProvider.LoadCachedMetadata => obtaining lock
[38] 2026-03-29 08:14:28,397 DEBUG CachedMetadataProvider.LoadCachedMetadata => deserialized 15 files.
[38] 2026-03-29 08:14:28,398 DEBUG CachedMetadataProvider.LoadCachedMetadata => obtaining lock
[38] 2026-03-29 08:14:28,402 DEBUG CachedMetadataProvider.LoadCachedMetadata => deserialized 16 files.
[38] 2026-03-29 08:14:28,402 DEBUG CachedMetadataProvider.LoadCachedMetadata => obtaining lock
[38] 2026-03-29 08:14:28,405 DEBUG CachedMetadataProvider.LoadCachedMetadata => deserialized 17 files.
[38] 2026-03-29 08:14:28,407 DEBUG CachedMetadataProvider.LoadCachedMetadata => obtaining lock
[38] 2026-03-29 08:14:28,411 DEBUG CachedMetadataProvider.LoadCachedMetadata => deserialized 18 files.
[38] 2026-03-29 08:14:28,412 DEBUG CachedMetadataProvider.LoadCachedMetadata => obtaining lock
[38] 2026-03-29 08:14:28,415 DEBUG CachedMetadataProvider.LoadCachedMetadata => deserialized 19 files.
[38] 2026-03-29 08:14:28,416 DEBUG CachedMetadataProvider.LoadCachedMetadata => obtaining lock
[38] 2026-03-29 08:14:28,420 DEBUG CachedMetadataProvider.LoadCachedMetadata => deserialized 20 files.
[38] 2026-03-29 08:14:28,421 DEBUG CachedMetadataProvider.LoadCachedMetadata => obtaining lock
[38] 2026-03-29 08:14:28,425 DEBUG CachedMetadataProvider.LoadCachedMetadata => deserialized 21 files.
[38] 2026-03-29 08:14:28,426 DEBUG CachedMetadataProvider.LoadCachedMetadata => obtaining lock
[38] 2026-03-29 08:14:28,430 DEBUG CachedMetadataProvider.LoadCachedMetadata => deserialized 22 files.
[38] 2026-03-29 08:14:28,457 DEBUG CachedMetadataProvider.SaveCachedMetadata => saved 23 files.
[51] 2026-03-29 09:00:28,328 OFF   =============================================================================================
[51] 2026-03-29 09:00:28,332 OFF   ==================================>>>>> Start Actions <<<<<==================================
[51] 2026-03-29 09:00:28,332 OFF   ActionDelegator.Execute => processing 4 actions. Timeout: 180 minutes.
[51] 2026-03-29 09:00:28,333 DEBUG ActionDelegator.ExistsRegKey_SetupPhase => Check FU in progress. Checking registry key [HKEY_LOCAL_MACHINE\SYSTEM\Setup\MoSetup\Volatile\SetupPhase|[type=DWord]]: 
[51] 2026-03-29 09:00:28,333 DEBUG All Patch Prerequisites are installed.
[51] 2026-03-29 09:00:28,333 DEBUG CachedMetadataProvider.LoadCachedMetadata => obtaining lock
[51] 2026-03-29 09:00:28,344 DEBUG CachedMetadataProvider.LoadCachedMetadata => deserialized 23 files.
[51] 2026-03-29 09:00:28,345 DEBUG CachedMetadataProvider.LoadCachedMetadata => obtaining lock
[51] 2026-03-29 09:00:28,347 DEBUG CachedMetadataProvider.LoadCachedMetadata => deserialized 23 files.
[51] 2026-03-29 09:00:28,348 DEBUG CachedMetadataProvider.LoadCachedMetadata => obtaining lock
[51] 2026-03-29 09:00:28,351 DEBUG CachedMetadataProvider.LoadCachedMetadata => deserialized 23 files.
[51] 2026-03-29 09:00:28,351 DEBUG CachedMetadataProvider.LoadCachedMetadata => obtaining lock
[51] 2026-03-29 09:00:28,354 DEBUG CachedMetadataProvider.LoadCachedMetadata => deserialized 23 files.
[51] 2026-03-29 09:00:28,355 DEBUG CachedMetadataProvider.LoadCachedMetadata => obtaining lock
[51] 2026-03-29 09:00:28,358 DEBUG CachedMetadataProvider.LoadCachedMetadata => deserialized 23 files.
[51] 2026-03-29 09:00:28,358 DEBUG CachedMetadataProvider.LoadCachedMetadata => obtaining lock
[51] 2026-03-29 09:00:28,361 DEBUG CachedMetadataProvider.LoadCachedMetadata => deserialized 23 files.
[51] 2026-03-29 09:00:28,362 DEBUG CachedMetadataProvider.LoadCachedMetadata => obtaining lock
[51] 2026-03-29 09:00:28,365 DEBUG CachedMetadataProvider.LoadCachedMetadata => deserialized 23 files.
[51] 2026-03-29 09:00:28,365 DEBUG CachedMetadataProvider.LoadCachedMetadata => obtaining lock
[51] 2026-03-29 09:00:28,368 DEBUG CachedMetadataProvider.LoadCachedMetadata => deserialized 23 files.
[51] 2026-03-29 09:00:28,368 DEBUG CachedMetadataProvider.LoadCachedMetadata => obtaining lock
[51] 2026-03-29 09:00:28,371 DEBUG CachedMetadataProvider.LoadCachedMetadata => deserialized 23 files.
[51] 2026-03-29 09:00:28,371 DEBUG CachedMetadataProvider.LoadCachedMetadata => obtaining lock
[51] 2026-03-29 09:00:28,375 DEBUG CachedMetadataProvider.LoadCachedMetadata => deserialized 23 files.
[51] 2026-03-29 09:00:28,375 DEBUG CachedMetadataProvider.LoadCachedMetadata => obtaining lock
[51] 2026-03-29 09:00:28,378 DEBUG CachedMetadataProvider.LoadCachedMetadata => deserialized 23 files.
[51] 2026-03-29 09:00:28,378 DEBUG CachedMetadataProvider.LoadCachedMetadata => obtaining lock
[51] 2026-03-29 09:00:28,381 DEBUG CachedMetadataProvider.LoadCachedMetadata => deserialized 23 files.
[51] 2026-03-29 09:00:28,381 DEBUG CachedMetadataProvider.LoadCachedMetadata => obtaining lock
[51] 2026-03-29 09:00:28,385 DEBUG CachedMetadataProvider.LoadCachedMetadata => deserialized 23 files.
[51] 2026-03-29 09:00:28,385 DEBUG CachedMetadataProvider.LoadCachedMetadata => obtaining lock
[51] 2026-03-29 09:00:28,389 DEBUG CachedMetadataProvider.LoadCachedMetadata => deserialized 23 files.
[51] 2026-03-29 09:00:28,389 DEBUG CachedMetadataProvider.LoadCachedMetadata => obtaining lock
[51] 2026-03-29 09:00:28,393 DEBUG CachedMetadataProvider.LoadCachedMetadata => deserialized 23 files.
[51] 2026-03-29 09:00:28,393 DEBUG CachedMetadataProvider.LoadCachedMetadata => obtaining lock
[51] 2026-03-29 09:00:28,396 DEBUG CachedMetadataProvider.LoadCachedMetadata => deserialized 23 files.
[51] 2026-03-29 09:00:28,396 DEBUG CachedMetadataProvider.LoadCachedMetadata => obtaining lock
[51] 2026-03-29 09:00:28,399 DEBUG CachedMetadataProvider.LoadCachedMetadata => deserialized 23 files.
[51] 2026-03-29 09:00:28,400 DEBUG CachedMetadataProvider.LoadCachedMetadata => obtaining lock
[51] 2026-03-29 09:00:28,402 DEBUG CachedMetadataProvider.LoadCachedMetadata => deserialized 23 files.
[51] 2026-03-29 09:00:28,403 DEBUG CachedMetadataProvider.LoadCachedMetadata => obtaining lock
[51] 2026-03-29 09:00:28,405 DEBUG CachedMetadataProvider.LoadCachedMetadata => deserialized 23 files.
[51] 2026-03-29 09:00:28,406 DEBUG CachedMetadataProvider.LoadCachedMetadata => obtaining lock
[51] 2026-03-29 09:00:28,408 DEBUG CachedMetadataProvider.LoadCachedMetadata => deserialized 23 files.
[51] 2026-03-29 09:00:28,409 DEBUG CachedMetadataProvider.LoadCachedMetadata => obtaining lock
[51] 2026-03-29 09:00:28,412 DEBUG CachedMetadataProvider.LoadCachedMetadata => deserialized 23 files.
[51] 2026-03-29 09:00:28,412 DEBUG CachedMetadataProvider.LoadCachedMetadata => obtaining lock
[51] 2026-03-29 09:00:28,415 DEBUG CachedMetadataProvider.LoadCachedMetadata => deserialized 23 files.
[51] 2026-03-29 09:00:28,416 DEBUG CachedMetadataProvider.LoadCachedMetadata => obtaining lock
[51] 2026-03-29 09:00:28,419 DEBUG CachedMetadataProvider.LoadCachedMetadata => deserialized 23 files.
[51] 2026-03-29 09:00:28,419 DEBUG CachedMetadataProvider.LoadCachedMetadata => obtaining lock
[51] 2026-03-29 09:00:28,422 DEBUG CachedMetadataProvider.LoadCachedMetadata => deserialized 23 files.
[51] 2026-03-29 09:00:28,422 DEBUG CachedMetadataProvider.LoadCachedMetadata => obtaining lock
[51] 2026-03-29 09:00:28,425 DEBUG CachedMetadataProvider.LoadCachedMetadata => deserialized 23 files.
[51] 2026-03-29 09:00:28,426 DEBUG CachedMetadataProvider.LoadCachedMetadata => obtaining lock
[51] 2026-03-29 09:00:28,428 DEBUG CachedMetadataProvider.LoadCachedMetadata => deserialized 23 files.
[51] 2026-03-29 09:00:28,429 DEBUG CachedMetadataProvider.LoadCachedMetadata => obtaining lock
[51] 2026-03-29 09:00:28,432 DEBUG CachedMetadataProvider.LoadCachedMetadata => deserialized 23 files.
[51] 2026-03-29 09:00:28,432 DEBUG CachedMetadataProvider.LoadCachedMetadata => obtaining lock
[51] 2026-03-29 09:00:28,435 DEBUG CachedMetadataProvider.LoadCachedMetadata => deserialized 23 files.
[51] 2026-03-29 09:00:28,435 DEBUG CachedMetadataProvider.LoadCachedMetadata => obtaining lock
[51] 2026-03-29 09:00:28,437 DEBUG CachedMetadataProvider.LoadCachedMetadata => deserialized 23 files.
[51] 2026-03-29 09:00:28,439 DEBUG CachedMetadataProvider.LoadCachedMetadata => obtaining lock
[51] 2026-03-29 09:00:28,441 DEBUG CachedMetadataProvider.LoadCachedMetadata => deserialized 23 files.
[51] 2026-03-29 09:00:28,442 DEBUG CachedMetadataProvider.LoadCachedMetadata => obtaining lock
[51] 2026-03-29 09:00:28,445 DEBUG CachedMetadataProvider.LoadCachedMetadata => deserialized 23 files.
[51] 2026-03-29 09:00:28,445 DEBUG CachedMetadataProvider.LoadCachedMetadata => obtaining lock
[51] 2026-03-29 09:00:28,448 DEBUG CachedMetadataProvider.LoadCachedMetadata => deserialized 23 files.
[51] 2026-03-29 09:00:28,448 DEBUG CachedMetadataProvider.LoadCachedMetadata => obtaining lock
[51] 2026-03-29 09:00:28,452 DEBUG CachedMetadataProvider.LoadCachedMetadata => deserialized 23 files.
[51] 2026-03-29 09:00:28,452 DEBUG CachedMetadataProvider.LoadCachedMetadata => obtaining lock
[51] 2026-03-29 09:00:28,455 DEBUG CachedMetadataProvider.LoadCachedMetadata => deserialized 23 files.
[51] 2026-03-29 09:00:28,455 DEBUG CachedMetadataProvider.LoadCachedMetadata => obtaining lock
[51] 2026-03-29 09:00:28,458 DEBUG CachedMetadataProvider.LoadCachedMetadata => deserialized 23 files.
[51] 2026-03-29 09:00:28,458 DEBUG CachedMetadataProvider.LoadCachedMetadata => obtaining lock
[51] 2026-03-29 09:00:28,461 DEBUG CachedMetadataProvider.LoadCachedMetadata => deserialized 23 files.
[51] 2026-03-29 09:00:28,461 DEBUG CachedMetadataProvider.LoadCachedMetadata => obtaining lock
[51] 2026-03-29 09:00:28,465 DEBUG CachedMetadataProvider.LoadCachedMetadata => deserialized 23 files.
[51] 2026-03-29 09:00:28,465 DEBUG CachedMetadataProvider.LoadCachedMetadata => obtaining lock
[51] 2026-03-29 09:00:28,468 DEBUG CachedMetadataProvider.LoadCachedMetadata => deserialized 23 files.
[51] 2026-03-29 09:00:28,468 DEBUG CachedMetadataProvider.LoadCachedMetadata => obtaining lock
[51] 2026-03-29 09:00:28,470 DEBUG CachedMetadataProvider.LoadCachedMetadata => deserialized 23 files.
[51] 2026-03-29 09:00:28,471 DEBUG CachedMetadataProvider.LoadCachedMetadata => obtaining lock
[51] 2026-03-29 09:00:28,474 DEBUG CachedMetadataProvider.LoadCachedMetadata => deserialized 23 files.
[51] 2026-03-29 09:00:28,474 DEBUG CachedMetadataProvider.LoadCachedMetadata => obtaining lock
[51] 2026-03-29 09:00:28,477 DEBUG CachedMetadataProvider.LoadCachedMetadata => deserialized 23 files.
[51] 2026-03-29 09:00:28,477 DEBUG CachedMetadataProvider.LoadCachedMetadata => obtaining lock
[51] 2026-03-29 09:00:28,481 DEBUG CachedMetadataProvider.LoadCachedMetadata => deserialized 23 files.
[51] 2026-03-29 09:00:28,481 DEBUG CachedMetadataProvider.LoadCachedMetadata => obtaining lock
[51] 2026-03-29 09:00:28,483 DEBUG CachedMetadataProvider.LoadCachedMetadata => deserialized 23 files.
[51] 2026-03-29 09:00:28,483 DEBUG CachedMetadataProvider.LoadCachedMetadata => obtaining lock
[51] 2026-03-29 09:00:28,487 DEBUG CachedMetadataProvider.LoadCachedMetadata => deserialized 23 files.
[51] 2026-03-29 09:00:28,487 DEBUG CachedMetadataProvider.LoadCachedMetadata => obtaining lock
[51] 2026-03-29 09:00:28,490 DEBUG CachedMetadataProvider.LoadCachedMetadata => deserialized 23 files.
[51] 2026-03-29 09:00:28,490 DEBUG CachedMetadataProvider.LoadCachedMetadata => obtaining lock
[51] 2026-03-29 09:00:28,493 DEBUG CachedMetadataProvider.LoadCachedMetadata => deserialized 23 files.
[51] 2026-03-29 09:00:28,494 DEBUG CachedMetadataProvider.LoadCachedMetadata => obtaining lock
[51] 2026-03-29 09:00:28,496 DEBUG CachedMetadataProvider.LoadCachedMetadata => deserialized 23 files.
[51] 2026-03-29 09:00:28,497 DEBUG CachedMetadataProvider.LoadCachedMetadata => obtaining lock
[51] 2026-03-29 09:00:28,500 DEBUG CachedMetadataProvider.LoadCachedMetadata => deserialized 23 files.
[51] 2026-03-29 09:00:28,500 DEBUG CachedMetadataProvider.LoadCachedMetadata => obtaining lock
[51] 2026-03-29 09:00:28,503 DEBUG CachedMetadataProvider.LoadCachedMetadata => deserialized 23 files.
[51] 2026-03-29 09:00:28,504 DEBUG CachedMetadataProvider.LoadCachedMetadata => obtaining lock
[51] 2026-03-29 09:00:28,507 DEBUG CachedMetadataProvider.LoadCachedMetadata => deserialized 23 files.
[51] 2026-03-29 09:00:28,507 DEBUG CachedMetadataProvider.LoadCachedMetadata => obtaining lock
[51] 2026-03-29 09:00:28,509 DEBUG CachedMetadataProvider.LoadCachedMetadata => deserialized 23 files.
[51] 2026-03-29 09:00:28,510 DEBUG CachedMetadataProvider.LoadCachedMetadata => obtaining lock
[51] 2026-03-29 09:00:28,512 DEBUG CachedMetadataProvider.LoadCachedMetadata => deserialized 23 files.
[51] 2026-03-29 09:00:28,512 DEBUG CachedMetadataProvider.LoadCachedMetadata => obtaining lock
[51] 2026-03-29 09:00:28,515 DEBUG CachedMetadataProvider.LoadCachedMetadata => deserialized 23 files.
[51] 2026-03-29 09:00:28,516 DEBUG CachedMetadataProvider.LoadCachedMetadata => obtaining lock
[51] 2026-03-29 09:00:28,518 DEBUG CachedMetadataProvider.LoadCachedMetadata => deserialized 23 files.
[51] 2026-03-29 09:00:28,519 DEBUG CachedMetadataProvider.LoadCachedMetadata => obtaining lock
[51] 2026-03-29 09:00:28,522 DEBUG CachedMetadataProvider.LoadCachedMetadata => deserialized 23 files.
[51] 2026-03-29 09:00:28,523 DEBUG CachedMetadataProvider.LoadCachedMetadata => obtaining lock
[51] 2026-03-29 09:00:28,526 DEBUG CachedMetadataProvider.LoadCachedMetadata => deserialized 23 files.
[51] 2026-03-29 09:00:28,526 DEBUG CachedMetadataProvider.LoadCachedMetadata => obtaining lock
[51] 2026-03-29 09:00:28,529 DEBUG CachedMetadataProvider.LoadCachedMetadata => deserialized 23 files.
[51] 2026-03-29 09:00:28,530 DEBUG CachedMetadataProvider.LoadCachedMetadata => obtaining lock
[51] 2026-03-29 09:00:28,534 DEBUG CachedMetadataProvider.LoadCachedMetadata => deserialized 23 files.
[51] 2026-03-29 09:00:28,534 DEBUG CachedMetadataProvider.LoadCachedMetadata => obtaining lock
[51] 2026-03-29 09:00:28,537 DEBUG CachedMetadataProvider.LoadCachedMetadata => deserialized 23 files.
[51] 2026-03-29 09:00:28,537 DEBUG CachedMetadataProvider.LoadCachedMetadata => obtaining lock
[51] 2026-03-29 09:00:28,540 DEBUG CachedMetadataProvider.LoadCachedMetadata => deserialized 23 files.
[51] 2026-03-29 09:00:28,540 DEBUG CachedMetadataProvider.LoadCachedMetadata => obtaining lock
[51] 2026-03-29 09:00:28,544 DEBUG CachedMetadataProvider.LoadCachedMetadata => deserialized 23 files.
[51] 2026-03-29 09:00:28,544 DEBUG CachedMetadataProvider.LoadCachedMetadata => obtaining lock
[51] 2026-03-29 09:00:28,548 DEBUG CachedMetadataProvider.LoadCachedMetadata => deserialized 23 files.
[51] 2026-03-29 09:00:28,548 DEBUG CachedMetadataProvider.LoadCachedMetadata => obtaining lock
[51] 2026-03-29 09:00:28,551 DEBUG CachedMetadataProvider.LoadCachedMetadata => deserialized 23 files.
[51] 2026-03-29 09:00:28,551 DEBUG CachedMetadataProvider.LoadCachedMetadata => obtaining lock
[51] 2026-03-29 09:00:28,555 DEBUG CachedMetadataProvider.LoadCachedMetadata => deserialized 23 files.
[51] 2026-03-29 09:00:28,555 DEBUG CachedMetadataProvider.LoadCachedMetadata => obtaining lock
[51] 2026-03-29 09:00:28,558 DEBUG CachedMetadataProvider.LoadCachedMetadata => deserialized 23 files.
[51] 2026-03-29 09:00:28,558 DEBUG CachedMetadataProvider.LoadCachedMetadata => obtaining lock
[51] 2026-03-29 09:00:28,561 DEBUG CachedMetadataProvider.LoadCachedMetadata => deserialized 23 files.
[51] 2026-03-29 09:00:28,561 DEBUG CachedMetadataProvider.LoadCachedMetadata => obtaining lock
[51] 2026-03-29 09:00:28,564 DEBUG CachedMetadataProvider.LoadCachedMetadata => deserialized 23 files.
[51] 2026-03-29 09:00:28,564 DEBUG CachedMetadataProvider.LoadCachedMetadata => obtaining lock
[51] 2026-03-29 09:00:28,567 DEBUG CachedMetadataProvider.LoadCachedMetadata => deserialized 23 files.
[51] 2026-03-29 09:00:28,567 DEBUG CachedMetadataProvider.LoadCachedMetadata => obtaining lock
[51] 2026-03-29 09:00:28,570 DEBUG CachedMetadataProvider.LoadCachedMetadata => deserialized 23 files.
[51] 2026-03-29 09:00:28,571 DEBUG CachedMetadataProvider.LoadCachedMetadata => obtaining lock
[51] 2026-03-29 09:00:28,573 DEBUG CachedMetadataProvider.LoadCachedMetadata => deserialized 23 files.
[51] 2026-03-29 09:00:28,573 DEBUG CachedMetadataProvider.LoadCachedMetadata => obtaining lock
[51] 2026-03-29 09:00:28,577 DEBUG CachedMetadataProvider.LoadCachedMetadata => deserialized 23 files.
[51] 2026-03-29 09:00:28,577 DEBUG CachedMetadataProvider.LoadCachedMetadata => obtaining lock
[51] 2026-03-29 09:00:28,580 DEBUG CachedMetadataProvider.LoadCachedMetadata => deserialized 23 files.
[51] 2026-03-29 09:00:28,580 DEBUG CachedMetadataProvider.LoadCachedMetadata => obtaining lock
[51] 2026-03-29 09:00:28,583 DEBUG CachedMetadataProvider.LoadCachedMetadata => deserialized 23 files.
[51] 2026-03-29 09:00:28,583 DEBUG CachedMetadataProvider.LoadCachedMetadata => obtaining lock
[51] 2026-03-29 09:00:28,587 DEBUG CachedMetadataProvider.LoadCachedMetadata => deserialized 23 files.
[51] 2026-03-29 09:00:28,587 DEBUG CachedMetadataProvider.LoadCachedMetadata => obtaining lock
[51] 2026-03-29 09:00:28,590 DEBUG CachedMetadataProvider.LoadCachedMetadata => deserialized 23 files.
[51] 2026-03-29 09:00:28,590 DEBUG CachedMetadataProvider.LoadCachedMetadata => obtaining lock
[51] 2026-03-29 09:00:28,593 DEBUG CachedMetadataProvider.LoadCachedMetadata => deserialized 23 files.
[51] 2026-03-29 09:00:28,593 DEBUG CachedMetadataProvider.LoadCachedMetadata => obtaining lock
[51] 2026-03-29 09:00:28,596 DEBUG CachedMetadataProvider.LoadCachedMetadata => deserialized 23 files.
[51] 2026-03-29 09:00:28,596 DEBUG CachedMetadataProvider.LoadCachedMetadata => obtaining lock
[51] 2026-03-29 09:00:28,598 DEBUG CachedMetadataProvider.LoadCachedMetadata => deserialized 23 files.
[51] 2026-03-29 09:00:28,599 DEBUG CachedMetadataProvider.LoadCachedMetadata => obtaining lock
[51] 2026-03-29 09:00:28,602 DEBUG CachedMetadataProvider.LoadCachedMetadata => deserialized 23 files.
[51] 2026-03-29 09:00:28,603 DEBUG CachedMetadataProvider.LoadCachedMetadata => obtaining lock
[51] 2026-03-29 09:00:28,606 DEBUG CachedMetadataProvider.LoadCachedMetadata => deserialized 23 files.
[51] 2026-03-29 09:00:28,606 DEBUG CachedMetadataProvider.LoadCachedMetadata => obtaining lock
[51] 2026-03-29 09:00:28,609 DEBUG CachedMetadataProvider.LoadCachedMetadata => deserialized 23 files.
[51] 2026-03-29 09:00:28,609 DEBUG CachedMetadataProvider.LoadCachedMetadata => obtaining lock
[51] 2026-03-29 09:00:28,612 DEBUG CachedMetadataProvider.LoadCachedMetadata => deserialized 23 files.
[51] 2026-03-29 09:00:28,612 DEBUG CachedMetadataProvider.LoadCachedMetadata => obtaining lock
[51] 2026-03-29 09:00:28,615 DEBUG CachedMetadataProvider.LoadCachedMetadata => deserialized 23 files.
[51] 2026-03-29 09:00:28,615 DEBUG CachedMetadataProvider.LoadCachedMetadata => obtaining lock
[51] 2026-03-29 09:00:28,618 DEBUG CachedMetadataProvider.LoadCachedMetadata => deserialized 23 files.
[51] 2026-03-29 09:00:28,618 DEBUG CachedMetadataProvider.LoadCachedMetadata => obtaining lock
[51] 2026-03-29 09:00:28,621 DEBUG CachedMetadataProvider.LoadCachedMetadata => deserialized 23 files.
[51] 2026-03-29 09:00:28,622 DEBUG CachedMetadataProvider.LoadCachedMetadata => obtaining lock
[51] 2026-03-29 09:00:28,625 DEBUG CachedMetadataProvider.LoadCachedMetadata => deserialized 23 files.
[51] 2026-03-29 09:00:28,625 DEBUG CachedMetadataProvider.LoadCachedMetadata => obtaining lock
[51] 2026-03-29 09:00:28,629 DEBUG CachedMetadataProvider.LoadCachedMetadata => deserialized 23 files.
[51] 2026-03-29 09:00:28,629 DEBUG CachedMetadataProvider.LoadCachedMetadata => obtaining lock
[51] 2026-03-29 09:00:28,632 DEBUG CachedMetadataProvider.LoadCachedMetadata => deserialized 23 files.
[51] 2026-03-29 09:00:28,632 DEBUG CachedMetadataProvider.LoadCachedMetadata => obtaining lock
[51] 2026-03-29 09:00:28,635 DEBUG CachedMetadataProvider.LoadCachedMetadata => deserialized 23 files.
[51] 2026-03-29 09:00:28,635 DEBUG CachedMetadataProvider.LoadCachedMetadata => obtaining lock
[51] 2026-03-29 09:00:28,638 DEBUG CachedMetadataProvider.LoadCachedMetadata => deserialized 23 files.
[51] 2026-03-29 09:00:28,638 DEBUG CachedMetadataProvider.LoadCachedMetadata => obtaining lock
[51] 2026-03-29 09:00:28,640 DEBUG CachedMetadataProvider.LoadCachedMetadata => deserialized 23 files.
[51] 2026-03-29 09:00:28,640 DEBUG CachedMetadataProvider.LoadCachedMetadata => obtaining lock
[51] 2026-03-29 09:00:28,644 DEBUG CachedMetadataProvider.LoadCachedMetadata => deserialized 23 files.
[51] 2026-03-29 09:00:28,645 DEBUG CachedMetadataProvider.LoadCachedMetadata => obtaining lock
[51] 2026-03-29 09:00:28,647 DEBUG CachedMetadataProvider.LoadCachedMetadata => deserialized 23 files.
[51] 2026-03-29 09:00:28,648 DEBUG CachedMetadataProvider.LoadCachedMetadata => obtaining lock
[51] 2026-03-29 09:00:28,651 DEBUG CachedMetadataProvider.LoadCachedMetadata => deserialized 23 files.
[51] 2026-03-29 09:00:28,651 DEBUG CachedMetadataProvider.LoadCachedMetadata => obtaining lock
[51] 2026-03-29 09:00:28,654 DEBUG CachedMetadataProvider.LoadCachedMetadata => deserialized 23 files.
[51] 2026-03-29 09:00:28,654 DEBUG CachedMetadataProvider.LoadCachedMetadata => obtaining lock
[51] 2026-03-29 09:00:28,657 DEBUG CachedMetadataProvider.LoadCachedMetadata => deserialized 23 files.
[51] 2026-03-29 09:00:28,657 DEBUG CachedMetadataProvider.LoadCachedMetadata => obtaining lock
[51] 2026-03-29 09:00:28,660 DEBUG CachedMetadataProvider.LoadCachedMetadata => deserialized 23 files.
[51] 2026-03-29 09:00:28,660 DEBUG CachedMetadataProvider.LoadCachedMetadata => obtaining lock
[51] 2026-03-29 09:00:28,664 DEBUG CachedMetadataProvider.LoadCachedMetadata => deserialized 23 files.
[51] 2026-03-29 09:00:28,664 DEBUG CachedMetadataProvider.LoadCachedMetadata => obtaining lock
[51] 2026-03-29 09:00:28,667 DEBUG CachedMetadataProvider.LoadCachedMetadata => deserialized 23 files.
[51] 2026-03-29 09:00:28,667 DEBUG CachedMetadataProvider.LoadCachedMetadata => obtaining lock
[51] 2026-03-29 09:00:28,672 DEBUG CachedMetadataProvider.LoadCachedMetadata => deserialized 23 files.
[51] 2026-03-29 09:00:28,672 DEBUG CachedMetadataProvider.LoadCachedMetadata => obtaining lock
[51] 2026-03-29 09:00:28,675 DEBUG CachedMetadataProvider.LoadCachedMetadata => deserialized 23 files.
[51] 2026-03-29 09:00:28,675 DEBUG CachedMetadataProvider.LoadCachedMetadata => obtaining lock
[51] 2026-03-29 09:00:28,678 DEBUG CachedMetadataProvider.LoadCachedMetadata => deserialized 23 files.
[51] 2026-03-29 09:00:28,678 DEBUG CachedMetadataProvider.LoadCachedMetadata => obtaining lock
[51] 2026-03-29 09:00:28,681 DEBUG CachedMetadataProvider.LoadCachedMetadata => deserialized 23 files.
[51] 2026-03-29 09:00:28,681 DEBUG CachedMetadataProvider.LoadCachedMetadata => obtaining lock
[51] 2026-03-29 09:00:28,683 DEBUG CachedMetadataProvider.LoadCachedMetadata => deserialized 23 files.
[51] 2026-03-29 09:00:28,684 DEBUG CachedMetadataProvider.LoadCachedMetadata => obtaining lock
[51] 2026-03-29 09:00:28,686 DEBUG CachedMetadataProvider.LoadCachedMetadata => deserialized 23 files.
[51] 2026-03-29 09:00:28,687 DEBUG CachedMetadataProvider.LoadCachedMetadata => obtaining lock
[51] 2026-03-29 09:00:28,690 DEBUG CachedMetadataProvider.LoadCachedMetadata => deserialized 23 files.
[51] 2026-03-29 09:00:28,691 DEBUG CachedMetadataProvider.LoadCachedMetadata => obtaining lock
[51] 2026-03-29 09:00:28,693 DEBUG CachedMetadataProvider.LoadCachedMetadata => deserialized 23 files.
[51] 2026-03-29 09:00:28,694 DEBUG CachedMetadataProvider.LoadCachedMetadata => obtaining lock
[51] 2026-03-29 09:00:28,697 DEBUG CachedMetadataProvider.LoadCachedMetadata => deserialized 23 files.
[51] 2026-03-29 09:00:28,697 DEBUG CachedMetadataProvider.LoadCachedMetadata => obtaining lock
[51] 2026-03-29 09:00:28,700 DEBUG CachedMetadataProvider.LoadCachedMetadata => deserialized 23 files.
[51] 2026-03-29 09:00:28,700 DEBUG CachedMetadataProvider.LoadCachedMetadata => obtaining lock
[51] 2026-03-29 09:00:28,703 DEBUG CachedMetadataProvider.LoadCachedMetadata => deserialized 23 files.
[51] 2026-03-29 09:00:28,704 DEBUG CachedMetadataProvider.LoadCachedMetadata => obtaining lock
[51] 2026-03-29 09:00:28,707 DEBUG CachedMetadataProvider.LoadCachedMetadata => deserialized 23 files.
[51] 2026-03-29 09:00:28,707 DEBUG CachedMetadataProvider.LoadCachedMetadata => obtaining lock
[51] 2026-03-29 09:00:28,711 DEBUG CachedMetadataProvider.LoadCachedMetadata => deserialized 23 files.
[51] 2026-03-29 09:00:28,712 DEBUG CachedMetadataProvider.LoadCachedMetadata => obtaining lock
[51] 2026-03-29 09:00:28,715 DEBUG CachedMetadataProvider.LoadCachedMetadata => deserialized 23 files.
[51] 2026-03-29 09:00:28,716 DEBUG CachedMetadataProvider.LoadCachedMetadata => obtaining lock
[51] 2026-03-29 09:00:28,719 DEBUG CachedMetadataProvider.LoadCachedMetadata => deserialized 23 files.
[51] 2026-03-29 09:00:28,720 DEBUG CachedMetadataProvider.LoadCachedMetadata => obtaining lock
[51] 2026-03-29 09:00:28,722 DEBUG CachedMetadataProvider.LoadCachedMetadata => deserialized 23 files.
[51] 2026-03-29 09:00:28,722 DEBUG CachedMetadataProvider.LoadCachedMetadata => obtaining lock
[51] 2026-03-29 09:00:28,725 DEBUG CachedMetadataProvider.LoadCachedMetadata => deserialized 23 files.
[51] 2026-03-29 09:00:28,725 DEBUG CachedMetadataProvider.LoadCachedMetadata => obtaining lock
[51] 2026-03-29 09:00:28,728 DEBUG CachedMetadataProvider.LoadCachedMetadata => deserialized 23 files.
[51] 2026-03-29 09:00:28,729 DEBUG CachedMetadataProvider.LoadCachedMetadata => obtaining lock
[51] 2026-03-29 09:00:28,733 DEBUG CachedMetadataProvider.LoadCachedMetadata => deserialized 23 files.
[51] 2026-03-29 09:00:28,734 DEBUG CachedMetadataProvider.LoadCachedMetadata => obtaining lock
[51] 2026-03-29 09:00:28,736 DEBUG CachedMetadataProvider.LoadCachedMetadata => deserialized 23 files.
[51] 2026-03-29 09:00:28,737 DEBUG CachedMetadataProvider.LoadCachedMetadata => obtaining lock
[51] 2026-03-29 09:00:28,739 DEBUG CachedMetadataProvider.LoadCachedMetadata => deserialized 23 files.
[51] 2026-03-29 09:00:28,740 DEBUG CachedMetadataProvider.LoadCachedMetadata => obtaining lock
[51] 2026-03-29 09:00:28,742 DEBUG CachedMetadataProvider.LoadCachedMetadata => deserialized 23 files.
[51] 2026-03-29 09:00:28,743 DEBUG CachedMetadataProvider.LoadCachedMetadata => obtaining lock
[51] 2026-03-29 09:00:28,748 DEBUG CachedMetadataProvider.LoadCachedMetadata => deserialized 23 files.
[51] 2026-03-29 09:00:28,749 DEBUG CachedMetadataProvider.LoadCachedMetadata => obtaining lock
[51] 2026-03-29 09:00:28,751 DEBUG CachedMetadataProvider.LoadCachedMetadata => deserialized 23 files.
[51] 2026-03-29 09:00:28,752 DEBUG CachedMetadataProvider.LoadCachedMetadata => obtaining lock
[51] 2026-03-29 09:00:28,755 DEBUG CachedMetadataProvider.LoadCachedMetadata => deserialized 23 files.
[51] 2026-03-29 09:00:28,755 DEBUG CachedMetadataProvider.LoadCachedMetadata => obtaining lock
[51] 2026-03-29 09:00:28,758 DEBUG CachedMetadataProvider.LoadCachedMetadata => deserialized 23 files.
[51] 2026-03-29 09:00:28,758 DEBUG CachedMetadataProvider.LoadCachedMetadata => obtaining lock
[51] 2026-03-29 09:00:28,761 DEBUG CachedMetadataProvider.LoadCachedMetadata => deserialized 23 files.
[51] 2026-03-29 09:00:28,762 DEBUG CachedMetadataProvider.LoadCachedMetadata => obtaining lock
[51] 2026-03-29 09:00:28,765 DEBUG CachedMetadataProvider.LoadCachedMetadata => deserialized 23 files.
[51] 2026-03-29 09:00:28,765 DEBUG CachedMetadataProvider.LoadCachedMetadata => obtaining lock
[51] 2026-03-29 09:00:28,768 DEBUG CachedMetadataProvider.LoadCachedMetadata => deserialized 23 files.
[51] 2026-03-29 09:00:28,769 DEBUG CachedMetadataProvider.LoadCachedMetadata => obtaining lock
[51] 2026-03-29 09:00:28,772 DEBUG CachedMetadataProvider.LoadCachedMetadata => deserialized 23 files.
[51] 2026-03-29 09:00:28,772 DEBUG CachedMetadataProvider.LoadCachedMetadata => obtaining lock
[51] 2026-03-29 09:00:28,774 DEBUG CachedMetadataProvider.LoadCachedMetadata => deserialized 23 files.
[51] 2026-03-29 09:00:28,775 DEBUG CachedMetadataProvider.LoadCachedMetadata => obtaining lock
[51] 2026-03-29 09:00:28,777 DEBUG CachedMetadataProvider.LoadCachedMetadata => deserialized 23 files.
[51] 2026-03-29 09:00:28,778 DEBUG CachedMetadataProvider.LoadCachedMetadata => obtaining lock
[51] 2026-03-29 09:00:28,781 DEBUG CachedMetadataProvider.LoadCachedMetadata => deserialized 23 files.
[51] 2026-03-29 09:00:28,782 DEBUG CachedMetadataProvider.LoadCachedMetadata => obtaining lock
[51] 2026-03-29 09:00:28,784 DEBUG CachedMetadataProvider.LoadCachedMetadata => deserialized 23 files.
[51] 2026-03-29 09:00:28,785 DEBUG CachedMetadataProvider.LoadCachedMetadata => obtaining lock
[51] 2026-03-29 09:00:28,787 DEBUG CachedMetadataProvider.LoadCachedMetadata => deserialized 23 files.
[51] 2026-03-29 09:00:28,787 DEBUG CachedMetadataProvider.LoadCachedMetadata => obtaining lock
[51] 2026-03-29 09:00:28,790 DEBUG CachedMetadataProvider.LoadCachedMetadata => deserialized 23 files.
[51] 2026-03-29 09:00:28,791 DEBUG CachedMetadataProvider.LoadCachedMetadata => obtaining lock
[51] 2026-03-29 09:00:28,793 DEBUG CachedMetadataProvider.LoadCachedMetadata => deserialized 23 files.
[51] 2026-03-29 09:00:28,794 DEBUG CachedMetadataProvider.LoadCachedMetadata => obtaining lock
[51] 2026-03-29 09:00:28,796 DEBUG CachedMetadataProvider.LoadCachedMetadata => deserialized 23 files.
[51] 2026-03-29 09:00:28,797 DEBUG CachedMetadataProvider.LoadCachedMetadata => obtaining lock
[51] 2026-03-29 09:00:28,800 DEBUG CachedMetadataProvider.LoadCachedMetadata => deserialized 23 files.
[51] 2026-03-29 09:00:28,800 DEBUG CachedMetadataProvider.LoadCachedMetadata => obtaining lock
[51] 2026-03-29 09:00:28,803 DEBUG CachedMetadataProvider.LoadCachedMetadata => deserialized 23 files.
[51] 2026-03-29 09:00:28,803 DEBUG CachedMetadataProvider.LoadCachedMetadata => obtaining lock
[51] 2026-03-29 09:00:28,806 DEBUG CachedMetadataProvider.LoadCachedMetadata => deserialized 23 files.
[51] 2026-03-29 09:00:28,807 DEBUG CachedMetadataProvider.LoadCachedMetadata => obtaining lock
[51] 2026-03-29 09:00:28,809 DEBUG CachedMetadataProvider.LoadCachedMetadata => deserialized 23 files.
[51] 2026-03-29 09:00:28,810 DEBUG CachedMetadataProvider.LoadCachedMetadata => obtaining lock
[51] 2026-03-29 09:00:28,812 DEBUG CachedMetadataProvider.LoadCachedMetadata => deserialized 23 files.
[51] 2026-03-29 09:00:28,812 DEBUG CachedMetadataProvider.LoadCachedMetadata => obtaining lock
[51] 2026-03-29 09:00:28,815 DEBUG CachedMetadataProvider.LoadCachedMetadata => deserialized 23 files.
[51] 2026-03-29 09:00:28,815 DEBUG CachedMetadataProvider.LoadCachedMetadata => obtaining lock
[51] 2026-03-29 09:00:28,818 DEBUG CachedMetadataProvider.LoadCachedMetadata => deserialized 23 files.
[51] 2026-03-29 09:00:28,819 DEBUG CachedMetadataProvider.LoadCachedMetadata => obtaining lock
[51] 2026-03-29 09:00:28,822 DEBUG CachedMetadataProvider.LoadCachedMetadata => deserialized 23 files.
[51] 2026-03-29 09:00:28,822 DEBUG CachedMetadataProvider.LoadCachedMetadata => obtaining lock
[51] 2026-03-29 09:00:28,825 DEBUG CachedMetadataProvider.LoadCachedMetadata => deserialized 23 files.
[51] 2026-03-29 09:00:28,825 DEBUG CachedMetadataProvider.LoadCachedMetadata => obtaining lock
[51] 2026-03-29 09:00:28,828 DEBUG CachedMetadataProvider.LoadCachedMetadata => deserialized 23 files.
[51] 2026-03-29 09:00:28,828 DEBUG CachedMetadataProvider.LoadCachedMetadata => obtaining lock
[51] 2026-03-29 09:00:28,831 DEBUG CachedMetadataProvider.LoadCachedMetadata => deserialized 23 files.
[51] 2026-03-29 09:00:28,832 DEBUG CachedMetadataProvider.LoadCachedMetadata => obtaining lock
[51] 2026-03-29 09:00:28,834 DEBUG CachedMetadataProvider.LoadCachedMetadata => deserialized 23 files.
[51] 2026-03-29 09:00:28,835 DEBUG CachedMetadataProvider.LoadCachedMetadata => obtaining lock
[51] 2026-03-29 09:00:28,838 DEBUG CachedMetadataProvider.LoadCachedMetadata => deserialized 23 files.
[51] 2026-03-29 09:00:28,838 DEBUG CachedMetadataProvider.LoadCachedMetadata => obtaining lock
[51] 2026-03-29 09:00:28,841 DEBUG CachedMetadataProvider.LoadCachedMetadata => deserialized 23 files.
[51] 2026-03-29 09:00:28,841 DEBUG CachedMetadataProvider.LoadCachedMetadata => obtaining lock
[51] 2026-03-29 09:00:28,844 DEBUG CachedMetadataProvider.LoadCachedMetadata => deserialized 23 files.
[51] 2026-03-29 09:00:28,844 DEBUG CachedMetadataProvider.LoadCachedMetadata => obtaining lock
[51] 2026-03-29 09:00:28,847 DEBUG CachedMetadataProvider.LoadCachedMetadata => deserialized 23 files.
[51] 2026-03-29 09:00:28,847 DEBUG CachedMetadataProvider.LoadCachedMetadata => obtaining lock
[51] 2026-03-29 09:00:28,850 DEBUG CachedMetadataProvider.LoadCachedMetadata => deserialized 23 files.
[51] 2026-03-29 09:00:28,850 DEBUG CachedMetadataProvider.LoadCachedMetadata => obtaining lock
[51] 2026-03-29 09:00:28,853 DEBUG CachedMetadataProvider.LoadCachedMetadata => deserialized 23 files.
[51] 2026-03-29 09:00:28,854 DEBUG CachedMetadataProvider.LoadCachedMetadata => obtaining lock
[51] 2026-03-29 09:00:28,857 DEBUG CachedMetadataProvider.LoadCachedMetadata => deserialized 23 files.
[51] 2026-03-29 09:00:28,857 DEBUG CachedMetadataProvider.LoadCachedMetadata => obtaining lock
[51] 2026-03-29 09:00:28,860 DEBUG CachedMetadataProvider.LoadCachedMetadata => deserialized 23 files.
[51] 2026-03-29 09:00:28,860 DEBUG CachedMetadataProvider.LoadCachedMetadata => obtaining lock
[51] 2026-03-29 09:00:28,862 DEBUG CachedMetadataProvider.LoadCachedMetadata => deserialized 23 files.
[51] 2026-03-29 09:00:28,862 DEBUG CachedMetadataProvider.LoadCachedMetadata => obtaining lock
[51] 2026-03-29 09:00:28,865 DEBUG CachedMetadataProvider.LoadCachedMetadata => deserialized 23 files.
[51] 2026-03-29 09:00:28,866 DEBUG CachedMetadataProvider.LoadCachedMetadata => obtaining lock
[51] 2026-03-29 09:00:28,869 DEBUG CachedMetadataProvider.LoadCachedMetadata => deserialized 23 files.
[51] 2026-03-29 09:00:28,869 DEBUG CachedMetadataProvider.LoadCachedMetadata => obtaining lock
[51] 2026-03-29 09:00:28,872 DEBUG CachedMetadataProvider.LoadCachedMetadata => deserialized 23 files.
[51] 2026-03-29 09:00:28,873 DEBUG CachedMetadataProvider.LoadCachedMetadata => obtaining lock
[51] 2026-03-29 09:00:28,875 DEBUG CachedMetadataProvider.LoadCachedMetadata => deserialized 23 files.
[51] 2026-03-29 09:00:28,876 DEBUG CachedMetadataProvider.LoadCachedMetadata => obtaining lock
[51] 2026-03-29 09:00:28,878 DEBUG CachedMetadataProvider.LoadCachedMetadata => deserialized 23 files.
[51] 2026-03-29 09:00:28,879 DEBUG CachedMetadataProvider.LoadCachedMetadata => obtaining lock
[51] 2026-03-29 09:00:28,882 DEBUG CachedMetadataProvider.LoadCachedMetadata => deserialized 23 files.
[51] 2026-03-29 09:00:28,882 DEBUG CachedMetadataProvider.LoadCachedMetadata => obtaining lock
[51] 2026-03-29 09:00:28,885 DEBUG CachedMetadataProvider.LoadCachedMetadata => deserialized 23 files.
[51] 2026-03-29 09:00:28,886 DEBUG CachedMetadataProvider.LoadCachedMetadata => obtaining lock
[51] 2026-03-29 09:00:28,888 DEBUG CachedMetadataProvider.LoadCachedMetadata => deserialized 23 files.
[51] 2026-03-29 09:00:28,889 DEBUG CachedMetadataProvider.LoadCachedMetadata => obtaining lock
[51] 2026-03-29 09:00:28,892 DEBUG CachedMetadataProvider.LoadCachedMetadata => deserialized 23 files.
[51] 2026-03-29 09:00:28,892 DEBUG CachedMetadataProvider.LoadCachedMetadata => obtaining lock
[51] 2026-03-29 09:00:28,895 DEBUG CachedMetadataProvider.LoadCachedMetadata => deserialized 23 files.
[51] 2026-03-29 09:00:28,895 DEBUG CachedMetadataProvider.LoadCachedMetadata => obtaining lock
[51] 2026-03-29 09:00:28,898 DEBUG CachedMetadataProvider.LoadCachedMetadata => deserialized 23 files.
[51] 2026-03-29 09:00:28,898 DEBUG CachedMetadataProvider.LoadCachedMetadata => obtaining lock
[51] 2026-03-29 09:00:28,901 DEBUG CachedMetadataProvider.LoadCachedMetadata => deserialized 23 files.
[51] 2026-03-29 09:00:28,901 DEBUG CachedMetadataProvider.LoadCachedMetadata => obtaining lock
[51] 2026-03-29 09:00:28,906 DEBUG CachedMetadataProvider.LoadCachedMetadata => deserialized 23 files.
[51] 2026-03-29 09:00:28,906 DEBUG CachedMetadataProvider.LoadCachedMetadata => obtaining lock
[51] 2026-03-29 09:00:28,910 DEBUG CachedMetadataProvider.LoadCachedMetadata => deserialized 23 files.
[51] 2026-03-29 09:00:28,910 DEBUG CachedMetadataProvider.LoadCachedMetadata => obtaining lock
[51] 2026-03-29 09:00:28,913 DEBUG CachedMetadataProvider.LoadCachedMetadata => deserialized 23 files.
[51] 2026-03-29 09:00:28,914 DEBUG CachedMetadataProvider.LoadCachedMetadata => obtaining lock
[51] 2026-03-29 09:00:28,918 DEBUG CachedMetadataProvider.LoadCachedMetadata => deserialized 23 files.
[51] 2026-03-29 09:00:28,921 DEBUG CachedMetadataProvider.LoadCachedMetadata => obtaining lock
[51] 2026-03-29 09:00:28,923 DEBUG CachedMetadataProvider.LoadCachedMetadata => deserialized 23 files.
[51] 2026-03-29 09:00:28,923 DEBUG CachedMetadataProvider.LoadCachedMetadata => obtaining lock
[51] 2026-03-29 09:00:28,926 DEBUG CachedMetadataProvider.LoadCachedMetadata => deserialized 23 files.
[51] 2026-03-29 09:00:28,926 DEBUG CachedMetadataProvider.LoadCachedMetadata => obtaining lock
[51] 2026-03-29 09:00:28,930 DEBUG CachedMetadataProvider.LoadCachedMetadata => deserialized 23 files.
[51] 2026-03-29 09:00:28,930 DEBUG CachedMetadataProvider.LoadCachedMetadata => obtaining lock
[51] 2026-03-29 09:00:28,933 DEBUG CachedMetadataProvider.LoadCachedMetadata => deserialized 23 files.
[51] 2026-03-29 09:00:28,933 DEBUG CachedMetadataProvider.LoadCachedMetadata => obtaining lock
[51] 2026-03-29 09:00:28,936 DEBUG CachedMetadataProvider.LoadCachedMetadata => deserialized 23 files.
[51] 2026-03-29 09:00:28,937 DEBUG CachedMetadataProvider.LoadCachedMetadata => obtaining lock
[51] 2026-03-29 09:00:28,940 DEBUG CachedMetadataProvider.LoadCachedMetadata => deserialized 23 files.
[51] 2026-03-29 09:00:28,940 DEBUG CachedMetadataProvider.LoadCachedMetadata => obtaining lock
[51] 2026-03-29 09:00:28,942 DEBUG CachedMetadataProvider.LoadCachedMetadata => deserialized 23 files.
[51] 2026-03-29 09:00:28,942 DEBUG CachedMetadataProvider.LoadCachedMetadata => obtaining lock
[51] 2026-03-29 09:00:28,946 DEBUG CachedMetadataProvider.LoadCachedMetadata => deserialized 23 files.
[51] 2026-03-29 09:00:28,946 DEBUG CachedMetadataProvider.LoadCachedMetadata => obtaining lock
[51] 2026-03-29 09:00:28,949 DEBUG CachedMetadataProvider.LoadCachedMetadata => deserialized 23 files.
[51] 2026-03-29 09:00:28,949 DEBUG CachedMetadataProvider.LoadCachedMetadata => obtaining lock
[51] 2026-03-29 09:00:28,951 DEBUG CachedMetadataProvider.LoadCachedMetadata => deserialized 23 files.
[51] 2026-03-29 09:00:28,952 DEBUG CachedMetadataProvider.LoadCachedMetadata => obtaining lock
[51] 2026-03-29 09:00:28,954 DEBUG CachedMetadataProvider.LoadCachedMetadata => deserialized 23 files.
[51] 2026-03-29 09:00:28,956 DEBUG CachedMetadataProvider.LoadCachedMetadata => obtaining lock
[51] 2026-03-29 09:00:28,958 DEBUG CachedMetadataProvider.LoadCachedMetadata => deserialized 23 files.
[51] 2026-03-29 09:00:28,959 DEBUG CachedMetadataProvider.LoadCachedMetadata => obtaining lock
[51] 2026-03-29 09:00:28,962 DEBUG CachedMetadataProvider.LoadCachedMetadata => deserialized 23 files.
[51] 2026-03-29 09:00:28,962 DEBUG CachedMetadataProvider.LoadCachedMetadata => obtaining lock
[51] 2026-03-29 09:00:28,965 DEBUG CachedMetadataProvider.LoadCachedMetadata => deserialized 23 files.
[51] 2026-03-29 09:00:28,965 DEBUG CachedMetadataProvider.LoadCachedMetadata => obtaining lock
[51] 2026-03-29 09:00:28,967 DEBUG CachedMetadataProvider.LoadCachedMetadata => deserialized 23 files.
[51] 2026-03-29 09:00:28,968 DEBUG CachedMetadataProvider.LoadCachedMetadata => obtaining lock
[51] 2026-03-29 09:00:28,970 DEBUG CachedMetadataProvider.LoadCachedMetadata => deserialized 23 files.
[51] 2026-03-29 09:00:28,971 DEBUG CachedMetadataProvider.LoadCachedMetadata => obtaining lock
[51] 2026-03-29 09:00:28,973 DEBUG CachedMetadataProvider.LoadCachedMetadata => deserialized 23 files.
[51] 2026-03-29 09:00:28,974 DEBUG CachedMetadataProvider.LoadCachedMetadata => obtaining lock
[51] 2026-03-29 09:00:28,978 DEBUG CachedMetadataProvider.LoadCachedMetadata => deserialized 23 files.
[51] 2026-03-29 09:00:28,978 DEBUG CachedMetadataProvider.LoadCachedMetadata => obtaining lock
[51] 2026-03-29 09:00:28,981 DEBUG CachedMetadataProvider.LoadCachedMetadata => deserialized 23 files.
[51] 2026-03-29 09:00:28,981 DEBUG CachedMetadataProvider.LoadCachedMetadata => obtaining lock
[51] 2026-03-29 09:00:28,984 DEBUG CachedMetadataProvider.LoadCachedMetadata => deserialized 23 files.
[51] 2026-03-29 09:00:28,985 DEBUG CachedMetadataProvider.LoadCachedMetadata => obtaining lock
[51] 2026-03-29 09:00:28,987 DEBUG CachedMetadataProvider.LoadCachedMetadata => deserialized 23 files.
[51] 2026-03-29 09:00:28,987 DEBUG CachedMetadataProvider.LoadCachedMetadata => obtaining lock
[51] 2026-03-29 09:00:28,990 DEBUG CachedMetadataProvider.LoadCachedMetadata => deserialized 23 files.
[51] 2026-03-29 09:00:28,990 DEBUG CachedMetadataProvider.LoadCachedMetadata => obtaining lock
[51] 2026-03-29 09:00:28,993 DEBUG CachedMetadataProvider.LoadCachedMetadata => deserialized 23 files.
[51] 2026-03-29 09:00:28,994 DEBUG CachedMetadataProvider.LoadCachedMetadata => obtaining lock
[51] 2026-03-29 09:00:28,996 DEBUG CachedMetadataProvider.LoadCachedMetadata => deserialized 23 files.
[51] 2026-03-29 09:00:28,996 DEBUG CachedMetadataProvider.LoadCachedMetadata => obtaining lock
[51] 2026-03-29 09:00:29,000 DEBUG CachedMetadataProvider.LoadCachedMetadata => deserialized 23 files.
[51] 2026-03-29 09:00:29,000 DEBUG CachedMetadataProvider.LoadCachedMetadata => obtaining lock
[51] 2026-03-29 09:00:29,003 DEBUG CachedMetadataProvider.LoadCachedMetadata => deserialized 23 files.
[51] 2026-03-29 09:00:29,004 DEBUG CachedMetadataProvider.LoadCachedMetadata => obtaining lock
[51] 2026-03-29 09:00:29,006 DEBUG CachedMetadataProvider.LoadCachedMetadata => deserialized 23 files.
[51] 2026-03-29 09:00:29,007 DEBUG CachedMetadataProvider.LoadCachedMetadata => obtaining lock
[51] 2026-03-29 09:00:29,010 DEBUG CachedMetadataProvider.LoadCachedMetadata => deserialized 23 files.
[51] 2026-03-29 09:00:29,011 DEBUG CachedMetadataProvider.LoadCachedMetadata => obtaining lock
[51] 2026-03-29 09:00:29,013 DEBUG CachedMetadataProvider.LoadCachedMetadata => deserialized 23 files.
[51] 2026-03-29 09:00:29,014 DEBUG CachedMetadataProvider.LoadCachedMetadata => obtaining lock
[51] 2026-03-29 09:00:29,016 DEBUG CachedMetadataProvider.LoadCachedMetadata => deserialized 23 files.
[51] 2026-03-29 09:00:29,017 DEBUG CachedMetadataProvider.LoadCachedMetadata => obtaining lock
[51] 2026-03-29 09:00:29,019 DEBUG CachedMetadataProvider.LoadCachedMetadata => deserialized 23 files.
[51] 2026-03-29 09:00:29,019 DEBUG CachedMetadataProvider.LoadCachedMetadata => obtaining lock
[51] 2026-03-29 09:00:29,022 DEBUG CachedMetadataProvider.LoadCachedMetadata => deserialized 23 files.
[51] 2026-03-29 09:00:29,023 DEBUG CachedMetadataProvider.LoadCachedMetadata => obtaining lock
[51] 2026-03-29 09:00:29,026 DEBUG CachedMetadataProvider.LoadCachedMetadata => deserialized 23 files.
[51] 2026-03-29 09:00:29,026 DEBUG CachedMetadataProvider.LoadCachedMetadata => obtaining lock
[51] 2026-03-29 09:00:29,028 DEBUG CachedMetadataProvider.LoadCachedMetadata => deserialized 23 files.
[51] 2026-03-29 09:00:29,028 DEBUG CachedMetadataProvider.LoadCachedMetadata => obtaining lock
[51] 2026-03-29 09:00:29,033 DEBUG CachedMetadataProvider.LoadCachedMetadata => deserialized 23 files.
[51] 2026-03-29 09:00:29,033 DEBUG CachedMetadataProvider.LoadCachedMetadata => obtaining lock
[51] 2026-03-29 09:00:29,036 DEBUG CachedMetadataProvider.LoadCachedMetadata => deserialized 23 files.
[51] 2026-03-29 09:00:29,036 DEBUG CachedMetadataProvider.LoadCachedMetadata => obtaining lock
[51] 2026-03-29 09:00:29,039 DEBUG CachedMetadataProvider.LoadCachedMetadata => deserialized 23 files.
[51] 2026-03-29 09:00:29,039 DEBUG CachedMetadataProvider.LoadCachedMetadata => obtaining lock
[51] 2026-03-29 09:00:29,043 DEBUG CachedMetadataProvider.LoadCachedMetadata => deserialized 23 files.
[51] 2026-03-29 09:00:29,043 DEBUG CachedMetadataProvider.LoadCachedMetadata => obtaining lock
[51] 2026-03-29 09:00:29,046 DEBUG CachedMetadataProvider.LoadCachedMetadata => deserialized 23 files.
[51] 2026-03-29 09:00:29,047 DEBUG CachedMetadataProvider.LoadCachedMetadata => obtaining lock
[51] 2026-03-29 09:00:29,051 DEBUG CachedMetadataProvider.LoadCachedMetadata => deserialized 23 files.
[51] 2026-03-29 09:00:29,051 DEBUG CachedMetadataProvider.LoadCachedMetadata => obtaining lock
[51] 2026-03-29 09:00:29,053 DEBUG CachedMetadataProvider.LoadCachedMetadata => deserialized 23 files.
[51] 2026-03-29 09:00:29,054 DEBUG CachedMetadataProvider.LoadCachedMetadata => obtaining lock
[51] 2026-03-29 09:00:29,057 DEBUG CachedMetadataProvider.LoadCachedMetadata => deserialized 23 files.
[51] 2026-03-29 09:00:29,057 DEBUG CachedMetadataProvider.LoadCachedMetadata => obtaining lock
[51] 2026-03-29 09:00:29,060 DEBUG CachedMetadataProvider.LoadCachedMetadata => deserialized 23 files.
[51] 2026-03-29 09:00:29,061 DEBUG CachedMetadataProvider.LoadCachedMetadata => obtaining lock
[51] 2026-03-29 09:00:29,064 DEBUG CachedMetadataProvider.LoadCachedMetadata => deserialized 23 files.
[51] 2026-03-29 09:00:29,064 DEBUG CachedMetadataProvider.LoadCachedMetadata => obtaining lock
[51] 2026-03-29 09:00:29,067 DEBUG CachedMetadataProvider.LoadCachedMetadata => deserialized 23 files.
[51] 2026-03-29 09:00:29,067 DEBUG CachedMetadataProvider.LoadCachedMetadata => obtaining lock
[51] 2026-03-29 09:00:29,070 DEBUG CachedMetadataProvider.LoadCachedMetadata => deserialized 23 files.
[51] 2026-03-29 09:00:29,070 DEBUG CachedMetadataProvider.LoadCachedMetadata => obtaining lock
[51] 2026-03-29 09:00:29,074 DEBUG CachedMetadataProvider.LoadCachedMetadata => deserialized 23 files.
[51] 2026-03-29 09:00:29,074 DEBUG CachedMetadataProvider.LoadCachedMetadata => obtaining lock
[51] 2026-03-29 09:00:29,077 DEBUG CachedMetadataProvider.LoadCachedMetadata => deserialized 23 files.
[51] 2026-03-29 09:00:29,077 DEBUG ActionHandlerResolver.LoadPropertyBag => skipping field [SupersededUpdateIDs], not a simple type.
[51] 2026-03-29 09:00:29,078 DEBUG ActionHandlerResolver.Resolve => resolved action handler [WuaInstallerActionHandler]. Mapping: keys [ActionType,DataProviderType], values [Installation,DriverUpdate]
[51] 2026-03-29 09:00:29,078 INFO  ActionDelegator.Execute => Not executing action Installation on patch [c76f6748-fa6a-4feb-9121-798da084a057] - the patch is already in desired state.
[51] 2026-03-29 09:00:29,078 DEBUG ActionHandlerResolver.LoadPropertyBag => skipping field [SupersededUpdateIDs], not a simple type.
[51] 2026-03-29 09:00:29,078 DEBUG ActionHandlerResolver.Resolve => resolved action handler [WuaInstallerActionHandler]. Mapping: keys [ActionType,DataProviderType], values [Installation,Wua]
[51] 2026-03-29 09:00:29,079 DEBUG ActionHandlerResolver.LoadPropertyBag => skipping field [SupersededUpdateIDs], not a simple type.
[51] 2026-03-29 09:00:29,079 DEBUG ActionHandlerResolver.Resolve => resolved action handler [ThirdPartyInstallerActionHandler]. Mapping: keys [ActionType,DataProviderType], values [Installation,ThirdParty]
[51] 2026-03-29 09:00:29,080 OFF   ActionDelegator.Execute => ------ processing 1 action(s) for action handler: [WuaInstallerActionHandler]. Time limit: 2026-03-29 12:00 ------
[51] 2026-03-29 09:00:29,080 DEBUG 		Installation: [4d69bd5e-0bb4-4e24-a64c-48655d19e02b] Advanced Micro Devices, Inc. Driver Update (25.20.0.6), 
[51] 2026-03-29 09:00:29,081 DEBUG WuaInstallerActionHandler.Execute => Running installation =====>>> Step 1 <<<=====
[1] 2026-03-29 09:00:29,399 DEBUG Enter >>> WuaUtilities.SetPreferredUpdateService()
[1] 2026-03-29 09:00:29,784 DEBUG Enter >>> WuaUtilities.FindService("7971f918-a847-4430-9279-4a52d1efe18d")
[1] 2026-03-29 09:00:29,785 DEBUG Exit  <<< WuaUtilities.FindService("7971f918-a847-4430-9279-4a52d1efe18d"), returns System.__ComObject
[1] 2026-03-29 09:00:29,786 DEBUG Enter >>> WuaUtilities.SetSearcherService(System.__ComObject)
[1] 2026-03-29 09:00:29,786 DEBUG Exit  <<< WuaUtilities.SetSearcherService("System.__ComObject"), returns True
[1] 2026-03-29 09:00:29,787 INFO  WUA Update Service set to 7971f918-a847-4430-9279-4a52d1efe18d, ServerSelection = ssOthers
[1] 2026-03-29 09:00:29,787 DEBUG Exit  <<< WuaUtilities.SetPreferredUpdateService()
[1] 2026-03-29 09:00:29,787 INFO  WuaInstallerActionHandler.PreInstallSearch => search WUA patch [UpdateID='4d69bd5e-0bb4-4e24-a64c-48655d19e02b' and DeploymentAction=*]...
[1] 2026-03-29 09:01:01,477 INFO  WuaInstallerActionHandler.SubmitFilesForDownload => Patch has no installation package! [4d69bd5e-0bb4-4e24-a64c-48655d19e02b] Advanced Micro Devices, Inc. Driver Update (25.20.0.6)
[1] 2026-03-29 09:01:01,479 DEBUG WuaInstallerActionHandler.PreInstallDownload => Waiting for finishing patch installers download (time limit: 2026-03-29 11:01)
[1] 2026-03-29 09:01:01,480 DEBUG WuaInstallerActionHandler.PreInstallDownload => Download of installation files for [4d69bd5e-0bb4-4e24-a64c-48655d19e02b] patch is finished...
[1] 2026-03-29 09:01:01,483 DEBUG WuaService.UpdateLastSuccessTimeDownloadInRegistry => LastSuccessTime value in registry: 2026-03-26 07:26:02
[1] 2026-03-29 09:01:01,484 OFF   WuaService.UpdateLastSuccessTimeDownloadInRegistry => setting LastSuccessTime to: 2026-03-29 06:01:01 [Culture is: en-IL]
[1] 2026-03-29 09:01:01,495 INFO  WuaInstallerActionHandler.Install => installing [1] WUA patch(es)...
[1] 2026-03-29 09:01:02,368 OFF   WuaInstallerActionHandler.Install => installation of [1] WUA patch(es) finished with result code [0/orcSucceeded], reboot: [False]. 
[1] 2026-03-29 09:01:02,369 DEBUG WuaInstallerActionHandler.Commit => (new interface)
[1] 2026-03-29 09:01:02,385 OFF   WuaInstallerActionHandler.ProcessInstallationResult => Installed [4d69bd5e-0bb4-4e24-a64c-48655d19e02b], result code: orcSucceeded, hResult: 0, reboot required: NotRequired
[51] 2026-03-29 09:01:02,441 DEBUG ActionDelegator.Execute => ------ processing action finished. Id: 4d69bd5e-0bb4-4e24-a64c-48655d19e02b, Error: , RebootRequired: False
[51] 2026-03-29 09:01:02,441 OFF   ActionDelegator.Execute => ------ processing 1 action(s) for action handler: [WuaInstallerActionHandler]. Time limit: 2026-03-29 12:00 ------
[51] 2026-03-29 09:01:02,441 DEBUG 		Installation: [b3299488-8cc5-405e-a1f4-304855b2e644] 2026-03 Phi Silica AI Component Update (KB5084167), 5084167
[51] 2026-03-29 09:01:02,442 DEBUG WuaInstallerActionHandler.Execute => Running installation =====>>> Step 1 <<<=====
[1] 2026-03-29 09:01:02,699 DEBUG Enter >>> WuaUtilities.SetPreferredUpdateService()
[1] 2026-03-29 09:01:02,708 DEBUG Enter >>> WuaUtilities.FindService("7971f918-a847-4430-9279-4a52d1efe18d")
[1] 2026-03-29 09:01:02,710 DEBUG Exit  <<< WuaUtilities.FindService("7971f918-a847-4430-9279-4a52d1efe18d"), returns System.__ComObject
[1] 2026-03-29 09:01:02,710 DEBUG Enter >>> WuaUtilities.SetSearcherService(System.__ComObject)
[1] 2026-03-29 09:01:02,711 DEBUG Exit  <<< WuaUtilities.SetSearcherService("System.__ComObject"), returns True
[1] 2026-03-29 09:01:02,711 INFO  WUA Update Service set to 7971f918-a847-4430-9279-4a52d1efe18d, ServerSelection = ssOthers
[1] 2026-03-29 09:01:02,712 DEBUG Exit  <<< WuaUtilities.SetPreferredUpdateService()
[1] 2026-03-29 09:01:02,712 INFO  WuaInstallerActionHandler.PreInstallSearch => search WUA patch [UpdateID='b3299488-8cc5-405e-a1f4-304855b2e644' and DeploymentAction=*]...
[1] 2026-03-29 09:01:31,431 INFO  WuaInstallerActionHandler.SubmitFilesForDownload => Patch has no installation package! [b3299488-8cc5-405e-a1f4-304855b2e644] 2026-03 Phi Silica AI Component Update (KB5084167)
[1] 2026-03-29 09:01:31,433 DEBUG WuaInstallerActionHandler.PreInstallDownload => Waiting for finishing patch installers download (time limit: 2026-03-29 11:01)
[1] 2026-03-29 09:01:31,434 DEBUG WuaInstallerActionHandler.PreInstallDownload => Download of installation files for [b3299488-8cc5-405e-a1f4-304855b2e644] patch is finished...
[1] 2026-03-29 09:01:31,437 DEBUG WuaService.UpdateLastSuccessTimeDownloadInRegistry => LastSuccessTime value in registry: 2026-03-29 06:01:01
[1] 2026-03-29 09:01:31,438 OFF   WuaService.UpdateLastSuccessTimeDownloadInRegistry => setting LastSuccessTime to: 2026-03-29 06:01:31 [Culture is: en-IL]
[1] 2026-03-29 09:01:31,444 DEBUG WuaInstallerActionHandler.DownloadDirectlyByWua => start download by WUA [b3299488-8cc5-405e-a1f4-304855b2e644]
[1] 2026-03-29 09:02:07,296 DEBUG WuaInstallerActionHandler.DownloadDirectlyByWua => successful download by WUA [b3299488-8cc5-405e-a1f4-304855b2e644]
[1] 2026-03-29 09:02:07,300 INFO  WuaInstallerActionHandler.Install => installing [1] WUA patch(es)...
[1] 2026-03-29 09:02:22,298 OFF   WuaInstallerActionHandler.Install => installation of [1] WUA patch(es) finished with result code [0/orcSucceeded], reboot: [False]. 
[1] 2026-03-29 09:02:22,299 DEBUG WuaInstallerActionHandler.Commit => (new interface)
[1] 2026-03-29 09:02:22,309 OFF   WuaInstallerActionHandler.ProcessInstallationResult => Installed [b3299488-8cc5-405e-a1f4-304855b2e644], result code: orcSucceeded, hResult: 0, reboot required: NotRequired
[51] 2026-03-29 09:02:22,427 DEBUG ActionDelegator.Execute => ------ processing action finished. Id: b3299488-8cc5-405e-a1f4-304855b2e644, Error: , RebootRequired: False
[51] 2026-03-29 09:02:22,427 OFF   ActionDelegator.Execute => ------ processing 1 action(s) for action handler: [ThirdPartyInstallerActionHandler]. Time limit: 2026-03-29 12:00 ------
[51] 2026-03-29 09:02:22,427 DEBUG 		Installation: [7c46d84b-e4c8-4dba-a3f9-b1e9818bb7ff] Chrome (x64) 146.0.7680.165, 
[51] 2026-03-29 09:02:23,723 DEBUG ThirdPartyInstallerActionHandler.SubmitFilesForDownload => submitting file for download [7c46d84b-e4c8-4dba-a3f9-b1e9818bb7ff.1] [https://dl.google.com/tag/s/appguid%3D%7B8A69D345-D564-463C-AFF1-A69D9E530F96%7D%26iid%3D%7BA812BA5F-B124-5A68-2F5B-4DF63A862C4F%7D%26lang%3Den%26browser%3D4%26usagestats%3D0%26appname%3DGoogle%2520Chrome%26needsadmin%3Dtrue%26ap%3Dx64-stable-statsdef_0%26brand%3DGCEA/dl/chrome/install/googlechromestandaloneenterprise64.msi]
[51] 2026-03-29 09:02:23,725 DEBUG ThirdPartyInstallerActionHandler.Execute => Waiting for finishing patch installers download (time limit: 2026-03-29 11:02)
[51] 2026-03-29 09:02:23,725 DEBUG ThirdPartyInstallerActionHandler.IsDownloadCompleted => checking download status for file [7c46d84b-e4c8-4dba-a3f9-b1e9818bb7ff.1] [https://dl.google.com/tag/s/appguid%3D%7B8A69D345-D564-463C-AFF1-A69D9E530F96%7D%26iid%3D%7BA812BA5F-B124-5A68-2F5B-4DF63A862C4F%7D%26lang%3Den%26browser%3D4%26usagestats%3D0%26appname%3DGoogle%2520Chrome%26needsadmin%3Dtrue%26ap%3Dx64-stable-statsdef_0%26brand%3DGCEA/dl/chrome/install/googlechromestandaloneenterprise64.msi], IsDownloadCompleted = False
[51] 2026-03-29 09:02:23,725 DEBUG ThirdPartyInstallerActionHandler.Execute => Download of installation files for remaining 1 patches is still in progress, waiting 10 seconds...
[51] 2026-03-29 09:02:33,740 DEBUG ThirdPartyInstallerActionHandler.IsDownloadCompleted => checking download status for file [7c46d84b-e4c8-4dba-a3f9-b1e9818bb7ff.1] [https://dl.google.com/tag/s/appguid%3D%7B8A69D345-D564-463C-AFF1-A69D9E530F96%7D%26iid%3D%7BA812BA5F-B124-5A68-2F5B-4DF63A862C4F%7D%26lang%3Den%26browser%3D4%26usagestats%3D0%26appname%3DGoogle%2520Chrome%26needsadmin%3Dtrue%26ap%3Dx64-stable-statsdef_0%26brand%3DGCEA/dl/chrome/install/googlechromestandaloneenterprise64.msi], IsDownloadCompleted = True
[51] 2026-03-29 09:02:33,741 DEBUG ThirdPartyInstallerActionHandler.Execute => Download of installation files for [7c46d84b-e4c8-4dba-a3f9-b1e9818bb7ff] patch is finished, starting installation...
[51] 2026-03-29 09:02:33,742 DEBUG ThirdPartyInstallerActionHandler.Download => Downloading file [7c46d84b-e4c8-4dba-a3f9-b1e9818bb7ff.1] to [C:\ProgramData\MspPlatform\PME\ThirdPartyPatch\Downloads\f7aa248b-6982-498c-825d-847b0104f3a2\googlechromestandaloneenterprise64.msi]
[51] 2026-03-29 09:02:34,615 DEBUG ThirdPartyInstallerActionHandler.ExecuteImpl => handling actionType: 'Installation', GUID: '7c46d84b-e4c8-4dba-a3f9-b1e9818bb7ff'
[51] 2026-03-29 09:02:34,616 DEBUG Extracted the following data from ThirdPartyPatch [Chrome] Installed: [146.0.7680.154] > Latest: [146.0.7680.165]
[51] 2026-03-29 09:02:42,732 DEBUG ActionDelegator.Execute => ------ processing action finished. Id: 7c46d84b-e4c8-4dba-a3f9-b1e9818bb7ff, Error: , RebootRequired: False
[51] 2026-03-29 09:02:42,733 OFF   =============================>>> Processing Actions finished <<<=============================
[51] 2026-03-29 09:04:00,128 DEBUG CachedMetadataProvider.LoadCachedMetadata => obtaining lock
[51] 2026-03-29 09:04:00,134 DEBUG CachedMetadataProvider.LoadCachedMetadata => deserialized 23 files.
[56] 2026-03-29 11:04:55,717 DEBUG CachedMetadataProvider.LoadCachedMetadata => obtaining lock
[56] 2026-03-29 11:04:55,724 DEBUG CachedMetadataProvider.LoadCachedMetadata => deserialized 23 files.
[56] 2026-03-29 11:04:55,729 DEBUG CachedMetadataProvider.LoadCachedMetadata => obtaining lock
[56] 2026-03-29 11:04:55,736 DEBUG CachedMetadataProvider.LoadCachedMetadata => deserialized 23 files.
[56] 2026-03-29 11:04:55,738 DEBUG CachedMetadataProvider.SavePreviousCachedMetadata => obtaining lock
[56] 2026-03-29 11:04:55,780 DEBUG CachedMetadataProvider.SaveCachedMetadata => obtaining lock
[56] 2026-03-29 11:04:55,781 DEBUG CachedMetadataProvider.LoadCachedMetadata => obtaining lock
[56] 2026-03-29 11:04:55,781 DEBUG CachedMetadataProvider.LoadCachedMetadata => deserialized 0 files.
[56] 2026-03-29 11:04:55,783 DEBUG CachedMetadataProvider.LoadCachedMetadata => obtaining lock
[56] 2026-03-29 11:04:55,785 DEBUG CachedMetadataProvider.LoadCachedMetadata => deserialized 1 files.
[56] 2026-03-29 11:04:55,786 DEBUG CachedMetadataProvider.LoadCachedMetadata => obtaining lock
[56] 2026-03-29 11:04:55,787 DEBUG CachedMetadataProvider.LoadCachedMetadata => deserialized 2 files.
[56] 2026-03-29 11:04:55,788 DEBUG CachedMetadataProvider.LoadCachedMetadata => obtaining lock
[56] 2026-03-29 11:04:55,790 DEBUG CachedMetadataProvider.LoadCachedMetadata => deserialized 3 files.
[56] 2026-03-29 11:04:55,792 DEBUG CachedMetadataProvider.LoadCachedMetadata => obtaining lock
[56] 2026-03-29 11:04:55,793 DEBUG CachedMetadataProvider.LoadCachedMetadata => deserialized 4 files.
[56] 2026-03-29 11:04:55,795 DEBUG CachedMetadataProvider.LoadCachedMetadata => obtaining lock
[56] 2026-03-29 11:04:55,796 DEBUG CachedMetadataProvider.LoadCachedMetadata => deserialized 5 files.
[56] 2026-03-29 11:04:55,798 DEBUG CachedMetadataProvider.LoadCachedMetadata => obtaining lock
[56] 2026-03-29 11:04:55,800 DEBUG CachedMetadataProvider.LoadCachedMetadata => deserialized 6 files.
[56] 2026-03-29 11:04:55,801 DEBUG CachedMetadataProvider.LoadCachedMetadata => obtaining lock
[56] 2026-03-29 11:04:55,803 DEBUG CachedMetadataProvider.LoadCachedMetadata => deserialized 7 files.
[56] 2026-03-29 11:04:55,806 DEBUG CachedMetadataProvider.LoadCachedMetadata => obtaining lock
[56] 2026-03-29 11:04:55,808 DEBUG CachedMetadataProvider.LoadCachedMetadata => deserialized 8 files.
[56] 2026-03-29 11:04:55,810 DEBUG CachedMetadataProvider.LoadCachedMetadata => obtaining lock
[56] 2026-03-29 11:04:55,813 DEBUG CachedMetadataProvider.LoadCachedMetadata => deserialized 9 files.
[56] 2026-03-29 11:04:55,814 DEBUG CachedMetadataProvider.LoadCachedMetadata => obtaining lock
[56] 2026-03-29 11:04:55,817 DEBUG CachedMetadataProvider.LoadCachedMetadata => deserialized 10 files.
[56] 2026-03-29 11:04:55,818 DEBUG CachedMetadataProvider.LoadCachedMetadata => obtaining lock
[56] 2026-03-29 11:04:55,823 DEBUG CachedMetadataProvider.LoadCachedMetadata => deserialized 11 files.
[56] 2026-03-29 11:04:55,825 DEBUG CachedMetadataProvider.LoadCachedMetadata => obtaining lock
[56] 2026-03-29 11:04:55,828 DEBUG CachedMetadataProvider.LoadCachedMetadata => deserialized 12 files.
[56] 2026-03-29 11:04:55,829 DEBUG CachedMetadataProvider.LoadCachedMetadata => obtaining lock
[56] 2026-03-29 11:04:55,832 DEBUG CachedMetadataProvider.LoadCachedMetadata => deserialized 13 files.
[56] 2026-03-29 11:04:55,833 DEBUG CachedMetadataProvider.LoadCachedMetadata => obtaining lock
[56] 2026-03-29 11:04:55,838 DEBUG CachedMetadataProvider.LoadCachedMetadata => deserialized 14 files.
[56] 2026-03-29 11:04:55,839 DEBUG CachedMetadataProvider.LoadCachedMetadata => obtaining lock
[56] 2026-03-29 11:04:55,843 DEBUG CachedMetadataProvider.LoadCachedMetadata => deserialized 15 files.
[56] 2026-03-29 11:04:55,844 DEBUG CachedMetadataProvider.LoadCachedMetadata => obtaining lock
[56] 2026-03-29 11:04:55,849 DEBUG CachedMetadataProvider.LoadCachedMetadata => deserialized 16 files.
[56] 2026-03-29 11:04:55,849 DEBUG CachedMetadataProvider.LoadCachedMetadata => obtaining lock
[56] 2026-03-29 11:04:55,854 DEBUG CachedMetadataProvider.LoadCachedMetadata => deserialized 17 files.
[56] 2026-03-29 11:04:55,856 DEBUG CachedMetadataProvider.LoadCachedMetadata => obtaining lock
[56] 2026-03-29 11:04:55,859 DEBUG CachedMetadataProvider.LoadCachedMetadata => deserialized 18 files.
[56] 2026-03-29 11:04:55,860 DEBUG CachedMetadataProvider.LoadCachedMetadata => obtaining lock
[56] 2026-03-29 11:04:55,863 DEBUG CachedMetadataProvider.LoadCachedMetadata => deserialized 19 files.
[56] 2026-03-29 11:04:55,864 DEBUG CachedMetadataProvider.LoadCachedMetadata => obtaining lock
[56] 2026-03-29 11:04:55,908 DEBUG CachedMetadataProvider.LoadCachedMetadata => deserialized 20 files.
[56] 2026-03-29 11:04:55,910 DEBUG CachedMetadataProvider.LoadCachedMetadata => obtaining lock
[56] 2026-03-29 11:04:55,923 DEBUG CachedMetadataProvider.LoadCachedMetadata => deserialized 21 files.
[56] 2026-03-29 11:04:55,925 DEBUG CachedMetadataProvider.LoadCachedMetadata => obtaining lock
[56] 2026-03-29 11:04:55,937 DEBUG CachedMetadataProvider.LoadCachedMetadata => deserialized 22 files.
[56] 2026-03-29 11:04:55,939 DEBUG CachedMetadataProvider.LoadCachedMetadata => obtaining lock
[56] 2026-03-29 11:04:55,949 DEBUG CachedMetadataProvider.LoadCachedMetadata => deserialized 23 files.
[56] 2026-03-29 11:04:55,950 DEBUG CachedMetadataProvider.SaveCachedMetadata => saved 24 files.
[65] 2026-03-30 09:00:36,001 OFF   =============================================================================================
[65] 2026-03-30 09:00:36,003 OFF   ==================================>>>>> Start Actions <<<<<==================================
[65] 2026-03-30 09:00:36,003 OFF   ActionDelegator.Execute => processing 1 actions. Timeout: 180 minutes.
[65] 2026-03-30 09:00:36,005 DEBUG ActionDelegator.ExistsRegKey_SetupPhase => Check FU in progress. Checking registry key [HKEY_LOCAL_MACHINE\SYSTEM\Setup\MoSetup\Volatile\SetupPhase|[type=DWord]]: 
[65] 2026-03-30 09:00:36,005 DEBUG All Patch Prerequisites are installed.
[65] 2026-03-30 09:00:36,006 DEBUG CachedMetadataProvider.LoadCachedMetadata => obtaining lock
[65] 2026-03-30 09:00:36,017 DEBUG CachedMetadataProvider.LoadCachedMetadata => deserialized 24 files.
[65] 2026-03-30 09:00:36,017 DEBUG CachedMetadataProvider.LoadCachedMetadata => obtaining lock
[65] 2026-03-30 09:00:36,022 DEBUG CachedMetadataProvider.LoadCachedMetadata => deserialized 24 files.
[65] 2026-03-30 09:00:36,023 DEBUG CachedMetadataProvider.LoadCachedMetadata => obtaining lock
[65] 2026-03-30 09:00:36,030 DEBUG CachedMetadataProvider.LoadCachedMetadata => deserialized 24 files.
[65] 2026-03-30 09:00:36,032 DEBUG CachedMetadataProvider.LoadCachedMetadata => obtaining lock
[65] 2026-03-30 09:00:36,036 DEBUG CachedMetadataProvider.LoadCachedMetadata => deserialized 24 files.
[65] 2026-03-30 09:00:36,037 DEBUG CachedMetadataProvider.LoadCachedMetadata => obtaining lock
[65] 2026-03-30 09:00:36,041 DEBUG CachedMetadataProvider.LoadCachedMetadata => deserialized 24 files.
[65] 2026-03-30 09:00:36,042 DEBUG CachedMetadataProvider.LoadCachedMetadata => obtaining lock
[65] 2026-03-30 09:00:36,047 DEBUG CachedMetadataProvider.LoadCachedMetadata => deserialized 24 files.
[65] 2026-03-30 09:00:36,047 DEBUG CachedMetadataProvider.LoadCachedMetadata => obtaining lock
[65] 2026-03-30 09:00:36,052 DEBUG CachedMetadataProvider.LoadCachedMetadata => deserialized 24 files.
[65] 2026-03-30 09:00:36,053 DEBUG CachedMetadataProvider.LoadCachedMetadata => obtaining lock
[65] 2026-03-30 09:00:36,057 DEBUG CachedMetadataProvider.LoadCachedMetadata => deserialized 24 files.
[65] 2026-03-30 09:00:36,058 DEBUG CachedMetadataProvider.LoadCachedMetadata => obtaining lock
[65] 2026-03-30 09:00:36,063 DEBUG CachedMetadataProvider.LoadCachedMetadata => deserialized 24 files.
[65] 2026-03-30 09:00:36,064 DEBUG CachedMetadataProvider.LoadCachedMetadata => obtaining lock
[65] 2026-03-30 09:00:36,068 DEBUG CachedMetadataProvider.LoadCachedMetadata => deserialized 24 files.
[65] 2026-03-30 09:00:36,068 DEBUG CachedMetadataProvider.LoadCachedMetadata => obtaining lock
[65] 2026-03-30 09:00:36,073 DEBUG CachedMetadataProvider.LoadCachedMetadata => deserialized 24 files.
[65] 2026-03-30 09:00:36,073 DEBUG CachedMetadataProvider.LoadCachedMetadata => obtaining lock
[65] 2026-03-30 09:00:36,079 DEBUG CachedMetadataProvider.LoadCachedMetadata => deserialized 24 files.
[65] 2026-03-30 09:00:36,079 DEBUG CachedMetadataProvider.LoadCachedMetadata => obtaining lock
[65] 2026-03-30 09:00:36,084 DEBUG CachedMetadataProvider.LoadCachedMetadata => deserialized 24 files.
[65] 2026-03-30 09:00:36,084 DEBUG CachedMetadataProvider.LoadCachedMetadata => obtaining lock
[65] 2026-03-30 09:00:36,089 DEBUG CachedMetadataProvider.LoadCachedMetadata => deserialized 24 files.
[65] 2026-03-30 09:00:36,090 DEBUG CachedMetadataProvider.LoadCachedMetadata => obtaining lock
[65] 2026-03-30 09:00:36,095 DEBUG CachedMetadataProvider.LoadCachedMetadata => deserialized 24 files.
[65] 2026-03-30 09:00:36,096 DEBUG ActionHandlerResolver.LoadPropertyBag => skipping field [SupersededUpdateIDs], not a simple type.
[65] 2026-03-30 09:00:36,096 DEBUG ActionHandlerResolver.Resolve => resolved action handler [ThirdPartyInstallerActionHandler]. Mapping: keys [ActionType,DataProviderType], values [Installation,ThirdParty]
[65] 2026-03-30 09:00:36,097 OFF   ActionDelegator.Execute => ------ processing 1 action(s) for action handler: [ThirdPartyInstallerActionHandler]. Time limit: 2026-03-30 12:00 ------
[65] 2026-03-30 09:00:36,097 DEBUG 		Installation: [7c46d84b-e4c8-4dba-a3f9-b1e9818bb7ff] Chrome (x64) 146.0.7680.165, 
[65] 2026-03-30 09:00:49,758 DEBUG ThirdPartyInstallerActionHandler.SubmitFilesForDownload => submitting file for download [7c46d84b-e4c8-4dba-a3f9-b1e9818bb7ff.1] [https://dl.google.com/tag/s/appguid%3D%7B8A69D345-D564-463C-AFF1-A69D9E530F96%7D%26iid%3D%7BA812BA5F-B124-5A68-2F5B-4DF63A862C4F%7D%26lang%3Den%26browser%3D4%26usagestats%3D0%26appname%3DGoogle%2520Chrome%26needsadmin%3Dtrue%26ap%3Dx64-stable-statsdef_0%26brand%3DGCEA/dl/chrome/install/googlechromestandaloneenterprise64.msi]
[65] 2026-03-30 09:00:49,760 DEBUG ThirdPartyInstallerActionHandler.Execute => Waiting for finishing patch installers download (time limit: 2026-03-30 11:00)
[65] 2026-03-30 09:00:49,761 DEBUG ThirdPartyInstallerActionHandler.IsDownloadCompleted => checking download status for file [7c46d84b-e4c8-4dba-a3f9-b1e9818bb7ff.1] [https://dl.google.com/tag/s/appguid%3D%7B8A69D345-D564-463C-AFF1-A69D9E530F96%7D%26iid%3D%7BA812BA5F-B124-5A68-2F5B-4DF63A862C4F%7D%26lang%3Den%26browser%3D4%26usagestats%3D0%26appname%3DGoogle%2520Chrome%26needsadmin%3Dtrue%26ap%3Dx64-stable-statsdef_0%26brand%3DGCEA/dl/chrome/install/googlechromestandaloneenterprise64.msi], IsDownloadCompleted = True
[65] 2026-03-30 09:00:49,761 DEBUG ThirdPartyInstallerActionHandler.Execute => Download of installation files for [7c46d84b-e4c8-4dba-a3f9-b1e9818bb7ff] patch is finished, starting installation...
[65] 2026-03-30 09:00:49,763 DEBUG ThirdPartyInstallerActionHandler.Download => Downloading file [7c46d84b-e4c8-4dba-a3f9-b1e9818bb7ff.1] to [C:\ProgramData\MspPlatform\PME\ThirdPartyPatch\Downloads\f7aa248b-6982-498c-825d-847b0104f3a2\googlechromestandaloneenterprise64.msi]
[65] 2026-03-30 09:00:50,634 DEBUG ThirdPartyInstallerActionHandler.ExecuteImpl => handling actionType: 'Installation', GUID: '7c46d84b-e4c8-4dba-a3f9-b1e9818bb7ff'
[65] 2026-03-30 09:00:50,635 DEBUG Extracted the following data from ThirdPartyPatch [Chrome] Installed: [146.0.7680.154] > Latest: [146.0.7680.165]
[65] 2026-03-30 09:00:59,145 DEBUG ActionDelegator.Execute => ------ processing action finished. Id: 7c46d84b-e4c8-4dba-a3f9-b1e9818bb7ff, Error: , RebootRequired: False
[65] 2026-03-30 09:00:59,146 OFF   =============================>>> Processing Actions finished <<<=============================
[57] 2026-03-30 09:02:45,510 DEBUG CachedMetadataProvider.LoadCachedMetadata => obtaining lock
[57] 2026-03-30 09:02:45,514 DEBUG CachedMetadataProvider.LoadCachedMetadata => deserialized 24 files.
[57] 2026-03-30 09:02:45,516 DEBUG CachedMetadataProvider.LoadCachedMetadata => obtaining lock
[57] 2026-03-30 09:02:45,519 DEBUG CachedMetadataProvider.LoadCachedMetadata => deserialized 24 files.
[57] 2026-03-30 09:02:45,519 DEBUG CachedMetadataProvider.SavePreviousCachedMetadata => obtaining lock
[57] 2026-03-30 09:02:45,535 DEBUG CachedMetadataProvider.SaveCachedMetadata => obtaining lock
[57] 2026-03-30 09:02:45,536 DEBUG CachedMetadataProvider.LoadCachedMetadata => obtaining lock
[57] 2026-03-30 09:02:45,536 DEBUG CachedMetadataProvider.LoadCachedMetadata => deserialized 0 files.
[57] 2026-03-30 09:02:45,537 DEBUG CachedMetadataProvider.LoadCachedMetadata => obtaining lock
[57] 2026-03-30 09:02:45,538 DEBUG CachedMetadataProvider.LoadCachedMetadata => deserialized 1 files.
[57] 2026-03-30 09:02:45,538 DEBUG CachedMetadataProvider.LoadCachedMetadata => obtaining lock
[57] 2026-03-30 09:02:45,540 DEBUG CachedMetadataProvider.LoadCachedMetadata => deserialized 2 files.
[57] 2026-03-30 09:02:45,541 DEBUG CachedMetadataProvider.LoadCachedMetadata => obtaining lock
[57] 2026-03-30 09:02:45,542 DEBUG CachedMetadataProvider.LoadCachedMetadata => deserialized 3 files.
[57] 2026-03-30 09:02:45,542 DEBUG CachedMetadataProvider.LoadCachedMetadata => obtaining lock
[57] 2026-03-30 09:02:45,543 DEBUG CachedMetadataProvider.LoadCachedMetadata => deserialized 4 files.
[57] 2026-03-30 09:02:45,544 DEBUG CachedMetadataProvider.LoadCachedMetadata => obtaining lock
[57] 2026-03-30 09:02:45,545 DEBUG CachedMetadataProvider.LoadCachedMetadata => deserialized 5 files.
[57] 2026-03-30 09:02:45,545 DEBUG CachedMetadataProvider.LoadCachedMetadata => obtaining lock
[57] 2026-03-30 09:02:45,546 DEBUG CachedMetadataProvider.LoadCachedMetadata => deserialized 6 files.
[57] 2026-03-30 09:02:45,547 DEBUG CachedMetadataProvider.LoadCachedMetadata => obtaining lock
[57] 2026-03-30 09:02:45,549 DEBUG CachedMetadataProvider.LoadCachedMetadata => deserialized 7 files.
[57] 2026-03-30 09:02:45,550 DEBUG CachedMetadataProvider.LoadCachedMetadata => obtaining lock
[57] 2026-03-30 09:02:45,552 DEBUG CachedMetadataProvider.LoadCachedMetadata => deserialized 8 files.
[57] 2026-03-30 09:02:45,553 DEBUG CachedMetadataProvider.LoadCachedMetadata => obtaining lock
[57] 2026-03-30 09:02:45,555 DEBUG CachedMetadataProvider.LoadCachedMetadata => deserialized 9 files.
[57] 2026-03-30 09:02:45,556 DEBUG CachedMetadataProvider.LoadCachedMetadata => obtaining lock
[57] 2026-03-30 09:02:45,558 DEBUG CachedMetadataProvider.LoadCachedMetadata => deserialized 10 files.
[57] 2026-03-30 09:02:45,559 DEBUG CachedMetadataProvider.LoadCachedMetadata => obtaining lock
[57] 2026-03-30 09:02:45,560 DEBUG CachedMetadataProvider.LoadCachedMetadata => deserialized 11 files.
[57] 2026-03-30 09:02:45,561 DEBUG CachedMetadataProvider.LoadCachedMetadata => obtaining lock
[57] 2026-03-30 09:02:45,563 DEBUG CachedMetadataProvider.LoadCachedMetadata => deserialized 12 files.
[57] 2026-03-30 09:02:45,563 DEBUG CachedMetadataProvider.LoadCachedMetadata => obtaining lock
[57] 2026-03-30 09:02:45,565 DEBUG CachedMetadataProvider.LoadCachedMetadata => deserialized 13 files.
[57] 2026-03-30 09:02:45,566 DEBUG CachedMetadataProvider.LoadCachedMetadata => obtaining lock
[57] 2026-03-30 09:02:45,568 DEBUG CachedMetadataProvider.LoadCachedMetadata => deserialized 14 files.
[57] 2026-03-30 09:02:45,569 DEBUG CachedMetadataProvider.LoadCachedMetadata => obtaining lock
[57] 2026-03-30 09:02:45,572 DEBUG CachedMetadataProvider.LoadCachedMetadata => deserialized 15 files.
[57] 2026-03-30 09:02:45,573 DEBUG CachedMetadataProvider.LoadCachedMetadata => obtaining lock
[57] 2026-03-30 09:02:45,575 DEBUG CachedMetadataProvider.LoadCachedMetadata => deserialized 16 files.
[57] 2026-03-30 09:02:45,576 DEBUG CachedMetadataProvider.LoadCachedMetadata => obtaining lock
[57] 2026-03-30 09:02:45,579 DEBUG CachedMetadataProvider.LoadCachedMetadata => deserialized 17 files.
[57] 2026-03-30 09:02:45,579 DEBUG CachedMetadataProvider.LoadCachedMetadata => obtaining lock
[57] 2026-03-30 09:02:45,581 DEBUG CachedMetadataProvider.LoadCachedMetadata => deserialized 18 files.
[57] 2026-03-30 09:02:45,582 DEBUG CachedMetadataProvider.LoadCachedMetadata => obtaining lock
[57] 2026-03-30 09:02:45,587 DEBUG CachedMetadataProvider.LoadCachedMetadata => deserialized 19 files.
[57] 2026-03-30 09:02:45,588 DEBUG CachedMetadataProvider.LoadCachedMetadata => obtaining lock
[57] 2026-03-30 09:02:45,592 DEBUG CachedMetadataProvider.LoadCachedMetadata => deserialized 20 files.
[57] 2026-03-30 09:02:45,594 DEBUG CachedMetadataProvider.LoadCachedMetadata => obtaining lock
[57] 2026-03-30 09:02:45,598 DEBUG CachedMetadataProvider.LoadCachedMetadata => deserialized 21 files.
[57] 2026-03-30 09:02:45,599 DEBUG CachedMetadataProvider.LoadCachedMetadata => obtaining lock
[57] 2026-03-30 09:02:45,605 DEBUG CachedMetadataProvider.LoadCachedMetadata => deserialized 22 files.
[57] 2026-03-30 09:02:45,606 DEBUG CachedMetadataProvider.LoadCachedMetadata => obtaining lock
[57] 2026-03-30 09:02:45,610 DEBUG CachedMetadataProvider.LoadCachedMetadata => deserialized 23 files.
[57] 2026-03-30 09:02:45,610 DEBUG CachedMetadataProvider.LoadCachedMetadata => obtaining lock
[57] 2026-03-30 09:02:45,614 DEBUG CachedMetadataProvider.LoadCachedMetadata => deserialized 24 files.
[57] 2026-03-30 09:02:45,616 DEBUG CachedMetadataProvider.SaveCachedMetadata => saved 25 files.
[58] 2026-03-30 11:01:46,815 DEBUG CachedMetadataProvider.LoadCachedMetadata => obtaining lock
[58] 2026-03-30 11:01:46,821 DEBUG CachedMetadataProvider.LoadCachedMetadata => deserialized 25 files.
[56] 2026-03-31 13:16:58,771 DEBUG CachedMetadataProvider.LoadCachedMetadata => obtaining lock
[56] 2026-03-31 13:16:58,797 DEBUG CachedMetadataProvider.LoadCachedMetadata => deserialized 25 files.
[56] 2026-03-31 13:16:58,800 DEBUG CachedMetadataProvider.LoadCachedMetadata => obtaining lock
[56] 2026-03-31 13:16:58,812 DEBUG CachedMetadataProvider.LoadCachedMetadata => deserialized 25 files.
[56] 2026-03-31 13:16:58,812 DEBUG CachedMetadataProvider.SavePreviousCachedMetadata => obtaining lock
[56] 2026-03-31 13:16:58,854 DEBUG CachedMetadataProvider.SaveCachedMetadata => obtaining lock
[56] 2026-03-31 13:16:58,855 DEBUG CachedMetadataProvider.LoadCachedMetadata => obtaining lock
[56] 2026-03-31 13:16:58,857 DEBUG CachedMetadataProvider.LoadCachedMetadata => deserialized 0 files.
[56] 2026-03-31 13:16:58,859 DEBUG CachedMetadataProvider.LoadCachedMetadata => obtaining lock
[56] 2026-03-31 13:16:58,859 DEBUG CachedMetadataProvider.LoadCachedMetadata => deserialized 1 files.
[56] 2026-03-31 13:16:58,860 DEBUG CachedMetadataProvider.LoadCachedMetadata => obtaining lock
[56] 2026-03-31 13:16:58,863 DEBUG CachedMetadataProvider.LoadCachedMetadata => deserialized 2 files.
[56] 2026-03-31 13:16:58,863 DEBUG CachedMetadataProvider.LoadCachedMetadata => obtaining lock
[56] 2026-03-31 13:16:58,865 DEBUG CachedMetadataProvider.LoadCachedMetadata => deserialized 3 files.
[56] 2026-03-31 13:16:58,867 DEBUG CachedMetadataProvider.LoadCachedMetadata => obtaining lock
[56] 2026-03-31 13:16:58,867 DEBUG CachedMetadataProvider.LoadCachedMetadata => deserialized 4 files.
[56] 2026-03-31 13:16:58,869 DEBUG CachedMetadataProvider.LoadCachedMetadata => obtaining lock
[56] 2026-03-31 13:16:58,871 DEBUG CachedMetadataProvider.LoadCachedMetadata => deserialized 5 files.
[56] 2026-03-31 13:16:58,872 DEBUG CachedMetadataProvider.LoadCachedMetadata => obtaining lock
[56] 2026-03-31 13:16:58,875 DEBUG CachedMetadataProvider.LoadCachedMetadata => deserialized 6 files.
[56] 2026-03-31 13:16:58,876 DEBUG CachedMetadataProvider.LoadCachedMetadata => obtaining lock
[56] 2026-03-31 13:16:58,878 DEBUG CachedMetadataProvider.LoadCachedMetadata => deserialized 7 files.
[56] 2026-03-31 13:16:58,880 DEBUG CachedMetadataProvider.LoadCachedMetadata => obtaining lock
[56] 2026-03-31 13:16:58,884 DEBUG CachedMetadataProvider.LoadCachedMetadata => deserialized 8 files.
[56] 2026-03-31 13:16:58,885 DEBUG CachedMetadataProvider.LoadCachedMetadata => obtaining lock
[56] 2026-03-31 13:16:58,890 DEBUG CachedMetadataProvider.LoadCachedMetadata => deserialized 9 files.
[56] 2026-03-31 13:16:58,891 DEBUG CachedMetadataProvider.LoadCachedMetadata => obtaining lock
[56] 2026-03-31 13:16:58,899 DEBUG CachedMetadataProvider.LoadCachedMetadata => deserialized 10 files.
[56] 2026-03-31 13:16:58,901 DEBUG CachedMetadataProvider.LoadCachedMetadata => obtaining lock
[56] 2026-03-31 13:16:58,905 DEBUG CachedMetadataProvider.LoadCachedMetadata => deserialized 11 files.
[56] 2026-03-31 13:16:58,907 DEBUG CachedMetadataProvider.LoadCachedMetadata => obtaining lock
[56] 2026-03-31 13:16:58,913 DEBUG CachedMetadataProvider.LoadCachedMetadata => deserialized 12 files.
[56] 2026-03-31 13:16:58,914 DEBUG CachedMetadataProvider.LoadCachedMetadata => obtaining lock
[56] 2026-03-31 13:16:58,919 DEBUG CachedMetadataProvider.LoadCachedMetadata => deserialized 13 files.
[56] 2026-03-31 13:16:58,920 DEBUG CachedMetadataProvider.LoadCachedMetadata => obtaining lock
[56] 2026-03-31 13:16:58,924 DEBUG CachedMetadataProvider.LoadCachedMetadata => deserialized 14 files.
[56] 2026-03-31 13:16:58,925 DEBUG CachedMetadataProvider.LoadCachedMetadata => obtaining lock
[56] 2026-03-31 13:16:58,929 DEBUG CachedMetadataProvider.LoadCachedMetadata => deserialized 15 files.
[56] 2026-03-31 13:16:58,930 DEBUG CachedMetadataProvider.LoadCachedMetadata => obtaining lock
[56] 2026-03-31 13:16:58,937 DEBUG CachedMetadataProvider.LoadCachedMetadata => deserialized 16 files.
[56] 2026-03-31 13:16:58,939 DEBUG CachedMetadataProvider.LoadCachedMetadata => obtaining lock
[56] 2026-03-31 13:16:58,945 DEBUG CachedMetadataProvider.LoadCachedMetadata => deserialized 17 files.
[56] 2026-03-31 13:16:58,946 DEBUG CachedMetadataProvider.LoadCachedMetadata => obtaining lock
[56] 2026-03-31 13:16:58,957 DEBUG CachedMetadataProvider.LoadCachedMetadata => deserialized 18 files.
[56] 2026-03-31 13:16:58,958 DEBUG CachedMetadataProvider.LoadCachedMetadata => obtaining lock
[56] 2026-03-31 13:16:58,965 DEBUG CachedMetadataProvider.LoadCachedMetadata => deserialized 19 files.
[56] 2026-03-31 13:16:58,966 DEBUG CachedMetadataProvider.LoadCachedMetadata => obtaining lock
[56] 2026-03-31 13:16:58,978 DEBUG CachedMetadataProvider.LoadCachedMetadata => deserialized 20 files.
[56] 2026-03-31 13:16:58,980 DEBUG CachedMetadataProvider.LoadCachedMetadata => obtaining lock
[56] 2026-03-31 13:16:58,986 DEBUG CachedMetadataProvider.LoadCachedMetadata => deserialized 21 files.
[56] 2026-03-31 13:16:58,989 DEBUG CachedMetadataProvider.LoadCachedMetadata => obtaining lock
[56] 2026-03-31 13:16:58,997 DEBUG CachedMetadataProvider.LoadCachedMetadata => deserialized 22 files.
[56] 2026-03-31 13:16:58,998 DEBUG CachedMetadataProvider.LoadCachedMetadata => obtaining lock
[56] 2026-03-31 13:16:59,007 DEBUG CachedMetadataProvider.LoadCachedMetadata => deserialized 23 files.
[56] 2026-03-31 13:16:59,008 DEBUG CachedMetadataProvider.LoadCachedMetadata => obtaining lock
[56] 2026-03-31 13:16:59,014 DEBUG CachedMetadataProvider.LoadCachedMetadata => deserialized 24 files.
[56] 2026-03-31 13:16:59,015 DEBUG CachedMetadataProvider.LoadCachedMetadata => obtaining lock
[56] 2026-03-31 13:16:59,026 DEBUG CachedMetadataProvider.LoadCachedMetadata => deserialized 25 files.
[56] 2026-03-31 13:16:59,027 DEBUG CachedMetadataProvider.SaveCachedMetadata => saved 26 files.
[14] 2026-04-02 08:03:30,990 DEBUG CachedMetadataProvider.LoadCachedMetadata => obtaining lock
[14] 2026-04-02 08:03:31,051 DEBUG CachedMetadataProvider.LoadCachedMetadata => deserialized 26 files.
[14] 2026-04-02 08:03:31,051 DEBUG CachedMetadataProvider.SavePreviousCachedMetadata => obtaining lock
[14] 2026-04-02 08:03:31,080 DEBUG CachedMetadataProvider.SaveCachedMetadata => obtaining lock
[14] 2026-04-02 08:03:31,081 DEBUG CachedMetadataProvider.LoadCachedMetadata => obtaining lock
[14] 2026-04-02 08:03:31,081 DEBUG CachedMetadataProvider.LoadCachedMetadata => deserialized 0 files.
[14] 2026-04-02 08:03:31,083 DEBUG CachedMetadataProvider.LoadCachedMetadata => obtaining lock
[14] 2026-04-02 08:03:31,084 DEBUG CachedMetadataProvider.LoadCachedMetadata => deserialized 1 files.
[14] 2026-04-02 08:03:31,085 DEBUG CachedMetadataProvider.LoadCachedMetadata => obtaining lock
[14] 2026-04-02 08:03:31,088 DEBUG CachedMetadataProvider.LoadCachedMetadata => deserialized 2 files.
[14] 2026-04-02 08:03:31,089 DEBUG CachedMetadataProvider.LoadCachedMetadata => obtaining lock
[14] 2026-04-02 08:03:31,091 DEBUG CachedMetadataProvider.LoadCachedMetadata => deserialized 3 files.
[14] 2026-04-02 08:03:31,092 DEBUG CachedMetadataProvider.LoadCachedMetadata => obtaining lock
[14] 2026-04-02 08:03:31,094 DEBUG CachedMetadataProvider.LoadCachedMetadata => deserialized 4 files.
[14] 2026-04-02 08:03:31,098 DEBUG CachedMetadataProvider.LoadCachedMetadata => obtaining lock
[14] 2026-04-02 08:03:31,100 DEBUG CachedMetadataProvider.LoadCachedMetadata => deserialized 5 files.
[14] 2026-04-02 08:03:31,101 DEBUG CachedMetadataProvider.LoadCachedMetadata => obtaining lock
[14] 2026-04-02 08:03:31,103 DEBUG CachedMetadataProvider.LoadCachedMetadata => deserialized 6 files.
[14] 2026-04-02 08:03:31,105 DEBUG CachedMetadataProvider.LoadCachedMetadata => obtaining lock
[14] 2026-04-02 08:03:31,107 DEBUG CachedMetadataProvider.LoadCachedMetadata => deserialized 7 files.
[14] 2026-04-02 08:03:31,109 DEBUG CachedMetadataProvider.LoadCachedMetadata => obtaining lock
[14] 2026-04-02 08:03:31,113 DEBUG CachedMetadataProvider.LoadCachedMetadata => deserialized 8 files.
[14] 2026-04-02 08:03:31,115 DEBUG CachedMetadataProvider.LoadCachedMetadata => obtaining lock
[14] 2026-04-02 08:03:31,118 DEBUG CachedMetadataProvider.LoadCachedMetadata => deserialized 9 files.
[14] 2026-04-02 08:03:31,119 DEBUG CachedMetadataProvider.LoadCachedMetadata => obtaining lock
[14] 2026-04-02 08:03:31,122 DEBUG CachedMetadataProvider.LoadCachedMetadata => deserialized 10 files.
[14] 2026-04-02 08:03:31,123 DEBUG CachedMetadataProvider.LoadCachedMetadata => obtaining lock
[14] 2026-04-02 08:03:31,128 DEBUG CachedMetadataProvider.LoadCachedMetadata => deserialized 11 files.
[14] 2026-04-02 08:03:31,129 DEBUG CachedMetadataProvider.LoadCachedMetadata => obtaining lock
[14] 2026-04-02 08:03:31,132 DEBUG CachedMetadataProvider.LoadCachedMetadata => deserialized 12 files.
[14] 2026-04-02 08:03:31,133 DEBUG CachedMetadataProvider.LoadCachedMetadata => obtaining lock
[14] 2026-04-02 08:03:31,137 DEBUG CachedMetadataProvider.LoadCachedMetadata => deserialized 13 files.
[14] 2026-04-02 08:03:31,139 DEBUG CachedMetadataProvider.LoadCachedMetadata => obtaining lock
[14] 2026-04-02 08:03:31,144 DEBUG CachedMetadataProvider.LoadCachedMetadata => deserialized 14 files.
[14] 2026-04-02 08:03:31,145 DEBUG CachedMetadataProvider.LoadCachedMetadata => obtaining lock
[14] 2026-04-02 08:03:31,150 DEBUG CachedMetadataProvider.LoadCachedMetadata => deserialized 15 files.
[14] 2026-04-02 08:03:31,151 DEBUG CachedMetadataProvider.LoadCachedMetadata => obtaining lock
[14] 2026-04-02 08:03:31,155 DEBUG CachedMetadataProvider.LoadCachedMetadata => deserialized 16 files.
[14] 2026-04-02 08:03:31,157 DEBUG CachedMetadataProvider.LoadCachedMetadata => obtaining lock
[14] 2026-04-02 08:03:31,162 DEBUG CachedMetadataProvider.LoadCachedMetadata => deserialized 17 files.
[14] 2026-04-02 08:03:31,163 DEBUG CachedMetadataProvider.SaveCachedMetadata => saved 18 files.
[12] 2026-04-04 07:51:40,976 DEBUG CachedMetadataProvider.LoadCachedMetadata => obtaining lock
[12] 2026-04-04 07:51:41,026 DEBUG CachedMetadataProvider.LoadCachedMetadata => deserialized 18 files.
[12] 2026-04-04 07:51:41,027 DEBUG CachedMetadataProvider.SavePreviousCachedMetadata => obtaining lock
[12] 2026-04-04 07:51:41,053 DEBUG CachedMetadataProvider.SaveCachedMetadata => obtaining lock
[12] 2026-04-04 07:51:41,054 DEBUG CachedMetadataProvider.LoadCachedMetadata => obtaining lock
[12] 2026-04-04 07:51:41,055 DEBUG CachedMetadataProvider.LoadCachedMetadata => deserialized 0 files.
[12] 2026-04-04 07:51:41,056 DEBUG CachedMetadataProvider.LoadCachedMetadata => obtaining lock
[12] 2026-04-04 07:51:41,057 DEBUG CachedMetadataProvider.LoadCachedMetadata => deserialized 1 files.
[12] 2026-04-04 07:51:41,059 DEBUG CachedMetadataProvider.LoadCachedMetadata => obtaining lock
[12] 2026-04-04 07:51:41,061 DEBUG CachedMetadataProvider.LoadCachedMetadata => deserialized 2 files.
[12] 2026-04-04 07:51:41,063 DEBUG CachedMetadataProvider.LoadCachedMetadata => obtaining lock
[12] 2026-04-04 07:51:41,064 DEBUG CachedMetadataProvider.LoadCachedMetadata => deserialized 3 files.
[12] 2026-04-04 07:51:41,066 DEBUG CachedMetadataProvider.LoadCachedMetadata => obtaining lock
[12] 2026-04-04 07:51:41,068 DEBUG CachedMetadataProvider.LoadCachedMetadata => deserialized 4 files.
[12] 2026-04-04 07:51:41,069 DEBUG CachedMetadataProvider.LoadCachedMetadata => obtaining lock
[12] 2026-04-04 07:51:41,070 DEBUG CachedMetadataProvider.LoadCachedMetadata => deserialized 5 files.
[12] 2026-04-04 07:51:41,071 DEBUG CachedMetadataProvider.LoadCachedMetadata => obtaining lock
[12] 2026-04-04 07:51:41,073 DEBUG CachedMetadataProvider.LoadCachedMetadata => deserialized 6 files.
[12] 2026-04-04 07:51:41,074 DEBUG CachedMetadataProvider.LoadCachedMetadata => obtaining lock
[12] 2026-04-04 07:51:41,076 DEBUG CachedMetadataProvider.LoadCachedMetadata => deserialized 7 files.
[12] 2026-04-04 07:51:41,077 DEBUG CachedMetadataProvider.LoadCachedMetadata => obtaining lock
[12] 2026-04-04 07:51:41,080 DEBUG CachedMetadataProvider.LoadCachedMetadata => deserialized 8 files.
[12] 2026-04-04 07:51:41,082 DEBUG CachedMetadataProvider.LoadCachedMetadata => obtaining lock
[12] 2026-04-04 07:51:41,086 DEBUG CachedMetadataProvider.LoadCachedMetadata => deserialized 9 files.
[12] 2026-04-04 07:51:41,087 DEBUG CachedMetadataProvider.LoadCachedMetadata => obtaining lock
[12] 2026-04-04 07:51:41,091 DEBUG CachedMetadataProvider.LoadCachedMetadata => deserialized 10 files.
[12] 2026-04-04 07:51:41,092 DEBUG CachedMetadataProvider.LoadCachedMetadata => obtaining lock
[12] 2026-04-04 07:51:41,095 DEBUG CachedMetadataProvider.LoadCachedMetadata => deserialized 11 files.
[12] 2026-04-04 07:51:41,096 DEBUG CachedMetadataProvider.LoadCachedMetadata => obtaining lock
[12] 2026-04-04 07:51:41,103 DEBUG CachedMetadataProvider.LoadCachedMetadata => deserialized 12 files.
[12] 2026-04-04 07:51:41,104 DEBUG CachedMetadataProvider.LoadCachedMetadata => obtaining lock
[12] 2026-04-04 07:51:41,106 DEBUG CachedMetadataProvider.LoadCachedMetadata => deserialized 13 files.
[12] 2026-04-04 07:51:41,106 DEBUG CachedMetadataProvider.LoadCachedMetadata => obtaining lock
[12] 2026-04-04 07:51:41,108 DEBUG CachedMetadataProvider.LoadCachedMetadata => deserialized 14 files.
[12] 2026-04-04 07:51:41,110 DEBUG CachedMetadataProvider.LoadCachedMetadata => obtaining lock
[12] 2026-04-04 07:51:41,118 DEBUG CachedMetadataProvider.LoadCachedMetadata => deserialized 15 files.
[12] 2026-04-04 07:51:41,119 DEBUG CachedMetadataProvider.LoadCachedMetadata => obtaining lock
[12] 2026-04-04 07:51:41,126 DEBUG CachedMetadataProvider.LoadCachedMetadata => deserialized 16 files.
[12] 2026-04-04 07:51:41,128 DEBUG CachedMetadataProvider.LoadCachedMetadata => obtaining lock
[12] 2026-04-04 07:51:41,135 DEBUG CachedMetadataProvider.LoadCachedMetadata => deserialized 17 files.
[12] 2026-04-04 07:51:41,137 DEBUG CachedMetadataProvider.SaveCachedMetadata => saved 18 files.
[51] 2026-04-05 08:26:00,056 DEBUG CachedMetadataProvider.LoadCachedMetadata => obtaining lock
[51] 2026-04-05 08:26:00,064 DEBUG CachedMetadataProvider.LoadCachedMetadata => deserialized 18 files.
[57] 2026-04-05 09:00:28,055 OFF   =============================================================================================
[57] 2026-04-05 09:00:28,056 OFF   ==================================>>>>> Start Actions <<<<<==================================
[57] 2026-04-05 09:00:28,056 OFF   ActionDelegator.Execute => processing 3 actions. Timeout: 180 minutes.
[57] 2026-04-05 09:00:28,056 DEBUG ActionDelegator.ExistsRegKey_SetupPhase => Check FU in progress. Checking registry key [HKEY_LOCAL_MACHINE\SYSTEM\Setup\MoSetup\Volatile\SetupPhase|[type=DWord]]: 
[57] 2026-04-05 09:00:28,057 DEBUG All Patch Prerequisites are installed.
[57] 2026-04-05 09:00:28,057 DEBUG CachedMetadataProvider.LoadCachedMetadata => obtaining lock
[57] 2026-04-05 09:00:28,061 DEBUG CachedMetadataProvider.LoadCachedMetadata => deserialized 18 files.
[57] 2026-04-05 09:00:28,062 DEBUG CachedMetadataProvider.LoadCachedMetadata => obtaining lock
[57] 2026-04-05 09:00:28,065 DEBUG CachedMetadataProvider.LoadCachedMetadata => deserialized 18 files.
[57] 2026-04-05 09:00:28,065 DEBUG CachedMetadataProvider.LoadCachedMetadata => obtaining lock
[57] 2026-04-05 09:00:28,067 DEBUG CachedMetadataProvider.LoadCachedMetadata => deserialized 18 files.
[57] 2026-04-05 09:00:28,068 DEBUG CachedMetadataProvider.LoadCachedMetadata => obtaining lock
[57] 2026-04-05 09:00:28,071 DEBUG CachedMetadataProvider.LoadCachedMetadata => deserialized 18 files.
[57] 2026-04-05 09:00:28,072 DEBUG CachedMetadataProvider.LoadCachedMetadata => obtaining lock
[57] 2026-04-05 09:00:28,074 DEBUG CachedMetadataProvider.LoadCachedMetadata => deserialized 18 files.
[57] 2026-04-05 09:00:28,074 DEBUG CachedMetadataProvider.LoadCachedMetadata => obtaining lock
[57] 2026-04-05 09:00:28,077 DEBUG CachedMetadataProvider.LoadCachedMetadata => deserialized 18 files.
[57] 2026-04-05 09:00:28,078 DEBUG CachedMetadataProvider.LoadCachedMetadata => obtaining lock
[57] 2026-04-05 09:00:28,082 DEBUG CachedMetadataProvider.LoadCachedMetadata => deserialized 18 files.
[57] 2026-04-05 09:00:28,082 DEBUG CachedMetadataProvider.LoadCachedMetadata => obtaining lock
[57] 2026-04-05 09:00:28,084 DEBUG CachedMetadataProvider.LoadCachedMetadata => deserialized 18 files.
[57] 2026-04-05 09:00:28,084 DEBUG CachedMetadataProvider.LoadCachedMetadata => obtaining lock
[57] 2026-04-05 09:00:28,087 DEBUG CachedMetadataProvider.LoadCachedMetadata => deserialized 18 files.
[57] 2026-04-05 09:00:28,088 DEBUG CachedMetadataProvider.LoadCachedMetadata => obtaining lock
[57] 2026-04-05 09:00:28,091 DEBUG CachedMetadataProvider.LoadCachedMetadata => deserialized 18 files.
[57] 2026-04-05 09:00:28,092 DEBUG CachedMetadataProvider.LoadCachedMetadata => obtaining lock
[57] 2026-04-05 09:00:28,094 DEBUG CachedMetadataProvider.LoadCachedMetadata => deserialized 18 files.
[57] 2026-04-05 09:00:28,094 DEBUG CachedMetadataProvider.LoadCachedMetadata => obtaining lock
[57] 2026-04-05 09:00:28,097 DEBUG CachedMetadataProvider.LoadCachedMetadata => deserialized 18 files.
[57] 2026-04-05 09:00:28,097 DEBUG CachedMetadataProvider.LoadCachedMetadata => obtaining lock
[57] 2026-04-05 09:00:28,100 DEBUG CachedMetadataProvider.LoadCachedMetadata => deserialized 18 files.
[57] 2026-04-05 09:00:28,100 DEBUG CachedMetadataProvider.LoadCachedMetadata => obtaining lock
[57] 2026-04-05 09:00:28,103 DEBUG CachedMetadataProvider.LoadCachedMetadata => deserialized 18 files.
[57] 2026-04-05 09:00:28,104 DEBUG CachedMetadataProvider.LoadCachedMetadata => obtaining lock
[57] 2026-04-05 09:00:28,109 DEBUG CachedMetadataProvider.LoadCachedMetadata => deserialized 18 files.
[57] 2026-04-05 09:00:28,109 DEBUG CachedMetadataProvider.LoadCachedMetadata => obtaining lock
[57] 2026-04-05 09:00:28,113 DEBUG CachedMetadataProvider.LoadCachedMetadata => deserialized 18 files.
[57] 2026-04-05 09:00:28,114 DEBUG CachedMetadataProvider.LoadCachedMetadata => obtaining lock
[57] 2026-04-05 09:00:28,117 DEBUG CachedMetadataProvider.LoadCachedMetadata => deserialized 18 files.
[57] 2026-04-05 09:00:28,117 DEBUG CachedMetadataProvider.LoadCachedMetadata => obtaining lock
[57] 2026-04-05 09:00:28,120 DEBUG CachedMetadataProvider.LoadCachedMetadata => deserialized 18 files.
[57] 2026-04-05 09:00:28,121 DEBUG CachedMetadataProvider.LoadCachedMetadata => obtaining lock
[57] 2026-04-05 09:00:28,124 DEBUG CachedMetadataProvider.LoadCachedMetadata => deserialized 18 files.
[57] 2026-04-05 09:00:28,125 DEBUG ActionHandlerResolver.LoadPropertyBag => skipping field [SupersededUpdateIDs], not a simple type.
[57] 2026-04-05 09:00:28,125 DEBUG ActionHandlerResolver.Resolve => resolved action handler [WuaInstallerActionHandler]. Mapping: keys [ActionType,DataProviderType], values [Installation,DriverUpdate]
[57] 2026-04-05 09:00:28,125 DEBUG ActionHandlerResolver.LoadPropertyBag => skipping field [SupersededUpdateIDs], not a simple type.
[57] 2026-04-05 09:00:28,125 DEBUG ActionHandlerResolver.Resolve => resolved action handler [WuaInstallerActionHandler]. Mapping: keys [ActionType,DataProviderType], values [Installation,Wua]
[57] 2026-04-05 09:00:28,126 DEBUG ActionHandlerResolver.LoadPropertyBag => skipping field [SupersededUpdateIDs], not a simple type.
[57] 2026-04-05 09:00:28,126 DEBUG ActionHandlerResolver.Resolve => resolved action handler [ThirdPartyInstallerActionHandler]. Mapping: keys [ActionType,DataProviderType], values [Installation,ThirdParty]
[57] 2026-04-05 09:00:28,127 OFF   ActionDelegator.Execute => ------ processing 1 action(s) for action handler: [WuaInstallerActionHandler]. Time limit: 2026-04-05 12:00 ------
[57] 2026-04-05 09:00:28,127 DEBUG 		Installation: [c7f2bdbf-93ec-4b7a-bf09-2d8802adf2ba] Advanced Micro Devices Inc. Driver Update (5.42.0.0), 
[57] 2026-04-05 09:00:28,128 DEBUG WuaInstallerActionHandler.Execute => Running installation =====>>> Step 1 <<<=====
[1] 2026-04-05 09:00:28,436 DEBUG Enter >>> WuaUtilities.SetPreferredUpdateService()
[1] 2026-04-05 09:00:28,446 DEBUG Enter >>> WuaUtilities.FindService("7971f918-a847-4430-9279-4a52d1efe18d")
[1] 2026-04-05 09:00:28,447 DEBUG Exit  <<< WuaUtilities.FindService("7971f918-a847-4430-9279-4a52d1efe18d"), returns System.__ComObject
[1] 2026-04-05 09:00:28,447 DEBUG Enter >>> WuaUtilities.SetSearcherService(System.__ComObject)
[1] 2026-04-05 09:00:28,447 DEBUG Exit  <<< WuaUtilities.SetSearcherService("System.__ComObject"), returns True
[1] 2026-04-05 09:00:28,448 INFO  WUA Update Service set to 7971f918-a847-4430-9279-4a52d1efe18d, ServerSelection = ssOthers
[1] 2026-04-05 09:00:28,448 DEBUG Exit  <<< WuaUtilities.SetPreferredUpdateService()
[1] 2026-04-05 09:00:28,448 INFO  WuaInstallerActionHandler.PreInstallSearch => search WUA patch [UpdateID='c7f2bdbf-93ec-4b7a-bf09-2d8802adf2ba' and DeploymentAction=*]...
[1] 2026-04-05 09:01:03,296 INFO  WuaInstallerActionHandler.SubmitFilesForDownload => Patch has no installation package! [c7f2bdbf-93ec-4b7a-bf09-2d8802adf2ba] Advanced Micro Devices Inc. Driver Update (5.42.0.0)
[1] 2026-04-05 09:01:03,299 DEBUG WuaInstallerActionHandler.PreInstallDownload => Waiting for finishing patch installers download (time limit: 2026-04-05 11:01)
[1] 2026-04-05 09:01:03,300 DEBUG WuaInstallerActionHandler.PreInstallDownload => Download of installation files for [c7f2bdbf-93ec-4b7a-bf09-2d8802adf2ba] patch is finished...
[1] 2026-04-05 09:01:03,306 DEBUG WuaService.UpdateLastSuccessTimeDownloadInRegistry => LastSuccessTime value in registry: 2026-03-30 06:00:50
[1] 2026-04-05 09:01:03,308 OFF   WuaService.UpdateLastSuccessTimeDownloadInRegistry => setting LastSuccessTime to: 2026-04-05 06:01:03 [Culture is: en-IL]
[1] 2026-04-05 09:01:03,319 DEBUG WuaInstallerActionHandler.DownloadDirectlyByWua => start download by WUA [c7f2bdbf-93ec-4b7a-bf09-2d8802adf2ba]
[1] 2026-04-05 09:01:06,054 DEBUG WuaInstallerActionHandler.DownloadDirectlyByWua => successful download by WUA [c7f2bdbf-93ec-4b7a-bf09-2d8802adf2ba]
[1] 2026-04-05 09:01:06,061 INFO  WuaInstallerActionHandler.Install => installing [1] WUA patch(es)...
[1] 2026-04-05 09:01:06,985 OFF   WuaInstallerActionHandler.Install => installation of [1] WUA patch(es) finished with result code [0/orcSucceeded], reboot: [True]. 
[1] 2026-04-05 09:01:06,987 DEBUG WuaInstallerActionHandler.Commit => (new interface)
[1] 2026-04-05 09:01:07,001 OFF   WuaInstallerActionHandler.RunFromExtProcess => reboot required
[1] 2026-04-05 09:01:07,005 OFF   WuaInstallerActionHandler.ProcessInstallationResult => Installed [c7f2bdbf-93ec-4b7a-bf09-2d8802adf2ba], result code: orcSucceeded, hResult: 0, reboot required: Required
[57] 2026-04-05 09:01:07,128 DEBUG ActionDelegator.Execute => ------ processing action finished. Id: c7f2bdbf-93ec-4b7a-bf09-2d8802adf2ba, Error: , RebootRequired: True
[57] 2026-04-05 09:01:07,129 OFF   ActionDelegator.Execute => ------ processing 1 action(s) for action handler: [WuaInstallerActionHandler]. Time limit: 2026-04-05 12:00 ------
[57] 2026-04-05 09:01:07,129 DEBUG 		Installation: [d7b71fc6-95d7-4468-8034-67c199ebcfb4] 2026-03 Update (KB5086672) (26200.8117), 5086672
[57] 2026-04-05 09:01:07,130 DEBUG WuaInstallerActionHandler.Execute => Running installation =====>>> Step 1 <<<=====
[1] 2026-04-05 09:01:07,376 DEBUG Enter >>> WuaUtilities.SetPreferredUpdateService()
[1] 2026-04-05 09:01:07,385 DEBUG Enter >>> WuaUtilities.FindService("7971f918-a847-4430-9279-4a52d1efe18d")
[1] 2026-04-05 09:01:07,386 DEBUG Exit  <<< WuaUtilities.FindService("7971f918-a847-4430-9279-4a52d1efe18d"), returns System.__ComObject
[1] 2026-04-05 09:01:07,387 DEBUG Enter >>> WuaUtilities.SetSearcherService(System.__ComObject)
[1] 2026-04-05 09:01:07,387 DEBUG Exit  <<< WuaUtilities.SetSearcherService("System.__ComObject"), returns True
[1] 2026-04-05 09:01:07,387 INFO  WUA Update Service set to 7971f918-a847-4430-9279-4a52d1efe18d, ServerSelection = ssOthers
[1] 2026-04-05 09:01:07,388 DEBUG Exit  <<< WuaUtilities.SetPreferredUpdateService()
[1] 2026-04-05 09:01:07,388 INFO  WuaInstallerActionHandler.PreInstallSearch => search WUA patch [UpdateID='d7b71fc6-95d7-4468-8034-67c199ebcfb4' and DeploymentAction=*]...
[1] 2026-04-05 09:01:28,954 INFO  WuaInstallerActionHandler.SubmitFilesForDownload => Patch has no installation package! [d7b71fc6-95d7-4468-8034-67c199ebcfb4] 2026-03 Update (KB5086672) (26200.8117)
[1] 2026-04-05 09:01:28,955 DEBUG WuaInstallerActionHandler.PreInstallDownload => Waiting for finishing patch installers download (time limit: 2026-04-05 11:01)
[1] 2026-04-05 09:01:28,956 DEBUG WuaInstallerActionHandler.PreInstallDownload => Download of installation files for [d7b71fc6-95d7-4468-8034-67c199ebcfb4] patch is finished...
[1] 2026-04-05 09:01:28,959 DEBUG WuaService.UpdateLastSuccessTimeDownloadInRegistry => LastSuccessTime value in registry: 2026-04-05 06:01:03
[1] 2026-04-05 09:01:28,960 OFF   WuaService.UpdateLastSuccessTimeDownloadInRegistry => setting LastSuccessTime to: 2026-04-05 06:01:28 [Culture is: en-IL]
[1] 2026-04-05 09:01:28,966 DEBUG WuaInstallerActionHandler.DownloadDirectlyByWua => start download by WUA [d7b71fc6-95d7-4468-8034-67c199ebcfb4]
[1] 2026-04-05 09:38:31,291 DEBUG WuaInstallerActionHandler.DownloadDirectlyByWua => successful download by WUA [d7b71fc6-95d7-4468-8034-67c199ebcfb4]
[1] 2026-04-05 09:38:31,448 INFO  WuaInstallerActionHandler.Install => installing [1] WUA patch(es)...
[4] 2026-04-05 09:51:04,058 OFF   =============================================================================================
[4] 2026-04-05 09:51:04,058 OFF   ==================================>>>>> Start Actions <<<<<==================================
[4] 2026-04-05 09:51:04,058 OFF   ActionDelegator.Execute => processing 3 actions. Timeout: 180 minutes.
[4] 2026-04-05 09:51:04,061 DEBUG ActionDelegator.ExistsRegKey_SetupPhase => Check FU in progress. Checking registry key [HKEY_LOCAL_MACHINE\SYSTEM\Setup\MoSetup\Volatile\SetupPhase|[type=DWord]]: 
[4] 2026-04-05 09:51:04,063 DEBUG All Patch Prerequisites are installed.
[4] 2026-04-05 09:51:04,081 DEBUG CachedMetadataProvider.LoadCachedMetadata => obtaining lock
[4] 2026-04-05 09:51:04,101 DEBUG CachedMetadataProvider.LoadCachedMetadata => deserialized 18 files.
[4] 2026-04-05 09:51:04,102 DEBUG CachedMetadataProvider.LoadCachedMetadata => obtaining lock
[4] 2026-04-05 09:51:04,104 DEBUG CachedMetadataProvider.LoadCachedMetadata => deserialized 18 files.
[4] 2026-04-05 09:51:04,104 DEBUG CachedMetadataProvider.LoadCachedMetadata => obtaining lock
[4] 2026-04-05 09:51:04,106 DEBUG CachedMetadataProvider.LoadCachedMetadata => deserialized 18 files.
[4] 2026-04-05 09:51:04,110 DEBUG CachedMetadataProvider.LoadCachedMetadata => obtaining lock
[4] 2026-04-05 09:51:04,112 DEBUG CachedMetadataProvider.LoadCachedMetadata => deserialized 18 files.
[4] 2026-04-05 09:51:04,113 DEBUG CachedMetadataProvider.LoadCachedMetadata => obtaining lock
[4] 2026-04-05 09:51:04,116 DEBUG CachedMetadataProvider.LoadCachedMetadata => deserialized 18 files.
[4] 2026-04-05 09:51:04,116 DEBUG CachedMetadataProvider.LoadCachedMetadata => obtaining lock
[4] 2026-04-05 09:51:04,118 DEBUG CachedMetadataProvider.LoadCachedMetadata => deserialized 18 files.
[4] 2026-04-05 09:51:04,118 DEBUG CachedMetadataProvider.LoadCachedMetadata => obtaining lock
[4] 2026-04-05 09:51:04,120 DEBUG CachedMetadataProvider.LoadCachedMetadata => deserialized 18 files.
[4] 2026-04-05 09:51:04,121 DEBUG CachedMetadataProvider.LoadCachedMetadata => obtaining lock
[4] 2026-04-05 09:51:04,123 DEBUG CachedMetadataProvider.LoadCachedMetadata => deserialized 18 files.
[4] 2026-04-05 09:51:04,123 DEBUG CachedMetadataProvider.LoadCachedMetadata => obtaining lock
[4] 2026-04-05 09:51:04,125 DEBUG CachedMetadataProvider.LoadCachedMetadata => deserialized 18 files.
[4] 2026-04-05 09:51:04,126 DEBUG CachedMetadataProvider.LoadCachedMetadata => obtaining lock
[4] 2026-04-05 09:51:04,128 DEBUG CachedMetadataProvider.LoadCachedMetadata => deserialized 18 files.
[4] 2026-04-05 09:51:04,128 DEBUG CachedMetadataProvider.LoadCachedMetadata => obtaining lock
[4] 2026-04-05 09:51:04,130 DEBUG CachedMetadataProvider.LoadCachedMetadata => deserialized 18 files.
[4] 2026-04-05 09:51:04,131 DEBUG CachedMetadataProvider.LoadCachedMetadata => obtaining lock
[4] 2026-04-05 09:51:04,133 DEBUG CachedMetadataProvider.LoadCachedMetadata => deserialized 18 files.
[4] 2026-04-05 09:51:04,133 DEBUG CachedMetadataProvider.LoadCachedMetadata => obtaining lock
[4] 2026-04-05 09:51:04,135 DEBUG CachedMetadataProvider.LoadCachedMetadata => deserialized 18 files.
[4] 2026-04-05 09:51:04,136 DEBUG CachedMetadataProvider.LoadCachedMetadata => obtaining lock
[4] 2026-04-05 09:51:04,138 DEBUG CachedMetadataProvider.LoadCachedMetadata => deserialized 18 files.
[4] 2026-04-05 09:51:04,139 DEBUG CachedMetadataProvider.LoadCachedMetadata => obtaining lock
[4] 2026-04-05 09:51:04,141 DEBUG CachedMetadataProvider.LoadCachedMetadata => deserialized 18 files.
[4] 2026-04-05 09:51:04,141 DEBUG CachedMetadataProvider.LoadCachedMetadata => obtaining lock
[4] 2026-04-05 09:51:04,145 DEBUG CachedMetadataProvider.LoadCachedMetadata => deserialized 18 files.
[4] 2026-04-05 09:51:04,145 DEBUG CachedMetadataProvider.LoadCachedMetadata => obtaining lock
[4] 2026-04-05 09:51:04,148 DEBUG CachedMetadataProvider.LoadCachedMetadata => deserialized 18 files.
[4] 2026-04-05 09:51:04,148 DEBUG CachedMetadataProvider.LoadCachedMetadata => obtaining lock
[4] 2026-04-05 09:51:04,151 DEBUG CachedMetadataProvider.LoadCachedMetadata => deserialized 18 files.
[4] 2026-04-05 09:51:04,152 DEBUG CachedMetadataProvider.LoadCachedMetadata => obtaining lock
[4] 2026-04-05 09:51:04,154 DEBUG CachedMetadataProvider.LoadCachedMetadata => deserialized 18 files.
[4] 2026-04-05 09:51:04,158 DEBUG ActionHandlerResolver.LoadPropertyBag => skipping field [SupersededUpdateIDs], not a simple type.
[4] 2026-04-05 09:51:04,158 DEBUG ActionHandlerResolver.Resolve => resolved action handler [WuaInstallerActionHandler]. Mapping: keys [ActionType,DataProviderType], values [Installation,DriverUpdate]
[4] 2026-04-05 09:51:04,159 DEBUG ActionHandlerResolver.LoadPropertyBag => skipping field [SupersededUpdateIDs], not a simple type.
[4] 2026-04-05 09:51:04,159 DEBUG ActionHandlerResolver.Resolve => resolved action handler [WuaInstallerActionHandler]. Mapping: keys [ActionType,DataProviderType], values [Installation,Wua]
[4] 2026-04-05 09:51:04,159 DEBUG ActionHandlerResolver.LoadPropertyBag => skipping field [SupersededUpdateIDs], not a simple type.
[4] 2026-04-05 09:51:04,159 DEBUG ActionHandlerResolver.Resolve => resolved action handler [ThirdPartyInstallerActionHandler]. Mapping: keys [ActionType,DataProviderType], values [Installation,ThirdParty]
[4] 2026-04-05 09:51:04,163 OFF   ActionDelegator.Execute => ------ processing 1 action(s) for action handler: [WuaInstallerActionHandler]. Time limit: 2026-04-05 12:51 ------
[4] 2026-04-05 09:51:04,164 DEBUG 		Installation: [c7f2bdbf-93ec-4b7a-bf09-2d8802adf2ba] Advanced Micro Devices Inc. Driver Update (5.42.0.0), 
[4] 2026-04-05 09:51:04,327 DEBUG WuaInstallerActionHandler.Execute => Running installation =====>>> Step 1 <<<=====
[1] 2026-04-05 09:51:04,618 DEBUG Enter >>> WuaUtilities.SetPreferredUpdateService()
[1] 2026-04-05 09:51:04,628 DEBUG Enter >>> WuaUtilities.FindService("7971f918-a847-4430-9279-4a52d1efe18d")
[1] 2026-04-05 09:51:04,628 DEBUG Exit  <<< WuaUtilities.FindService("7971f918-a847-4430-9279-4a52d1efe18d"), returns System.__ComObject
[1] 2026-04-05 09:51:04,629 DEBUG Enter >>> WuaUtilities.SetSearcherService(System.__ComObject)
[1] 2026-04-05 09:51:04,629 DEBUG Exit  <<< WuaUtilities.SetSearcherService("System.__ComObject"), returns True
[1] 2026-04-05 09:51:04,630 INFO  WUA Update Service set to 7971f918-a847-4430-9279-4a52d1efe18d, ServerSelection = ssOthers
[1] 2026-04-05 09:51:04,630 DEBUG Exit  <<< WuaUtilities.SetPreferredUpdateService()
[1] 2026-04-05 09:51:04,631 INFO  WuaInstallerActionHandler.PreInstallSearch => search WUA patch [UpdateID='c7f2bdbf-93ec-4b7a-bf09-2d8802adf2ba' and DeploymentAction=*]...
[1] 2026-04-05 09:51:21,289 ERROR WuaInstallerActionHandler.PreInstallSearch => pre-install search failed for search criteria [UpdateID='c7f2bdbf-93ec-4b7a-bf09-2d8802adf2ba' and DeploymentAction=*]. ResultCode: [orcSucceeded], count: [0] 
[1] 2026-04-05 09:51:21,290 ERROR WuaInstallerActionHandler.RunFromExtProcess => patch not found in WUA catalog, skipping installation of patch [c7f2bdbf-93ec-4b7a-bf09-2d8802adf2ba], []
[1] 2026-04-05 09:51:21,293 DEBUG WuaInstallerActionHandler.PreInstallDownload => Waiting for finishing patch installers download (time limit: 2026-04-05 11:51)
[1] 2026-04-05 09:51:21,294 WARN  WuaInstallerActionHandler.RunFromExtProcess => The list of patches for installation is empty!
[4] 2026-04-05 09:51:21,372 DEBUG ActionDelegator.Execute => ------ processing action finished. Id: c7f2bdbf-93ec-4b7a-bf09-2d8802adf2ba, Error: Patch not found in WUA catalog, skipping installation, RebootRequired: False
[4] 2026-04-05 09:51:21,372 OFF   ActionDelegator.Execute => ------ processing 1 action(s) for action handler: [WuaInstallerActionHandler]. Time limit: 2026-04-05 12:51 ------
[4] 2026-04-05 09:51:21,372 DEBUG 		Installation: [d7b71fc6-95d7-4468-8034-67c199ebcfb4] 2026-03 Update (KB5086672) (26200.8117), 5086672
[4] 2026-04-05 09:51:21,373 DEBUG WuaInstallerActionHandler.Execute => Running installation =====>>> Step 1 <<<=====
[1] 2026-04-05 09:51:21,618 DEBUG Enter >>> WuaUtilities.SetPreferredUpdateService()
[1] 2026-04-05 09:51:21,627 DEBUG Enter >>> WuaUtilities.FindService("7971f918-a847-4430-9279-4a52d1efe18d")
[1] 2026-04-05 09:51:21,627 DEBUG Exit  <<< WuaUtilities.FindService("7971f918-a847-4430-9279-4a52d1efe18d"), returns System.__ComObject
[1] 2026-04-05 09:51:21,627 DEBUG Enter >>> WuaUtilities.SetSearcherService(System.__ComObject)
[1] 2026-04-05 09:51:21,629 DEBUG Exit  <<< WuaUtilities.SetSearcherService("System.__ComObject"), returns True
[1] 2026-04-05 09:51:21,629 INFO  WUA Update Service set to 7971f918-a847-4430-9279-4a52d1efe18d, ServerSelection = ssOthers
[1] 2026-04-05 09:51:21,630 DEBUG Exit  <<< WuaUtilities.SetPreferredUpdateService()
[1] 2026-04-05 09:51:21,630 INFO  WuaInstallerActionHandler.PreInstallSearch => search WUA patch [UpdateID='d7b71fc6-95d7-4468-8034-67c199ebcfb4' and DeploymentAction=*]...
[1] 2026-04-05 09:51:29,686 INFO  WuaInstallerActionHandler.SubmitFilesForDownload => Patch has no installation package! [d7b71fc6-95d7-4468-8034-67c199ebcfb4] 2026-03 Update (KB5086672) (26200.8117)
[1] 2026-04-05 09:51:29,687 DEBUG WuaInstallerActionHandler.PreInstallDownload => Waiting for finishing patch installers download (time limit: 2026-04-05 11:51)
[1] 2026-04-05 09:51:29,688 DEBUG WuaInstallerActionHandler.PreInstallDownload => Download of installation files for [d7b71fc6-95d7-4468-8034-67c199ebcfb4] patch is finished...
[1] 2026-04-05 09:51:29,691 DEBUG WuaService.UpdateLastSuccessTimeDownloadInRegistry => LastSuccessTime value in registry: 2026-04-05 06:01:28
[1] 2026-04-05 09:51:29,692 OFF   WuaService.UpdateLastSuccessTimeDownloadInRegistry => setting LastSuccessTime to: 2026-04-05 06:51:29 [Culture is: en-IL]
[1] 2026-04-05 09:51:29,969 INFO  WuaInstallerActionHandler.Install => installing [1] WUA patch(es)...
[1] 2026-04-05 10:00:56,438 OFF   WuaInstallerActionHandler.Install => installation of [1] WUA patch(es) finished with result code [0/orcSucceeded], reboot: [True]. 
[1] 2026-04-05 10:00:56,441 DEBUG WuaInstallerActionHandler.Commit => (new interface)
[1] 2026-04-05 10:00:56,485 OFF   WuaInstallerActionHandler.RunFromExtProcess => reboot required
[1] 2026-04-05 10:00:56,489 OFF   WuaInstallerActionHandler.ProcessInstallationResult => Installed [d7b71fc6-95d7-4468-8034-67c199ebcfb4], result code: orcSucceeded, hResult: 0, reboot required: Required
[4] 2026-04-05 10:00:56,565 DEBUG ActionDelegator.Execute => ------ processing action finished. Id: d7b71fc6-95d7-4468-8034-67c199ebcfb4, Error: , RebootRequired: True
[4] 2026-04-05 10:00:56,565 OFF   ActionDelegator.Execute => ------ processing 1 action(s) for action handler: [ThirdPartyInstallerActionHandler]. Time limit: 2026-04-05 12:51 ------
[4] 2026-04-05 10:00:56,565 DEBUG 		Installation: [2ada8ebf-132f-4d93-a48a-5f300928d21f] Chrome (x64) 146.0.7680.178, 
[4] 2026-04-05 10:01:43,004 INFO  Third Party Application [2ada8ebf-132f-4d93-a48a-5f300928d21f] is already installed, skipping action.
[4] 2026-04-05 10:01:43,004 DEBUG ThirdPartyInstallerActionHandler.Execute => Waiting for finishing patch installers download (time limit: 2026-04-05 12:01)
[4] 2026-04-05 10:01:43,007 DEBUG ActionDelegator.Execute => ------ processing action finished. Id: 2ada8ebf-132f-4d93-a48a-5f300928d21f, Error: , RebootRequired: False
[4] 2026-04-05 10:01:43,009 OFF   =============================>>> Processing Actions finished <<<=============================
[4] 2026-04-05 10:04:05,348 DEBUG CachedMetadataProvider.LoadCachedMetadata => obtaining lock
[4] 2026-04-05 10:04:05,357 DEBUG CachedMetadataProvider.LoadCachedMetadata => deserialized 18 files.
[4] 2026-04-05 10:04:05,358 DEBUG CachedMetadataProvider.SavePreviousCachedMetadata => obtaining lock
[4] 2026-04-05 10:04:05,368 DEBUG CachedMetadataProvider.SaveCachedMetadata => obtaining lock
[4] 2026-04-05 10:04:05,369 DEBUG CachedMetadataProvider.LoadCachedMetadata => obtaining lock
[4] 2026-04-05 10:04:05,369 DEBUG CachedMetadataProvider.LoadCachedMetadata => deserialized 0 files.
[4] 2026-04-05 10:04:05,373 DEBUG CachedMetadataProvider.LoadCachedMetadata => obtaining lock
[4] 2026-04-05 10:04:05,373 DEBUG CachedMetadataProvider.LoadCachedMetadata => deserialized 1 files.
[4] 2026-04-05 10:04:05,374 DEBUG CachedMetadataProvider.LoadCachedMetadata => obtaining lock
[4] 2026-04-05 10:04:05,375 DEBUG CachedMetadataProvider.LoadCachedMetadata => deserialized 2 files.
[4] 2026-04-05 10:04:05,375 DEBUG CachedMetadataProvider.LoadCachedMetadata => obtaining lock
[4] 2026-04-05 10:04:05,376 DEBUG CachedMetadataProvider.LoadCachedMetadata => deserialized 3 files.
[4] 2026-04-05 10:04:05,377 DEBUG CachedMetadataProvider.LoadCachedMetadata => obtaining lock
[4] 2026-04-05 10:04:05,377 DEBUG CachedMetadataProvider.LoadCachedMetadata => deserialized 4 files.
[4] 2026-04-05 10:04:05,378 DEBUG CachedMetadataProvider.LoadCachedMetadata => obtaining lock
[4] 2026-04-05 10:04:05,379 DEBUG CachedMetadataProvider.LoadCachedMetadata => deserialized 5 files.
[4] 2026-04-05 10:04:05,379 DEBUG CachedMetadataProvider.LoadCachedMetadata => obtaining lock
[4] 2026-04-05 10:04:05,381 DEBUG CachedMetadataProvider.LoadCachedMetadata => deserialized 6 files.
[4] 2026-04-05 10:04:05,382 DEBUG CachedMetadataProvider.LoadCachedMetadata => obtaining lock
[4] 2026-04-05 10:04:05,383 DEBUG CachedMetadataProvider.LoadCachedMetadata => deserialized 7 files.
[4] 2026-04-05 10:04:05,383 DEBUG CachedMetadataProvider.LoadCachedMetadata => obtaining lock
[4] 2026-04-05 10:04:05,384 DEBUG CachedMetadataProvider.LoadCachedMetadata => deserialized 8 files.
[4] 2026-04-05 10:04:05,384 DEBUG CachedMetadataProvider.LoadCachedMetadata => obtaining lock
[4] 2026-04-05 10:04:05,386 DEBUG CachedMetadataProvider.LoadCachedMetadata => deserialized 9 files.
[4] 2026-04-05 10:04:05,387 DEBUG CachedMetadataProvider.LoadCachedMetadata => obtaining lock
[4] 2026-04-05 10:04:05,388 DEBUG CachedMetadataProvider.LoadCachedMetadata => deserialized 10 files.
[4] 2026-04-05 10:04:05,389 DEBUG CachedMetadataProvider.LoadCachedMetadata => obtaining lock
[4] 2026-04-05 10:04:05,390 DEBUG CachedMetadataProvider.LoadCachedMetadata => deserialized 11 files.
[4] 2026-04-05 10:04:05,391 DEBUG CachedMetadataProvider.LoadCachedMetadata => obtaining lock
[4] 2026-04-05 10:04:05,393 DEBUG CachedMetadataProvider.LoadCachedMetadata => deserialized 12 files.
[4] 2026-04-05 10:04:05,393 DEBUG CachedMetadataProvider.LoadCachedMetadata => obtaining lock
[4] 2026-04-05 10:04:05,395 DEBUG CachedMetadataProvider.LoadCachedMetadata => deserialized 13 files.
[4] 2026-04-05 10:04:05,396 DEBUG CachedMetadataProvider.LoadCachedMetadata => obtaining lock
[4] 2026-04-05 10:04:05,398 DEBUG CachedMetadataProvider.LoadCachedMetadata => deserialized 14 files.
[4] 2026-04-05 10:04:05,399 DEBUG CachedMetadataProvider.SaveCachedMetadata => saved 15 files.
[8] 2026-04-05 10:48:20,047 DEBUG CachedMetadataProvider.LoadCachedMetadata => obtaining lock
[8] 2026-04-05 10:48:20,059 DEBUG CachedMetadataProvider.LoadCachedMetadata => deserialized 15 files.
[8] 2026-04-05 10:48:20,063 DEBUG CachedMetadataProvider.SavePreviousCachedMetadata => obtaining lock
[8] 2026-04-05 10:48:20,078 DEBUG CachedMetadataProvider.SaveCachedMetadata => obtaining lock
[8] 2026-04-05 10:48:20,079 DEBUG CachedMetadataProvider.LoadCachedMetadata => obtaining lock
[8] 2026-04-05 10:48:20,080 DEBUG CachedMetadataProvider.LoadCachedMetadata => deserialized 0 files.
[8] 2026-04-05 10:48:20,080 DEBUG CachedMetadataProvider.LoadCachedMetadata => obtaining lock
[8] 2026-04-05 10:48:20,082 DEBUG CachedMetadataProvider.LoadCachedMetadata => deserialized 1 files.
[8] 2026-04-05 10:48:20,083 DEBUG CachedMetadataProvider.LoadCachedMetadata => obtaining lock
[8] 2026-04-05 10:48:20,084 DEBUG CachedMetadataProvider.LoadCachedMetadata => deserialized 2 files.
[8] 2026-04-05 10:48:20,086 DEBUG CachedMetadataProvider.LoadCachedMetadata => obtaining lock
[8] 2026-04-05 10:48:20,087 DEBUG CachedMetadataProvider.LoadCachedMetadata => deserialized 3 files.
[8] 2026-04-05 10:48:20,089 DEBUG CachedMetadataProvider.LoadCachedMetadata => obtaining lock
[8] 2026-04-05 10:48:20,090 DEBUG CachedMetadataProvider.LoadCachedMetadata => deserialized 4 files.
[8] 2026-04-05 10:48:20,093 DEBUG CachedMetadataProvider.LoadCachedMetadata => obtaining lock
[8] 2026-04-05 10:48:20,095 DEBUG CachedMetadataProvider.LoadCachedMetadata => deserialized 5 files.
[8] 2026-04-05 10:48:20,096 DEBUG CachedMetadataProvider.LoadCachedMetadata => obtaining lock
[8] 2026-04-05 10:48:20,098 DEBUG CachedMetadataProvider.LoadCachedMetadata => deserialized 6 files.
[8] 2026-04-05 10:48:20,100 DEBUG CachedMetadataProvider.LoadCachedMetadata => obtaining lock
[8] 2026-04-05 10:48:20,102 DEBUG CachedMetadataProvider.LoadCachedMetadata => deserialized 7 files.
[8] 2026-04-05 10:48:20,103 DEBUG CachedMetadataProvider.LoadCachedMetadata => obtaining lock
[8] 2026-04-05 10:48:20,107 DEBUG CachedMetadataProvider.LoadCachedMetadata => deserialized 8 files.
[8] 2026-04-05 10:48:20,108 DEBUG CachedMetadataProvider.LoadCachedMetadata => obtaining lock
[8] 2026-04-05 10:48:20,111 DEBUG CachedMetadataProvider.LoadCachedMetadata => deserialized 9 files.
[8] 2026-04-05 10:48:20,112 DEBUG CachedMetadataProvider.LoadCachedMetadata => obtaining lock
[8] 2026-04-05 10:48:20,115 DEBUG CachedMetadataProvider.LoadCachedMetadata => deserialized 10 files.
[8] 2026-04-05 10:48:20,116 DEBUG CachedMetadataProvider.LoadCachedMetadata => obtaining lock
[8] 2026-04-05 10:48:20,120 DEBUG CachedMetadataProvider.LoadCachedMetadata => deserialized 11 files.
[8] 2026-04-05 10:48:20,121 DEBUG CachedMetadataProvider.LoadCachedMetadata => obtaining lock
[8] 2026-04-05 10:48:20,125 DEBUG CachedMetadataProvider.LoadCachedMetadata => deserialized 12 files.
[8] 2026-04-05 10:48:20,126 DEBUG CachedMetadataProvider.LoadCachedMetadata => obtaining lock
[8] 2026-04-05 10:48:20,130 DEBUG CachedMetadataProvider.LoadCachedMetadata => deserialized 13 files.
[8] 2026-04-05 10:48:20,131 DEBUG CachedMetadataProvider.LoadCachedMetadata => obtaining lock
[8] 2026-04-05 10:48:20,138 DEBUG CachedMetadataProvider.LoadCachedMetadata => deserialized 14 files.
[8] 2026-04-05 10:48:20,139 DEBUG CachedMetadataProvider.SaveCachedMetadata => saved 15 files.
[8] 2026-04-05 11:29:56,656 DEBUG CachedMetadataProvider.LoadCachedMetadata => obtaining lock
[8] 2026-04-05 11:29:56,661 DEBUG CachedMetadataProvider.LoadCachedMetadata => deserialized 15 files.
[8] 2026-04-05 11:29:56,661 OFF   CachedMetadataProvider.SaveCachedMetadata => no change in metadata since last scan scan, skipping saving new result
[18] 2026-04-06 11:02:54,727 DEBUG CachedMetadataProvider.LoadCachedMetadata => obtaining lock
[18] 2026-04-06 11:02:54,769 DEBUG CachedMetadataProvider.LoadCachedMetadata => deserialized 15 files.
[18] 2026-04-06 11:02:54,770 DEBUG CachedMetadataProvider.SavePreviousCachedMetadata => obtaining lock
[18] 2026-04-06 11:02:54,786 DEBUG CachedMetadataProvider.SaveCachedMetadata => obtaining lock
[18] 2026-04-06 11:02:54,787 DEBUG CachedMetadataProvider.LoadCachedMetadata => obtaining lock
[18] 2026-04-06 11:02:54,788 DEBUG CachedMetadataProvider.LoadCachedMetadata => deserialized 0 files.
[18] 2026-04-06 11:02:54,790 DEBUG CachedMetadataProvider.LoadCachedMetadata => obtaining lock
[18] 2026-04-06 11:02:54,791 DEBUG CachedMetadataProvider.LoadCachedMetadata => deserialized 1 files.
[18] 2026-04-06 11:02:54,792 DEBUG CachedMetadataProvider.LoadCachedMetadata => obtaining lock
[18] 2026-04-06 11:02:54,792 DEBUG CachedMetadataProvider.LoadCachedMetadata => deserialized 2 files.
[18] 2026-04-06 11:02:54,794 DEBUG CachedMetadataProvider.LoadCachedMetadata => obtaining lock
[18] 2026-04-06 11:02:54,795 DEBUG CachedMetadataProvider.LoadCachedMetadata => deserialized 3 files.
[18] 2026-04-06 11:02:54,796 DEBUG CachedMetadataProvider.LoadCachedMetadata => obtaining lock
[18] 2026-04-06 11:02:54,798 DEBUG CachedMetadataProvider.LoadCachedMetadata => deserialized 4 files.
[18] 2026-04-06 11:02:54,799 DEBUG CachedMetadataProvider.LoadCachedMetadata => obtaining lock
[18] 2026-04-06 11:02:54,803 DEBUG CachedMetadataProvider.LoadCachedMetadata => deserialized 5 files.
[18] 2026-04-06 11:02:54,805 DEBUG CachedMetadataProvider.LoadCachedMetadata => obtaining lock
[18] 2026-04-06 11:02:54,807 DEBUG CachedMetadataProvider.LoadCachedMetadata => deserialized 6 files.
[18] 2026-04-06 11:02:54,809 DEBUG CachedMetadataProvider.LoadCachedMetadata => obtaining lock
[18] 2026-04-06 11:02:54,814 DEBUG CachedMetadataProvider.LoadCachedMetadata => deserialized 7 files.
[18] 2026-04-06 11:02:54,815 DEBUG CachedMetadataProvider.LoadCachedMetadata => obtaining lock
[18] 2026-04-06 11:02:54,816 DEBUG CachedMetadataProvider.LoadCachedMetadata => deserialized 8 files.
[18] 2026-04-06 11:02:54,818 DEBUG CachedMetadataProvider.LoadCachedMetadata => obtaining lock
[18] 2026-04-06 11:02:54,822 DEBUG CachedMetadataProvider.LoadCachedMetadata => deserialized 9 files.
[18] 2026-04-06 11:02:54,823 DEBUG CachedMetadataProvider.LoadCachedMetadata => obtaining lock
[18] 2026-04-06 11:02:54,825 DEBUG CachedMetadataProvider.LoadCachedMetadata => deserialized 10 files.
[18] 2026-04-06 11:02:54,826 DEBUG CachedMetadataProvider.LoadCachedMetadata => obtaining lock
[18] 2026-04-06 11:02:54,829 DEBUG CachedMetadataProvider.LoadCachedMetadata => deserialized 11 files.
[18] 2026-04-06 11:02:54,830 DEBUG CachedMetadataProvider.LoadCachedMetadata => obtaining lock
[18] 2026-04-06 11:02:54,836 DEBUG CachedMetadataProvider.LoadCachedMetadata => deserialized 12 files.
[18] 2026-04-06 11:02:54,839 DEBUG CachedMetadataProvider.LoadCachedMetadata => obtaining lock
[18] 2026-04-06 11:02:54,842 DEBUG CachedMetadataProvider.LoadCachedMetadata => deserialized 13 files.
[18] 2026-04-06 11:02:54,844 DEBUG CachedMetadataProvider.LoadCachedMetadata => obtaining lock
[18] 2026-04-06 11:02:54,846 DEBUG CachedMetadataProvider.LoadCachedMetadata => deserialized 14 files.
[18] 2026-04-06 11:02:54,848 DEBUG CachedMetadataProvider.SaveCachedMetadata => saved 15 files.
[10] 2026-04-07 11:04:03,839 DEBUG CachedMetadataProvider.LoadCachedMetadata => obtaining lock
[10] 2026-04-07 11:04:03,887 DEBUG CachedMetadataProvider.LoadCachedMetadata => deserialized 15 files.
[10] 2026-04-07 11:04:03,888 DEBUG CachedMetadataProvider.SavePreviousCachedMetadata => obtaining lock
[10] 2026-04-07 11:04:03,904 DEBUG CachedMetadataProvider.SaveCachedMetadata => obtaining lock
[10] 2026-04-07 11:04:03,905 DEBUG CachedMetadataProvider.LoadCachedMetadata => obtaining lock
[10] 2026-04-07 11:04:03,906 DEBUG CachedMetadataProvider.LoadCachedMetadata => deserialized 0 files.
[10] 2026-04-07 11:04:03,908 DEBUG CachedMetadataProvider.LoadCachedMetadata => obtaining lock
[10] 2026-04-07 11:04:03,909 DEBUG CachedMetadataProvider.LoadCachedMetadata => deserialized 1 files.
[10] 2026-04-07 11:04:03,910 DEBUG CachedMetadataProvider.LoadCachedMetadata => obtaining lock
[10] 2026-04-07 11:04:03,912 DEBUG CachedMetadataProvider.LoadCachedMetadata => deserialized 2 files.
[10] 2026-04-07 11:04:03,913 DEBUG CachedMetadataProvider.LoadCachedMetadata => obtaining lock
[10] 2026-04-07 11:04:03,915 DEBUG CachedMetadataProvider.LoadCachedMetadata => deserialized 3 files.
[10] 2026-04-07 11:04:03,916 DEBUG CachedMetadataProvider.LoadCachedMetadata => obtaining lock
[10] 2026-04-07 11:04:03,917 DEBUG CachedMetadataProvider.LoadCachedMetadata => deserialized 4 files.
[10] 2026-04-07 11:04:03,918 DEBUG CachedMetadataProvider.LoadCachedMetadata => obtaining lock
[10] 2026-04-07 11:04:03,920 DEBUG CachedMetadataProvider.LoadCachedMetadata => deserialized 5 files.
[10] 2026-04-07 11:04:03,922 DEBUG CachedMetadataProvider.LoadCachedMetadata => obtaining lock
[10] 2026-04-07 11:04:03,924 DEBUG CachedMetadataProvider.LoadCachedMetadata => deserialized 6 files.
[10] 2026-04-07 11:04:03,926 DEBUG CachedMetadataProvider.LoadCachedMetadata => obtaining lock
[10] 2026-04-07 11:04:03,928 DEBUG CachedMetadataProvider.LoadCachedMetadata => deserialized 7 files.
[10] 2026-04-07 11:04:03,929 DEBUG CachedMetadataProvider.LoadCachedMetadata => obtaining lock
[10] 2026-04-07 11:04:03,933 DEBUG CachedMetadataProvider.LoadCachedMetadata => deserialized 8 files.
[10] 2026-04-07 11:04:03,934 DEBUG CachedMetadataProvider.LoadCachedMetadata => obtaining lock
[10] 2026-04-07 11:04:03,937 DEBUG CachedMetadataProvider.LoadCachedMetadata => deserialized 9 files.
[10] 2026-04-07 11:04:03,938 DEBUG CachedMetadataProvider.LoadCachedMetadata => obtaining lock
[10] 2026-04-07 11:04:03,941 DEBUG CachedMetadataProvider.LoadCachedMetadata => deserialized 10 files.
[10] 2026-04-07 11:04:03,943 DEBUG CachedMetadataProvider.LoadCachedMetadata => obtaining lock
[10] 2026-04-07 11:04:03,946 DEBUG CachedMetadataProvider.LoadCachedMetadata => deserialized 11 files.
[10] 2026-04-07 11:04:03,946 DEBUG CachedMetadataProvider.LoadCachedMetadata => obtaining lock
[10] 2026-04-07 11:04:03,950 DEBUG CachedMetadataProvider.LoadCachedMetadata => deserialized 12 files.
[10] 2026-04-07 11:04:03,951 DEBUG CachedMetadataProvider.LoadCachedMetadata => obtaining lock
[10] 2026-04-07 11:04:03,956 DEBUG CachedMetadataProvider.LoadCachedMetadata => deserialized 13 files.
[10] 2026-04-07 11:04:03,957 DEBUG CachedMetadataProvider.LoadCachedMetadata => obtaining lock
[10] 2026-04-07 11:04:03,961 DEBUG CachedMetadataProvider.LoadCachedMetadata => deserialized 14 files.
[10] 2026-04-07 11:04:03,963 DEBUG CachedMetadataProvider.SaveCachedMetadata => saved 15 files.
[15] 2026-04-09 08:36:20,317 DEBUG CachedMetadataProvider.LoadCachedMetadata => obtaining lock
[15] 2026-04-09 08:36:20,358 DEBUG CachedMetadataProvider.LoadCachedMetadata => deserialized 15 files.
[15] 2026-04-09 08:36:20,359 DEBUG CachedMetadataProvider.SavePreviousCachedMetadata => obtaining lock
[15] 2026-04-09 08:36:20,374 DEBUG CachedMetadataProvider.SaveCachedMetadata => obtaining lock
[15] 2026-04-09 08:36:20,375 DEBUG CachedMetadataProvider.LoadCachedMetadata => obtaining lock
[15] 2026-04-09 08:36:20,376 DEBUG CachedMetadataProvider.LoadCachedMetadata => deserialized 0 files.
[15] 2026-04-09 08:36:20,378 DEBUG CachedMetadataProvider.LoadCachedMetadata => obtaining lock
[15] 2026-04-09 08:36:20,379 DEBUG CachedMetadataProvider.LoadCachedMetadata => deserialized 1 files.
[15] 2026-04-09 08:36:20,380 DEBUG CachedMetadataProvider.LoadCachedMetadata => obtaining lock
[15] 2026-04-09 08:36:20,382 DEBUG CachedMetadataProvider.LoadCachedMetadata => deserialized 2 files.
[15] 2026-04-09 08:36:20,383 DEBUG CachedMetadataProvider.LoadCachedMetadata => obtaining lock
[15] 2026-04-09 08:36:20,385 DEBUG CachedMetadataProvider.LoadCachedMetadata => deserialized 3 files.
[15] 2026-04-09 08:36:20,387 DEBUG CachedMetadataProvider.LoadCachedMetadata => obtaining lock
[15] 2026-04-09 08:36:20,389 DEBUG CachedMetadataProvider.LoadCachedMetadata => deserialized 4 files.
[15] 2026-04-09 08:36:20,391 DEBUG CachedMetadataProvider.LoadCachedMetadata => obtaining lock
[15] 2026-04-09 08:36:20,393 DEBUG CachedMetadataProvider.LoadCachedMetadata => deserialized 5 files.
[15] 2026-04-09 08:36:20,394 DEBUG CachedMetadataProvider.LoadCachedMetadata => obtaining lock
[15] 2026-04-09 08:36:20,397 DEBUG CachedMetadataProvider.LoadCachedMetadata => deserialized 6 files.
[15] 2026-04-09 08:36:20,399 DEBUG CachedMetadataProvider.LoadCachedMetadata => obtaining lock
[15] 2026-04-09 08:36:20,403 DEBUG CachedMetadataProvider.LoadCachedMetadata => deserialized 7 files.
[15] 2026-04-09 08:36:20,403 DEBUG CachedMetadataProvider.LoadCachedMetadata => obtaining lock
[15] 2026-04-09 08:36:20,407 DEBUG CachedMetadataProvider.LoadCachedMetadata => deserialized 8 files.
[15] 2026-04-09 08:36:20,408 DEBUG CachedMetadataProvider.LoadCachedMetadata => obtaining lock
[15] 2026-04-09 08:36:20,414 DEBUG CachedMetadataProvider.LoadCachedMetadata => deserialized 9 files.
[15] 2026-04-09 08:36:20,415 DEBUG CachedMetadataProvider.LoadCachedMetadata => obtaining lock
[15] 2026-04-09 08:36:20,420 DEBUG CachedMetadataProvider.LoadCachedMetadata => deserialized 10 files.
[15] 2026-04-09 08:36:20,421 DEBUG CachedMetadataProvider.LoadCachedMetadata => obtaining lock
[15] 2026-04-09 08:36:20,425 DEBUG CachedMetadataProvider.LoadCachedMetadata => deserialized 11 files.
[15] 2026-04-09 08:36:20,427 DEBUG CachedMetadataProvider.LoadCachedMetadata => obtaining lock
[15] 2026-04-09 08:36:20,431 DEBUG CachedMetadataProvider.LoadCachedMetadata => deserialized 12 files.
[15] 2026-04-09 08:36:20,432 DEBUG CachedMetadataProvider.LoadCachedMetadata => obtaining lock
[15] 2026-04-09 08:36:20,440 DEBUG CachedMetadataProvider.LoadCachedMetadata => deserialized 13 files.
[15] 2026-04-09 08:36:20,442 DEBUG CachedMetadataProvider.LoadCachedMetadata => obtaining lock
[15] 2026-04-09 08:36:20,448 DEBUG CachedMetadataProvider.LoadCachedMetadata => deserialized 14 files.
[15] 2026-04-09 08:36:20,449 DEBUG CachedMetadataProvider.LoadCachedMetadata => obtaining lock
[15] 2026-04-09 08:36:20,454 DEBUG CachedMetadataProvider.LoadCachedMetadata => deserialized 15 files.
[15] 2026-04-09 08:36:20,454 DEBUG CachedMetadataProvider.LoadCachedMetadata => obtaining lock
[15] 2026-04-09 08:36:20,457 DEBUG CachedMetadataProvider.LoadCachedMetadata => deserialized 16 files.
[15] 2026-04-09 08:36:20,457 DEBUG CachedMetadataProvider.SaveCachedMetadata => saved 17 files.
[15] 2026-04-09 11:17:42,472 DEBUG CachedMetadataProvider.LoadCachedMetadata => obtaining lock
[15] 2026-04-09 11:17:42,479 DEBUG CachedMetadataProvider.LoadCachedMetadata => deserialized 17 files.
[15] 2026-04-09 11:17:42,480 DEBUG CachedMetadataProvider.SavePreviousCachedMetadata => obtaining lock
[15] 2026-04-09 11:17:42,735 DEBUG CachedMetadataProvider.SaveCachedMetadata => obtaining lock
[15] 2026-04-09 11:17:42,736 DEBUG CachedMetadataProvider.LoadCachedMetadata => obtaining lock
[15] 2026-04-09 11:17:42,737 DEBUG CachedMetadataProvider.LoadCachedMetadata => deserialized 0 files.
[15] 2026-04-09 11:17:42,739 DEBUG CachedMetadataProvider.LoadCachedMetadata => obtaining lock
[15] 2026-04-09 11:17:42,741 DEBUG CachedMetadataProvider.LoadCachedMetadata => deserialized 1 files.
[15] 2026-04-09 11:17:42,742 DEBUG CachedMetadataProvider.LoadCachedMetadata => obtaining lock
[15] 2026-04-09 11:17:42,744 DEBUG CachedMetadataProvider.LoadCachedMetadata => deserialized 2 files.
[15] 2026-04-09 11:17:42,746 DEBUG CachedMetadataProvider.LoadCachedMetadata => obtaining lock
[15] 2026-04-09 11:17:42,747 DEBUG CachedMetadataProvider.LoadCachedMetadata => deserialized 3 files.
[15] 2026-04-09 11:17:42,749 DEBUG CachedMetadataProvider.LoadCachedMetadata => obtaining lock
[15] 2026-04-09 11:17:42,751 DEBUG CachedMetadataProvider.LoadCachedMetadata => deserialized 4 files.
[15] 2026-04-09 11:17:42,753 DEBUG CachedMetadataProvider.LoadCachedMetadata => obtaining lock
[15] 2026-04-09 11:17:42,756 DEBUG CachedMetadataProvider.LoadCachedMetadata => deserialized 5 files.
[15] 2026-04-09 11:17:42,758 DEBUG CachedMetadataProvider.LoadCachedMetadata => obtaining lock
[15] 2026-04-09 11:17:42,760 DEBUG CachedMetadataProvider.LoadCachedMetadata => deserialized 6 files.
[15] 2026-04-09 11:17:42,762 DEBUG CachedMetadataProvider.LoadCachedMetadata => obtaining lock
[15] 2026-04-09 11:17:42,764 DEBUG CachedMetadataProvider.LoadCachedMetadata => deserialized 7 files.
[15] 2026-04-09 11:17:42,766 DEBUG CachedMetadataProvider.LoadCachedMetadata => obtaining lock
[15] 2026-04-09 11:17:42,769 DEBUG CachedMetadataProvider.LoadCachedMetadata => deserialized 8 files.
[15] 2026-04-09 11:17:42,770 DEBUG CachedMetadataProvider.LoadCachedMetadata => obtaining lock
[15] 2026-04-09 11:17:42,773 DEBUG CachedMetadataProvider.LoadCachedMetadata => deserialized 9 files.
[15] 2026-04-09 11:17:42,774 DEBUG CachedMetadataProvider.LoadCachedMetadata => obtaining lock
[15] 2026-04-09 11:17:42,777 DEBUG CachedMetadataProvider.LoadCachedMetadata => deserialized 10 files.
[15] 2026-04-09 11:17:42,778 DEBUG CachedMetadataProvider.LoadCachedMetadata => obtaining lock
[15] 2026-04-09 11:17:42,783 DEBUG CachedMetadataProvider.LoadCachedMetadata => deserialized 11 files.
[15] 2026-04-09 11:17:42,784 DEBUG CachedMetadataProvider.LoadCachedMetadata => obtaining lock
[15] 2026-04-09 11:17:42,788 DEBUG CachedMetadataProvider.LoadCachedMetadata => deserialized 12 files.
[15] 2026-04-09 11:17:42,790 DEBUG CachedMetadataProvider.LoadCachedMetadata => obtaining lock
[15] 2026-04-09 11:17:42,794 DEBUG CachedMetadataProvider.LoadCachedMetadata => deserialized 13 files.
[15] 2026-04-09 11:17:42,795 DEBUG CachedMetadataProvider.LoadCachedMetadata => obtaining lock
[15] 2026-04-09 11:17:42,800 DEBUG CachedMetadataProvider.LoadCachedMetadata => deserialized 14 files.
[15] 2026-04-09 11:17:42,801 DEBUG CachedMetadataProvider.LoadCachedMetadata => obtaining lock
[15] 2026-04-09 11:17:42,806 DEBUG CachedMetadataProvider.LoadCachedMetadata => deserialized 15 files.
[15] 2026-04-09 11:17:42,807 DEBUG CachedMetadataProvider.SaveCachedMetadata => saved 16 files.
[12] 2026-04-12 08:29:11,130 DEBUG CachedMetadataProvider.LoadCachedMetadata => obtaining lock
[12] 2026-04-12 08:29:11,137 DEBUG CachedMetadataProvider.LoadCachedMetadata => deserialized 16 files.
[12] 2026-04-12 08:29:11,137 DEBUG CachedMetadataProvider.SavePreviousCachedMetadata => obtaining lock
[12] 2026-04-12 08:29:11,144 DEBUG CachedMetadataProvider.SaveCachedMetadata => obtaining lock
[12] 2026-04-12 08:29:11,144 DEBUG CachedMetadataProvider.LoadCachedMetadata => obtaining lock
[12] 2026-04-12 08:29:11,145 DEBUG CachedMetadataProvider.LoadCachedMetadata => deserialized 0 files.
[12] 2026-04-12 08:29:11,145 DEBUG CachedMetadataProvider.LoadCachedMetadata => obtaining lock
[12] 2026-04-12 08:29:11,145 DEBUG CachedMetadataProvider.LoadCachedMetadata => deserialized 1 files.
[12] 2026-04-12 08:29:11,146 DEBUG CachedMetadataProvider.LoadCachedMetadata => obtaining lock
[12] 2026-04-12 08:29:11,147 DEBUG CachedMetadataProvider.LoadCachedMetadata => deserialized 2 files.
[12] 2026-04-12 08:29:11,147 DEBUG CachedMetadataProvider.LoadCachedMetadata => obtaining lock
[12] 2026-04-12 08:29:11,148 DEBUG CachedMetadataProvider.LoadCachedMetadata => deserialized 3 files.
[12] 2026-04-12 08:29:11,148 DEBUG CachedMetadataProvider.LoadCachedMetadata => obtaining lock
[12] 2026-04-12 08:29:11,149 DEBUG CachedMetadataProvider.LoadCachedMetadata => deserialized 4 files.
[12] 2026-04-12 08:29:11,150 DEBUG CachedMetadataProvider.LoadCachedMetadata => obtaining lock
[12] 2026-04-12 08:29:11,151 DEBUG CachedMetadataProvider.LoadCachedMetadata => deserialized 5 files.
[12] 2026-04-12 08:29:11,152 DEBUG CachedMetadataProvider.LoadCachedMetadata => obtaining lock
[12] 2026-04-12 08:29:11,153 DEBUG CachedMetadataProvider.LoadCachedMetadata => deserialized 6 files.
[12] 2026-04-12 08:29:11,154 DEBUG CachedMetadataProvider.LoadCachedMetadata => obtaining lock
[12] 2026-04-12 08:29:11,156 DEBUG CachedMetadataProvider.LoadCachedMetadata => deserialized 7 files.
[12] 2026-04-12 08:29:11,156 DEBUG CachedMetadataProvider.LoadCachedMetadata => obtaining lock
[12] 2026-04-12 08:29:11,157 DEBUG CachedMetadataProvider.LoadCachedMetadata => deserialized 8 files.
[12] 2026-04-12 08:29:11,158 DEBUG CachedMetadataProvider.LoadCachedMetadata => obtaining lock
[12] 2026-04-12 08:29:11,159 DEBUG CachedMetadataProvider.LoadCachedMetadata => deserialized 9 files.
[12] 2026-04-12 08:29:11,160 DEBUG CachedMetadataProvider.LoadCachedMetadata => obtaining lock
[12] 2026-04-12 08:29:11,161 DEBUG CachedMetadataProvider.LoadCachedMetadata => deserialized 10 files.
[12] 2026-04-12 08:29:11,162 DEBUG CachedMetadataProvider.LoadCachedMetadata => obtaining lock
[12] 2026-04-12 08:29:11,163 DEBUG CachedMetadataProvider.LoadCachedMetadata => deserialized 11 files.
[12] 2026-04-12 08:29:11,164 DEBUG CachedMetadataProvider.LoadCachedMetadata => obtaining lock
[12] 2026-04-12 08:29:11,166 DEBUG CachedMetadataProvider.LoadCachedMetadata => deserialized 12 files.
[12] 2026-04-12 08:29:11,167 DEBUG CachedMetadataProvider.LoadCachedMetadata => obtaining lock
[12] 2026-04-12 08:29:11,169 DEBUG CachedMetadataProvider.LoadCachedMetadata => deserialized 13 files.
[12] 2026-04-12 08:29:11,169 DEBUG CachedMetadataProvider.LoadCachedMetadata => obtaining lock
[12] 2026-04-12 08:29:11,171 DEBUG CachedMetadataProvider.LoadCachedMetadata => deserialized 14 files.
[12] 2026-04-12 08:29:11,172 DEBUG CachedMetadataProvider.LoadCachedMetadata => obtaining lock
[12] 2026-04-12 08:29:11,174 DEBUG CachedMetadataProvider.LoadCachedMetadata => deserialized 15 files.
[12] 2026-04-12 08:29:11,174 DEBUG CachedMetadataProvider.LoadCachedMetadata => obtaining lock
[12] 2026-04-12 08:29:11,177 DEBUG CachedMetadataProvider.LoadCachedMetadata => deserialized 16 files.
[12] 2026-04-12 08:29:11,177 DEBUG CachedMetadataProvider.SaveCachedMetadata => saved 17 files.
[11] 2026-04-12 09:00:08,720 OFF   =============================================================================================
[11] 2026-04-12 09:00:08,721 OFF   ==================================>>>>> Start Actions <<<<<==================================
[11] 2026-04-12 09:00:08,721 OFF   ActionDelegator.Execute => processing 2 actions. Timeout: 180 minutes.
[11] 2026-04-12 09:00:08,722 DEBUG ActionDelegator.ExistsRegKey_SetupPhase => Check FU in progress. Checking registry key [HKEY_LOCAL_MACHINE\SYSTEM\Setup\MoSetup\Volatile\SetupPhase|[type=DWord]]: 
[11] 2026-04-12 09:00:08,723 DEBUG All Patch Prerequisites are installed.
[11] 2026-04-12 09:00:08,723 DEBUG CachedMetadataProvider.LoadCachedMetadata => obtaining lock
[11] 2026-04-12 09:00:08,730 DEBUG CachedMetadataProvider.LoadCachedMetadata => deserialized 17 files.
[11] 2026-04-12 09:00:08,731 DEBUG CachedMetadataProvider.LoadCachedMetadata => obtaining lock
[11] 2026-04-12 09:00:08,733 DEBUG CachedMetadataProvider.LoadCachedMetadata => deserialized 17 files.
[11] 2026-04-12 09:00:08,734 DEBUG CachedMetadataProvider.LoadCachedMetadata => obtaining lock
[11] 2026-04-12 09:00:08,736 DEBUG CachedMetadataProvider.LoadCachedMetadata => deserialized 17 files.
[11] 2026-04-12 09:00:08,737 DEBUG CachedMetadataProvider.LoadCachedMetadata => obtaining lock
[11] 2026-04-12 09:00:08,739 DEBUG CachedMetadataProvider.LoadCachedMetadata => deserialized 17 files.
[11] 2026-04-12 09:00:08,739 DEBUG CachedMetadataProvider.LoadCachedMetadata => obtaining lock
[11] 2026-04-12 09:00:08,742 DEBUG CachedMetadataProvider.LoadCachedMetadata => deserialized 17 files.
[11] 2026-04-12 09:00:08,742 DEBUG CachedMetadataProvider.LoadCachedMetadata => obtaining lock
[11] 2026-04-12 09:00:08,745 DEBUG CachedMetadataProvider.LoadCachedMetadata => deserialized 17 files.
[11] 2026-04-12 09:00:08,745 DEBUG CachedMetadataProvider.LoadCachedMetadata => obtaining lock
[11] 2026-04-12 09:00:08,747 DEBUG CachedMetadataProvider.LoadCachedMetadata => deserialized 17 files.
[11] 2026-04-12 09:00:08,748 DEBUG CachedMetadataProvider.LoadCachedMetadata => obtaining lock
[11] 2026-04-12 09:00:08,750 DEBUG CachedMetadataProvider.LoadCachedMetadata => deserialized 17 files.
[11] 2026-04-12 09:00:08,750 DEBUG CachedMetadataProvider.LoadCachedMetadata => obtaining lock
[11] 2026-04-12 09:00:08,753 DEBUG CachedMetadataProvider.LoadCachedMetadata => deserialized 17 files.
[11] 2026-04-12 09:00:08,753 DEBUG CachedMetadataProvider.LoadCachedMetadata => obtaining lock
[11] 2026-04-12 09:00:08,758 DEBUG CachedMetadataProvider.LoadCachedMetadata => deserialized 17 files.
[11] 2026-04-12 09:00:08,758 DEBUG CachedMetadataProvider.LoadCachedMetadata => obtaining lock
[11] 2026-04-12 09:00:08,760 DEBUG CachedMetadataProvider.LoadCachedMetadata => deserialized 17 files.
[11] 2026-04-12 09:00:08,760 DEBUG CachedMetadataProvider.LoadCachedMetadata => obtaining lock
[11] 2026-04-12 09:00:08,762 DEBUG CachedMetadataProvider.LoadCachedMetadata => deserialized 17 files.
[11] 2026-04-12 09:00:08,763 DEBUG CachedMetadataProvider.LoadCachedMetadata => obtaining lock
[11] 2026-04-12 09:00:08,766 DEBUG CachedMetadataProvider.LoadCachedMetadata => deserialized 17 files.
[11] 2026-04-12 09:00:08,766 DEBUG CachedMetadataProvider.LoadCachedMetadata => obtaining lock
[11] 2026-04-12 09:00:08,768 DEBUG CachedMetadataProvider.LoadCachedMetadata => deserialized 17 files.
[11] 2026-04-12 09:00:08,768 DEBUG CachedMetadataProvider.LoadCachedMetadata => obtaining lock
[11] 2026-04-12 09:00:08,770 DEBUG CachedMetadataProvider.LoadCachedMetadata => deserialized 17 files.
[11] 2026-04-12 09:00:08,771 DEBUG CachedMetadataProvider.LoadCachedMetadata => obtaining lock
[11] 2026-04-12 09:00:08,773 DEBUG CachedMetadataProvider.LoadCachedMetadata => deserialized 17 files.
[11] 2026-04-12 09:00:08,773 DEBUG CachedMetadataProvider.LoadCachedMetadata => obtaining lock
[11] 2026-04-12 09:00:08,776 DEBUG CachedMetadataProvider.LoadCachedMetadata => deserialized 17 files.
[11] 2026-04-12 09:00:08,776 DEBUG CachedMetadataProvider.LoadCachedMetadata => obtaining lock
[11] 2026-04-12 09:00:08,779 DEBUG CachedMetadataProvider.LoadCachedMetadata => deserialized 17 files.
[11] 2026-04-12 09:00:08,780 DEBUG CachedMetadataProvider.LoadCachedMetadata => obtaining lock
[11] 2026-04-12 09:00:08,782 DEBUG CachedMetadataProvider.LoadCachedMetadata => deserialized 17 files.
[11] 2026-04-12 09:00:08,782 DEBUG ActionHandlerResolver.LoadPropertyBag => skipping field [SupersededUpdateIDs], not a simple type.
[11] 2026-04-12 09:00:08,782 DEBUG ActionHandlerResolver.Resolve => resolved action handler [WuaInstallerActionHandler]. Mapping: keys [ActionType,DataProviderType], values [Installation,DriverUpdate]
[11] 2026-04-12 09:00:08,783 DEBUG ActionHandlerResolver.LoadPropertyBag => skipping field [SupersededUpdateIDs], not a simple type.
[11] 2026-04-12 09:00:08,783 DEBUG ActionHandlerResolver.Resolve => resolved action handler [ThirdPartyInstallerActionHandler]. Mapping: keys [ActionType,DataProviderType], values [Installation,ThirdParty]
[11] 2026-04-12 09:00:08,783 OFF   ActionDelegator.Execute => ------ processing 1 action(s) for action handler: [WuaInstallerActionHandler]. Time limit: 2026-04-12 12:00 ------
[11] 2026-04-12 09:00:08,784 DEBUG 		Installation: [3fb6415e-336f-42a0-a82f-623d1de9719a] Lenovo System Driver Update (10.17.2603.3), 
[11] 2026-04-12 09:00:08,784 DEBUG WuaInstallerActionHandler.Execute => Running installation =====>>> Step 1 <<<=====
[1] 2026-04-12 09:00:09,062 DEBUG Enter >>> WuaUtilities.SetPreferredUpdateService()
[1] 2026-04-12 09:00:09,072 DEBUG Enter >>> WuaUtilities.FindService("7971f918-a847-4430-9279-4a52d1efe18d")
[1] 2026-04-12 09:00:09,073 DEBUG Exit  <<< WuaUtilities.FindService("7971f918-a847-4430-9279-4a52d1efe18d"), returns System.__ComObject
[1] 2026-04-12 09:00:09,073 DEBUG Enter >>> WuaUtilities.SetSearcherService(System.__ComObject)
[1] 2026-04-12 09:00:09,074 DEBUG Exit  <<< WuaUtilities.SetSearcherService("System.__ComObject"), returns True
[1] 2026-04-12 09:00:09,074 INFO  WUA Update Service set to 7971f918-a847-4430-9279-4a52d1efe18d, ServerSelection = ssOthers
[1] 2026-04-12 09:00:09,074 DEBUG Exit  <<< WuaUtilities.SetPreferredUpdateService()
[1] 2026-04-12 09:00:09,074 INFO  WuaInstallerActionHandler.PreInstallSearch => search WUA patch [UpdateID='3fb6415e-336f-42a0-a82f-623d1de9719a' and DeploymentAction=*]...
[1] 2026-04-12 09:00:30,424 INFO  WuaInstallerActionHandler.SubmitFilesForDownload => Patch has no installation package! [3fb6415e-336f-42a0-a82f-623d1de9719a] Lenovo System Driver Update (10.17.2603.3)
[1] 2026-04-12 09:00:30,426 DEBUG WuaInstallerActionHandler.PreInstallDownload => Waiting for finishing patch installers download (time limit: 2026-04-12 11:00)
[1] 2026-04-12 09:00:30,426 DEBUG WuaInstallerActionHandler.PreInstallDownload => Download of installation files for [3fb6415e-336f-42a0-a82f-623d1de9719a] patch is finished...
[1] 2026-04-12 09:00:30,430 DEBUG WuaService.UpdateLastSuccessTimeDownloadInRegistry => LastSuccessTime value in registry: 2026-04-05 06:51:29
[1] 2026-04-12 09:00:30,431 OFF   WuaService.UpdateLastSuccessTimeDownloadInRegistry => setting LastSuccessTime to: 2026-04-12 06:00:30 [Culture is: en-IL]
[1] 2026-04-12 09:00:30,441 DEBUG WuaInstallerActionHandler.DownloadDirectlyByWua => start download by WUA [3fb6415e-336f-42a0-a82f-623d1de9719a]
[1] 2026-04-12 09:00:32,791 DEBUG WuaInstallerActionHandler.DownloadDirectlyByWua => successful download by WUA [3fb6415e-336f-42a0-a82f-623d1de9719a]
[1] 2026-04-12 09:00:32,797 INFO  WuaInstallerActionHandler.Install => installing [1] WUA patch(es)...
[1] 2026-04-12 09:00:34,041 OFF   WuaInstallerActionHandler.Install => installation of [1] WUA patch(es) finished with result code [0/orcSucceeded], reboot: [False]. 
[1] 2026-04-12 09:00:34,042 DEBUG WuaInstallerActionHandler.Commit => (new interface)
[1] 2026-04-12 09:00:34,056 OFF   WuaInstallerActionHandler.ProcessInstallationResult => Installed [3fb6415e-336f-42a0-a82f-623d1de9719a], result code: orcSucceeded, hResult: 0, reboot required: NotRequired
[11] 2026-04-12 09:00:34,151 DEBUG ActionDelegator.Execute => ------ processing action finished. Id: 3fb6415e-336f-42a0-a82f-623d1de9719a, Error: , RebootRequired: False
[11] 2026-04-12 09:00:34,151 OFF   ActionDelegator.Execute => ------ processing 1 action(s) for action handler: [ThirdPartyInstallerActionHandler]. Time limit: 2026-04-12 12:00 ------
[11] 2026-04-12 09:00:34,151 DEBUG 		Installation: [56b89f66-2bcf-4f43-8afd-0cd24d9b2a69] Chrome (x64) 147.0.7727.56, 
[11] 2026-04-12 09:00:35,414 DEBUG ThirdPartyInstallerActionHandler.SubmitFilesForDownload => submitting file for download [56b89f66-2bcf-4f43-8afd-0cd24d9b2a69.1] [https://dl.google.com/tag/s/appguid%3D%7B8A69D345-D564-463C-AFF1-A69D9E530F96%7D%26iid%3D%7BA812BA5F-B124-5A68-2F5B-4DF63A862C4F%7D%26lang%3Den%26browser%3D4%26usagestats%3D0%26appname%3DGoogle%2520Chrome%26needsadmin%3Dtrue%26ap%3Dx64-stable-statsdef_0%26brand%3DGCEA/dl/chrome/install/googlechromestandaloneenterprise64.msi]
[11] 2026-04-12 09:00:35,419 DEBUG ThirdPartyInstallerActionHandler.Execute => Waiting for finishing patch installers download (time limit: 2026-04-12 11:00)
[11] 2026-04-12 09:00:35,421 DEBUG ThirdPartyInstallerActionHandler.IsDownloadCompleted => checking download status for file [56b89f66-2bcf-4f43-8afd-0cd24d9b2a69.1] [https://dl.google.com/tag/s/appguid%3D%7B8A69D345-D564-463C-AFF1-A69D9E530F96%7D%26iid%3D%7BA812BA5F-B124-5A68-2F5B-4DF63A862C4F%7D%26lang%3Den%26browser%3D4%26usagestats%3D0%26appname%3DGoogle%2520Chrome%26needsadmin%3Dtrue%26ap%3Dx64-stable-statsdef_0%26brand%3DGCEA/dl/chrome/install/googlechromestandaloneenterprise64.msi], IsDownloadCompleted = False
[11] 2026-04-12 09:00:35,422 DEBUG ThirdPartyInstallerActionHandler.Execute => Download of installation files for remaining 1 patches is still in progress, waiting 10 seconds...
[11] 2026-04-12 09:00:45,425 DEBUG ThirdPartyInstallerActionHandler.IsDownloadCompleted => checking download status for file [56b89f66-2bcf-4f43-8afd-0cd24d9b2a69.1] [https://dl.google.com/tag/s/appguid%3D%7B8A69D345-D564-463C-AFF1-A69D9E530F96%7D%26iid%3D%7BA812BA5F-B124-5A68-2F5B-4DF63A862C4F%7D%26lang%3Den%26browser%3D4%26usagestats%3D0%26appname%3DGoogle%2520Chrome%26needsadmin%3Dtrue%26ap%3Dx64-stable-statsdef_0%26brand%3DGCEA/dl/chrome/install/googlechromestandaloneenterprise64.msi], IsDownloadCompleted = False
[11] 2026-04-12 09:00:45,426 DEBUG ThirdPartyInstallerActionHandler.Execute => Download of installation files for remaining 1 patches is still in progress, waiting 10 seconds...
[11] 2026-04-12 09:00:55,433 DEBUG ThirdPartyInstallerActionHandler.IsDownloadCompleted => checking download status for file [56b89f66-2bcf-4f43-8afd-0cd24d9b2a69.1] [https://dl.google.com/tag/s/appguid%3D%7B8A69D345-D564-463C-AFF1-A69D9E530F96%7D%26iid%3D%7BA812BA5F-B124-5A68-2F5B-4DF63A862C4F%7D%26lang%3Den%26browser%3D4%26usagestats%3D0%26appname%3DGoogle%2520Chrome%26needsadmin%3Dtrue%26ap%3Dx64-stable-statsdef_0%26brand%3DGCEA/dl/chrome/install/googlechromestandaloneenterprise64.msi], IsDownloadCompleted = True
[11] 2026-04-12 09:00:55,434 DEBUG ThirdPartyInstallerActionHandler.Execute => Download of installation files for [56b89f66-2bcf-4f43-8afd-0cd24d9b2a69] patch is finished, starting installation...
[11] 2026-04-12 09:00:55,443 DEBUG ThirdPartyInstallerActionHandler.Download => Downloading file [56b89f66-2bcf-4f43-8afd-0cd24d9b2a69.1] to [C:\ProgramData\MspPlatform\PME\ThirdPartyPatch\Downloads\f7aa248b-6982-498c-825d-847b0104f3a2\googlechromestandaloneenterprise64.msi]
[11] 2026-04-12 09:00:56,245 DEBUG ThirdPartyInstallerActionHandler.ExecuteImpl => handling actionType: 'Installation', GUID: '56b89f66-2bcf-4f43-8afd-0cd24d9b2a69'
[11] 2026-04-12 09:00:56,248 DEBUG Extracted the following data from ThirdPartyPatch [Chrome] Installed: [146.0.7680.178] > Latest: [147.0.7727.56]
[11] 2026-04-12 09:01:16,753 DEBUG ActionDelegator.Execute => ------ processing action finished. Id: 56b89f66-2bcf-4f43-8afd-0cd24d9b2a69, Error: , RebootRequired: False
[11] 2026-04-12 09:01:16,753 OFF   =============================>>> Processing Actions finished <<<=============================
[11] 2026-04-12 09:02:51,456 DEBUG CachedMetadataProvider.LoadCachedMetadata => obtaining lock
[11] 2026-04-12 09:02:51,459 DEBUG CachedMetadataProvider.LoadCachedMetadata => deserialized 17 files.
[11] 2026-04-12 09:02:51,459 DEBUG CachedMetadataProvider.SavePreviousCachedMetadata => obtaining lock
[11] 2026-04-12 09:02:51,466 DEBUG CachedMetadataProvider.SaveCachedMetadata => obtaining lock
[11] 2026-04-12 09:02:51,466 DEBUG CachedMetadataProvider.LoadCachedMetadata => obtaining lock
[11] 2026-04-12 09:02:51,466 DEBUG CachedMetadataProvider.LoadCachedMetadata => deserialized 0 files.
[11] 2026-04-12 09:02:51,467 DEBUG CachedMetadataProvider.LoadCachedMetadata => obtaining lock
[11] 2026-04-12 09:02:51,467 DEBUG CachedMetadataProvider.LoadCachedMetadata => deserialized 1 files.
[11] 2026-04-12 09:02:51,467 DEBUG CachedMetadataProvider.LoadCachedMetadata => obtaining lock
[11] 2026-04-12 09:02:51,468 DEBUG CachedMetadataProvider.LoadCachedMetadata => deserialized 2 files.
[11] 2026-04-12 09:02:51,469 DEBUG CachedMetadataProvider.LoadCachedMetadata => obtaining lock
[11] 2026-04-12 09:02:51,470 DEBUG CachedMetadataProvider.LoadCachedMetadata => deserialized 3 files.
[11] 2026-04-12 09:02:51,470 DEBUG CachedMetadataProvider.LoadCachedMetadata => obtaining lock
[11] 2026-04-12 09:02:51,471 DEBUG CachedMetadataProvider.LoadCachedMetadata => deserialized 4 files.
[11] 2026-04-12 09:02:51,472 DEBUG CachedMetadataProvider.LoadCachedMetadata => obtaining lock
[11] 2026-04-12 09:02:51,473 DEBUG CachedMetadataProvider.LoadCachedMetadata => deserialized 5 files.
[11] 2026-04-12 09:02:51,473 DEBUG CachedMetadataProvider.LoadCachedMetadata => obtaining lock
[11] 2026-04-12 09:02:51,474 DEBUG CachedMetadataProvider.LoadCachedMetadata => deserialized 6 files.
[11] 2026-04-12 09:02:51,475 DEBUG CachedMetadataProvider.LoadCachedMetadata => obtaining lock
[11] 2026-04-12 09:02:51,475 DEBUG CachedMetadataProvider.LoadCachedMetadata => deserialized 7 files.
[11] 2026-04-12 09:02:51,477 DEBUG CachedMetadataProvider.LoadCachedMetadata => obtaining lock
[11] 2026-04-12 09:02:51,478 DEBUG CachedMetadataProvider.LoadCachedMetadata => deserialized 8 files.
[11] 2026-04-12 09:02:51,479 DEBUG CachedMetadataProvider.LoadCachedMetadata => obtaining lock
[11] 2026-04-12 09:02:51,480 DEBUG CachedMetadataProvider.LoadCachedMetadata => deserialized 9 files.
[11] 2026-04-12 09:02:51,481 DEBUG CachedMetadataProvider.LoadCachedMetadata => obtaining lock
[11] 2026-04-12 09:02:51,483 DEBUG CachedMetadataProvider.LoadCachedMetadata => deserialized 10 files.
[11] 2026-04-12 09:02:51,483 DEBUG CachedMetadataProvider.LoadCachedMetadata => obtaining lock
[11] 2026-04-12 09:02:51,485 DEBUG CachedMetadataProvider.LoadCachedMetadata => deserialized 11 files.
[11] 2026-04-12 09:02:51,486 DEBUG CachedMetadataProvider.LoadCachedMetadata => obtaining lock
[11] 2026-04-12 09:02:51,487 DEBUG CachedMetadataProvider.LoadCachedMetadata => deserialized 12 files.
[11] 2026-04-12 09:02:51,487 DEBUG CachedMetadataProvider.LoadCachedMetadata => obtaining lock
[11] 2026-04-12 09:02:51,489 DEBUG CachedMetadataProvider.LoadCachedMetadata => deserialized 13 files.
[11] 2026-04-12 09:02:51,490 DEBUG CachedMetadataProvider.LoadCachedMetadata => obtaining lock
[11] 2026-04-12 09:02:51,492 DEBUG CachedMetadataProvider.LoadCachedMetadata => deserialized 14 files.
[11] 2026-04-12 09:02:51,493 DEBUG CachedMetadataProvider.LoadCachedMetadata => obtaining lock
[11] 2026-04-12 09:02:51,495 DEBUG CachedMetadataProvider.LoadCachedMetadata => deserialized 15 files.
[11] 2026-04-12 09:02:51,496 DEBUG CachedMetadataProvider.SaveCachedMetadata => saved 16 files.
[14] 2026-04-12 10:52:45,553 OFF   =============================================================================================
[14] 2026-04-12 10:52:45,554 OFF   ==================================>>>>> Start Actions <<<<<==================================
[14] 2026-04-12 10:52:45,554 OFF   ActionDelegator.Execute => processing 1 actions. Timeout: 180 minutes.
[14] 2026-04-12 10:52:45,555 DEBUG ActionDelegator.ExistsRegKey_SetupPhase => Check FU in progress. Checking registry key [HKEY_LOCAL_MACHINE\SYSTEM\Setup\MoSetup\Volatile\SetupPhase|[type=DWord]]: 
[14] 2026-04-12 10:52:45,556 DEBUG All Patch Prerequisites are installed.
[14] 2026-04-12 10:52:45,556 DEBUG CachedMetadataProvider.LoadCachedMetadata => obtaining lock
[14] 2026-04-12 10:52:45,559 DEBUG CachedMetadataProvider.LoadCachedMetadata => deserialized 16 files.
[14] 2026-04-12 10:52:45,559 DEBUG CachedMetadataProvider.LoadCachedMetadata => obtaining lock
[14] 2026-04-12 10:52:45,562 DEBUG CachedMetadataProvider.LoadCachedMetadata => deserialized 16 files.
[14] 2026-04-12 10:52:45,562 DEBUG CachedMetadataProvider.LoadCachedMetadata => obtaining lock
[14] 2026-04-12 10:52:45,564 DEBUG CachedMetadataProvider.LoadCachedMetadata => deserialized 16 files.
[14] 2026-04-12 10:52:45,564 DEBUG CachedMetadataProvider.LoadCachedMetadata => obtaining lock
[14] 2026-04-12 10:52:45,566 DEBUG CachedMetadataProvider.LoadCachedMetadata => deserialized 16 files.
[14] 2026-04-12 10:52:45,567 DEBUG CachedMetadataProvider.LoadCachedMetadata => obtaining lock
[14] 2026-04-12 10:52:45,569 DEBUG CachedMetadataProvider.LoadCachedMetadata => deserialized 16 files.
[14] 2026-04-12 10:52:45,570 DEBUG CachedMetadataProvider.LoadCachedMetadata => obtaining lock
[14] 2026-04-12 10:52:45,573 DEBUG CachedMetadataProvider.LoadCachedMetadata => deserialized 16 files.
[14] 2026-04-12 10:52:45,574 DEBUG CachedMetadataProvider.LoadCachedMetadata => obtaining lock
[14] 2026-04-12 10:52:45,577 DEBUG CachedMetadataProvider.LoadCachedMetadata => deserialized 16 files.
[14] 2026-04-12 10:52:45,577 DEBUG CachedMetadataProvider.LoadCachedMetadata => obtaining lock
[14] 2026-04-12 10:52:45,579 DEBUG CachedMetadataProvider.LoadCachedMetadata => deserialized 16 files.
[14] 2026-04-12 10:52:45,580 DEBUG CachedMetadataProvider.LoadCachedMetadata => obtaining lock
[14] 2026-04-12 10:52:45,582 DEBUG CachedMetadataProvider.LoadCachedMetadata => deserialized 16 files.
[14] 2026-04-12 10:52:45,582 DEBUG CachedMetadataProvider.LoadCachedMetadata => obtaining lock
[14] 2026-04-12 10:52:45,585 DEBUG CachedMetadataProvider.LoadCachedMetadata => deserialized 16 files.
[14] 2026-04-12 10:52:45,585 DEBUG CachedMetadataProvider.LoadCachedMetadata => obtaining lock
[14] 2026-04-12 10:52:45,588 DEBUG CachedMetadataProvider.LoadCachedMetadata => deserialized 16 files.
[14] 2026-04-12 10:52:45,588 DEBUG ActionHandlerResolver.LoadPropertyBag => skipping field [SupersededUpdateIDs], not a simple type.
[14] 2026-04-12 10:52:45,588 DEBUG ActionHandlerResolver.Resolve => resolved action handler [ThirdPartyUninstallerActionHandler]. Mapping: keys [ActionType,DataProviderType], values [Uninstallation,ThirdParty]
[14] 2026-04-12 10:52:45,589 OFF   ActionDelegator.Execute => ------ processing 1 action(s) for action handler: [ThirdPartyUninstallerActionHandler]. Time limit: 2026-04-12 13:52 ------
[14] 2026-04-12 10:52:45,589 DEBUG 		Uninstallation: [b61d1ac8-54a0-48d7-a85c-277b6131a036] OneDrive (x64) 26.40.301.1, 
[14] 2026-04-12 10:52:45,590 DEBUG ThirdPartyUninstallerActionHandler.ExecuteImpl => handling actionType: 'Uninstallation', GUID: 'b61d1ac8-54a0-48d7-a85c-277b6131a036'
[14] 2026-04-12 10:52:45,593 ERROR Error when executing actions for action handler: ThirdPartyUninstallerActionHandler: ThirdPartyPatch.exe cannot download files from SIS server. Please check your firewall and AV configurations to ensure this file and/or server has not been blocked
PME.Core.Pme004ThirdPartyPatchCannotDownloadFromSisException: ThirdPartyPatch.exe cannot download files from SIS server. Please check your firewall and AV configurations to ensure this file and/or server has not been blocked ---> System.IO.FileNotFoundException: ThirdPartyPatchWrapper.LoadFromFile => File not found: C:\ProgramData\MspPlatform\PME\ThirdPartyPatch\installed_patches.xml.b062a287-24c4-4190-a224-fcae60384d52
   --- End of inner exception stack trace ---
   at PME.Core.ThirdParty.ThirdPartyPatchWrapper.LoadFromFile[T](String path, String xmlRoot)
   at PME.Core.ThirdParty.ThirdPartyPatchWrapper.ReadInstalledUpdates()
   at PME.ActionManager.ActionHandlers.ThirdPartyUninstallerActionHandler.ThirdPartyUninstallerActionHandler.Uninstall(CancellationToken token)
   at PME.ActionManager.ActionHandlers.ThirdPartyUninstallerActionHandler.ThirdPartyUninstallerActionHandler.Execute(CancellationToken token, Nullable`1 killTime, IEnumerable`1 actionsWithMetadata)
   at PME.ActionManager.ActionDelegator.ActionDelegator.Execute(CancellationToken token, StartActionsParameters parameters)
[14] 2026-04-12 10:52:45,601 DEBUG ActionDelegator.Execute => ------ processing action finished. Id: b61d1ac8-54a0-48d7-a85c-277b6131a036, Error: Error in action handler: ThirdPartyPatch.exe cannot download files from SIS server. Please check your firewall and AV configurations to ensure this file and/or server has not been blocked, RebootRequired: False
[14] 2026-04-12 10:52:45,601 OFF   =============================>>> Processing Actions finished <<<=============================
[15] 2026-04-12 11:03:24,169 DEBUG CachedMetadataProvider.LoadCachedMetadata => obtaining lock
[15] 2026-04-12 11:03:24,175 DEBUG CachedMetadataProvider.LoadCachedMetadata => deserialized 16 files.
[15] 2026-04-12 11:03:24,176 DEBUG CachedMetadataProvider.SavePreviousCachedMetadata => obtaining lock
[15] 2026-04-12 11:03:24,196 DEBUG CachedMetadataProvider.SaveCachedMetadata => obtaining lock
[15] 2026-04-12 11:03:24,197 DEBUG CachedMetadataProvider.LoadCachedMetadata => obtaining lock
[15] 2026-04-12 11:03:24,198 DEBUG CachedMetadataProvider.LoadCachedMetadata => deserialized 0 files.
[15] 2026-04-12 11:03:24,199 DEBUG CachedMetadataProvider.LoadCachedMetadata => obtaining lock
[15] 2026-04-12 11:03:24,201 DEBUG CachedMetadataProvider.LoadCachedMetadata => deserialized 1 files.
[15] 2026-04-12 11:03:24,202 DEBUG CachedMetadataProvider.LoadCachedMetadata => obtaining lock
[15] 2026-04-12 11:03:24,205 DEBUG CachedMetadataProvider.LoadCachedMetadata => deserialized 2 files.
[15] 2026-04-12 11:03:24,206 DEBUG CachedMetadataProvider.LoadCachedMetadata => obtaining lock
[15] 2026-04-12 11:03:24,208 DEBUG CachedMetadataProvider.LoadCachedMetadata => deserialized 3 files.
[15] 2026-04-12 11:03:24,210 DEBUG CachedMetadataProvider.LoadCachedMetadata => obtaining lock
[15] 2026-04-12 11:03:24,213 DEBUG CachedMetadataProvider.LoadCachedMetadata => deserialized 4 files.
[15] 2026-04-12 11:03:24,214 DEBUG CachedMetadataProvider.LoadCachedMetadata => obtaining lock
[15] 2026-04-12 11:03:24,217 DEBUG CachedMetadataProvider.LoadCachedMetadata => deserialized 5 files.
[15] 2026-04-12 11:03:24,219 DEBUG CachedMetadataProvider.LoadCachedMetadata => obtaining lock
[15] 2026-04-12 11:03:24,222 DEBUG CachedMetadataProvider.LoadCachedMetadata => deserialized 6 files.
[15] 2026-04-12 11:03:24,223 DEBUG CachedMetadataProvider.LoadCachedMetadata => obtaining lock
[15] 2026-04-12 11:03:24,227 DEBUG CachedMetadataProvider.LoadCachedMetadata => deserialized 7 files.
[15] 2026-04-12 11:03:24,229 DEBUG CachedMetadataProvider.LoadCachedMetadata => obtaining lock
[15] 2026-04-12 11:03:24,232 DEBUG CachedMetadataProvider.LoadCachedMetadata => deserialized 8 files.
[15] 2026-04-12 11:03:24,233 DEBUG CachedMetadataProvider.LoadCachedMetadata => obtaining lock
[15] 2026-04-12 11:03:24,237 DEBUG CachedMetadataProvider.LoadCachedMetadata => deserialized 9 files.
[15] 2026-04-12 11:03:24,238 DEBUG CachedMetadataProvider.LoadCachedMetadata => obtaining lock
[15] 2026-04-12 11:03:24,244 DEBUG CachedMetadataProvider.LoadCachedMetadata => deserialized 10 files.
[15] 2026-04-12 11:03:24,246 DEBUG CachedMetadataProvider.LoadCachedMetadata => obtaining lock
[15] 2026-04-12 11:03:24,250 DEBUG CachedMetadataProvider.LoadCachedMetadata => deserialized 11 files.
[15] 2026-04-12 11:03:24,252 DEBUG CachedMetadataProvider.LoadCachedMetadata => obtaining lock
[15] 2026-04-12 11:03:24,256 DEBUG CachedMetadataProvider.LoadCachedMetadata => deserialized 12 files.
[15] 2026-04-12 11:03:24,258 DEBUG CachedMetadataProvider.LoadCachedMetadata => obtaining lock
[15] 2026-04-12 11:03:24,263 DEBUG CachedMetadataProvider.LoadCachedMetadata => deserialized 13 files.
[15] 2026-04-12 11:03:24,265 DEBUG CachedMetadataProvider.LoadCachedMetadata => obtaining lock
[15] 2026-04-12 11:03:24,270 DEBUG CachedMetadataProvider.LoadCachedMetadata => deserialized 14 files.
[15] 2026-04-12 11:03:24,272 DEBUG CachedMetadataProvider.LoadCachedMetadata => obtaining lock
[15] 2026-04-12 11:03:24,279 DEBUG CachedMetadataProvider.LoadCachedMetadata => deserialized 15 files.
[15] 2026-04-12 11:03:24,281 DEBUG CachedMetadataProvider.SaveCachedMetadata => saved 16 files.
[8] 2026-04-13 09:00:45,593 OFF   =============================================================================================
[8] 2026-04-13 09:00:45,595 OFF   ==================================>>>>> Start Actions <<<<<==================================
[8] 2026-04-13 09:00:45,595 OFF   ActionDelegator.Execute => processing 4 actions. Timeout: 180 minutes.
[8] 2026-04-13 09:00:45,596 DEBUG ActionDelegator.ExistsRegKey_SetupPhase => Check FU in progress. Checking registry key [HKEY_LOCAL_MACHINE\SYSTEM\Setup\MoSetup\Volatile\SetupPhase|[type=DWord]]: 
[8] 2026-04-13 09:00:45,596 DEBUG All Patch Prerequisites are installed.
[8] 2026-04-13 09:00:45,596 DEBUG CachedMetadataProvider.LoadCachedMetadata => obtaining lock
[8] 2026-04-13 09:00:45,602 DEBUG CachedMetadataProvider.LoadCachedMetadata => deserialized 16 files.
[8] 2026-04-13 09:00:45,602 DEBUG CachedMetadataProvider.LoadCachedMetadata => obtaining lock
[8] 2026-04-13 09:00:45,604 DEBUG CachedMetadataProvider.LoadCachedMetadata => deserialized 16 files.
[8] 2026-04-13 09:00:45,605 DEBUG CachedMetadataProvider.LoadCachedMetadata => obtaining lock
[8] 2026-04-13 09:00:45,608 DEBUG CachedMetadataProvider.LoadCachedMetadata => deserialized 16 files.
[8] 2026-04-13 09:00:45,608 DEBUG CachedMetadataProvider.LoadCachedMetadata => obtaining lock
[8] 2026-04-13 09:00:45,610 DEBUG CachedMetadataProvider.LoadCachedMetadata => deserialized 16 files.
[8] 2026-04-13 09:00:45,611 DEBUG CachedMetadataProvider.LoadCachedMetadata => obtaining lock
[8] 2026-04-13 09:00:45,614 DEBUG CachedMetadataProvider.LoadCachedMetadata => deserialized 16 files.
[8] 2026-04-13 09:00:45,615 DEBUG CachedMetadataProvider.LoadCachedMetadata => obtaining lock
[8] 2026-04-13 09:00:45,617 DEBUG CachedMetadataProvider.LoadCachedMetadata => deserialized 16 files.
[8] 2026-04-13 09:00:45,617 DEBUG CachedMetadataProvider.LoadCachedMetadata => obtaining lock
[8] 2026-04-13 09:00:45,619 DEBUG CachedMetadataProvider.LoadCachedMetadata => deserialized 16 files.
[8] 2026-04-13 09:00:45,619 DEBUG CachedMetadataProvider.LoadCachedMetadata => obtaining lock
[8] 2026-04-13 09:00:45,621 DEBUG CachedMetadataProvider.LoadCachedMetadata => deserialized 16 files.
[8] 2026-04-13 09:00:45,622 DEBUG CachedMetadataProvider.LoadCachedMetadata => obtaining lock
[8] 2026-04-13 09:00:45,625 DEBUG CachedMetadataProvider.LoadCachedMetadata => deserialized 16 files.
[8] 2026-04-13 09:00:45,626 DEBUG CachedMetadataProvider.LoadCachedMetadata => obtaining lock
[8] 2026-04-13 09:00:45,628 DEBUG CachedMetadataProvider.LoadCachedMetadata => deserialized 16 files.
[8] 2026-04-13 09:00:45,628 DEBUG CachedMetadataProvider.LoadCachedMetadata => obtaining lock
[8] 2026-04-13 09:00:45,630 DEBUG CachedMetadataProvider.LoadCachedMetadata => deserialized 16 files.
[8] 2026-04-13 09:00:45,630 DEBUG CachedMetadataProvider.LoadCachedMetadata => obtaining lock
[8] 2026-04-13 09:00:45,632 DEBUG CachedMetadataProvider.LoadCachedMetadata => deserialized 16 files.
[8] 2026-04-13 09:00:45,633 DEBUG CachedMetadataProvider.LoadCachedMetadata => obtaining lock
[8] 2026-04-13 09:00:45,635 DEBUG CachedMetadataProvider.LoadCachedMetadata => deserialized 16 files.
[8] 2026-04-13 09:00:45,636 DEBUG CachedMetadataProvider.LoadCachedMetadata => obtaining lock
[8] 2026-04-13 09:00:45,637 DEBUG CachedMetadataProvider.LoadCachedMetadata => deserialized 16 files.
[8] 2026-04-13 09:00:45,638 DEBUG CachedMetadataProvider.LoadCachedMetadata => obtaining lock
[8] 2026-04-13 09:00:45,639 DEBUG CachedMetadataProvider.LoadCachedMetadata => deserialized 16 files.
[8] 2026-04-13 09:00:45,640 DEBUG CachedMetadataProvider.LoadCachedMetadata => obtaining lock
[8] 2026-04-13 09:00:45,641 DEBUG CachedMetadataProvider.LoadCachedMetadata => deserialized 16 files.
[8] 2026-04-13 09:00:45,642 DEBUG CachedMetadataProvider.LoadCachedMetadata => obtaining lock
[8] 2026-04-13 09:00:45,644 DEBUG CachedMetadataProvider.LoadCachedMetadata => deserialized 16 files.
[8] 2026-04-13 09:00:45,644 DEBUG CachedMetadataProvider.LoadCachedMetadata => obtaining lock
[8] 2026-04-13 09:00:45,646 DEBUG CachedMetadataProvider.LoadCachedMetadata => deserialized 16 files.
[8] 2026-04-13 09:00:45,646 DEBUG CachedMetadataProvider.LoadCachedMetadata => obtaining lock
[8] 2026-04-13 09:00:45,648 DEBUG CachedMetadataProvider.LoadCachedMetadata => deserialized 16 files.
[8] 2026-04-13 09:00:45,648 DEBUG CachedMetadataProvider.LoadCachedMetadata => obtaining lock
[8] 2026-04-13 09:00:45,650 DEBUG CachedMetadataProvider.LoadCachedMetadata => deserialized 16 files.
[8] 2026-04-13 09:00:45,650 DEBUG CachedMetadataProvider.LoadCachedMetadata => obtaining lock
[8] 2026-04-13 09:00:45,653 DEBUG CachedMetadataProvider.LoadCachedMetadata => deserialized 16 files.
[8] 2026-04-13 09:00:45,653 DEBUG CachedMetadataProvider.LoadCachedMetadata => obtaining lock
[8] 2026-04-13 09:00:45,655 DEBUG CachedMetadataProvider.LoadCachedMetadata => deserialized 16 files.
[8] 2026-04-13 09:00:45,655 DEBUG CachedMetadataProvider.LoadCachedMetadata => obtaining lock
[8] 2026-04-13 09:00:45,657 DEBUG CachedMetadataProvider.LoadCachedMetadata => deserialized 16 files.
[8] 2026-04-13 09:00:45,657 DEBUG CachedMetadataProvider.LoadCachedMetadata => obtaining lock
[8] 2026-04-13 09:00:45,661 DEBUG CachedMetadataProvider.LoadCachedMetadata => deserialized 16 files.
[8] 2026-04-13 09:00:45,661 DEBUG CachedMetadataProvider.LoadCachedMetadata => obtaining lock
[8] 2026-04-13 09:00:45,662 DEBUG CachedMetadataProvider.LoadCachedMetadata => deserialized 16 files.
[8] 2026-04-13 09:00:45,663 DEBUG CachedMetadataProvider.LoadCachedMetadata => obtaining lock
[8] 2026-04-13 09:00:45,665 DEBUG CachedMetadataProvider.LoadCachedMetadata => deserialized 16 files.
[8] 2026-04-13 09:00:45,666 DEBUG CachedMetadataProvider.LoadCachedMetadata => obtaining lock
[8] 2026-04-13 09:00:45,668 DEBUG CachedMetadataProvider.LoadCachedMetadata => deserialized 16 files.
[8] 2026-04-13 09:00:45,668 DEBUG CachedMetadataProvider.LoadCachedMetadata => obtaining lock
[8] 2026-04-13 09:00:45,670 DEBUG CachedMetadataProvider.LoadCachedMetadata => deserialized 16 files.
[8] 2026-04-13 09:00:45,670 DEBUG CachedMetadataProvider.LoadCachedMetadata => obtaining lock
[8] 2026-04-13 09:00:45,673 DEBUG CachedMetadataProvider.LoadCachedMetadata => deserialized 16 files.
[8] 2026-04-13 09:00:45,673 DEBUG CachedMetadataProvider.LoadCachedMetadata => obtaining lock
[8] 2026-04-13 09:00:45,675 DEBUG CachedMetadataProvider.LoadCachedMetadata => deserialized 16 files.
[8] 2026-04-13 09:00:45,675 DEBUG CachedMetadataProvider.LoadCachedMetadata => obtaining lock
[8] 2026-04-13 09:00:45,677 DEBUG CachedMetadataProvider.LoadCachedMetadata => deserialized 16 files.
[8] 2026-04-13 09:00:45,677 DEBUG CachedMetadataProvider.LoadCachedMetadata => obtaining lock
[8] 2026-04-13 09:00:45,679 DEBUG CachedMetadataProvider.LoadCachedMetadata => deserialized 16 files.
[8] 2026-04-13 09:00:45,679 DEBUG CachedMetadataProvider.LoadCachedMetadata => obtaining lock
[8] 2026-04-13 09:00:45,681 DEBUG CachedMetadataProvider.LoadCachedMetadata => deserialized 16 files.
[8] 2026-04-13 09:00:45,681 DEBUG CachedMetadataProvider.LoadCachedMetadata => obtaining lock
[8] 2026-04-13 09:00:45,684 DEBUG CachedMetadataProvider.LoadCachedMetadata => deserialized 16 files.
[8] 2026-04-13 09:00:45,684 DEBUG CachedMetadataProvider.LoadCachedMetadata => obtaining lock
[8] 2026-04-13 09:00:45,686 DEBUG CachedMetadataProvider.LoadCachedMetadata => deserialized 16 files.
[8] 2026-04-13 09:00:45,686 DEBUG CachedMetadataProvider.LoadCachedMetadata => obtaining lock
[8] 2026-04-13 09:00:45,688 DEBUG CachedMetadataProvider.LoadCachedMetadata => deserialized 16 files.
[8] 2026-04-13 09:00:45,688 DEBUG CachedMetadataProvider.LoadCachedMetadata => obtaining lock
[8] 2026-04-13 09:00:45,690 DEBUG CachedMetadataProvider.LoadCachedMetadata => deserialized 16 files.
[8] 2026-04-13 09:00:45,690 DEBUG CachedMetadataProvider.LoadCachedMetadata => obtaining lock
[8] 2026-04-13 09:00:45,692 DEBUG CachedMetadataProvider.LoadCachedMetadata => deserialized 16 files.
[8] 2026-04-13 09:00:45,692 DEBUG CachedMetadataProvider.LoadCachedMetadata => obtaining lock
[8] 2026-04-13 09:00:45,694 DEBUG CachedMetadataProvider.LoadCachedMetadata => deserialized 16 files.
[8] 2026-04-13 09:00:45,694 DEBUG CachedMetadataProvider.LoadCachedMetadata => obtaining lock
[8] 2026-04-13 09:00:45,695 DEBUG CachedMetadataProvider.LoadCachedMetadata => deserialized 16 files.
[8] 2026-04-13 09:00:45,697 DEBUG CachedMetadataProvider.LoadCachedMetadata => obtaining lock
[8] 2026-04-13 09:00:45,698 DEBUG CachedMetadataProvider.LoadCachedMetadata => deserialized 16 files.
[8] 2026-04-13 09:00:45,699 DEBUG CachedMetadataProvider.LoadCachedMetadata => obtaining lock
[8] 2026-04-13 09:00:45,701 DEBUG CachedMetadataProvider.LoadCachedMetadata => deserialized 16 files.
[8] 2026-04-13 09:00:45,702 DEBUG CachedMetadataProvider.LoadCachedMetadata => obtaining lock
[8] 2026-04-13 09:00:45,703 DEBUG CachedMetadataProvider.LoadCachedMetadata => deserialized 16 files.
[8] 2026-04-13 09:00:45,703 DEBUG CachedMetadataProvider.LoadCachedMetadata => obtaining lock
[8] 2026-04-13 09:00:45,706 DEBUG CachedMetadataProvider.LoadCachedMetadata => deserialized 16 files.
[8] 2026-04-13 09:00:45,706 DEBUG CachedMetadataProvider.LoadCachedMetadata => obtaining lock
[8] 2026-04-13 09:00:45,708 DEBUG CachedMetadataProvider.LoadCachedMetadata => deserialized 16 files.
[8] 2026-04-13 09:00:45,708 DEBUG CachedMetadataProvider.LoadCachedMetadata => obtaining lock
[8] 2026-04-13 09:00:45,710 DEBUG CachedMetadataProvider.LoadCachedMetadata => deserialized 16 files.
[8] 2026-04-13 09:00:45,711 DEBUG CachedMetadataProvider.LoadCachedMetadata => obtaining lock
[8] 2026-04-13 09:00:45,712 DEBUG CachedMetadataProvider.LoadCachedMetadata => deserialized 16 files.
[8] 2026-04-13 09:00:45,714 DEBUG CachedMetadataProvider.LoadCachedMetadata => obtaining lock
[8] 2026-04-13 09:00:45,717 DEBUG CachedMetadataProvider.LoadCachedMetadata => deserialized 16 files.
[8] 2026-04-13 09:00:45,718 DEBUG CachedMetadataProvider.LoadCachedMetadata => obtaining lock
[8] 2026-04-13 09:00:45,720 DEBUG CachedMetadataProvider.LoadCachedMetadata => deserialized 16 files.
[8] 2026-04-13 09:00:45,720 DEBUG CachedMetadataProvider.LoadCachedMetadata => obtaining lock
[8] 2026-04-13 09:00:45,722 DEBUG CachedMetadataProvider.LoadCachedMetadata => deserialized 16 files.
[8] 2026-04-13 09:00:45,722 DEBUG CachedMetadataProvider.LoadCachedMetadata => obtaining lock
[8] 2026-04-13 09:00:45,724 DEBUG CachedMetadataProvider.LoadCachedMetadata => deserialized 16 files.
[8] 2026-04-13 09:00:45,724 DEBUG CachedMetadataProvider.LoadCachedMetadata => obtaining lock
[8] 2026-04-13 09:00:45,727 DEBUG CachedMetadataProvider.LoadCachedMetadata => deserialized 16 files.
[8] 2026-04-13 09:00:45,727 DEBUG CachedMetadataProvider.LoadCachedMetadata => obtaining lock
[8] 2026-04-13 09:00:45,729 DEBUG CachedMetadataProvider.LoadCachedMetadata => deserialized 16 files.
[8] 2026-04-13 09:00:45,730 DEBUG CachedMetadataProvider.LoadCachedMetadata => obtaining lock
[8] 2026-04-13 09:00:45,732 DEBUG CachedMetadataProvider.LoadCachedMetadata => deserialized 16 files.
[8] 2026-04-13 09:00:45,732 DEBUG CachedMetadataProvider.LoadCachedMetadata => obtaining lock
[8] 2026-04-13 09:00:45,735 DEBUG CachedMetadataProvider.LoadCachedMetadata => deserialized 16 files.
[8] 2026-04-13 09:00:45,735 DEBUG CachedMetadataProvider.LoadCachedMetadata => obtaining lock
[8] 2026-04-13 09:00:45,738 DEBUG CachedMetadataProvider.LoadCachedMetadata => deserialized 16 files.
[8] 2026-04-13 09:00:45,738 DEBUG CachedMetadataProvider.LoadCachedMetadata => obtaining lock
[8] 2026-04-13 09:00:45,740 DEBUG CachedMetadataProvider.LoadCachedMetadata => deserialized 16 files.
[8] 2026-04-13 09:00:45,742 DEBUG CachedMetadataProvider.LoadCachedMetadata => obtaining lock
[8] 2026-04-13 09:00:45,744 DEBUG CachedMetadataProvider.LoadCachedMetadata => deserialized 16 files.
[8] 2026-04-13 09:00:45,744 DEBUG CachedMetadataProvider.LoadCachedMetadata => obtaining lock
[8] 2026-04-13 09:00:45,746 DEBUG CachedMetadataProvider.LoadCachedMetadata => deserialized 16 files.
[8] 2026-04-13 09:00:45,747 DEBUG CachedMetadataProvider.LoadCachedMetadata => obtaining lock
[8] 2026-04-13 09:00:45,749 DEBUG CachedMetadataProvider.LoadCachedMetadata => deserialized 16 files.
[8] 2026-04-13 09:00:45,749 DEBUG ActionHandlerResolver.LoadPropertyBag => skipping field [SupersededUpdateIDs], not a simple type.
[8] 2026-04-13 09:00:45,750 DEBUG ActionHandlerResolver.Resolve => resolved action handler [WuaInstallerActionHandler]. Mapping: keys [ActionType,DataProviderType], values [Installation,Wua]
[8] 2026-04-13 09:00:45,750 DEBUG ActionHandlerResolver.LoadPropertyBag => skipping field [SupersededUpdateIDs], not a simple type.
[8] 2026-04-13 09:00:45,750 DEBUG ActionHandlerResolver.Resolve => resolved action handler [ThirdPartyInstallerActionHandler]. Mapping: keys [ActionType,DataProviderType], values [Installation,ThirdParty]
[8] 2026-04-13 09:00:45,750 DEBUG ActionHandlerResolver.LoadPropertyBag => skipping field [SupersededUpdateIDs], not a simple type.
[8] 2026-04-13 09:00:45,751 DEBUG ActionHandlerResolver.Resolve => resolved action handler [WuaInstallerActionHandler]. Mapping: keys [ActionType,DataProviderType], values [Installation,DriverUpdate]
[8] 2026-04-13 09:00:45,751 DEBUG ActionHandlerResolver.LoadPropertyBag => skipping field [SupersededUpdateIDs], not a simple type.
[8] 2026-04-13 09:00:45,751 DEBUG ActionHandlerResolver.Resolve => resolved action handler [DefenderDefinitionUpdateActionHandler]. Mapping: keys [ActionType,DataProviderType], values [Installation,DefenderDefinitionUpdate]
[8] 2026-04-13 09:00:45,752 OFF   ActionDelegator.Execute => ------ processing 1 action(s) for action handler: [WuaInstallerActionHandler]. Time limit: 2026-04-13 12:00 ------
[8] 2026-04-13 09:00:45,752 DEBUG 		Installation: [a32ca1d0-ddd4-486b-b708-d941db4f1101] Update for Windows Security platform - KB5007651 (Version 10.0.29554.1001), 5007651
[8] 2026-04-13 09:00:45,753 DEBUG WuaInstallerActionHandler.Execute => Running installation =====>>> Step 1 <<<=====
[1] 2026-04-13 09:00:46,031 DEBUG Enter >>> WuaUtilities.SetPreferredUpdateService()
[1] 2026-04-13 09:00:46,041 DEBUG Enter >>> WuaUtilities.FindService("7971f918-a847-4430-9279-4a52d1efe18d")
[1] 2026-04-13 09:00:46,042 DEBUG Exit  <<< WuaUtilities.FindService("7971f918-a847-4430-9279-4a52d1efe18d"), returns System.__ComObject
[1] 2026-04-13 09:00:46,043 DEBUG Enter >>> WuaUtilities.SetSearcherService(System.__ComObject)
[1] 2026-04-13 09:00:46,043 DEBUG Exit  <<< WuaUtilities.SetSearcherService("System.__ComObject"), returns True
[1] 2026-04-13 09:00:46,044 INFO  WUA Update Service set to 7971f918-a847-4430-9279-4a52d1efe18d, ServerSelection = ssOthers
[1] 2026-04-13 09:00:46,044 DEBUG Exit  <<< WuaUtilities.SetPreferredUpdateService()
[1] 2026-04-13 09:00:46,044 INFO  WuaInstallerActionHandler.PreInstallSearch => search WUA patch [UpdateID='a32ca1d0-ddd4-486b-b708-d941db4f1101' and DeploymentAction=*]...
[1] 2026-04-13 09:01:07,251 DEBUG WuaInstallerActionHandler.SubmitFilesForDownload => submitting file for download [a32ca1d0-ddd4-486b-b708-d941db4f1101.1] [http://download.windowsupdate.com/c/msdownload/update/software/defu/2026/03/securityhealthsetup_a9b1a353945e3cc61ef19dcf0f78e199e1bd5c74.exe]
[1] 2026-04-13 09:01:07,265 DEBUG WuaInstallerActionHandler.PreInstallDownload => Waiting for finishing patch installers download (time limit: 2026-04-13 11:01)
[1] 2026-04-13 09:01:07,270 DEBUG WuaInstallerActionHandler.IsDownloadCompleted => checking download status for file [a32ca1d0-ddd4-486b-b708-d941db4f1101.1] [http://download.windowsupdate.com/c/msdownload/update/software/defu/2026/03/securityhealthsetup_a9b1a353945e3cc61ef19dcf0f78e199e1bd5c74.exe], IsDownloadCompleted = False
[1] 2026-04-13 09:01:07,270 DEBUG WuaInstallerActionHandler.PreInstallDownload => Download of installation files for remaining 1 patches is still in progress, waiting 10 seconds...
[1] 2026-04-13 09:01:17,285 DEBUG WuaInstallerActionHandler.IsDownloadCompleted => checking download status for file [a32ca1d0-ddd4-486b-b708-d941db4f1101.1] [http://download.windowsupdate.com/c/msdownload/update/software/defu/2026/03/securityhealthsetup_a9b1a353945e3cc61ef19dcf0f78e199e1bd5c74.exe], IsDownloadCompleted = True
[1] 2026-04-13 09:01:17,286 DEBUG WuaInstallerActionHandler.PreInstallDownload => Download of installation files for [a32ca1d0-ddd4-486b-b708-d941db4f1101] patch is finished...
[1] 2026-04-13 09:01:17,290 DEBUG WuaInstallerActionHandler.Download => Downloading file [a32ca1d0-ddd4-486b-b708-d941db4f1101.1] to [C:\ProgramData\MspPlatform\PME\Archives\a32ca1d0-ddd4-486b-b708-d941db4f1101\securityhealthsetup_a9b1a353945e3cc61ef19dcf0f78e199e1bd5c74.exe]
[1] 2026-04-13 09:01:17,401 DEBUG WuaService.UpdateLastSuccessTimeDownloadInRegistry => LastSuccessTime value in registry: 2026-04-12 06:00:56
[1] 2026-04-13 09:01:17,402 OFF   WuaService.UpdateLastSuccessTimeDownloadInRegistry => setting LastSuccessTime to: 2026-04-13 06:01:17 [Culture is: en-IL]
[1] 2026-04-13 09:01:17,411 DEBUG WuaInstallerActionHandler.GetUpdateFiles => Mapping [http://download.windowsupdate.com/c/msdownload/update/software/defu/2026/03/securityhealthsetup_a9b1a353945e3cc61ef19dcf0f78e199e1bd5c74.exe] to [C:\ProgramData\MspPlatform\PME\Archives\a32ca1d0-ddd4-486b-b708-d941db4f1101\securityhealthsetup_a9b1a353945e3cc61ef19dcf0f78e199e1bd5c74.exe]
[1] 2026-04-13 09:01:17,412 DEBUG WuaInstallerActionHandler.CopyToCache_Software => copy files to cache for patch [a32ca1d0-ddd4-486b-b708-d941db4f1101]
[1] 2026-04-13 09:01:17,579 INFO  WuaInstallerActionHandler.Install => installing [1] WUA patch(es)...
[1] 2026-04-13 09:01:17,939 OFF   WuaInstallerActionHandler.Install => installation of [1] WUA patch(es) finished with result code [0/orcSucceeded], reboot: [False]. 
[1] 2026-04-13 09:01:17,940 DEBUG WuaInstallerActionHandler.Commit => (new interface)
[1] 2026-04-13 09:01:17,994 OFF   WuaInstallerActionHandler.ProcessInstallationResult => Installed [a32ca1d0-ddd4-486b-b708-d941db4f1101], result code: orcSucceeded, hResult: 0, reboot required: NotRequired
[8] 2026-04-13 09:01:18,086 DEBUG ActionDelegator.Execute => ------ processing action finished. Id: a32ca1d0-ddd4-486b-b708-d941db4f1101, Error: , RebootRequired: False
[8] 2026-04-13 09:01:18,087 OFF   ActionDelegator.Execute => ------ processing 1 action(s) for action handler: [ThirdPartyInstallerActionHandler]. Time limit: 2026-04-13 12:00 ------
[8] 2026-04-13 09:01:18,087 DEBUG 		Installation: [56b89f66-2bcf-4f43-8afd-0cd24d9b2a69] Chrome (x64) 147.0.7727.56, 
[8] 2026-04-13 09:01:29,809 DEBUG ThirdPartyInstallerActionHandler.SubmitFilesForDownload => submitting file for download [56b89f66-2bcf-4f43-8afd-0cd24d9b2a69.1] [https://dl.google.com/tag/s/appguid%3D%7B8A69D345-D564-463C-AFF1-A69D9E530F96%7D%26iid%3D%7BA812BA5F-B124-5A68-2F5B-4DF63A862C4F%7D%26lang%3Den%26browser%3D4%26usagestats%3D0%26appname%3DGoogle%2520Chrome%26needsadmin%3Dtrue%26ap%3Dx64-stable-statsdef_0%26brand%3DGCEA/dl/chrome/install/googlechromestandaloneenterprise64.msi]
[8] 2026-04-13 09:01:29,810 DEBUG ThirdPartyInstallerActionHandler.Execute => Waiting for finishing patch installers download (time limit: 2026-04-13 11:01)
[8] 2026-04-13 09:01:29,811 DEBUG ThirdPartyInstallerActionHandler.IsDownloadCompleted => checking download status for file [56b89f66-2bcf-4f43-8afd-0cd24d9b2a69.1] [https://dl.google.com/tag/s/appguid%3D%7B8A69D345-D564-463C-AFF1-A69D9E530F96%7D%26iid%3D%7BA812BA5F-B124-5A68-2F5B-4DF63A862C4F%7D%26lang%3Den%26browser%3D4%26usagestats%3D0%26appname%3DGoogle%2520Chrome%26needsadmin%3Dtrue%26ap%3Dx64-stable-statsdef_0%26brand%3DGCEA/dl/chrome/install/googlechromestandaloneenterprise64.msi], IsDownloadCompleted = False
[8] 2026-04-13 09:01:29,812 DEBUG ThirdPartyInstallerActionHandler.Execute => Download of installation files for remaining 1 patches is still in progress, waiting 10 seconds...
[8] 2026-04-13 09:01:39,826 DEBUG ThirdPartyInstallerActionHandler.IsDownloadCompleted => checking download status for file [56b89f66-2bcf-4f43-8afd-0cd24d9b2a69.1] [https://dl.google.com/tag/s/appguid%3D%7B8A69D345-D564-463C-AFF1-A69D9E530F96%7D%26iid%3D%7BA812BA5F-B124-5A68-2F5B-4DF63A862C4F%7D%26lang%3Den%26browser%3D4%26usagestats%3D0%26appname%3DGoogle%2520Chrome%26needsadmin%3Dtrue%26ap%3Dx64-stable-statsdef_0%26brand%3DGCEA/dl/chrome/install/googlechromestandaloneenterprise64.msi], IsDownloadCompleted = True
[8] 2026-04-13 09:01:39,827 DEBUG ThirdPartyInstallerActionHandler.Execute => Download of installation files for [56b89f66-2bcf-4f43-8afd-0cd24d9b2a69] patch is finished, starting installation...
[8] 2026-04-13 09:01:39,829 DEBUG ThirdPartyInstallerActionHandler.Download => Downloading file [56b89f66-2bcf-4f43-8afd-0cd24d9b2a69.1] to [C:\ProgramData\MspPlatform\PME\ThirdPartyPatch\Downloads\f7aa248b-6982-498c-825d-847b0104f3a2\googlechromestandaloneenterprise64.msi]
[8] 2026-04-13 09:01:40,592 DEBUG ThirdPartyInstallerActionHandler.ExecuteImpl => handling actionType: 'Installation', GUID: '56b89f66-2bcf-4f43-8afd-0cd24d9b2a69'
[8] 2026-04-13 09:01:40,592 DEBUG Extracted the following data from ThirdPartyPatch [Chrome] Installed: [146.0.7680.178] > Latest: [147.0.7727.56]
[8] 2026-04-13 09:01:48,741 DEBUG ActionDelegator.Execute => ------ processing action finished. Id: 56b89f66-2bcf-4f43-8afd-0cd24d9b2a69, Error: , RebootRequired: False
[8] 2026-04-13 09:01:48,741 OFF   ActionDelegator.Execute => ------ processing 1 action(s) for action handler: [WuaInstallerActionHandler]. Time limit: 2026-04-13 12:00 ------
[8] 2026-04-13 09:01:48,742 DEBUG 		Installation: [aa6de4c9-624d-44c8-8685-edfb93b43eba] Microsoft Corporation AudioProcessingObject Driver Update (10.0.26100.6710), 
[8] 2026-04-13 09:01:48,743 DEBUG WuaInstallerActionHandler.Execute => Running installation =====>>> Step 1 <<<=====
[1] 2026-04-13 09:01:49,010 DEBUG Enter >>> WuaUtilities.SetPreferredUpdateService()
[1] 2026-04-13 09:01:49,020 DEBUG Enter >>> WuaUtilities.FindService("7971f918-a847-4430-9279-4a52d1efe18d")
[1] 2026-04-13 09:01:49,021 DEBUG Exit  <<< WuaUtilities.FindService("7971f918-a847-4430-9279-4a52d1efe18d"), returns System.__ComObject
[1] 2026-04-13 09:01:49,022 DEBUG Enter >>> WuaUtilities.SetSearcherService(System.__ComObject)
[1] 2026-04-13 09:01:49,022 DEBUG Exit  <<< WuaUtilities.SetSearcherService("System.__ComObject"), returns True
[1] 2026-04-13 09:01:49,023 INFO  WUA Update Service set to 7971f918-a847-4430-9279-4a52d1efe18d, ServerSelection = ssOthers
[1] 2026-04-13 09:01:49,023 DEBUG Exit  <<< WuaUtilities.SetPreferredUpdateService()
[1] 2026-04-13 09:01:49,023 INFO  WuaInstallerActionHandler.PreInstallSearch => search WUA patch [UpdateID='aa6de4c9-624d-44c8-8685-edfb93b43eba' and DeploymentAction=*]...
[1] 2026-04-13 09:02:03,953 INFO  WuaInstallerActionHandler.SubmitFilesForDownload => Patch has no installation package! [aa6de4c9-624d-44c8-8685-edfb93b43eba] Microsoft Corporation AudioProcessingObject Driver Update (10.0.26100.6710)
[1] 2026-04-13 09:02:03,955 DEBUG WuaInstallerActionHandler.PreInstallDownload => Waiting for finishing patch installers download (time limit: 2026-04-13 11:02)
[1] 2026-04-13 09:02:03,956 DEBUG WuaInstallerActionHandler.PreInstallDownload => Download of installation files for [aa6de4c9-624d-44c8-8685-edfb93b43eba] patch is finished...
[1] 2026-04-13 09:02:03,960 DEBUG WuaService.UpdateLastSuccessTimeDownloadInRegistry => LastSuccessTime value in registry: 2026-04-13 06:01:40
[1] 2026-04-13 09:02:03,961 OFF   WuaService.UpdateLastSuccessTimeDownloadInRegistry => setting LastSuccessTime to: 2026-04-13 06:02:03 [Culture is: en-IL]
[1] 2026-04-13 09:02:03,969 DEBUG WuaInstallerActionHandler.DownloadDirectlyByWua => start download by WUA [aa6de4c9-624d-44c8-8685-edfb93b43eba]
[1] 2026-04-13 09:02:06,077 DEBUG WuaInstallerActionHandler.DownloadDirectlyByWua => successful download by WUA [aa6de4c9-624d-44c8-8685-edfb93b43eba]
[1] 2026-04-13 09:02:06,080 INFO  WuaInstallerActionHandler.Install => installing [1] WUA patch(es)...
[1] 2026-04-13 09:02:15,179 OFF   WuaInstallerActionHandler.Install => installation of [1] WUA patch(es) finished with result code [0/orcSucceeded], reboot: [False]. 
[1] 2026-04-13 09:02:15,181 DEBUG WuaInstallerActionHandler.Commit => (new interface)
[1] 2026-04-13 09:02:15,191 OFF   WuaInstallerActionHandler.ProcessInstallationResult => Installed [aa6de4c9-624d-44c8-8685-edfb93b43eba], result code: orcSucceeded, hResult: 0, reboot required: NotRequired
[8] 2026-04-13 09:02:15,275 DEBUG ActionDelegator.Execute => ------ processing action finished. Id: aa6de4c9-624d-44c8-8685-edfb93b43eba, Error: , RebootRequired: False
[8] 2026-04-13 09:02:15,275 OFF   ActionDelegator.Execute => ------ processing 1 action(s) for action handler: [DefenderDefinitionUpdateActionHandler]. Time limit: 2026-04-13 12:00 ------
[8] 2026-04-13 09:02:15,275 DEBUG 		Installation: [938c5ce6-42fe-4886-bfd8-d7e9158838df] Security Intelligence Update for Microsoft Defender Antivirus - KB2267602 (Version 1.449.59.0) - Current Channel (Broad), 2267602
[8] 2026-04-13 09:02:15,277 DEBUG DefenderDefinitionUpdateActionHandler.ExecuteImpl => Installing Windows Defender Definition Updates...
[8] 2026-04-13 09:02:15,279 DEBUG Starting process: 'C:\Program Files\Windows Defender\MpCmdRun.exe' with arguments: '-removedefinitions -dynamicsignatures'. Time limit: 2026-04-13 12:00
[8] 2026-04-13 09:02:15,331 OFF   DefenderDefinitionUpdateInstaller.ParseResult => Installation action for [938c5ce6-42fe-4886-bfd8-d7e9158838df] finished with ExitCode = '0'
[8] 2026-04-13 09:02:15,332 DEBUG Starting process: 'C:\Program Files\Windows Defender\MpCmdRun.exe' with arguments: '-SignatureUpdate'. Time limit: 2026-04-13 12:00
[8] 2026-04-13 09:02:26,022 OFF   DefenderDefinitionUpdateInstaller.ParseResult => Installation action for [938c5ce6-42fe-4886-bfd8-d7e9158838df] finished with ExitCode = '0'
[8] 2026-04-13 09:02:26,023 DEBUG ActionDelegator.Execute => ------ processing action finished. Id: 938c5ce6-42fe-4886-bfd8-d7e9158838df, Error: , RebootRequired: False
[8] 2026-04-13 09:02:26,023 OFF   =============================>>> Processing Actions finished <<<=============================
[8] 2026-04-13 09:05:09,838 DEBUG CachedMetadataProvider.LoadCachedMetadata => obtaining lock
[8] 2026-04-13 09:05:09,840 DEBUG CachedMetadataProvider.LoadCachedMetadata => deserialized 16 files.
[8] 2026-04-13 09:05:09,841 DEBUG CachedMetadataProvider.SavePreviousCachedMetadata => obtaining lock
[8] 2026-04-13 09:05:09,855 DEBUG CachedMetadataProvider.SaveCachedMetadata => obtaining lock
[8] 2026-04-13 09:05:09,856 DEBUG CachedMetadataProvider.LoadCachedMetadata => obtaining lock
[8] 2026-04-13 09:05:09,856 DEBUG CachedMetadataProvider.LoadCachedMetadata => deserialized 0 files.
[8] 2026-04-13 09:05:09,857 DEBUG CachedMetadataProvider.LoadCachedMetadata => obtaining lock
[8] 2026-04-13 09:05:09,858 DEBUG CachedMetadataProvider.LoadCachedMetadata => deserialized 1 files.
[8] 2026-04-13 09:05:09,858 DEBUG CachedMetadataProvider.LoadCachedMetadata => obtaining lock
[8] 2026-04-13 09:05:09,859 DEBUG CachedMetadataProvider.LoadCachedMetadata => deserialized 2 files.
[8] 2026-04-13 09:05:09,860 DEBUG CachedMetadataProvider.LoadCachedMetadata => obtaining lock
[8] 2026-04-13 09:05:09,860 DEBUG CachedMetadataProvider.LoadCachedMetadata => deserialized 3 files.
[8] 2026-04-13 09:05:09,861 DEBUG CachedMetadataProvider.LoadCachedMetadata => obtaining lock
[8] 2026-04-13 09:05:09,862 DEBUG CachedMetadataProvider.LoadCachedMetadata => deserialized 4 files.
[8] 2026-04-13 09:05:09,862 DEBUG CachedMetadataProvider.LoadCachedMetadata => obtaining lock
[8] 2026-04-13 09:05:09,863 DEBUG CachedMetadataProvider.LoadCachedMetadata => deserialized 5 files.
[8] 2026-04-13 09:05:09,864 DEBUG CachedMetadataProvider.LoadCachedMetadata => obtaining lock
[8] 2026-04-13 09:05:09,865 DEBUG CachedMetadataProvider.LoadCachedMetadata => deserialized 6 files.
[8] 2026-04-13 09:05:09,865 DEBUG CachedMetadataProvider.LoadCachedMetadata => obtaining lock
[8] 2026-04-13 09:05:09,868 DEBUG CachedMetadataProvider.LoadCachedMetadata => deserialized 7 files.
[8] 2026-04-13 09:05:09,868 DEBUG CachedMetadataProvider.LoadCachedMetadata => obtaining lock
[8] 2026-04-13 09:05:09,869 DEBUG CachedMetadataProvider.LoadCachedMetadata => deserialized 8 files.
[8] 2026-04-13 09:05:09,870 DEBUG CachedMetadataProvider.LoadCachedMetadata => obtaining lock
[8] 2026-04-13 09:05:09,871 DEBUG CachedMetadataProvider.LoadCachedMetadata => deserialized 9 files.
[8] 2026-04-13 09:05:09,872 DEBUG CachedMetadataProvider.LoadCachedMetadata => obtaining lock
[8] 2026-04-13 09:05:09,874 DEBUG CachedMetadataProvider.LoadCachedMetadata => deserialized 10 files.
[8] 2026-04-13 09:05:09,874 DEBUG CachedMetadataProvider.LoadCachedMetadata => obtaining lock
[8] 2026-04-13 09:05:09,876 DEBUG CachedMetadataProvider.LoadCachedMetadata => deserialized 11 files.
[8] 2026-04-13 09:05:09,876 DEBUG CachedMetadataProvider.LoadCachedMetadata => obtaining lock
[8] 2026-04-13 09:05:09,878 DEBUG CachedMetadataProvider.LoadCachedMetadata => deserialized 12 files.
[8] 2026-04-13 09:05:09,878 DEBUG CachedMetadataProvider.LoadCachedMetadata => obtaining lock
[8] 2026-04-13 09:05:09,880 DEBUG CachedMetadataProvider.LoadCachedMetadata => deserialized 13 files.
[8] 2026-04-13 09:05:09,881 DEBUG CachedMetadataProvider.LoadCachedMetadata => obtaining lock
[8] 2026-04-13 09:05:09,883 DEBUG CachedMetadataProvider.LoadCachedMetadata => deserialized 14 files.
[8] 2026-04-13 09:05:09,884 DEBUG CachedMetadataProvider.SaveCachedMetadata => saved 15 files.
[9] 2026-04-13 11:12:11,226 DEBUG CachedMetadataProvider.LoadCachedMetadata => obtaining lock
[9] 2026-04-13 11:12:11,231 DEBUG CachedMetadataProvider.LoadCachedMetadata => deserialized 15 files.
[9] 2026-04-13 11:12:11,232 OFF   CachedMetadataProvider.SaveCachedMetadata => no change in metadata since last scan scan, skipping saving new result
[4] 2026-04-14 09:05:00,631 OFF   =============================================================================================
[4] 2026-04-14 09:05:00,632 OFF   ==================================>>>>> Start Actions <<<<<==================================
[4] 2026-04-14 09:05:00,633 OFF   ActionDelegator.Execute => processing 1 actions. Timeout: 180 minutes.
[4] 2026-04-14 09:05:00,638 DEBUG ActionDelegator.ExistsRegKey_SetupPhase => Check FU in progress. Checking registry key [HKEY_LOCAL_MACHINE\SYSTEM\Setup\MoSetup\Volatile\SetupPhase|[type=DWord]]: 
[4] 2026-04-14 09:05:00,641 DEBUG All Patch Prerequisites are installed.
[4] 2026-04-14 09:05:00,669 DEBUG CachedMetadataProvider.LoadCachedMetadata => obtaining lock
[4] 2026-04-14 09:05:00,687 DEBUG CachedMetadataProvider.LoadCachedMetadata => deserialized 15 files.
[4] 2026-04-14 09:05:00,694 DEBUG CachedMetadataProvider.LoadCachedMetadata => obtaining lock
[4] 2026-04-14 09:05:00,697 DEBUG CachedMetadataProvider.LoadCachedMetadata => deserialized 15 files.
[4] 2026-04-14 09:05:00,700 DEBUG CachedMetadataProvider.LoadCachedMetadata => obtaining lock
[4] 2026-04-14 09:05:00,703 DEBUG CachedMetadataProvider.LoadCachedMetadata => deserialized 15 files.
[4] 2026-04-14 09:05:00,704 DEBUG CachedMetadataProvider.LoadCachedMetadata => obtaining lock
[4] 2026-04-14 09:05:00,714 DEBUG CachedMetadataProvider.LoadCachedMetadata => deserialized 15 files.
[4] 2026-04-14 09:05:00,714 DEBUG CachedMetadataProvider.LoadCachedMetadata => obtaining lock
[4] 2026-04-14 09:05:00,718 DEBUG CachedMetadataProvider.LoadCachedMetadata => deserialized 15 files.
[4] 2026-04-14 09:05:00,720 DEBUG CachedMetadataProvider.LoadCachedMetadata => obtaining lock
[4] 2026-04-14 09:05:00,724 DEBUG CachedMetadataProvider.LoadCachedMetadata => deserialized 15 files.
[4] 2026-04-14 09:05:00,724 DEBUG CachedMetadataProvider.LoadCachedMetadata => obtaining lock
[4] 2026-04-14 09:05:00,726 DEBUG CachedMetadataProvider.LoadCachedMetadata => deserialized 15 files.
[4] 2026-04-14 09:05:00,726 DEBUG CachedMetadataProvider.LoadCachedMetadata => obtaining lock
[4] 2026-04-14 09:05:00,729 DEBUG CachedMetadataProvider.LoadCachedMetadata => deserialized 15 files.
[4] 2026-04-14 09:05:00,730 DEBUG CachedMetadataProvider.LoadCachedMetadata => obtaining lock
[4] 2026-04-14 09:05:00,731 DEBUG CachedMetadataProvider.LoadCachedMetadata => deserialized 15 files.
[4] 2026-04-14 09:05:00,732 DEBUG CachedMetadataProvider.LoadCachedMetadata => obtaining lock
[4] 2026-04-14 09:05:00,736 DEBUG CachedMetadataProvider.LoadCachedMetadata => deserialized 15 files.
[4] 2026-04-14 09:05:00,737 DEBUG CachedMetadataProvider.LoadCachedMetadata => obtaining lock
[4] 2026-04-14 09:05:00,742 DEBUG CachedMetadataProvider.LoadCachedMetadata => deserialized 15 files.
[4] 2026-04-14 09:05:00,743 DEBUG CachedMetadataProvider.LoadCachedMetadata => obtaining lock
[4] 2026-04-14 09:05:00,749 DEBUG CachedMetadataProvider.LoadCachedMetadata => deserialized 15 files.
[4] 2026-04-14 09:05:00,749 DEBUG CachedMetadataProvider.LoadCachedMetadata => obtaining lock
[4] 2026-04-14 09:05:00,752 DEBUG CachedMetadataProvider.LoadCachedMetadata => deserialized 15 files.
[4] 2026-04-14 09:05:00,752 DEBUG CachedMetadataProvider.LoadCachedMetadata => obtaining lock
[4] 2026-04-14 09:05:00,755 DEBUG CachedMetadataProvider.LoadCachedMetadata => deserialized 15 files.
[4] 2026-04-14 09:05:00,755 DEBUG CachedMetadataProvider.LoadCachedMetadata => obtaining lock
[4] 2026-04-14 09:05:00,757 DEBUG CachedMetadataProvider.LoadCachedMetadata => deserialized 15 files.
[4] 2026-04-14 09:05:00,758 DEBUG CachedMetadataProvider.LoadCachedMetadata => obtaining lock
[4] 2026-04-14 09:05:00,761 DEBUG CachedMetadataProvider.LoadCachedMetadata => deserialized 15 files.
[4] 2026-04-14 09:05:00,761 DEBUG CachedMetadataProvider.LoadCachedMetadata => obtaining lock
[4] 2026-04-14 09:05:00,765 DEBUG CachedMetadataProvider.LoadCachedMetadata => deserialized 15 files.
[4] 2026-04-14 09:05:00,766 DEBUG CachedMetadataProvider.LoadCachedMetadata => obtaining lock
[4] 2026-04-14 09:05:00,769 DEBUG CachedMetadataProvider.LoadCachedMetadata => deserialized 15 files.
[4] 2026-04-14 09:05:00,777 DEBUG ActionHandlerResolver.LoadPropertyBag => skipping field [SupersededUpdateIDs], not a simple type.
[4] 2026-04-14 09:05:00,778 DEBUG ActionHandlerResolver.Resolve => resolved action handler [ThirdPartyInstallerActionHandler]. Mapping: keys [ActionType,DataProviderType], values [Installation,ThirdParty]
[4] 2026-04-14 09:05:00,784 OFF   ActionDelegator.Execute => ------ processing 1 action(s) for action handler: [ThirdPartyInstallerActionHandler]. Time limit: 2026-04-14 12:05 ------
[4] 2026-04-14 09:05:00,785 DEBUG 		Installation: [56b89f66-2bcf-4f43-8afd-0cd24d9b2a69] Chrome (x64) 147.0.7727.56, 
[4] 2026-04-14 09:06:14,129 INFO  Third Party Application [56b89f66-2bcf-4f43-8afd-0cd24d9b2a69] is already installed, skipping action.
[4] 2026-04-14 09:06:14,129 DEBUG ThirdPartyInstallerActionHandler.Execute => Waiting for finishing patch installers download (time limit: 2026-04-14 11:06)
[4] 2026-04-14 09:06:14,135 DEBUG ActionDelegator.Execute => ------ processing action finished. Id: 56b89f66-2bcf-4f43-8afd-0cd24d9b2a69, Error: , RebootRequired: False
[4] 2026-04-14 09:06:14,135 OFF   =============================>>> Processing Actions finished <<<=============================
[10] 2026-04-14 09:08:07,823 DEBUG CachedMetadataProvider.LoadCachedMetadata => obtaining lock
[10] 2026-04-14 09:08:07,830 DEBUG CachedMetadataProvider.LoadCachedMetadata => deserialized 15 files.
[10] 2026-04-14 09:08:07,832 DEBUG CachedMetadataProvider.SavePreviousCachedMetadata => obtaining lock
[10] 2026-04-14 09:08:07,851 DEBUG CachedMetadataProvider.SaveCachedMetadata => obtaining lock
[10] 2026-04-14 09:08:07,852 DEBUG CachedMetadataProvider.LoadCachedMetadata => obtaining lock
[10] 2026-04-14 09:08:07,852 DEBUG CachedMetadataProvider.LoadCachedMetadata => deserialized 0 files.
[10] 2026-04-14 09:08:07,859 DEBUG CachedMetadataProvider.LoadCachedMetadata => obtaining lock
[10] 2026-04-14 09:08:07,860 DEBUG CachedMetadataProvider.LoadCachedMetadata => deserialized 1 files.
[10] 2026-04-14 09:08:07,862 DEBUG CachedMetadataProvider.LoadCachedMetadata => obtaining lock
[10] 2026-04-14 09:08:07,863 DEBUG CachedMetadataProvider.LoadCachedMetadata => deserialized 2 files.
[10] 2026-04-14 09:08:07,864 DEBUG CachedMetadataProvider.LoadCachedMetadata => obtaining lock
[10] 2026-04-14 09:08:07,865 DEBUG CachedMetadataProvider.LoadCachedMetadata => deserialized 3 files.
[10] 2026-04-14 09:08:07,866 DEBUG CachedMetadataProvider.LoadCachedMetadata => obtaining lock
[10] 2026-04-14 09:08:07,867 DEBUG CachedMetadataProvider.LoadCachedMetadata => deserialized 4 files.
[10] 2026-04-14 09:08:07,868 DEBUG CachedMetadataProvider.LoadCachedMetadata => obtaining lock
[10] 2026-04-14 09:08:07,869 DEBUG CachedMetadataProvider.LoadCachedMetadata => deserialized 5 files.
[10] 2026-04-14 09:08:07,870 DEBUG CachedMetadataProvider.LoadCachedMetadata => obtaining lock
[10] 2026-04-14 09:08:07,872 DEBUG CachedMetadataProvider.LoadCachedMetadata => deserialized 6 files.
[10] 2026-04-14 09:08:07,873 DEBUG CachedMetadataProvider.LoadCachedMetadata => obtaining lock
[10] 2026-04-14 09:08:07,875 DEBUG CachedMetadataProvider.LoadCachedMetadata => deserialized 7 files.
[10] 2026-04-14 09:08:07,876 DEBUG CachedMetadataProvider.LoadCachedMetadata => obtaining lock
[10] 2026-04-14 09:08:07,879 DEBUG CachedMetadataProvider.LoadCachedMetadata => deserialized 8 files.
[10] 2026-04-14 09:08:07,880 DEBUG CachedMetadataProvider.LoadCachedMetadata => obtaining lock
[10] 2026-04-14 09:08:07,883 DEBUG CachedMetadataProvider.LoadCachedMetadata => deserialized 9 files.
[10] 2026-04-14 09:08:07,884 DEBUG CachedMetadataProvider.LoadCachedMetadata => obtaining lock
[10] 2026-04-14 09:08:07,887 DEBUG CachedMetadataProvider.LoadCachedMetadata => deserialized 10 files.
[10] 2026-04-14 09:08:07,887 DEBUG CachedMetadataProvider.LoadCachedMetadata => obtaining lock
[10] 2026-04-14 09:08:07,891 DEBUG CachedMetadataProvider.LoadCachedMetadata => deserialized 11 files.
[10] 2026-04-14 09:08:07,892 DEBUG CachedMetadataProvider.LoadCachedMetadata => obtaining lock
[10] 2026-04-14 09:08:07,894 DEBUG CachedMetadataProvider.LoadCachedMetadata => deserialized 12 files.
[10] 2026-04-14 09:08:07,894 DEBUG CachedMetadataProvider.LoadCachedMetadata => obtaining lock
[10] 2026-04-14 09:08:07,896 DEBUG CachedMetadataProvider.LoadCachedMetadata => deserialized 13 files.
[10] 2026-04-14 09:08:07,897 DEBUG CachedMetadataProvider.SaveCachedMetadata => saved 14 files.
[11] 2026-04-14 11:21:59,331 DEBUG CachedMetadataProvider.LoadCachedMetadata => obtaining lock
[11] 2026-04-14 11:21:59,337 DEBUG CachedMetadataProvider.LoadCachedMetadata => deserialized 14 files.
[11] 2026-04-14 11:21:59,344 OFF   CachedMetadataProvider.SaveCachedMetadata => no change in metadata since last scan scan, skipping saving new result
[10] 2026-04-15 11:03:17,389 DEBUG CachedMetadataProvider.LoadCachedMetadata => obtaining lock
[10] 2026-04-15 11:03:17,396 DEBUG CachedMetadataProvider.LoadCachedMetadata => deserialized 14 files.
[10] 2026-04-15 11:03:17,396 DEBUG CachedMetadataProvider.SavePreviousCachedMetadata => obtaining lock
[10] 2026-04-15 11:03:17,402 DEBUG CachedMetadataProvider.SaveCachedMetadata => obtaining lock
[10] 2026-04-15 11:03:17,402 DEBUG CachedMetadataProvider.LoadCachedMetadata => obtaining lock
[10] 2026-04-15 11:03:17,402 DEBUG CachedMetadataProvider.LoadCachedMetadata => deserialized 0 files.
[10] 2026-04-15 11:03:17,403 DEBUG CachedMetadataProvider.LoadCachedMetadata => obtaining lock
[10] 2026-04-15 11:03:17,404 DEBUG CachedMetadataProvider.LoadCachedMetadata => deserialized 1 files.
[10] 2026-04-15 11:03:17,404 DEBUG CachedMetadataProvider.LoadCachedMetadata => obtaining lock
[10] 2026-04-15 11:03:17,405 DEBUG CachedMetadataProvider.LoadCachedMetadata => deserialized 2 files.
[10] 2026-04-15 11:03:17,406 DEBUG CachedMetadataProvider.LoadCachedMetadata => obtaining lock
[10] 2026-04-15 11:03:17,406 DEBUG CachedMetadataProvider.LoadCachedMetadata => deserialized 3 files.
[10] 2026-04-15 11:03:17,407 DEBUG CachedMetadataProvider.LoadCachedMetadata => obtaining lock
[10] 2026-04-15 11:03:17,408 DEBUG CachedMetadataProvider.LoadCachedMetadata => deserialized 4 files.
[10] 2026-04-15 11:03:17,408 DEBUG CachedMetadataProvider.LoadCachedMetadata => obtaining lock
[10] 2026-04-15 11:03:17,409 DEBUG CachedMetadataProvider.LoadCachedMetadata => deserialized 5 files.
[10] 2026-04-15 11:03:17,410 DEBUG CachedMetadataProvider.LoadCachedMetadata => obtaining lock
[10] 2026-04-15 11:03:17,411 DEBUG CachedMetadataProvider.LoadCachedMetadata => deserialized 6 files.
[10] 2026-04-15 11:03:17,411 DEBUG CachedMetadataProvider.LoadCachedMetadata => obtaining lock
[10] 2026-04-15 11:03:17,413 DEBUG CachedMetadataProvider.LoadCachedMetadata => deserialized 7 files.
[10] 2026-04-15 11:03:17,413 DEBUG CachedMetadataProvider.LoadCachedMetadata => obtaining lock
[10] 2026-04-15 11:03:17,414 DEBUG CachedMetadataProvider.LoadCachedMetadata => deserialized 8 files.
[10] 2026-04-15 11:03:17,415 DEBUG CachedMetadataProvider.LoadCachedMetadata => obtaining lock
[10] 2026-04-15 11:03:17,416 DEBUG CachedMetadataProvider.LoadCachedMetadata => deserialized 9 files.
[10] 2026-04-15 11:03:17,416 DEBUG CachedMetadataProvider.LoadCachedMetadata => obtaining lock
[10] 2026-04-15 11:03:17,420 DEBUG CachedMetadataProvider.LoadCachedMetadata => deserialized 10 files.
[10] 2026-04-15 11:03:17,420 DEBUG CachedMetadataProvider.LoadCachedMetadata => obtaining lock
[10] 2026-04-15 11:03:17,422 DEBUG CachedMetadataProvider.LoadCachedMetadata => deserialized 11 files.
[10] 2026-04-15 11:03:17,422 DEBUG CachedMetadataProvider.LoadCachedMetadata => obtaining lock
[10] 2026-04-15 11:03:17,424 DEBUG CachedMetadataProvider.LoadCachedMetadata => deserialized 12 files.
[10] 2026-04-15 11:03:17,424 DEBUG CachedMetadataProvider.LoadCachedMetadata => obtaining lock
[10] 2026-04-15 11:03:17,427 DEBUG CachedMetadataProvider.LoadCachedMetadata => deserialized 13 files.
[10] 2026-04-15 11:03:17,427 DEBUG CachedMetadataProvider.LoadCachedMetadata => obtaining lock
[10] 2026-04-15 11:03:17,429 DEBUG CachedMetadataProvider.LoadCachedMetadata => deserialized 14 files.
[10] 2026-04-15 11:03:17,430 DEBUG CachedMetadataProvider.LoadCachedMetadata => obtaining lock
[10] 2026-04-15 11:03:17,432 DEBUG CachedMetadataProvider.LoadCachedMetadata => deserialized 15 files.
[10] 2026-04-15 11:03:17,433 DEBUG CachedMetadataProvider.LoadCachedMetadata => obtaining lock
[10] 2026-04-15 11:03:17,435 DEBUG CachedMetadataProvider.LoadCachedMetadata => deserialized 16 files.
[10] 2026-04-15 11:03:17,435 DEBUG CachedMetadataProvider.LoadCachedMetadata => obtaining lock
[10] 2026-04-15 11:03:17,437 DEBUG CachedMetadataProvider.LoadCachedMetadata => deserialized 17 files.
[10] 2026-04-15 11:03:17,439 DEBUG CachedMetadataProvider.SaveCachedMetadata => saved 18 files.
[11] 2026-04-16 09:00:31,369 OFF   =============================================================================================
[11] 2026-04-16 09:00:31,373 OFF   ==================================>>>>> Start Actions <<<<<==================================
[11] 2026-04-16 09:00:31,374 OFF   ActionDelegator.Execute => processing 5 actions. Timeout: 180 minutes.
[11] 2026-04-16 09:00:31,374 DEBUG ActionDelegator.ExistsRegKey_SetupPhase => Check FU in progress. Checking registry key [HKEY_LOCAL_MACHINE\SYSTEM\Setup\MoSetup\Volatile\SetupPhase|[type=DWord]]: 
[11] 2026-04-16 09:00:31,375 DEBUG All Patch Prerequisites are installed.
[11] 2026-04-16 09:00:31,375 DEBUG CachedMetadataProvider.LoadCachedMetadata => obtaining lock
[11] 2026-04-16 09:00:31,383 DEBUG CachedMetadataProvider.LoadCachedMetadata => deserialized 18 files.
[11] 2026-04-16 09:00:31,383 DEBUG CachedMetadataProvider.LoadCachedMetadata => obtaining lock
[11] 2026-04-16 09:00:31,386 DEBUG CachedMetadataProvider.LoadCachedMetadata => deserialized 18 files.
[11] 2026-04-16 09:00:31,386 DEBUG CachedMetadataProvider.LoadCachedMetadata => obtaining lock
[11] 2026-04-16 09:00:31,388 DEBUG CachedMetadataProvider.LoadCachedMetadata => deserialized 18 files.
[11] 2026-04-16 09:00:31,389 DEBUG CachedMetadataProvider.LoadCachedMetadata => obtaining lock
[11] 2026-04-16 09:00:31,391 DEBUG CachedMetadataProvider.LoadCachedMetadata => deserialized 18 files.
[11] 2026-04-16 09:00:31,391 DEBUG CachedMetadataProvider.LoadCachedMetadata => obtaining lock
[11] 2026-04-16 09:00:31,394 DEBUG CachedMetadataProvider.LoadCachedMetadata => deserialized 18 files.
[11] 2026-04-16 09:00:31,394 DEBUG CachedMetadataProvider.LoadCachedMetadata => obtaining lock
[11] 2026-04-16 09:00:31,397 DEBUG CachedMetadataProvider.LoadCachedMetadata => deserialized 18 files.
[11] 2026-04-16 09:00:31,397 DEBUG CachedMetadataProvider.LoadCachedMetadata => obtaining lock
[11] 2026-04-16 09:00:31,400 DEBUG CachedMetadataProvider.LoadCachedMetadata => deserialized 18 files.
[11] 2026-04-16 09:00:31,401 DEBUG CachedMetadataProvider.LoadCachedMetadata => obtaining lock
[11] 2026-04-16 09:00:31,403 DEBUG CachedMetadataProvider.LoadCachedMetadata => deserialized 18 files.
[11] 2026-04-16 09:00:31,403 DEBUG ActionHandlerResolver.LoadPropertyBag => skipping field [SupersededUpdateIDs], not a simple type.
[11] 2026-04-16 09:00:31,404 DEBUG ActionHandlerResolver.Resolve => resolved action handler [WuaInstallerActionHandler]. Mapping: keys [ActionType,DataProviderType], values [Installation,DriverUpdate]
[11] 2026-04-16 09:00:31,404 DEBUG ActionHandlerResolver.LoadPropertyBag => skipping field [SupersededUpdateIDs], not a simple type.
[11] 2026-04-16 09:00:31,404 DEBUG ActionHandlerResolver.Resolve => resolved action handler [WuaInstallerActionHandler]. Mapping: keys [ActionType,DataProviderType], values [Installation,DriverUpdate]
[11] 2026-04-16 09:00:31,404 DEBUG ActionHandlerResolver.LoadPropertyBag => skipping field [SupersededUpdateIDs], not a simple type.
[11] 2026-04-16 09:00:31,405 DEBUG ActionHandlerResolver.Resolve => resolved action handler [WuaInstallerActionHandler]. Mapping: keys [ActionType,DataProviderType], values [Installation,Wua]
[11] 2026-04-16 09:00:31,405 DEBUG ActionHandlerResolver.LoadPropertyBag => skipping field [SupersededUpdateIDs], not a simple type.
[11] 2026-04-16 09:00:31,405 DEBUG ActionHandlerResolver.Resolve => resolved action handler [WuaInstallerActionHandler]. Mapping: keys [ActionType,DataProviderType], values [Installation,Wua]
[11] 2026-04-16 09:00:31,405 DEBUG ActionHandlerResolver.LoadPropertyBag => skipping field [SupersededUpdateIDs], not a simple type.
[11] 2026-04-16 09:00:31,406 DEBUG ActionHandlerResolver.Resolve => resolved action handler [WuaInstallerActionHandler]. Mapping: keys [ActionType,DataProviderType], values [Installation,Wua]
[11] 2026-04-16 09:00:31,407 OFF   ActionDelegator.Execute => ------ processing 2 action(s) for action handler: [WuaInstallerActionHandler]. Time limit: 2026-04-16 12:00 ------
[11] 2026-04-16 09:00:31,407 DEBUG 		Installation: [efe01798-5c8b-460e-8828-2d360847aa51] Dell Inc. - Monitor - 1.0.0.1, 
[11] 2026-04-16 09:00:31,407 DEBUG 		Installation: [239ef3d7-4b8b-4149-838f-a2cd70a577f0] Dell Inc. - Monitor - 1.1.0.0, 
[11] 2026-04-16 09:00:31,412 DEBUG WuaInstallerActionHandler.Execute => Running installation =====>>> Step 1 <<<=====
[1] 2026-04-16 09:00:31,682 DEBUG Enter >>> WuaUtilities.SetPreferredUpdateService()
[1] 2026-04-16 09:00:31,985 DEBUG Enter >>> WuaUtilities.FindService("7971f918-a847-4430-9279-4a52d1efe18d")
[1] 2026-04-16 09:00:31,985 DEBUG Exit  <<< WuaUtilities.FindService("7971f918-a847-4430-9279-4a52d1efe18d"), returns System.__ComObject
[1] 2026-04-16 09:00:31,986 DEBUG Enter >>> WuaUtilities.SetSearcherService(System.__ComObject)
[1] 2026-04-16 09:00:31,987 DEBUG Exit  <<< WuaUtilities.SetSearcherService("System.__ComObject"), returns True
[1] 2026-04-16 09:00:31,987 INFO  WUA Update Service set to 7971f918-a847-4430-9279-4a52d1efe18d, ServerSelection = ssOthers
[1] 2026-04-16 09:00:31,988 DEBUG Exit  <<< WuaUtilities.SetPreferredUpdateService()
[1] 2026-04-16 09:00:31,988 INFO  WuaInstallerActionHandler.PreInstallSearch => search WUA patch [UpdateID='efe01798-5c8b-460e-8828-2d360847aa51' and DeploymentAction=* OR UpdateID='239ef3d7-4b8b-4149-838f-a2cd70a577f0' and DeploymentAction=*]...
[1] 2026-04-16 09:00:47,157 INFO  WuaInstallerActionHandler.SubmitFilesForDownload => Patch has no installation package! [efe01798-5c8b-460e-8828-2d360847aa51] Dell Inc. - Monitor - 1.0.0.1
[1] 2026-04-16 09:00:47,157 INFO  WuaInstallerActionHandler.SubmitFilesForDownload => Patch has no installation package! [239ef3d7-4b8b-4149-838f-a2cd70a577f0] Dell Inc. - Monitor - 1.1.0.0
[1] 2026-04-16 09:00:47,158 DEBUG WuaInstallerActionHandler.PreInstallDownload => Waiting for finishing patch installers download (time limit: 2026-04-16 11:00)
[1] 2026-04-16 09:00:47,159 DEBUG WuaInstallerActionHandler.PreInstallDownload => Download of installation files for [efe01798-5c8b-460e-8828-2d360847aa51] patch is finished...
[1] 2026-04-16 09:00:47,163 DEBUG WuaService.UpdateLastSuccessTimeDownloadInRegistry => LastSuccessTime value in registry: 2026-04-13 06:02:03
[1] 2026-04-16 09:00:47,164 OFF   WuaService.UpdateLastSuccessTimeDownloadInRegistry => setting LastSuccessTime to: 2026-04-16 06:00:47 [Culture is: en-IL]
[1] 2026-04-16 09:00:47,166 DEBUG WuaInstallerActionHandler.PreInstallDownload => Download of installation files for [239ef3d7-4b8b-4149-838f-a2cd70a577f0] patch is finished...
[1] 2026-04-16 09:00:47,167 DEBUG WuaService.UpdateLastSuccessTimeDownloadInRegistry => LastSuccessTime value in registry: 2026-04-16 06:00:47
[1] 2026-04-16 09:00:47,167 OFF   WuaService.UpdateLastSuccessTimeDownloadInRegistry => setting LastSuccessTime to: 2026-04-16 06:00:47 [Culture is: en-IL]
[1] 2026-04-16 09:00:47,173 DEBUG WuaInstallerActionHandler.DownloadDirectlyByWua => start download by WUA [efe01798-5c8b-460e-8828-2d360847aa51]
[1] 2026-04-16 09:00:48,816 DEBUG WuaInstallerActionHandler.DownloadDirectlyByWua => successful download by WUA [efe01798-5c8b-460e-8828-2d360847aa51]
[1] 2026-04-16 09:00:48,819 DEBUG WuaInstallerActionHandler.DownloadDirectlyByWua => start download by WUA [239ef3d7-4b8b-4149-838f-a2cd70a577f0]
[1] 2026-04-16 09:00:50,462 DEBUG WuaInstallerActionHandler.DownloadDirectlyByWua => successful download by WUA [239ef3d7-4b8b-4149-838f-a2cd70a577f0]
[1] 2026-04-16 09:00:50,466 INFO  WuaInstallerActionHandler.Install => installing [2] WUA patch(es)...
[1] 2026-04-16 09:00:51,727 OFF   WuaInstallerActionHandler.Install => installation of [2] WUA patch(es) finished with result code [0/orcSucceeded], reboot: [False]. 
[1] 2026-04-16 09:00:51,729 DEBUG WuaInstallerActionHandler.Commit => (new interface)
[1] 2026-04-16 09:00:51,742 OFF   WuaInstallerActionHandler.ProcessInstallationResult => Installed [efe01798-5c8b-460e-8828-2d360847aa51], result code: orcSucceeded, hResult: 0, reboot required: NotRequired
[1] 2026-04-16 09:00:51,742 OFF   WuaInstallerActionHandler.ProcessInstallationResult => Installed [239ef3d7-4b8b-4149-838f-a2cd70a577f0], result code: orcSucceeded, hResult: 0, reboot required: NotRequired
[11] 2026-04-16 09:00:51,886 DEBUG ActionDelegator.Execute => ------ processing action finished. Id: efe01798-5c8b-460e-8828-2d360847aa51, Error: , RebootRequired: False
[11] 2026-04-16 09:00:51,886 DEBUG ActionDelegator.Execute => ------ processing action finished. Id: 239ef3d7-4b8b-4149-838f-a2cd70a577f0, Error: , RebootRequired: False
[11] 2026-04-16 09:00:51,886 OFF   ActionDelegator.Execute => ------ processing 3 action(s) for action handler: [WuaInstallerActionHandler]. Time limit: 2026-04-16 12:00 ------
[11] 2026-04-16 09:00:51,886 DEBUG 		Installation: [5d2eb874-80e3-4af0-9f62-4f6e5b9ba618] 2026-04 Security Update (KB5083769) (26200.8246), 5083769
[11] 2026-04-16 09:00:51,886 DEBUG 		Installation: [163f088f-4e6b-4453-9d0a-9f46a882b324] 2026-04 .NET Framework Security Update (KB5082417), 5082417
[11] 2026-04-16 09:00:51,886 DEBUG 		Installation: [e34f3f0b-6f8d-4ce7-adb6-5f80e40e85f6] 2026-04 .NET 8.0.26 Security Update for x64 Client (KB5086096), 5086096
[11] 2026-04-16 09:00:51,888 DEBUG WuaInstallerActionHandler.Execute => Running installation =====>>> Step 1 <<<=====
[1] 2026-04-16 09:00:52,144 DEBUG Enter >>> WuaUtilities.SetPreferredUpdateService()
[1] 2026-04-16 09:00:52,155 DEBUG Enter >>> WuaUtilities.FindService("7971f918-a847-4430-9279-4a52d1efe18d")
[1] 2026-04-16 09:00:52,155 DEBUG Exit  <<< WuaUtilities.FindService("7971f918-a847-4430-9279-4a52d1efe18d"), returns System.__ComObject
[1] 2026-04-16 09:00:52,156 DEBUG Enter >>> WuaUtilities.SetSearcherService(System.__ComObject)
[1] 2026-04-16 09:00:52,157 DEBUG Exit  <<< WuaUtilities.SetSearcherService("System.__ComObject"), returns True
[1] 2026-04-16 09:00:52,157 INFO  WUA Update Service set to 7971f918-a847-4430-9279-4a52d1efe18d, ServerSelection = ssOthers
[1] 2026-04-16 09:00:52,157 DEBUG Exit  <<< WuaUtilities.SetPreferredUpdateService()
[1] 2026-04-16 09:00:52,158 INFO  WuaInstallerActionHandler.PreInstallSearch => search WUA patch [UpdateID='5d2eb874-80e3-4af0-9f62-4f6e5b9ba618' and DeploymentAction=* OR UpdateID='163f088f-4e6b-4453-9d0a-9f46a882b324' and DeploymentAction=* OR UpdateID='e34f3f0b-6f8d-4ce7-adb6-5f80e40e85f6' and DeploymentAction=*]...
[1] 2026-04-16 09:01:19,972 INFO  WuaInstallerActionHandler.SubmitFilesForDownload => Patch has no installation package! [5d2eb874-80e3-4af0-9f62-4f6e5b9ba618] 2026-04 Security Update (KB5083769) (26200.8246)
[1] 2026-04-16 09:01:19,972 INFO  WuaInstallerActionHandler.SubmitFilesForDownload => Patch has no installation package! [163f088f-4e6b-4453-9d0a-9f46a882b324] 2026-04 .NET Framework Security Update (KB5082417)
[1] 2026-04-16 09:01:19,973 DEBUG WuaInstallerActionHandler.SubmitFilesForDownload => submitting file for download [e34f3f0b-6f8d-4ce7-adb6-5f80e40e85f6.1] [http://download.windowsupdate.com/c/msdownload/update/software/secu/2026/04/windowsdesktop-runtime-8.0.26-win-x64_0a25dfd2bef2646551dcaceb8322fb3f136ff186.exe]
[1] 2026-04-16 09:01:19,986 DEBUG WuaInstallerActionHandler.PreInstallDownload => Waiting for finishing patch installers download (time limit: 2026-04-16 11:01)
[1] 2026-04-16 09:01:19,987 DEBUG WuaInstallerActionHandler.PreInstallDownload => Download of installation files for [5d2eb874-80e3-4af0-9f62-4f6e5b9ba618] patch is finished...
[1] 2026-04-16 09:01:19,989 DEBUG WuaService.UpdateLastSuccessTimeDownloadInRegistry => LastSuccessTime value in registry: 2026-04-16 06:00:47
[1] 2026-04-16 09:01:19,991 OFF   WuaService.UpdateLastSuccessTimeDownloadInRegistry => setting LastSuccessTime to: 2026-04-16 06:01:19 [Culture is: en-IL]
[1] 2026-04-16 09:01:19,993 DEBUG WuaInstallerActionHandler.PreInstallDownload => Download of installation files for [163f088f-4e6b-4453-9d0a-9f46a882b324] patch is finished...
[1] 2026-04-16 09:01:19,993 DEBUG WuaService.UpdateLastSuccessTimeDownloadInRegistry => LastSuccessTime value in registry: 2026-04-16 06:01:19
[1] 2026-04-16 09:01:19,994 OFF   WuaService.UpdateLastSuccessTimeDownloadInRegistry => setting LastSuccessTime to: 2026-04-16 06:01:19 [Culture is: en-IL]
[1] 2026-04-16 09:01:19,996 DEBUG WuaInstallerActionHandler.IsDownloadCompleted => checking download status for file [e34f3f0b-6f8d-4ce7-adb6-5f80e40e85f6.1] [http://download.windowsupdate.com/c/msdownload/update/software/secu/2026/04/windowsdesktop-runtime-8.0.26-win-x64_0a25dfd2bef2646551dcaceb8322fb3f136ff186.exe], IsDownloadCompleted = False
[1] 2026-04-16 09:01:19,996 DEBUG WuaInstallerActionHandler.PreInstallDownload => Download of installation files for remaining 1 patches is still in progress, waiting 10 seconds...
[1] 2026-04-16 09:01:30,010 DEBUG WuaInstallerActionHandler.IsDownloadCompleted => checking download status for file [e34f3f0b-6f8d-4ce7-adb6-5f80e40e85f6.1] [http://download.windowsupdate.com/c/msdownload/update/software/secu/2026/04/windowsdesktop-runtime-8.0.26-win-x64_0a25dfd2bef2646551dcaceb8322fb3f136ff186.exe], IsDownloadCompleted = True
[1] 2026-04-16 09:01:30,011 DEBUG WuaInstallerActionHandler.PreInstallDownload => Download of installation files for [e34f3f0b-6f8d-4ce7-adb6-5f80e40e85f6] patch is finished...
[1] 2026-04-16 09:01:30,013 DEBUG WuaInstallerActionHandler.Download => Downloading file [e34f3f0b-6f8d-4ce7-adb6-5f80e40e85f6.1] to [C:\ProgramData\MspPlatform\PME\Archives\e34f3f0b-6f8d-4ce7-adb6-5f80e40e85f6\windowsdesktop-runtime-8.0.26-win-x64_0a25dfd2bef2646551dcaceb8322fb3f136ff186.exe]
[1] 2026-04-16 09:01:30,234 DEBUG WuaService.UpdateLastSuccessTimeDownloadInRegistry => LastSuccessTime value in registry: 2026-04-16 06:01:19
[1] 2026-04-16 09:01:30,234 OFF   WuaService.UpdateLastSuccessTimeDownloadInRegistry => setting LastSuccessTime to: 2026-04-16 06:01:30 [Culture is: en-IL]
[1] 2026-04-16 09:01:30,241 DEBUG WuaInstallerActionHandler.DownloadDirectlyByWua => start download by WUA [5d2eb874-80e3-4af0-9f62-4f6e5b9ba618]
[1] 2026-04-16 09:21:58,904 DEBUG WuaInstallerActionHandler.DownloadDirectlyByWua => successful download by WUA [5d2eb874-80e3-4af0-9f62-4f6e5b9ba618]
[1] 2026-04-16 09:21:59,024 DEBUG WuaInstallerActionHandler.DownloadDirectlyByWua => start download by WUA [163f088f-4e6b-4453-9d0a-9f46a882b324]
[1] 2026-04-16 09:22:18,071 DEBUG WuaInstallerActionHandler.DownloadDirectlyByWua => successful download by WUA [163f088f-4e6b-4453-9d0a-9f46a882b324]
[1] 2026-04-16 09:22:18,074 DEBUG WuaInstallerActionHandler.GetUpdateFiles => Mapping [http://download.windowsupdate.com/c/msdownload/update/software/secu/2026/04/windowsdesktop-runtime-8.0.26-win-x64_0a25dfd2bef2646551dcaceb8322fb3f136ff186.exe] to [C:\ProgramData\MspPlatform\PME\Archives\e34f3f0b-6f8d-4ce7-adb6-5f80e40e85f6\windowsdesktop-runtime-8.0.26-win-x64_0a25dfd2bef2646551dcaceb8322fb3f136ff186.exe]
[1] 2026-04-16 09:22:18,076 DEBUG WuaInstallerActionHandler.CopyToCache_Software => copy files to cache for patch [e34f3f0b-6f8d-4ce7-adb6-5f80e40e85f6]
[1] 2026-04-16 09:22:18,428 INFO  WuaInstallerActionHandler.Install => installing [3] WUA patch(es)...
[1] 2026-04-16 09:29:44,484 OFF   WuaInstallerActionHandler.Install => installation of [3] WUA patch(es) finished with result code [0/orcSucceeded], reboot: [True]. 
[1] 2026-04-16 09:29:44,486 DEBUG WuaInstallerActionHandler.Commit => (new interface)
[1] 2026-04-16 09:29:44,500 DEBUG WuaInstallerActionHandler.Commit => found CU: [2026-04 Security Update (KB5083769) (26200.8246)], resolve commit
[1] 2026-04-16 09:29:44,503 DEBUG WuaInstallerActionHandler.FoundByWmi => running QFE search
[1] 2026-04-16 09:29:45,006 DEBUG WuaInstallerActionHandler.FoundByWmi => found 8 QFE objects
[1] 2026-04-16 09:29:45,007 OFF   WuaInstallerActionHandler.RunFromExtProcess => reboot required
[1] 2026-04-16 09:29:45,011 OFF   WuaInstallerActionHandler.ProcessInstallationResult => Installed [5d2eb874-80e3-4af0-9f62-4f6e5b9ba618], result code: orcSucceeded, hResult: 0, reboot required: Required
[1] 2026-04-16 09:29:45,011 OFF   WuaInstallerActionHandler.ProcessInstallationResult => Installed [163f088f-4e6b-4453-9d0a-9f46a882b324], result code: orcSucceeded, hResult: 0, reboot required: Required
[1] 2026-04-16 09:29:45,012 OFF   WuaInstallerActionHandler.ProcessInstallationResult => Installed [e34f3f0b-6f8d-4ce7-adb6-5f80e40e85f6], result code: orcSucceeded, hResult: 0, reboot required: Required
[11] 2026-04-16 09:29:45,110 DEBUG ActionDelegator.Execute => ------ processing action finished. Id: 5d2eb874-80e3-4af0-9f62-4f6e5b9ba618, Error: , RebootRequired: True
[11] 2026-04-16 09:29:45,110 DEBUG ActionDelegator.Execute => ------ processing action finished. Id: 163f088f-4e6b-4453-9d0a-9f46a882b324, Error: , RebootRequired: True
[11] 2026-04-16 09:29:45,111 DEBUG ActionDelegator.Execute => ------ processing action finished. Id: e34f3f0b-6f8d-4ce7-adb6-5f80e40e85f6, Error: , RebootRequired: True
[11] 2026-04-16 09:29:45,111 OFF   =============================>>> Processing Actions finished <<<=============================
[11] 2026-04-16 09:32:20,291 DEBUG CachedMetadataProvider.LoadCachedMetadata => obtaining lock
[11] 2026-04-16 09:32:20,298 DEBUG CachedMetadataProvider.LoadCachedMetadata => deserialized 18 files.
[11] 2026-04-16 09:32:20,298 DEBUG CachedMetadataProvider.SavePreviousCachedMetadata => obtaining lock
[11] 2026-04-16 09:32:20,308 DEBUG CachedMetadataProvider.SaveCachedMetadata => obtaining lock
[11] 2026-04-16 09:32:20,308 DEBUG CachedMetadataProvider.LoadCachedMetadata => obtaining lock
[11] 2026-04-16 09:32:20,309 DEBUG CachedMetadataProvider.LoadCachedMetadata => deserialized 0 files.
[11] 2026-04-16 09:32:20,309 DEBUG CachedMetadataProvider.LoadCachedMetadata => obtaining lock
[11] 2026-04-16 09:32:20,310 DEBUG CachedMetadataProvider.LoadCachedMetadata => deserialized 1 files.
[11] 2026-04-16 09:32:20,311 DEBUG CachedMetadataProvider.LoadCachedMetadata => obtaining lock
[11] 2026-04-16 09:32:20,312 DEBUG CachedMetadataProvider.LoadCachedMetadata => deserialized 2 files.
[11] 2026-04-16 09:32:20,313 DEBUG CachedMetadataProvider.LoadCachedMetadata => obtaining lock
[11] 2026-04-16 09:32:20,315 DEBUG CachedMetadataProvider.LoadCachedMetadata => deserialized 3 files.
[11] 2026-04-16 09:32:20,316 DEBUG CachedMetadataProvider.LoadCachedMetadata => obtaining lock
[11] 2026-04-16 09:32:20,318 DEBUG CachedMetadataProvider.LoadCachedMetadata => deserialized 4 files.
[11] 2026-04-16 09:32:20,319 DEBUG CachedMetadataProvider.LoadCachedMetadata => obtaining lock
[11] 2026-04-16 09:32:20,320 DEBUG CachedMetadataProvider.LoadCachedMetadata => deserialized 5 files.
[11] 2026-04-16 09:32:20,321 DEBUG CachedMetadataProvider.LoadCachedMetadata => obtaining lock
[11] 2026-04-16 09:32:20,322 DEBUG CachedMetadataProvider.LoadCachedMetadata => deserialized 6 files.
[11] 2026-04-16 09:32:20,323 DEBUG CachedMetadataProvider.LoadCachedMetadata => obtaining lock
[11] 2026-04-16 09:32:20,324 DEBUG CachedMetadataProvider.LoadCachedMetadata => deserialized 7 files.
[11] 2026-04-16 09:32:20,325 DEBUG CachedMetadataProvider.LoadCachedMetadata => obtaining lock
[11] 2026-04-16 09:32:20,326 DEBUG CachedMetadataProvider.LoadCachedMetadata => deserialized 8 files.
[11] 2026-04-16 09:32:20,327 DEBUG CachedMetadataProvider.LoadCachedMetadata => obtaining lock
[11] 2026-04-16 09:32:20,328 DEBUG CachedMetadataProvider.LoadCachedMetadata => deserialized 9 files.
[11] 2026-04-16 09:32:20,329 DEBUG CachedMetadataProvider.LoadCachedMetadata => obtaining lock
[11] 2026-04-16 09:32:20,330 DEBUG CachedMetadataProvider.LoadCachedMetadata => deserialized 10 files.
[11] 2026-04-16 09:32:20,331 DEBUG CachedMetadataProvider.LoadCachedMetadata => obtaining lock
[11] 2026-04-16 09:32:20,334 DEBUG CachedMetadataProvider.LoadCachedMetadata => deserialized 11 files.
[11] 2026-04-16 09:32:20,334 DEBUG CachedMetadataProvider.LoadCachedMetadata => obtaining lock
[11] 2026-04-16 09:32:20,336 DEBUG CachedMetadataProvider.LoadCachedMetadata => deserialized 12 files.
[11] 2026-04-16 09:32:20,337 DEBUG CachedMetadataProvider.LoadCachedMetadata => obtaining lock
[11] 2026-04-16 09:32:20,339 DEBUG CachedMetadataProvider.LoadCachedMetadata => deserialized 13 files.
[11] 2026-04-16 09:32:20,339 DEBUG CachedMetadataProvider.LoadCachedMetadata => obtaining lock
[11] 2026-04-16 09:32:20,341 DEBUG CachedMetadataProvider.LoadCachedMetadata => deserialized 14 files.
[11] 2026-04-16 09:32:20,342 DEBUG CachedMetadataProvider.LoadCachedMetadata => obtaining lock
[11] 2026-04-16 09:32:20,344 DEBUG CachedMetadataProvider.LoadCachedMetadata => deserialized 15 files.
[11] 2026-04-16 09:32:20,345 DEBUG CachedMetadataProvider.LoadCachedMetadata => obtaining lock
[11] 2026-04-16 09:32:20,348 DEBUG CachedMetadataProvider.LoadCachedMetadata => deserialized 16 files.
[11] 2026-04-16 09:32:20,349 DEBUG CachedMetadataProvider.LoadCachedMetadata => obtaining lock
[11] 2026-04-16 09:32:20,351 DEBUG CachedMetadataProvider.LoadCachedMetadata => deserialized 17 files.
[11] 2026-04-16 09:32:20,352 DEBUG CachedMetadataProvider.SaveCachedMetadata => saved 18 files.
[9] 2026-04-16 11:02:36,709 DEBUG CachedMetadataProvider.LoadCachedMetadata => obtaining lock
[9] 2026-04-16 11:02:36,711 DEBUG CachedMetadataProvider.LoadCachedMetadata => deserialized 18 files.
[9] 2026-04-16 11:02:36,712 DEBUG CachedMetadataProvider.SavePreviousCachedMetadata => obtaining lock
[9] 2026-04-16 11:02:36,720 DEBUG CachedMetadataProvider.SaveCachedMetadata => obtaining lock
[9] 2026-04-16 11:02:36,721 DEBUG CachedMetadataProvider.LoadCachedMetadata => obtaining lock
[9] 2026-04-16 11:02:36,721 DEBUG CachedMetadataProvider.LoadCachedMetadata => deserialized 0 files.
[9] 2026-04-16 11:02:36,722 DEBUG CachedMetadataProvider.LoadCachedMetadata => obtaining lock
[9] 2026-04-16 11:02:36,722 DEBUG CachedMetadataProvider.LoadCachedMetadata => deserialized 1 files.
[9] 2026-04-16 11:02:36,723 DEBUG CachedMetadataProvider.LoadCachedMetadata => obtaining lock
[9] 2026-04-16 11:02:36,723 DEBUG CachedMetadataProvider.LoadCachedMetadata => deserialized 2 files.
[9] 2026-04-16 11:02:36,724 DEBUG CachedMetadataProvider.LoadCachedMetadata => obtaining lock
[9] 2026-04-16 11:02:36,724 DEBUG CachedMetadataProvider.LoadCachedMetadata => deserialized 3 files.
[9] 2026-04-16 11:02:36,725 DEBUG CachedMetadataProvider.LoadCachedMetadata => obtaining lock
[9] 2026-04-16 11:02:36,726 DEBUG CachedMetadataProvider.LoadCachedMetadata => deserialized 4 files.
[9] 2026-04-16 11:02:36,727 DEBUG CachedMetadataProvider.LoadCachedMetadata => obtaining lock
[9] 2026-04-16 11:02:36,727 DEBUG CachedMetadataProvider.LoadCachedMetadata => deserialized 5 files.
[9] 2026-04-16 11:02:36,728 DEBUG CachedMetadataProvider.LoadCachedMetadata => obtaining lock
[9] 2026-04-16 11:02:36,729 DEBUG CachedMetadataProvider.LoadCachedMetadata => deserialized 6 files.
[9] 2026-04-16 11:02:36,730 DEBUG CachedMetadataProvider.LoadCachedMetadata => obtaining lock
[9] 2026-04-16 11:02:36,731 DEBUG CachedMetadataProvider.LoadCachedMetadata => deserialized 7 files.
[9] 2026-04-16 11:02:36,731 DEBUG CachedMetadataProvider.LoadCachedMetadata => obtaining lock
[9] 2026-04-16 11:02:36,733 DEBUG CachedMetadataProvider.LoadCachedMetadata => deserialized 8 files.
[9] 2026-04-16 11:02:36,734 DEBUG CachedMetadataProvider.LoadCachedMetadata => obtaining lock
[9] 2026-04-16 11:02:36,735 DEBUG CachedMetadataProvider.LoadCachedMetadata => deserialized 9 files.
[9] 2026-04-16 11:02:36,736 DEBUG CachedMetadataProvider.LoadCachedMetadata => obtaining lock
[9] 2026-04-16 11:02:36,737 DEBUG CachedMetadataProvider.LoadCachedMetadata => deserialized 10 files.
[9] 2026-04-16 11:02:36,738 DEBUG CachedMetadataProvider.LoadCachedMetadata => obtaining lock
[9] 2026-04-16 11:02:36,739 DEBUG CachedMetadataProvider.LoadCachedMetadata => deserialized 11 files.
[9] 2026-04-16 11:02:36,740 DEBUG CachedMetadataProvider.LoadCachedMetadata => obtaining lock
[9] 2026-04-16 11:02:36,742 DEBUG CachedMetadataProvider.LoadCachedMetadata => deserialized 12 files.
[9] 2026-04-16 11:02:36,742 DEBUG CachedMetadataProvider.LoadCachedMetadata => obtaining lock
[9] 2026-04-16 11:02:36,744 DEBUG CachedMetadataProvider.LoadCachedMetadata => deserialized 13 files.
[9] 2026-04-16 11:02:36,745 DEBUG CachedMetadataProvider.LoadCachedMetadata => obtaining lock
[9] 2026-04-16 11:02:36,746 DEBUG CachedMetadataProvider.LoadCachedMetadata => deserialized 14 files.
[9] 2026-04-16 11:02:36,746 DEBUG CachedMetadataProvider.LoadCachedMetadata => obtaining lock
[9] 2026-04-16 11:02:36,749 DEBUG CachedMetadataProvider.LoadCachedMetadata => deserialized 15 files.
[9] 2026-04-16 11:02:36,750 DEBUG CachedMetadataProvider.LoadCachedMetadata => obtaining lock
[9] 2026-04-16 11:02:36,752 DEBUG CachedMetadataProvider.LoadCachedMetadata => deserialized 16 files.
[9] 2026-04-16 11:02:36,752 DEBUG CachedMetadataProvider.LoadCachedMetadata => obtaining lock
[9] 2026-04-16 11:02:36,755 DEBUG CachedMetadataProvider.LoadCachedMetadata => deserialized 17 files.
[9] 2026-04-16 11:02:36,755 DEBUG CachedMetadataProvider.SaveCachedMetadata => saved 18 files.
[13] 2026-04-18 08:37:17,741 DEBUG CachedMetadataProvider.LoadCachedMetadata => obtaining lock
[13] 2026-04-18 08:37:17,758 DEBUG CachedMetadataProvider.LoadCachedMetadata => deserialized 18 files.
[13] 2026-04-18 08:37:17,758 DEBUG CachedMetadataProvider.SavePreviousCachedMetadata => obtaining lock
[13] 2026-04-18 08:37:17,776 DEBUG CachedMetadataProvider.SaveCachedMetadata => obtaining lock
[13] 2026-04-18 08:37:17,777 DEBUG CachedMetadataProvider.LoadCachedMetadata => obtaining lock
[13] 2026-04-18 08:37:17,778 DEBUG CachedMetadataProvider.LoadCachedMetadata => deserialized 0 files.
[13] 2026-04-18 08:37:17,780 DEBUG CachedMetadataProvider.LoadCachedMetadata => obtaining lock
[13] 2026-04-18 08:37:17,781 DEBUG CachedMetadataProvider.LoadCachedMetadata => deserialized 1 files.
[13] 2026-04-18 08:37:17,783 DEBUG CachedMetadataProvider.LoadCachedMetadata => obtaining lock
[13] 2026-04-18 08:37:17,785 DEBUG CachedMetadataProvider.LoadCachedMetadata => deserialized 2 files.
[13] 2026-04-18 08:37:17,786 DEBUG CachedMetadataProvider.LoadCachedMetadata => obtaining lock
[13] 2026-04-18 08:37:17,790 DEBUG CachedMetadataProvider.LoadCachedMetadata => deserialized 3 files.
[13] 2026-04-18 08:37:17,792 DEBUG CachedMetadataProvider.LoadCachedMetadata => obtaining lock
[13] 2026-04-18 08:37:17,794 DEBUG CachedMetadataProvider.LoadCachedMetadata => deserialized 4 files.
[13] 2026-04-18 08:37:17,796 DEBUG CachedMetadataProvider.LoadCachedMetadata => obtaining lock
[13] 2026-04-18 08:37:17,798 DEBUG CachedMetadataProvider.LoadCachedMetadata => deserialized 5 files.
[13] 2026-04-18 08:37:17,799 DEBUG CachedMetadataProvider.LoadCachedMetadata => obtaining lock
[13] 2026-04-18 08:37:17,801 DEBUG CachedMetadataProvider.LoadCachedMetadata => deserialized 6 files.
[13] 2026-04-18 08:37:17,803 DEBUG CachedMetadataProvider.LoadCachedMetadata => obtaining lock
[13] 2026-04-18 08:37:17,808 DEBUG CachedMetadataProvider.LoadCachedMetadata => deserialized 7 files.
[13] 2026-04-18 08:37:17,810 DEBUG CachedMetadataProvider.LoadCachedMetadata => obtaining lock
[13] 2026-04-18 08:37:17,812 DEBUG CachedMetadataProvider.LoadCachedMetadata => deserialized 8 files.
[13] 2026-04-18 08:37:17,814 DEBUG CachedMetadataProvider.LoadCachedMetadata => obtaining lock
[13] 2026-04-18 08:37:17,817 DEBUG CachedMetadataProvider.LoadCachedMetadata => deserialized 9 files.
[13] 2026-04-18 08:37:17,818 DEBUG CachedMetadataProvider.LoadCachedMetadata => obtaining lock
[13] 2026-04-18 08:37:17,824 DEBUG CachedMetadataProvider.LoadCachedMetadata => deserialized 10 files.
[13] 2026-04-18 08:37:17,826 DEBUG CachedMetadataProvider.LoadCachedMetadata => obtaining lock
[13] 2026-04-18 08:37:17,830 DEBUG CachedMetadataProvider.LoadCachedMetadata => deserialized 11 files.
[13] 2026-04-18 08:37:17,831 DEBUG CachedMetadataProvider.LoadCachedMetadata => obtaining lock
[13] 2026-04-18 08:37:17,835 DEBUG CachedMetadataProvider.LoadCachedMetadata => deserialized 12 files.
[13] 2026-04-18 08:37:17,836 DEBUG CachedMetadataProvider.LoadCachedMetadata => obtaining lock
[13] 2026-04-18 08:37:17,842 DEBUG CachedMetadataProvider.LoadCachedMetadata => deserialized 13 files.
[13] 2026-04-18 08:37:17,844 DEBUG CachedMetadataProvider.LoadCachedMetadata => obtaining lock
[13] 2026-04-18 08:37:17,848 DEBUG CachedMetadataProvider.LoadCachedMetadata => deserialized 14 files.
[13] 2026-04-18 08:37:17,850 DEBUG CachedMetadataProvider.LoadCachedMetadata => obtaining lock
[13] 2026-04-18 08:37:17,857 DEBUG CachedMetadataProvider.LoadCachedMetadata => deserialized 15 files.
[13] 2026-04-18 08:37:17,858 DEBUG CachedMetadataProvider.LoadCachedMetadata => obtaining lock
[13] 2026-04-18 08:37:17,862 DEBUG CachedMetadataProvider.LoadCachedMetadata => deserialized 16 files.
[13] 2026-04-18 08:37:17,864 DEBUG CachedMetadataProvider.LoadCachedMetadata => obtaining lock
[13] 2026-04-18 08:37:17,872 DEBUG CachedMetadataProvider.LoadCachedMetadata => deserialized 17 files.
[13] 2026-04-18 08:37:17,874 DEBUG CachedMetadataProvider.SaveCachedMetadata => saved 18 files.
[17] 2026-04-19 08:36:24,583 DEBUG CachedMetadataProvider.LoadCachedMetadata => obtaining lock
[17] 2026-04-19 08:36:24,746 DEBUG CachedMetadataProvider.LoadCachedMetadata => deserialized 18 files.
[17] 2026-04-19 08:36:24,747 DEBUG CachedMetadataProvider.SavePreviousCachedMetadata => obtaining lock
[17] 2026-04-19 08:36:24,763 DEBUG CachedMetadataProvider.SaveCachedMetadata => obtaining lock
[17] 2026-04-19 08:36:24,764 DEBUG CachedMetadataProvider.LoadCachedMetadata => obtaining lock
[17] 2026-04-19 08:36:24,765 DEBUG CachedMetadataProvider.LoadCachedMetadata => deserialized 0 files.
[17] 2026-04-19 08:36:24,766 DEBUG CachedMetadataProvider.LoadCachedMetadata => obtaining lock
[17] 2026-04-19 08:36:24,768 DEBUG CachedMetadataProvider.LoadCachedMetadata => deserialized 1 files.
[17] 2026-04-19 08:36:24,770 DEBUG CachedMetadataProvider.LoadCachedMetadata => obtaining lock
[17] 2026-04-19 08:36:24,772 DEBUG CachedMetadataProvider.LoadCachedMetadata => deserialized 2 files.
[17] 2026-04-19 08:36:24,774 DEBUG CachedMetadataProvider.LoadCachedMetadata => obtaining lock
[17] 2026-04-19 08:36:24,776 DEBUG CachedMetadataProvider.LoadCachedMetadata => deserialized 3 files.
[17] 2026-04-19 08:36:24,778 DEBUG CachedMetadataProvider.LoadCachedMetadata => obtaining lock
[17] 2026-04-19 08:36:24,779 DEBUG CachedMetadataProvider.LoadCachedMetadata => deserialized 4 files.
[17] 2026-04-19 08:36:24,781 DEBUG CachedMetadataProvider.LoadCachedMetadata => obtaining lock
[17] 2026-04-19 08:36:24,783 DEBUG CachedMetadataProvider.LoadCachedMetadata => deserialized 5 files.
[17] 2026-04-19 08:36:24,784 DEBUG CachedMetadataProvider.LoadCachedMetadata => obtaining lock
[17] 2026-04-19 08:36:24,787 DEBUG CachedMetadataProvider.LoadCachedMetadata => deserialized 6 files.
[17] 2026-04-19 08:36:24,789 DEBUG CachedMetadataProvider.LoadCachedMetadata => obtaining lock
[17] 2026-04-19 08:36:24,791 DEBUG CachedMetadataProvider.LoadCachedMetadata => deserialized 7 files.
[17] 2026-04-19 08:36:24,792 DEBUG CachedMetadataProvider.LoadCachedMetadata => obtaining lock
[17] 2026-04-19 08:36:24,795 DEBUG CachedMetadataProvider.LoadCachedMetadata => deserialized 8 files.
[17] 2026-04-19 08:36:24,796 DEBUG CachedMetadataProvider.LoadCachedMetadata => obtaining lock
[17] 2026-04-19 08:36:24,799 DEBUG CachedMetadataProvider.LoadCachedMetadata => deserialized 9 files.
[17] 2026-04-19 08:36:24,800 DEBUG CachedMetadataProvider.LoadCachedMetadata => obtaining lock
[17] 2026-04-19 08:36:24,804 DEBUG CachedMetadataProvider.LoadCachedMetadata => deserialized 10 files.
[17] 2026-04-19 08:36:24,805 DEBUG CachedMetadataProvider.LoadCachedMetadata => obtaining lock
[17] 2026-04-19 08:36:24,810 DEBUG CachedMetadataProvider.LoadCachedMetadata => deserialized 11 files.
[17] 2026-04-19 08:36:24,811 DEBUG CachedMetadataProvider.LoadCachedMetadata => obtaining lock
[17] 2026-04-19 08:36:24,815 DEBUG CachedMetadataProvider.LoadCachedMetadata => deserialized 12 files.
[17] 2026-04-19 08:36:24,816 DEBUG CachedMetadataProvider.LoadCachedMetadata => obtaining lock
[17] 2026-04-19 08:36:24,819 DEBUG CachedMetadataProvider.LoadCachedMetadata => deserialized 13 files.
[17] 2026-04-19 08:36:24,821 DEBUG CachedMetadataProvider.LoadCachedMetadata => obtaining lock
[17] 2026-04-19 08:36:24,825 DEBUG CachedMetadataProvider.LoadCachedMetadata => deserialized 14 files.
[17] 2026-04-19 08:36:24,827 DEBUG CachedMetadataProvider.LoadCachedMetadata => obtaining lock
[17] 2026-04-19 08:36:24,830 DEBUG CachedMetadataProvider.LoadCachedMetadata => deserialized 15 files.
[17] 2026-04-19 08:36:24,833 DEBUG CachedMetadataProvider.LoadCachedMetadata => obtaining lock
[17] 2026-04-19 08:36:24,838 DEBUG CachedMetadataProvider.LoadCachedMetadata => deserialized 16 files.
[17] 2026-04-19 08:36:24,841 DEBUG CachedMetadataProvider.LoadCachedMetadata => obtaining lock
[17] 2026-04-19 08:36:24,846 DEBUG CachedMetadataProvider.LoadCachedMetadata => deserialized 17 files.
[17] 2026-04-19 08:36:24,847 DEBUG CachedMetadataProvider.SaveCachedMetadata => saved 18 files.
[14] 2026-04-19 09:00:31,412 OFF   =============================================================================================
[14] 2026-04-19 09:00:31,414 OFF   ==================================>>>>> Start Actions <<<<<==================================
[14] 2026-04-19 09:00:31,414 OFF   ActionDelegator.Execute => processing 3 actions. Timeout: 180 minutes.
[14] 2026-04-19 09:00:31,416 DEBUG ActionDelegator.ExistsRegKey_SetupPhase => Check FU in progress. Checking registry key [HKEY_LOCAL_MACHINE\SYSTEM\Setup\MoSetup\Volatile\SetupPhase|[type=DWord]]: 
[14] 2026-04-19 09:00:31,417 DEBUG All Patch Prerequisites are installed.
[14] 2026-04-19 09:00:31,417 DEBUG CachedMetadataProvider.LoadCachedMetadata => obtaining lock
[14] 2026-04-19 09:00:31,437 DEBUG CachedMetadataProvider.LoadCachedMetadata => deserialized 18 files.
[14] 2026-04-19 09:00:31,439 DEBUG CachedMetadataProvider.LoadCachedMetadata => obtaining lock
[14] 2026-04-19 09:00:31,445 DEBUG CachedMetadataProvider.LoadCachedMetadata => deserialized 18 files.
[14] 2026-04-19 09:00:31,446 DEBUG CachedMetadataProvider.LoadCachedMetadata => obtaining lock
[14] 2026-04-19 09:00:31,453 DEBUG CachedMetadataProvider.LoadCachedMetadata => deserialized 18 files.
[14] 2026-04-19 09:00:31,454 DEBUG CachedMetadataProvider.LoadCachedMetadata => obtaining lock
[14] 2026-04-19 09:00:31,459 DEBUG CachedMetadataProvider.LoadCachedMetadata => deserialized 18 files.
[14] 2026-04-19 09:00:31,460 DEBUG CachedMetadataProvider.LoadCachedMetadata => obtaining lock
[14] 2026-04-19 09:00:31,467 DEBUG CachedMetadataProvider.LoadCachedMetadata => deserialized 18 files.
[14] 2026-04-19 09:00:31,467 DEBUG CachedMetadataProvider.LoadCachedMetadata => obtaining lock
[14] 2026-04-19 09:00:31,477 DEBUG CachedMetadataProvider.LoadCachedMetadata => deserialized 18 files.
[14] 2026-04-19 09:00:31,478 DEBUG CachedMetadataProvider.LoadCachedMetadata => obtaining lock
[14] 2026-04-19 09:00:31,484 DEBUG CachedMetadataProvider.LoadCachedMetadata => deserialized 18 files.
[14] 2026-04-19 09:00:31,485 DEBUG CachedMetadataProvider.LoadCachedMetadata => obtaining lock
[14] 2026-04-19 09:00:31,491 DEBUG CachedMetadataProvider.LoadCachedMetadata => deserialized 18 files.
[14] 2026-04-19 09:00:31,493 DEBUG CachedMetadataProvider.LoadCachedMetadata => obtaining lock
[14] 2026-04-19 09:00:31,499 DEBUG CachedMetadataProvider.LoadCachedMetadata => deserialized 18 files.
[14] 2026-04-19 09:00:31,500 DEBUG CachedMetadataProvider.LoadCachedMetadata => obtaining lock
[14] 2026-04-19 09:00:31,506 DEBUG CachedMetadataProvider.LoadCachedMetadata => deserialized 18 files.
[14] 2026-04-19 09:00:31,508 DEBUG CachedMetadataProvider.LoadCachedMetadata => obtaining lock
[14] 2026-04-19 09:00:31,516 DEBUG CachedMetadataProvider.LoadCachedMetadata => deserialized 18 files.
[14] 2026-04-19 09:00:31,517 DEBUG CachedMetadataProvider.LoadCachedMetadata => obtaining lock
[14] 2026-04-19 09:00:31,526 DEBUG CachedMetadataProvider.LoadCachedMetadata => deserialized 18 files.
[14] 2026-04-19 09:00:31,527 DEBUG CachedMetadataProvider.LoadCachedMetadata => obtaining lock
[14] 2026-04-19 09:00:31,536 DEBUG CachedMetadataProvider.LoadCachedMetadata => deserialized 18 files.
[14] 2026-04-19 09:00:31,537 DEBUG CachedMetadataProvider.LoadCachedMetadata => obtaining lock
[14] 2026-04-19 09:00:31,544 DEBUG CachedMetadataProvider.LoadCachedMetadata => deserialized 18 files.
[14] 2026-04-19 09:00:31,545 DEBUG CachedMetadataProvider.LoadCachedMetadata => obtaining lock
[14] 2026-04-19 09:00:31,552 DEBUG CachedMetadataProvider.LoadCachedMetadata => deserialized 18 files.
[14] 2026-04-19 09:00:31,552 DEBUG CachedMetadataProvider.LoadCachedMetadata => obtaining lock
[14] 2026-04-19 09:00:31,558 DEBUG CachedMetadataProvider.LoadCachedMetadata => deserialized 18 files.
[14] 2026-04-19 09:00:31,559 DEBUG CachedMetadataProvider.LoadCachedMetadata => obtaining lock
[14] 2026-04-19 09:00:31,565 DEBUG CachedMetadataProvider.LoadCachedMetadata => deserialized 18 files.
[14] 2026-04-19 09:00:31,566 DEBUG CachedMetadataProvider.LoadCachedMetadata => obtaining lock
[14] 2026-04-19 09:00:31,571 DEBUG CachedMetadataProvider.LoadCachedMetadata => deserialized 18 files.
[14] 2026-04-19 09:00:31,572 DEBUG CachedMetadataProvider.LoadCachedMetadata => obtaining lock
[14] 2026-04-19 09:00:31,577 DEBUG CachedMetadataProvider.LoadCachedMetadata => deserialized 18 files.
[14] 2026-04-19 09:00:31,578 DEBUG CachedMetadataProvider.LoadCachedMetadata => obtaining lock
[14] 2026-04-19 09:00:31,583 DEBUG CachedMetadataProvider.LoadCachedMetadata => deserialized 18 files.
[14] 2026-04-19 09:00:31,584 DEBUG CachedMetadataProvider.LoadCachedMetadata => obtaining lock
[14] 2026-04-19 09:00:31,589 DEBUG CachedMetadataProvider.LoadCachedMetadata => deserialized 18 files.
[14] 2026-04-19 09:00:31,590 DEBUG ActionHandlerResolver.LoadPropertyBag => skipping field [SupersededUpdateIDs], not a simple type.
[14] 2026-04-19 09:00:31,621 DEBUG ActionHandlerResolver.Resolve => resolved action handler [WuaInstallerActionHandler]. Mapping: keys [ActionType,DataProviderType], values [Installation,DriverUpdate]
[14] 2026-04-19 09:00:31,623 DEBUG ActionHandlerResolver.LoadPropertyBag => skipping field [SupersededUpdateIDs], not a simple type.
[14] 2026-04-19 09:00:31,624 DEBUG ActionHandlerResolver.Resolve => resolved action handler [WuaInstallerActionHandler]. Mapping: keys [ActionType,DataProviderType], values [Installation,DriverUpdate]
[14] 2026-04-19 09:00:31,624 DEBUG ActionHandlerResolver.LoadPropertyBag => skipping field [SupersededUpdateIDs], not a simple type.
[14] 2026-04-19 09:00:31,625 DEBUG ActionHandlerResolver.Resolve => resolved action handler [ThirdPartyInstallerActionHandler]. Mapping: keys [ActionType,DataProviderType], values [Installation,ThirdParty]
[14] 2026-04-19 09:00:31,627 OFF   ActionDelegator.Execute => ------ processing 2 action(s) for action handler: [WuaInstallerActionHandler]. Time limit: 2026-04-19 12:00 ------
[14] 2026-04-19 09:00:31,628 DEBUG 		Installation: [bb1606dc-66c2-485d-a885-bc45aa6d220a] Lenovo System Driver Update (1.69.168.0), 
[14] 2026-04-19 09:00:31,628 DEBUG 		Installation: [de44f6d2-cb68-4f90-b88d-8590e050b76c] Lenovo System Driver Update (26.3.0.13), 
[14] 2026-04-19 09:00:31,630 DEBUG WuaInstallerActionHandler.Execute => Running installation =====>>> Step 1 <<<=====
[1] 2026-04-19 09:01:01,828 DEBUG Enter >>> WuaUtilities.SetPreferredUpdateService()
[1] 2026-04-19 09:01:31,500 DEBUG Enter >>> WuaUtilities.FindService("7971f918-a847-4430-9279-4a52d1efe18d")
[1] 2026-04-19 09:01:31,503 DEBUG Exit  <<< WuaUtilities.FindService("7971f918-a847-4430-9279-4a52d1efe18d"), returns System.__ComObject
[1] 2026-04-19 09:01:31,505 DEBUG Enter >>> WuaUtilities.SetSearcherService(System.__ComObject)
[1] 2026-04-19 09:01:31,508 DEBUG Exit  <<< WuaUtilities.SetSearcherService("System.__ComObject"), returns True
[1] 2026-04-19 09:01:31,509 INFO  WUA Update Service set to 7971f918-a847-4430-9279-4a52d1efe18d, ServerSelection = ssOthers
[1] 2026-04-19 09:01:31,511 DEBUG Exit  <<< WuaUtilities.SetPreferredUpdateService()
[1] 2026-04-19 09:01:31,511 INFO  WuaInstallerActionHandler.PreInstallSearch => search WUA patch [UpdateID='bb1606dc-66c2-485d-a885-bc45aa6d220a' and DeploymentAction=* OR UpdateID='de44f6d2-cb68-4f90-b88d-8590e050b76c' and DeploymentAction=*]...
[1] 2026-04-19 09:02:33,069 INFO  WuaInstallerActionHandler.SubmitFilesForDownload => Patch has no installation package! [bb1606dc-66c2-485d-a885-bc45aa6d220a] Lenovo System Driver Update (1.69.168.0)
[1] 2026-04-19 09:02:33,071 INFO  WuaInstallerActionHandler.SubmitFilesForDownload => Patch has no installation package! [de44f6d2-cb68-4f90-b88d-8590e050b76c] Lenovo System Driver Update (26.3.0.13)
[1] 2026-04-19 09:02:33,074 DEBUG WuaInstallerActionHandler.PreInstallDownload => Waiting for finishing patch installers download (time limit: 2026-04-19 11:02)
[1] 2026-04-19 09:02:33,077 DEBUG WuaInstallerActionHandler.PreInstallDownload => Download of installation files for [bb1606dc-66c2-485d-a885-bc45aa6d220a] patch is finished...
[1] 2026-04-19 09:02:33,085 DEBUG WuaService.UpdateLastSuccessTimeDownloadInRegistry => LastSuccessTime value in registry: 2026-04-16 06:01:30
[1] 2026-04-19 09:02:33,088 OFF   WuaService.UpdateLastSuccessTimeDownloadInRegistry => setting LastSuccessTime to: 2026-04-19 06:02:33 [Culture is: en-IL]
[1] 2026-04-19 09:02:33,095 DEBUG WuaInstallerActionHandler.PreInstallDownload => Download of installation files for [de44f6d2-cb68-4f90-b88d-8590e050b76c] patch is finished...
[1] 2026-04-19 09:02:33,096 DEBUG WuaService.UpdateLastSuccessTimeDownloadInRegistry => LastSuccessTime value in registry: 2026-04-19 06:02:33
[1] 2026-04-19 09:02:33,097 OFF   WuaService.UpdateLastSuccessTimeDownloadInRegistry => setting LastSuccessTime to: 2026-04-19 06:02:33 [Culture is: en-IL]
[1] 2026-04-19 09:02:33,111 DEBUG WuaInstallerActionHandler.DownloadDirectlyByWua => start download by WUA [bb1606dc-66c2-485d-a885-bc45aa6d220a]
[1] 2026-04-19 09:02:35,282 DEBUG WuaInstallerActionHandler.DownloadDirectlyByWua => successful download by WUA [bb1606dc-66c2-485d-a885-bc45aa6d220a]
[1] 2026-04-19 09:02:35,287 DEBUG WuaInstallerActionHandler.DownloadDirectlyByWua => start download by WUA [de44f6d2-cb68-4f90-b88d-8590e050b76c]
[1] 2026-04-19 09:02:39,161 DEBUG WuaInstallerActionHandler.DownloadDirectlyByWua => successful download by WUA [de44f6d2-cb68-4f90-b88d-8590e050b76c]
[1] 2026-04-19 09:02:39,174 INFO  WuaInstallerActionHandler.Install => installing [2] WUA patch(es)...
[1] 2026-04-19 09:02:47,075 OFF   WuaInstallerActionHandler.Install => installation of [2] WUA patch(es) finished with result code [0/orcSucceeded], reboot: [True]. 
[1] 2026-04-19 09:02:47,078 DEBUG WuaInstallerActionHandler.Commit => (new interface)
[1] 2026-04-19 09:02:47,101 OFF   WuaInstallerActionHandler.RunFromExtProcess => reboot required
[1] 2026-04-19 09:02:47,109 OFF   WuaInstallerActionHandler.ProcessInstallationResult => Installed [bb1606dc-66c2-485d-a885-bc45aa6d220a], result code: orcSucceeded, hResult: 0, reboot required: Required
[1] 2026-04-19 09:02:47,110 OFF   WuaInstallerActionHandler.ProcessInstallationResult => Installed [de44f6d2-cb68-4f90-b88d-8590e050b76c], result code: orcSucceeded, hResult: 0, reboot required: Required
[14] 2026-04-19 09:02:47,287 DEBUG ActionDelegator.Execute => ------ processing action finished. Id: bb1606dc-66c2-485d-a885-bc45aa6d220a, Error: , RebootRequired: True
[14] 2026-04-19 09:02:47,288 DEBUG ActionDelegator.Execute => ------ processing action finished. Id: de44f6d2-cb68-4f90-b88d-8590e050b76c, Error: , RebootRequired: True
[14] 2026-04-19 09:02:47,288 OFF   ActionDelegator.Execute => ------ processing 1 action(s) for action handler: [ThirdPartyInstallerActionHandler]. Time limit: 2026-04-19 12:00 ------
[14] 2026-04-19 09:02:47,290 DEBUG 		Installation: [e8716874-215f-4516-8d27-857dd9948b76] Chrome (x64) 147.0.7727.102, 
[14] 2026-04-19 09:02:49,977 DEBUG ThirdPartyInstallerActionHandler.SubmitFilesForDownload => submitting file for download [e8716874-215f-4516-8d27-857dd9948b76.1] [https://dl.google.com/tag/s/appguid%3D%7B8A69D345-D564-463C-AFF1-A69D9E530F96%7D%26iid%3D%7BA812BA5F-B124-5A68-2F5B-4DF63A862C4F%7D%26lang%3Den%26browser%3D4%26usagestats%3D0%26appname%3DGoogle%2520Chrome%26needsadmin%3Dtrue%26ap%3Dx64-stable-statsdef_0%26brand%3DGCEA/dl/chrome/install/googlechromestandaloneenterprise64.msi]
[14] 2026-04-19 09:02:49,983 DEBUG ThirdPartyInstallerActionHandler.Execute => Waiting for finishing patch installers download (time limit: 2026-04-19 11:02)
[14] 2026-04-19 09:02:49,986 DEBUG ThirdPartyInstallerActionHandler.IsDownloadCompleted => checking download status for file [e8716874-215f-4516-8d27-857dd9948b76.1] [https://dl.google.com/tag/s/appguid%3D%7B8A69D345-D564-463C-AFF1-A69D9E530F96%7D%26iid%3D%7BA812BA5F-B124-5A68-2F5B-4DF63A862C4F%7D%26lang%3Den%26browser%3D4%26usagestats%3D0%26appname%3DGoogle%2520Chrome%26needsadmin%3Dtrue%26ap%3Dx64-stable-statsdef_0%26brand%3DGCEA/dl/chrome/install/googlechromestandaloneenterprise64.msi], IsDownloadCompleted = False
[14] 2026-04-19 09:02:49,987 DEBUG ThirdPartyInstallerActionHandler.Execute => Download of installation files for remaining 1 patches is still in progress, waiting 10 seconds...
[14] 2026-04-19 09:03:00,000 DEBUG ThirdPartyInstallerActionHandler.IsDownloadCompleted => checking download status for file [e8716874-215f-4516-8d27-857dd9948b76.1] [https://dl.google.com/tag/s/appguid%3D%7B8A69D345-D564-463C-AFF1-A69D9E530F96%7D%26iid%3D%7BA812BA5F-B124-5A68-2F5B-4DF63A862C4F%7D%26lang%3Den%26browser%3D4%26usagestats%3D0%26appname%3DGoogle%2520Chrome%26needsadmin%3Dtrue%26ap%3Dx64-stable-statsdef_0%26brand%3DGCEA/dl/chrome/install/googlechromestandaloneenterprise64.msi], IsDownloadCompleted = False
[14] 2026-04-19 09:03:00,000 DEBUG ThirdPartyInstallerActionHandler.Execute => Download of installation files for remaining 1 patches is still in progress, waiting 10 seconds...
[14] 2026-04-19 09:03:10,006 DEBUG ThirdPartyInstallerActionHandler.IsDownloadCompleted => checking download status for file [e8716874-215f-4516-8d27-857dd9948b76.1] [https://dl.google.com/tag/s/appguid%3D%7B8A69D345-D564-463C-AFF1-A69D9E530F96%7D%26iid%3D%7BA812BA5F-B124-5A68-2F5B-4DF63A862C4F%7D%26lang%3Den%26browser%3D4%26usagestats%3D0%26appname%3DGoogle%2520Chrome%26needsadmin%3Dtrue%26ap%3Dx64-stable-statsdef_0%26brand%3DGCEA/dl/chrome/install/googlechromestandaloneenterprise64.msi], IsDownloadCompleted = True
[14] 2026-04-19 09:03:10,007 DEBUG ThirdPartyInstallerActionHandler.Execute => Download of installation files for [e8716874-215f-4516-8d27-857dd9948b76] patch is finished, starting installation...
[14] 2026-04-19 09:03:10,018 DEBUG ThirdPartyInstallerActionHandler.Download => Downloading file [e8716874-215f-4516-8d27-857dd9948b76.1] to [C:\ProgramData\MspPlatform\PME\ThirdPartyPatch\Downloads\f7aa248b-6982-498c-825d-847b0104f3a2\googlechromestandaloneenterprise64.msi]
[14] 2026-04-19 09:03:10,649 DEBUG ThirdPartyInstallerActionHandler.ExecuteImpl => handling actionType: 'Installation', GUID: 'e8716874-215f-4516-8d27-857dd9948b76'
[14] 2026-04-19 09:03:10,651 DEBUG Extracted the following data from ThirdPartyPatch [Chrome] Installed: [147.0.7727.56] > Latest: [147.0.7727.102]
[14] 2026-04-19 09:03:31,700 DEBUG ActionDelegator.Execute => ------ processing action finished. Id: e8716874-215f-4516-8d27-857dd9948b76, Error: , RebootRequired: False
[14] 2026-04-19 09:03:31,700 OFF   =============================>>> Processing Actions finished <<<=============================
[16] 2026-04-19 09:04:39,606 DEBUG CachedMetadataProvider.LoadCachedMetadata => obtaining lock
[16] 2026-04-19 09:04:39,609 DEBUG CachedMetadataProvider.LoadCachedMetadata => deserialized 18 files.
[16] 2026-04-19 09:04:39,609 DEBUG CachedMetadataProvider.SavePreviousCachedMetadata => obtaining lock
[16] 2026-04-19 09:04:39,619 DEBUG CachedMetadataProvider.SaveCachedMetadata => obtaining lock
[16] 2026-04-19 09:04:39,619 DEBUG CachedMetadataProvider.LoadCachedMetadata => obtaining lock
[16] 2026-04-19 09:04:39,620 DEBUG CachedMetadataProvider.LoadCachedMetadata => deserialized 0 files.
[16] 2026-04-19 09:04:39,621 DEBUG CachedMetadataProvider.LoadCachedMetadata => obtaining lock
[16] 2026-04-19 09:04:39,621 DEBUG CachedMetadataProvider.LoadCachedMetadata => deserialized 1 files.
[16] 2026-04-19 09:04:39,622 DEBUG CachedMetadataProvider.LoadCachedMetadata => obtaining lock
[16] 2026-04-19 09:04:39,623 DEBUG CachedMetadataProvider.LoadCachedMetadata => deserialized 2 files.
[16] 2026-04-19 09:04:39,623 DEBUG CachedMetadataProvider.LoadCachedMetadata => obtaining lock
[16] 2026-04-19 09:04:39,624 DEBUG CachedMetadataProvider.LoadCachedMetadata => deserialized 3 files.
[16] 2026-04-19 09:04:39,625 DEBUG CachedMetadataProvider.LoadCachedMetadata => obtaining lock
[16] 2026-04-19 09:04:39,626 DEBUG CachedMetadataProvider.LoadCachedMetadata => deserialized 4 files.
[16] 2026-04-19 09:04:39,626 DEBUG CachedMetadataProvider.LoadCachedMetadata => obtaining lock
[16] 2026-04-19 09:04:39,628 DEBUG CachedMetadataProvider.LoadCachedMetadata => deserialized 5 files.
[16] 2026-04-19 09:04:39,628 DEBUG CachedMetadataProvider.LoadCachedMetadata => obtaining lock
[16] 2026-04-19 09:04:39,629 DEBUG CachedMetadataProvider.LoadCachedMetadata => deserialized 6 files.
[16] 2026-04-19 09:04:39,630 DEBUG CachedMetadataProvider.LoadCachedMetadata => obtaining lock
[16] 2026-04-19 09:04:39,631 DEBUG CachedMetadataProvider.LoadCachedMetadata => deserialized 7 files.
[16] 2026-04-19 09:04:39,632 DEBUG CachedMetadataProvider.LoadCachedMetadata => obtaining lock
[16] 2026-04-19 09:04:39,633 DEBUG CachedMetadataProvider.LoadCachedMetadata => deserialized 8 files.
[16] 2026-04-19 09:04:39,633 DEBUG CachedMetadataProvider.LoadCachedMetadata => obtaining lock
[16] 2026-04-19 09:04:39,635 DEBUG CachedMetadataProvider.LoadCachedMetadata => deserialized 9 files.
[16] 2026-04-19 09:04:39,636 DEBUG CachedMetadataProvider.LoadCachedMetadata => obtaining lock
[16] 2026-04-19 09:04:39,637 DEBUG CachedMetadataProvider.LoadCachedMetadata => deserialized 10 files.
[16] 2026-04-19 09:04:39,638 DEBUG CachedMetadataProvider.LoadCachedMetadata => obtaining lock
[16] 2026-04-19 09:04:39,639 DEBUG CachedMetadataProvider.LoadCachedMetadata => deserialized 11 files.
[16] 2026-04-19 09:04:39,640 DEBUG CachedMetadataProvider.LoadCachedMetadata => obtaining lock
[16] 2026-04-19 09:04:39,642 DEBUG CachedMetadataProvider.LoadCachedMetadata => deserialized 12 files.
[16] 2026-04-19 09:04:39,643 DEBUG CachedMetadataProvider.LoadCachedMetadata => obtaining lock
[16] 2026-04-19 09:04:39,645 DEBUG CachedMetadataProvider.LoadCachedMetadata => deserialized 13 files.
[16] 2026-04-19 09:04:39,645 DEBUG CachedMetadataProvider.LoadCachedMetadata => obtaining lock
[16] 2026-04-19 09:04:39,647 DEBUG CachedMetadataProvider.LoadCachedMetadata => deserialized 14 files.
[16] 2026-04-19 09:04:39,648 DEBUG CachedMetadataProvider.LoadCachedMetadata => obtaining lock
[16] 2026-04-19 09:04:39,650 DEBUG CachedMetadataProvider.LoadCachedMetadata => deserialized 15 files.
[16] 2026-04-19 09:04:39,651 DEBUG CachedMetadataProvider.LoadCachedMetadata => obtaining lock
[16] 2026-04-19 09:04:39,654 DEBUG CachedMetadataProvider.LoadCachedMetadata => deserialized 16 files.
[16] 2026-04-19 09:04:39,654 DEBUG CachedMetadataProvider.SaveCachedMetadata => saved 17 files.
[4] 2026-04-19 11:01:23,186 DEBUG CachedMetadataProvider.LoadCachedMetadata => obtaining lock
[4] 2026-04-19 11:01:23,188 DEBUG CachedMetadataProvider.LoadCachedMetadata => deserialized 17 files.
[4] 2026-04-19 11:01:23,189 DEBUG CachedMetadataProvider.SavePreviousCachedMetadata => obtaining lock
[4] 2026-04-19 11:01:23,196 DEBUG CachedMetadataProvider.SaveCachedMetadata => obtaining lock
[4] 2026-04-19 11:01:23,197 DEBUG CachedMetadataProvider.LoadCachedMetadata => obtaining lock
[4] 2026-04-19 11:01:23,197 DEBUG CachedMetadataProvider.LoadCachedMetadata => deserialized 0 files.
[4] 2026-04-19 11:01:23,198 DEBUG CachedMetadataProvider.LoadCachedMetadata => obtaining lock
[4] 2026-04-19 11:01:23,199 DEBUG CachedMetadataProvider.LoadCachedMetadata => deserialized 1 files.
[4] 2026-04-19 11:01:23,199 DEBUG CachedMetadataProvider.LoadCachedMetadata => obtaining lock
[4] 2026-04-19 11:01:23,200 DEBUG CachedMetadataProvider.LoadCachedMetadata => deserialized 2 files.
[4] 2026-04-19 11:01:23,200 DEBUG CachedMetadataProvider.LoadCachedMetadata => obtaining lock
[4] 2026-04-19 11:01:23,201 DEBUG CachedMetadataProvider.LoadCachedMetadata => deserialized 3 files.
[4] 2026-04-19 11:01:23,202 DEBUG CachedMetadataProvider.LoadCachedMetadata => obtaining lock
[4] 2026-04-19 11:01:23,202 DEBUG CachedMetadataProvider.LoadCachedMetadata => deserialized 4 files.
[4] 2026-04-19 11:01:23,203 DEBUG CachedMetadataProvider.LoadCachedMetadata => obtaining lock
[4] 2026-04-19 11:01:23,203 DEBUG CachedMetadataProvider.LoadCachedMetadata => deserialized 5 files.
[4] 2026-04-19 11:01:23,205 DEBUG CachedMetadataProvider.LoadCachedMetadata => obtaining lock
[4] 2026-04-19 11:01:23,206 DEBUG CachedMetadataProvider.LoadCachedMetadata => deserialized 6 files.
[4] 2026-04-19 11:01:23,207 DEBUG CachedMetadataProvider.LoadCachedMetadata => obtaining lock
[4] 2026-04-19 11:01:23,208 DEBUG CachedMetadataProvider.LoadCachedMetadata => deserialized 7 files.
[4] 2026-04-19 11:01:23,208 DEBUG CachedMetadataProvider.LoadCachedMetadata => obtaining lock
[4] 2026-04-19 11:01:23,210 DEBUG CachedMetadataProvider.LoadCachedMetadata => deserialized 8 files.
[4] 2026-04-19 11:01:23,210 DEBUG CachedMetadataProvider.LoadCachedMetadata => obtaining lock
[4] 2026-04-19 11:01:23,211 DEBUG CachedMetadataProvider.LoadCachedMetadata => deserialized 9 files.
[4] 2026-04-19 11:01:23,212 DEBUG CachedMetadataProvider.LoadCachedMetadata => obtaining lock
[4] 2026-04-19 11:01:23,213 DEBUG CachedMetadataProvider.LoadCachedMetadata => deserialized 10 files.
[4] 2026-04-19 11:01:23,214 DEBUG CachedMetadataProvider.LoadCachedMetadata => obtaining lock
[4] 2026-04-19 11:01:23,215 DEBUG CachedMetadataProvider.LoadCachedMetadata => deserialized 11 files.
[4] 2026-04-19 11:01:23,216 DEBUG CachedMetadataProvider.LoadCachedMetadata => obtaining lock
[4] 2026-04-19 11:01:23,218 DEBUG CachedMetadataProvider.LoadCachedMetadata => deserialized 12 files.
[4] 2026-04-19 11:01:23,219 DEBUG CachedMetadataProvider.LoadCachedMetadata => obtaining lock
[4] 2026-04-19 11:01:23,221 DEBUG CachedMetadataProvider.LoadCachedMetadata => deserialized 13 files.
[4] 2026-04-19 11:01:23,221 DEBUG CachedMetadataProvider.LoadCachedMetadata => obtaining lock
[4] 2026-04-19 11:01:23,223 DEBUG CachedMetadataProvider.LoadCachedMetadata => deserialized 14 files.
[4] 2026-04-19 11:01:23,224 DEBUG CachedMetadataProvider.LoadCachedMetadata => obtaining lock
[4] 2026-04-19 11:01:23,226 DEBUG CachedMetadataProvider.LoadCachedMetadata => deserialized 15 files.
[4] 2026-04-19 11:01:23,227 DEBUG CachedMetadataProvider.LoadCachedMetadata => obtaining lock
[4] 2026-04-19 11:01:23,229 DEBUG CachedMetadataProvider.LoadCachedMetadata => deserialized 16 files.
[4] 2026-04-19 11:01:23,230 DEBUG CachedMetadataProvider.SaveCachedMetadata => saved 17 files.
[15] 2026-04-20 09:07:20,617 OFF   =============================================================================================
[15] 2026-04-20 09:07:20,622 OFF   ==================================>>>>> Start Actions <<<<<==================================
[15] 2026-04-20 09:07:20,622 OFF   ActionDelegator.Execute => processing 1 actions. Timeout: 180 minutes.
[15] 2026-04-20 09:07:20,623 DEBUG ActionDelegator.ExistsRegKey_SetupPhase => Check FU in progress. Checking registry key [HKEY_LOCAL_MACHINE\SYSTEM\Setup\MoSetup\Volatile\SetupPhase|[type=DWord]]: 
[15] 2026-04-20 09:07:20,624 DEBUG All Patch Prerequisites are installed.
[15] 2026-04-20 09:07:20,625 DEBUG CachedMetadataProvider.LoadCachedMetadata => obtaining lock
[15] 2026-04-20 09:07:20,640 DEBUG CachedMetadataProvider.LoadCachedMetadata => deserialized 17 files.
[15] 2026-04-20 09:07:20,641 DEBUG CachedMetadataProvider.LoadCachedMetadata => obtaining lock
[15] 2026-04-20 09:07:20,647 DEBUG CachedMetadataProvider.LoadCachedMetadata => deserialized 17 files.
[15] 2026-04-20 09:07:20,648 DEBUG CachedMetadataProvider.LoadCachedMetadata => obtaining lock
[15] 2026-04-20 09:07:20,652 DEBUG CachedMetadataProvider.LoadCachedMetadata => deserialized 17 files.
[15] 2026-04-20 09:07:20,653 DEBUG CachedMetadataProvider.LoadCachedMetadata => obtaining lock
[15] 2026-04-20 09:07:20,659 DEBUG CachedMetadataProvider.LoadCachedMetadata => deserialized 17 files.
[15] 2026-04-20 09:07:20,660 DEBUG CachedMetadataProvider.LoadCachedMetadata => obtaining lock
[15] 2026-04-20 09:07:20,663 DEBUG CachedMetadataProvider.LoadCachedMetadata => deserialized 17 files.
[15] 2026-04-20 09:07:20,664 DEBUG CachedMetadataProvider.LoadCachedMetadata => obtaining lock
[15] 2026-04-20 09:07:20,668 DEBUG CachedMetadataProvider.LoadCachedMetadata => deserialized 17 files.
[15] 2026-04-20 09:07:20,668 DEBUG CachedMetadataProvider.LoadCachedMetadata => obtaining lock
[15] 2026-04-20 09:07:20,673 DEBUG CachedMetadataProvider.LoadCachedMetadata => deserialized 17 files.
[15] 2026-04-20 09:07:20,675 DEBUG CachedMetadataProvider.LoadCachedMetadata => obtaining lock
[15] 2026-04-20 09:07:20,678 DEBUG CachedMetadataProvider.LoadCachedMetadata => deserialized 17 files.
[15] 2026-04-20 09:07:20,679 DEBUG CachedMetadataProvider.LoadCachedMetadata => obtaining lock
[15] 2026-04-20 09:07:20,682 DEBUG CachedMetadataProvider.LoadCachedMetadata => deserialized 17 files.
[15] 2026-04-20 09:07:20,683 DEBUG CachedMetadataProvider.LoadCachedMetadata => obtaining lock
[15] 2026-04-20 09:07:20,688 DEBUG CachedMetadataProvider.LoadCachedMetadata => deserialized 17 files.
[15] 2026-04-20 09:07:20,688 DEBUG CachedMetadataProvider.LoadCachedMetadata => obtaining lock
[15] 2026-04-20 09:07:20,694 DEBUG CachedMetadataProvider.LoadCachedMetadata => deserialized 17 files.
[15] 2026-04-20 09:07:20,695 DEBUG CachedMetadataProvider.LoadCachedMetadata => obtaining lock
[15] 2026-04-20 09:07:20,699 DEBUG CachedMetadataProvider.LoadCachedMetadata => deserialized 17 files.
[15] 2026-04-20 09:07:20,700 DEBUG CachedMetadataProvider.LoadCachedMetadata => obtaining lock
[15] 2026-04-20 09:07:20,705 DEBUG CachedMetadataProvider.LoadCachedMetadata => deserialized 17 files.
[15] 2026-04-20 09:07:20,707 DEBUG CachedMetadataProvider.LoadCachedMetadata => obtaining lock
[15] 2026-04-20 09:07:20,714 DEBUG CachedMetadataProvider.LoadCachedMetadata => deserialized 17 files.
[15] 2026-04-20 09:07:20,715 DEBUG CachedMetadataProvider.LoadCachedMetadata => obtaining lock
[15] 2026-04-20 09:07:20,719 DEBUG CachedMetadataProvider.LoadCachedMetadata => deserialized 17 files.
[15] 2026-04-20 09:07:20,719 DEBUG CachedMetadataProvider.LoadCachedMetadata => obtaining lock
[15] 2026-04-20 09:07:20,723 DEBUG CachedMetadataProvider.LoadCachedMetadata => deserialized 17 files.
[15] 2026-04-20 09:07:20,724 DEBUG CachedMetadataProvider.LoadCachedMetadata => obtaining lock
[15] 2026-04-20 09:07:20,728 DEBUG CachedMetadataProvider.LoadCachedMetadata => deserialized 17 files.
[15] 2026-04-20 09:07:20,729 DEBUG CachedMetadataProvider.LoadCachedMetadata => obtaining lock
[15] 2026-04-20 09:07:20,732 DEBUG CachedMetadataProvider.LoadCachedMetadata => deserialized 17 files.
[15] 2026-04-20 09:07:20,733 DEBUG CachedMetadataProvider.LoadCachedMetadata => obtaining lock
[15] 2026-04-20 09:07:20,736 DEBUG CachedMetadataProvider.LoadCachedMetadata => deserialized 17 files.
[15] 2026-04-20 09:07:20,766 DEBUG ActionHandlerResolver.LoadPropertyBag => skipping field [SupersededUpdateIDs], not a simple type.
[15] 2026-04-20 09:07:20,767 DEBUG ActionHandlerResolver.Resolve => resolved action handler [ThirdPartyInstallerActionHandler]. Mapping: keys [ActionType,DataProviderType], values [Installation,ThirdParty]
[15] 2026-04-20 09:07:20,769 OFF   ActionDelegator.Execute => ------ processing 1 action(s) for action handler: [ThirdPartyInstallerActionHandler]. Time limit: 2026-04-20 12:07 ------
[15] 2026-04-20 09:07:20,770 DEBUG 		Installation: [e8716874-215f-4516-8d27-857dd9948b76] Chrome (x64) 147.0.7727.102, 
[15] 2026-04-20 09:07:33,619 DEBUG ThirdPartyInstallerActionHandler.SubmitFilesForDownload => submitting file for download [e8716874-215f-4516-8d27-857dd9948b76.1] [https://dl.google.com/tag/s/appguid%3D%7B8A69D345-D564-463C-AFF1-A69D9E530F96%7D%26iid%3D%7BA812BA5F-B124-5A68-2F5B-4DF63A862C4F%7D%26lang%3Den%26browser%3D4%26usagestats%3D0%26appname%3DGoogle%2520Chrome%26needsadmin%3Dtrue%26ap%3Dx64-stable-statsdef_0%26brand%3DGCEA/dl/chrome/install/googlechromestandaloneenterprise64.msi]
[15] 2026-04-20 09:07:33,622 DEBUG ThirdPartyInstallerActionHandler.Execute => Waiting for finishing patch installers download (time limit: 2026-04-20 11:07)
[15] 2026-04-20 09:07:33,623 DEBUG ThirdPartyInstallerActionHandler.IsDownloadCompleted => checking download status for file [e8716874-215f-4516-8d27-857dd9948b76.1] [https://dl.google.com/tag/s/appguid%3D%7B8A69D345-D564-463C-AFF1-A69D9E530F96%7D%26iid%3D%7BA812BA5F-B124-5A68-2F5B-4DF63A862C4F%7D%26lang%3Den%26browser%3D4%26usagestats%3D0%26appname%3DGoogle%2520Chrome%26needsadmin%3Dtrue%26ap%3Dx64-stable-statsdef_0%26brand%3DGCEA/dl/chrome/install/googlechromestandaloneenterprise64.msi], IsDownloadCompleted = False
[15] 2026-04-20 09:07:33,625 DEBUG ThirdPartyInstallerActionHandler.Execute => Download of installation files for remaining 1 patches is still in progress, waiting 10 seconds...
[15] 2026-04-20 09:07:43,639 DEBUG ThirdPartyInstallerActionHandler.IsDownloadCompleted => checking download status for file [e8716874-215f-4516-8d27-857dd9948b76.1] [https://dl.google.com/tag/s/appguid%3D%7B8A69D345-D564-463C-AFF1-A69D9E530F96%7D%26iid%3D%7BA812BA5F-B124-5A68-2F5B-4DF63A862C4F%7D%26lang%3Den%26browser%3D4%26usagestats%3D0%26appname%3DGoogle%2520Chrome%26needsadmin%3Dtrue%26ap%3Dx64-stable-statsdef_0%26brand%3DGCEA/dl/chrome/install/googlechromestandaloneenterprise64.msi], IsDownloadCompleted = True
[15] 2026-04-20 09:07:43,639 DEBUG ThirdPartyInstallerActionHandler.Execute => Download of installation files for [e8716874-215f-4516-8d27-857dd9948b76] patch is finished, starting installation...
[15] 2026-04-20 09:07:43,642 DEBUG ThirdPartyInstallerActionHandler.Download => Downloading file [e8716874-215f-4516-8d27-857dd9948b76.1] to [C:\ProgramData\MspPlatform\PME\ThirdPartyPatch\Downloads\f7aa248b-6982-498c-825d-847b0104f3a2\googlechromestandaloneenterprise64.msi]
[15] 2026-04-20 09:07:45,023 DEBUG ThirdPartyInstallerActionHandler.ExecuteImpl => handling actionType: 'Installation', GUID: 'e8716874-215f-4516-8d27-857dd9948b76'
[15] 2026-04-20 09:07:45,025 DEBUG Extracted the following data from ThirdPartyPatch [Chrome] Installed: [147.0.7727.56] > Latest: [147.0.7727.102]
[15] 2026-04-20 09:07:54,082 DEBUG ActionDelegator.Execute => ------ processing action finished. Id: e8716874-215f-4516-8d27-857dd9948b76, Error: , RebootRequired: False
[15] 2026-04-20 09:07:54,083 OFF   =============================>>> Processing Actions finished <<<=============================
[15] 2026-04-20 09:08:59,410 DEBUG CachedMetadataProvider.LoadCachedMetadata => obtaining lock
[15] 2026-04-20 09:08:59,417 DEBUG CachedMetadataProvider.LoadCachedMetadata => deserialized 17 files.
[15] 2026-04-20 09:08:59,417 DEBUG CachedMetadataProvider.SavePreviousCachedMetadata => obtaining lock
[15] 2026-04-20 09:08:59,464 DEBUG CachedMetadataProvider.SaveCachedMetadata => obtaining lock
[15] 2026-04-20 09:08:59,466 DEBUG CachedMetadataProvider.LoadCachedMetadata => obtaining lock
[15] 2026-04-20 09:08:59,467 DEBUG CachedMetadataProvider.LoadCachedMetadata => deserialized 0 files.
[15] 2026-04-20 09:08:59,468 DEBUG CachedMetadataProvider.LoadCachedMetadata => obtaining lock
[15] 2026-04-20 09:08:59,470 DEBUG CachedMetadataProvider.LoadCachedMetadata => deserialized 1 files.
[15] 2026-04-20 09:08:59,471 DEBUG CachedMetadataProvider.LoadCachedMetadata => obtaining lock
[15] 2026-04-20 09:08:59,473 DEBUG CachedMetadataProvider.LoadCachedMetadata => deserialized 2 files.
[15] 2026-04-20 09:08:59,475 DEBUG CachedMetadataProvider.LoadCachedMetadata => obtaining lock
[15] 2026-04-20 09:08:59,479 DEBUG CachedMetadataProvider.LoadCachedMetadata => deserialized 3 files.
[15] 2026-04-20 09:08:59,480 DEBUG CachedMetadataProvider.LoadCachedMetadata => obtaining lock
[15] 2026-04-20 09:08:59,482 DEBUG CachedMetadataProvider.LoadCachedMetadata => deserialized 4 files.
[15] 2026-04-20 09:08:59,483 DEBUG CachedMetadataProvider.LoadCachedMetadata => obtaining lock
[15] 2026-04-20 09:08:59,485 DEBUG CachedMetadataProvider.LoadCachedMetadata => deserialized 5 files.
[15] 2026-04-20 09:08:59,487 DEBUG CachedMetadataProvider.LoadCachedMetadata => obtaining lock
[15] 2026-04-20 09:08:59,490 DEBUG CachedMetadataProvider.LoadCachedMetadata => deserialized 6 files.
[15] 2026-04-20 09:08:59,491 DEBUG CachedMetadataProvider.LoadCachedMetadata => obtaining lock
[15] 2026-04-20 09:08:59,495 DEBUG CachedMetadataProvider.LoadCachedMetadata => deserialized 7 files.
[15] 2026-04-20 09:08:59,496 DEBUG CachedMetadataProvider.LoadCachedMetadata => obtaining lock
[15] 2026-04-20 09:08:59,499 DEBUG CachedMetadataProvider.LoadCachedMetadata => deserialized 8 files.
[15] 2026-04-20 09:08:59,500 DEBUG CachedMetadataProvider.LoadCachedMetadata => obtaining lock
[15] 2026-04-20 09:08:59,503 DEBUG CachedMetadataProvider.LoadCachedMetadata => deserialized 9 files.
[15] 2026-04-20 09:08:59,504 DEBUG CachedMetadataProvider.LoadCachedMetadata => obtaining lock
[15] 2026-04-20 09:08:59,507 DEBUG CachedMetadataProvider.LoadCachedMetadata => deserialized 10 files.
[15] 2026-04-20 09:08:59,509 DEBUG CachedMetadataProvider.LoadCachedMetadata => obtaining lock
[15] 2026-04-20 09:08:59,513 DEBUG CachedMetadataProvider.LoadCachedMetadata => deserialized 11 files.
[15] 2026-04-20 09:08:59,515 DEBUG CachedMetadataProvider.LoadCachedMetadata => obtaining lock
[15] 2026-04-20 09:08:59,519 DEBUG CachedMetadataProvider.LoadCachedMetadata => deserialized 12 files.
[15] 2026-04-20 09:08:59,520 DEBUG CachedMetadataProvider.LoadCachedMetadata => obtaining lock
[15] 2026-04-20 09:08:59,522 DEBUG CachedMetadataProvider.LoadCachedMetadata => deserialized 13 files.
[15] 2026-04-20 09:08:59,525 DEBUG CachedMetadataProvider.LoadCachedMetadata => obtaining lock
[15] 2026-04-20 09:08:59,528 DEBUG CachedMetadataProvider.LoadCachedMetadata => deserialized 14 files.
[15] 2026-04-20 09:08:59,530 DEBUG CachedMetadataProvider.LoadCachedMetadata => obtaining lock
[15] 2026-04-20 09:08:59,534 DEBUG CachedMetadataProvider.LoadCachedMetadata => deserialized 15 files.
[15] 2026-04-20 09:08:59,535 DEBUG CachedMetadataProvider.LoadCachedMetadata => obtaining lock
[15] 2026-04-20 09:08:59,542 DEBUG CachedMetadataProvider.LoadCachedMetadata => deserialized 16 files.
[15] 2026-04-20 09:08:59,545 DEBUG CachedMetadataProvider.SaveCachedMetadata => saved 17 files.
[12] 2026-04-20 11:03:41,789 DEBUG CachedMetadataProvider.LoadCachedMetadata => obtaining lock
[12] 2026-04-20 11:03:41,842 DEBUG CachedMetadataProvider.LoadCachedMetadata => deserialized 17 files.
[12] 2026-04-20 11:03:41,844 DEBUG CachedMetadataProvider.SavePreviousCachedMetadata => obtaining lock
[12] 2026-04-20 11:03:41,862 DEBUG CachedMetadataProvider.SaveCachedMetadata => obtaining lock
[12] 2026-04-20 11:03:41,862 DEBUG CachedMetadataProvider.LoadCachedMetadata => obtaining lock
[12] 2026-04-20 11:03:41,863 DEBUG CachedMetadataProvider.LoadCachedMetadata => deserialized 0 files.
[12] 2026-04-20 11:03:41,865 DEBUG CachedMetadataProvider.LoadCachedMetadata => obtaining lock
[12] 2026-04-20 11:03:41,866 DEBUG CachedMetadataProvider.LoadCachedMetadata => deserialized 1 files.
[12] 2026-04-20 11:03:41,867 DEBUG CachedMetadataProvider.LoadCachedMetadata => obtaining lock
[12] 2026-04-20 11:03:41,870 DEBUG CachedMetadataProvider.LoadCachedMetadata => deserialized 2 files.
[12] 2026-04-20 11:03:41,872 DEBUG CachedMetadataProvider.LoadCachedMetadata => obtaining lock
[12] 2026-04-20 11:03:41,875 DEBUG CachedMetadataProvider.LoadCachedMetadata => deserialized 3 files.
[12] 2026-04-20 11:03:41,876 DEBUG CachedMetadataProvider.LoadCachedMetadata => obtaining lock
[12] 2026-04-20 11:03:41,878 DEBUG CachedMetadataProvider.LoadCachedMetadata => deserialized 4 files.
[12] 2026-04-20 11:03:41,879 DEBUG CachedMetadataProvider.LoadCachedMetadata => obtaining lock
[12] 2026-04-20 11:03:41,881 DEBUG CachedMetadataProvider.LoadCachedMetadata => deserialized 5 files.
[12] 2026-04-20 11:03:41,882 DEBUG CachedMetadataProvider.LoadCachedMetadata => obtaining lock
[12] 2026-04-20 11:03:41,884 DEBUG CachedMetadataProvider.LoadCachedMetadata => deserialized 6 files.
[12] 2026-04-20 11:03:41,895 DEBUG CachedMetadataProvider.LoadCachedMetadata => obtaining lock
[12] 2026-04-20 11:03:41,898 DEBUG CachedMetadataProvider.LoadCachedMetadata => deserialized 7 files.
[12] 2026-04-20 11:03:41,899 DEBUG CachedMetadataProvider.LoadCachedMetadata => obtaining lock
[12] 2026-04-20 11:03:41,902 DEBUG CachedMetadataProvider.LoadCachedMetadata => deserialized 8 files.
[12] 2026-04-20 11:03:41,905 DEBUG CachedMetadataProvider.LoadCachedMetadata => obtaining lock
[12] 2026-04-20 11:03:41,907 DEBUG CachedMetadataProvider.LoadCachedMetadata => deserialized 9 files.
[12] 2026-04-20 11:03:41,909 DEBUG CachedMetadataProvider.LoadCachedMetadata => obtaining lock
[12] 2026-04-20 11:03:41,913 DEBUG CachedMetadataProvider.LoadCachedMetadata => deserialized 10 files.
[12] 2026-04-20 11:03:41,914 DEBUG CachedMetadataProvider.LoadCachedMetadata => obtaining lock
[12] 2026-04-20 11:03:41,917 DEBUG CachedMetadataProvider.LoadCachedMetadata => deserialized 11 files.
[12] 2026-04-20 11:03:41,918 DEBUG CachedMetadataProvider.LoadCachedMetadata => obtaining lock
[12] 2026-04-20 11:03:41,922 DEBUG CachedMetadataProvider.LoadCachedMetadata => deserialized 12 files.
[12] 2026-04-20 11:03:41,923 DEBUG CachedMetadataProvider.LoadCachedMetadata => obtaining lock
[12] 2026-04-20 11:03:41,927 DEBUG CachedMetadataProvider.LoadCachedMetadata => deserialized 13 files.
[12] 2026-04-20 11:03:41,928 DEBUG CachedMetadataProvider.LoadCachedMetadata => obtaining lock
[12] 2026-04-20 11:03:41,931 DEBUG CachedMetadataProvider.LoadCachedMetadata => deserialized 14 files.
[12] 2026-04-20 11:03:41,932 DEBUG CachedMetadataProvider.LoadCachedMetadata => obtaining lock
[12] 2026-04-20 11:03:41,937 DEBUG CachedMetadataProvider.LoadCachedMetadata => deserialized 15 files.
[12] 2026-04-20 11:03:41,938 DEBUG CachedMetadataProvider.LoadCachedMetadata => obtaining lock
[12] 2026-04-20 11:03:41,943 DEBUG CachedMetadataProvider.LoadCachedMetadata => deserialized 16 files.
[12] 2026-04-20 11:03:41,944 DEBUG CachedMetadataProvider.SaveCachedMetadata => saved 17 files.
[15] 2026-04-21 09:05:28,561 OFF   =============================================================================================
[15] 2026-04-21 09:05:28,562 OFF   ==================================>>>>> Start Actions <<<<<==================================
[15] 2026-04-21 09:05:28,563 OFF   ActionDelegator.Execute => processing 1 actions. Timeout: 180 minutes.
[15] 2026-04-21 09:05:28,564 DEBUG ActionDelegator.ExistsRegKey_SetupPhase => Check FU in progress. Checking registry key [HKEY_LOCAL_MACHINE\SYSTEM\Setup\MoSetup\Volatile\SetupPhase|[type=DWord]]: 
[15] 2026-04-21 09:05:28,564 DEBUG All Patch Prerequisites are installed.
[15] 2026-04-21 09:05:28,566 DEBUG CachedMetadataProvider.LoadCachedMetadata => obtaining lock
[15] 2026-04-21 09:05:28,575 DEBUG CachedMetadataProvider.LoadCachedMetadata => deserialized 17 files.
[15] 2026-04-21 09:05:28,576 DEBUG CachedMetadataProvider.LoadCachedMetadata => obtaining lock
[15] 2026-04-21 09:05:28,578 DEBUG CachedMetadataProvider.LoadCachedMetadata => deserialized 17 files.
[15] 2026-04-21 09:05:28,579 DEBUG CachedMetadataProvider.LoadCachedMetadata => obtaining lock
[15] 2026-04-21 09:05:28,583 DEBUG CachedMetadataProvider.LoadCachedMetadata => deserialized 17 files.
[15] 2026-04-21 09:05:28,584 DEBUG CachedMetadataProvider.LoadCachedMetadata => obtaining lock
[15] 2026-04-21 09:05:28,587 DEBUG CachedMetadataProvider.LoadCachedMetadata => deserialized 17 files.
[15] 2026-04-21 09:05:28,588 DEBUG CachedMetadataProvider.LoadCachedMetadata => obtaining lock
[15] 2026-04-21 09:05:28,591 DEBUG CachedMetadataProvider.LoadCachedMetadata => deserialized 17 files.
[15] 2026-04-21 09:05:28,592 DEBUG CachedMetadataProvider.LoadCachedMetadata => obtaining lock
[15] 2026-04-21 09:05:28,595 DEBUG CachedMetadataProvider.LoadCachedMetadata => deserialized 17 files.
[15] 2026-04-21 09:05:28,596 DEBUG CachedMetadataProvider.LoadCachedMetadata => obtaining lock
[15] 2026-04-21 09:05:28,600 DEBUG CachedMetadataProvider.LoadCachedMetadata => deserialized 17 files.
[15] 2026-04-21 09:05:28,600 DEBUG CachedMetadataProvider.LoadCachedMetadata => obtaining lock
[15] 2026-04-21 09:05:28,604 DEBUG CachedMetadataProvider.LoadCachedMetadata => deserialized 17 files.
[15] 2026-04-21 09:05:28,605 DEBUG CachedMetadataProvider.LoadCachedMetadata => obtaining lock
[15] 2026-04-21 09:05:28,609 DEBUG CachedMetadataProvider.LoadCachedMetadata => deserialized 17 files.
[15] 2026-04-21 09:05:28,610 DEBUG CachedMetadataProvider.LoadCachedMetadata => obtaining lock
[15] 2026-04-21 09:05:28,614 DEBUG CachedMetadataProvider.LoadCachedMetadata => deserialized 17 files.
[15] 2026-04-21 09:05:28,614 DEBUG CachedMetadataProvider.LoadCachedMetadata => obtaining lock
[15] 2026-04-21 09:05:28,618 DEBUG CachedMetadataProvider.LoadCachedMetadata => deserialized 17 files.
[15] 2026-04-21 09:05:28,619 DEBUG CachedMetadataProvider.LoadCachedMetadata => obtaining lock
[15] 2026-04-21 09:05:28,622 DEBUG CachedMetadataProvider.LoadCachedMetadata => deserialized 17 files.
[15] 2026-04-21 09:05:28,622 DEBUG CachedMetadataProvider.LoadCachedMetadata => obtaining lock
[15] 2026-04-21 09:05:28,626 DEBUG CachedMetadataProvider.LoadCachedMetadata => deserialized 17 files.
[15] 2026-04-21 09:05:28,627 DEBUG CachedMetadataProvider.LoadCachedMetadata => obtaining lock
[15] 2026-04-21 09:05:28,629 DEBUG CachedMetadataProvider.LoadCachedMetadata => deserialized 17 files.
[15] 2026-04-21 09:05:28,630 DEBUG CachedMetadataProvider.LoadCachedMetadata => obtaining lock
[15] 2026-04-21 09:05:28,633 DEBUG CachedMetadataProvider.LoadCachedMetadata => deserialized 17 files.
[15] 2026-04-21 09:05:28,633 DEBUG CachedMetadataProvider.LoadCachedMetadata => obtaining lock
[15] 2026-04-21 09:05:28,638 DEBUG CachedMetadataProvider.LoadCachedMetadata => deserialized 17 files.
[15] 2026-04-21 09:05:28,638 DEBUG CachedMetadataProvider.LoadCachedMetadata => obtaining lock
[15] 2026-04-21 09:05:28,641 DEBUG CachedMetadataProvider.LoadCachedMetadata => deserialized 17 files.
[15] 2026-04-21 09:05:28,641 DEBUG CachedMetadataProvider.LoadCachedMetadata => obtaining lock
[15] 2026-04-21 09:05:28,646 DEBUG CachedMetadataProvider.LoadCachedMetadata => deserialized 17 files.
[15] 2026-04-21 09:05:28,646 DEBUG CachedMetadataProvider.LoadCachedMetadata => obtaining lock
[15] 2026-04-21 09:05:28,649 DEBUG CachedMetadataProvider.LoadCachedMetadata => deserialized 17 files.
[15] 2026-04-21 09:05:28,650 DEBUG ActionHandlerResolver.LoadPropertyBag => skipping field [SupersededUpdateIDs], not a simple type.
[15] 2026-04-21 09:05:28,650 DEBUG ActionHandlerResolver.Resolve => resolved action handler [ThirdPartyInstallerActionHandler]. Mapping: keys [ActionType,DataProviderType], values [Installation,ThirdParty]
[15] 2026-04-21 09:05:28,651 OFF   ActionDelegator.Execute => ------ processing 1 action(s) for action handler: [ThirdPartyInstallerActionHandler]. Time limit: 2026-04-21 12:05 ------
[15] 2026-04-21 09:05:28,652 DEBUG 		Installation: [e8716874-215f-4516-8d27-857dd9948b76] Chrome (x64) 147.0.7727.102, 
[15] 2026-04-21 09:50:35,653 DEBUG ThirdPartyInstallerActionHandler.SubmitFilesForDownload => submitting file for download [e8716874-215f-4516-8d27-857dd9948b76.1] [https://dl.google.com/tag/s/appguid%3D%7B8A69D345-D564-463C-AFF1-A69D9E530F96%7D%26iid%3D%7BA812BA5F-B124-5A68-2F5B-4DF63A862C4F%7D%26lang%3Den%26browser%3D4%26usagestats%3D0%26appname%3DGoogle%2520Chrome%26needsadmin%3Dtrue%26ap%3Dx64-stable-statsdef_0%26brand%3DGCEA/dl/chrome/install/googlechromestandaloneenterprise64.msi]
[15] 2026-04-21 09:50:35,662 DEBUG ThirdPartyInstallerActionHandler.Execute => Waiting for finishing patch installers download (time limit: 2026-04-21 11:50)
[15] 2026-04-21 09:50:35,663 DEBUG ThirdPartyInstallerActionHandler.IsDownloadCompleted => checking download status for file [e8716874-215f-4516-8d27-857dd9948b76.1] [https://dl.google.com/tag/s/appguid%3D%7B8A69D345-D564-463C-AFF1-A69D9E530F96%7D%26iid%3D%7BA812BA5F-B124-5A68-2F5B-4DF63A862C4F%7D%26lang%3Den%26browser%3D4%26usagestats%3D0%26appname%3DGoogle%2520Chrome%26needsadmin%3Dtrue%26ap%3Dx64-stable-statsdef_0%26brand%3DGCEA/dl/chrome/install/googlechromestandaloneenterprise64.msi], IsDownloadCompleted = True
[15] 2026-04-21 09:50:35,663 DEBUG ThirdPartyInstallerActionHandler.Execute => Download of installation files for [e8716874-215f-4516-8d27-857dd9948b76] patch is finished, starting installation...
[15] 2026-04-21 09:50:35,667 DEBUG ThirdPartyInstallerActionHandler.Download => Downloading file [e8716874-215f-4516-8d27-857dd9948b76.1] to [C:\ProgramData\MspPlatform\PME\ThirdPartyPatch\Downloads\f7aa248b-6982-498c-825d-847b0104f3a2\googlechromestandaloneenterprise64.msi]
[15] 2026-04-21 09:50:37,377 DEBUG ThirdPartyInstallerActionHandler.ExecuteImpl => handling actionType: 'Installation', GUID: 'e8716874-215f-4516-8d27-857dd9948b76'
[15] 2026-04-21 09:50:37,378 DEBUG Extracted the following data from ThirdPartyPatch [Chrome] Installed: [147.0.7727.56] > Latest: [147.0.7727.102]
[15] 2026-04-21 09:50:46,190 DEBUG ActionDelegator.Execute => ------ processing action finished. Id: e8716874-215f-4516-8d27-857dd9948b76, Error: , RebootRequired: False
[15] 2026-04-21 09:50:46,190 OFF   =============================>>> Processing Actions finished <<<=============================
[14] 2026-04-21 09:52:23,066 DEBUG CachedMetadataProvider.LoadCachedMetadata => obtaining lock
[14] 2026-04-21 09:52:23,079 DEBUG CachedMetadataProvider.LoadCachedMetadata => deserialized 17 files.
[14] 2026-04-21 09:52:23,080 DEBUG CachedMetadataProvider.SavePreviousCachedMetadata => obtaining lock
[14] 2026-04-21 09:52:23,095 DEBUG CachedMetadataProvider.SaveCachedMetadata => obtaining lock
[14] 2026-04-21 09:52:23,097 DEBUG CachedMetadataProvider.LoadCachedMetadata => obtaining lock
[14] 2026-04-21 09:52:23,098 DEBUG CachedMetadataProvider.LoadCachedMetadata => deserialized 0 files.
[14] 2026-04-21 09:52:23,099 DEBUG CachedMetadataProvider.LoadCachedMetadata => obtaining lock
[14] 2026-04-21 09:52:23,100 DEBUG CachedMetadataProvider.LoadCachedMetadata => deserialized 1 files.
[14] 2026-04-21 09:52:23,102 DEBUG CachedMetadataProvider.LoadCachedMetadata => obtaining lock
[14] 2026-04-21 09:52:23,102 DEBUG CachedMetadataProvider.LoadCachedMetadata => deserialized 2 files.
[14] 2026-04-21 09:52:23,103 DEBUG CachedMetadataProvider.LoadCachedMetadata => obtaining lock
[14] 2026-04-21 09:52:23,105 DEBUG CachedMetadataProvider.LoadCachedMetadata => deserialized 3 files.
[14] 2026-04-21 09:52:23,106 DEBUG CachedMetadataProvider.LoadCachedMetadata => obtaining lock
[14] 2026-04-21 09:52:23,108 DEBUG CachedMetadataProvider.LoadCachedMetadata => deserialized 4 files.
[14] 2026-04-21 09:52:23,109 DEBUG CachedMetadataProvider.LoadCachedMetadata => obtaining lock
[14] 2026-04-21 09:52:23,111 DEBUG CachedMetadataProvider.LoadCachedMetadata => deserialized 5 files.
[14] 2026-04-21 09:52:23,112 DEBUG CachedMetadataProvider.LoadCachedMetadata => obtaining lock
[14] 2026-04-21 09:52:23,116 DEBUG CachedMetadataProvider.LoadCachedMetadata => deserialized 6 files.
[14] 2026-04-21 09:52:23,118 DEBUG CachedMetadataProvider.LoadCachedMetadata => obtaining lock
[14] 2026-04-21 09:52:23,120 DEBUG CachedMetadataProvider.LoadCachedMetadata => deserialized 7 files.
[14] 2026-04-21 09:52:23,122 DEBUG CachedMetadataProvider.LoadCachedMetadata => obtaining lock
[14] 2026-04-21 09:52:23,124 DEBUG CachedMetadataProvider.LoadCachedMetadata => deserialized 8 files.
[14] 2026-04-21 09:52:23,125 DEBUG CachedMetadataProvider.LoadCachedMetadata => obtaining lock
[14] 2026-04-21 09:52:23,128 DEBUG CachedMetadataProvider.LoadCachedMetadata => deserialized 9 files.
[14] 2026-04-21 09:52:23,130 DEBUG CachedMetadataProvider.LoadCachedMetadata => obtaining lock
[14] 2026-04-21 09:52:23,134 DEBUG CachedMetadataProvider.LoadCachedMetadata => deserialized 10 files.
[14] 2026-04-21 09:52:23,136 DEBUG CachedMetadataProvider.LoadCachedMetadata => obtaining lock
[14] 2026-04-21 09:52:23,139 DEBUG CachedMetadataProvider.LoadCachedMetadata => deserialized 11 files.
[14] 2026-04-21 09:52:23,141 DEBUG CachedMetadataProvider.LoadCachedMetadata => obtaining lock
[14] 2026-04-21 09:52:23,145 DEBUG CachedMetadataProvider.LoadCachedMetadata => deserialized 12 files.
[14] 2026-04-21 09:52:23,146 DEBUG CachedMetadataProvider.LoadCachedMetadata => obtaining lock
[14] 2026-04-21 09:52:23,150 DEBUG CachedMetadataProvider.LoadCachedMetadata => deserialized 13 files.
[14] 2026-04-21 09:52:23,151 DEBUG CachedMetadataProvider.LoadCachedMetadata => obtaining lock
[14] 2026-04-21 09:52:23,154 DEBUG CachedMetadataProvider.LoadCachedMetadata => deserialized 14 files.
[14] 2026-04-21 09:52:23,155 DEBUG CachedMetadataProvider.LoadCachedMetadata => obtaining lock
[14] 2026-04-21 09:52:23,161 DEBUG CachedMetadataProvider.LoadCachedMetadata => deserialized 15 files.
[14] 2026-04-21 09:52:23,162 DEBUG CachedMetadataProvider.LoadCachedMetadata => obtaining lock
[14] 2026-04-21 09:52:23,166 DEBUG CachedMetadataProvider.LoadCachedMetadata => deserialized 16 files.
[14] 2026-04-21 09:52:23,167 DEBUG CachedMetadataProvider.SaveCachedMetadata => saved 17 files.
[4] 2026-04-23 08:46:35,231 DEBUG CachedMetadataProvider.LoadCachedMetadata => obtaining lock
[4] 2026-04-23 08:46:35,239 DEBUG CachedMetadataProvider.LoadCachedMetadata => deserialized 17 files.
[4] 2026-04-23 08:46:35,239 DEBUG CachedMetadataProvider.SavePreviousCachedMetadata => obtaining lock
[4] 2026-04-23 08:46:35,250 DEBUG CachedMetadataProvider.SaveCachedMetadata => obtaining lock
[4] 2026-04-23 08:46:35,251 DEBUG CachedMetadataProvider.LoadCachedMetadata => obtaining lock
[4] 2026-04-23 08:46:35,251 DEBUG CachedMetadataProvider.LoadCachedMetadata => deserialized 0 files.
[4] 2026-04-23 08:46:35,252 DEBUG CachedMetadataProvider.LoadCachedMetadata => obtaining lock
[4] 2026-04-23 08:46:35,252 DEBUG CachedMetadataProvider.LoadCachedMetadata => deserialized 1 files.
[4] 2026-04-23 08:46:35,253 DEBUG CachedMetadataProvider.LoadCachedMetadata => obtaining lock
[4] 2026-04-23 08:46:35,254 DEBUG CachedMetadataProvider.LoadCachedMetadata => deserialized 2 files.
[4] 2026-04-23 08:46:35,254 DEBUG CachedMetadataProvider.LoadCachedMetadata => obtaining lock
[4] 2026-04-23 08:46:35,255 DEBUG CachedMetadataProvider.LoadCachedMetadata => deserialized 3 files.
[4] 2026-04-23 08:46:35,256 DEBUG CachedMetadataProvider.LoadCachedMetadata => obtaining lock
[4] 2026-04-23 08:46:35,258 DEBUG CachedMetadataProvider.LoadCachedMetadata => deserialized 4 files.
[4] 2026-04-23 08:46:35,259 DEBUG CachedMetadataProvider.LoadCachedMetadata => obtaining lock
[4] 2026-04-23 08:46:35,260 DEBUG CachedMetadataProvider.LoadCachedMetadata => deserialized 5 files.
[4] 2026-04-23 08:46:35,261 DEBUG CachedMetadataProvider.LoadCachedMetadata => obtaining lock
[4] 2026-04-23 08:46:35,262 DEBUG CachedMetadataProvider.LoadCachedMetadata => deserialized 6 files.
[4] 2026-04-23 08:46:35,262 DEBUG CachedMetadataProvider.LoadCachedMetadata => obtaining lock
[4] 2026-04-23 08:46:35,264 DEBUG CachedMetadataProvider.LoadCachedMetadata => deserialized 7 files.
[4] 2026-04-23 08:46:35,266 DEBUG CachedMetadataProvider.LoadCachedMetadata => obtaining lock
[4] 2026-04-23 08:46:35,267 DEBUG CachedMetadataProvider.LoadCachedMetadata => deserialized 8 files.
[4] 2026-04-23 08:46:35,268 DEBUG CachedMetadataProvider.LoadCachedMetadata => obtaining lock
[4] 2026-04-23 08:46:35,269 DEBUG CachedMetadataProvider.LoadCachedMetadata => deserialized 9 files.
[4] 2026-04-23 08:46:35,270 DEBUG CachedMetadataProvider.LoadCachedMetadata => obtaining lock
[4] 2026-04-23 08:46:35,272 DEBUG CachedMetadataProvider.LoadCachedMetadata => deserialized 10 files.
[4] 2026-04-23 08:46:35,273 DEBUG CachedMetadataProvider.LoadCachedMetadata => obtaining lock
[4] 2026-04-23 08:46:35,274 DEBUG CachedMetadataProvider.LoadCachedMetadata => deserialized 11 files.
[4] 2026-04-23 08:46:35,276 DEBUG CachedMetadataProvider.LoadCachedMetadata => obtaining lock
[4] 2026-04-23 08:46:35,277 DEBUG CachedMetadataProvider.LoadCachedMetadata => deserialized 12 files.
[4] 2026-04-23 08:46:35,278 DEBUG CachedMetadataProvider.LoadCachedMetadata => obtaining lock
[4] 2026-04-23 08:46:35,281 DEBUG CachedMetadataProvider.LoadCachedMetadata => deserialized 13 files.
[4] 2026-04-23 08:46:35,281 DEBUG CachedMetadataProvider.LoadCachedMetadata => obtaining lock
[4] 2026-04-23 08:46:35,283 DEBUG CachedMetadataProvider.LoadCachedMetadata => deserialized 14 files.
[4] 2026-04-23 08:46:35,284 DEBUG CachedMetadataProvider.LoadCachedMetadata => obtaining lock
[4] 2026-04-23 08:46:35,286 DEBUG CachedMetadataProvider.LoadCachedMetadata => deserialized 15 files.
[4] 2026-04-23 08:46:35,286 DEBUG CachedMetadataProvider.LoadCachedMetadata => obtaining lock
[4] 2026-04-23 08:46:35,289 DEBUG CachedMetadataProvider.LoadCachedMetadata => deserialized 16 files.
[4] 2026-04-23 08:46:35,290 DEBUG CachedMetadataProvider.SaveCachedMetadata => saved 17 files.
[10] 2026-04-23 08:48:15,128 DEBUG CachedMetadataProvider.LoadCachedMetadata => obtaining lock
[10] 2026-04-23 08:48:15,130 DEBUG CachedMetadataProvider.LoadCachedMetadata => deserialized 17 files.
[10] 2026-04-23 08:48:15,131 OFF   CachedMetadataProvider.SaveCachedMetadata => no change in metadata since last scan scan, skipping saving new result
[14] 2026-04-23 13:50:48,758 DEBUG CachedMetadataProvider.LoadCachedMetadata => obtaining lock
[14] 2026-04-23 13:50:48,765 DEBUG CachedMetadataProvider.LoadCachedMetadata => deserialized 17 files.
[14] 2026-04-23 13:50:48,765 DEBUG CachedMetadataProvider.SavePreviousCachedMetadata => obtaining lock
[14] 2026-04-23 13:50:48,773 DEBUG CachedMetadataProvider.SaveCachedMetadata => obtaining lock
[14] 2026-04-23 13:50:48,773 DEBUG CachedMetadataProvider.LoadCachedMetadata => obtaining lock
[14] 2026-04-23 13:50:48,774 DEBUG CachedMetadataProvider.LoadCachedMetadata => deserialized 0 files.
[14] 2026-04-23 13:50:48,774 DEBUG CachedMetadataProvider.LoadCachedMetadata => obtaining lock
[14] 2026-04-23 13:50:48,775 DEBUG CachedMetadataProvider.LoadCachedMetadata => deserialized 1 files.
[14] 2026-04-23 13:50:48,776 DEBUG CachedMetadataProvider.LoadCachedMetadata => obtaining lock
[14] 2026-04-23 13:50:48,777 DEBUG CachedMetadataProvider.LoadCachedMetadata => deserialized 2 files.
[14] 2026-04-23 13:50:48,777 DEBUG CachedMetadataProvider.LoadCachedMetadata => obtaining lock
[14] 2026-04-23 13:50:48,778 DEBUG CachedMetadataProvider.LoadCachedMetadata => deserialized 3 files.
[14] 2026-04-23 13:50:48,779 DEBUG CachedMetadataProvider.LoadCachedMetadata => obtaining lock
[14] 2026-04-23 13:50:48,780 DEBUG CachedMetadataProvider.LoadCachedMetadata => deserialized 4 files.
[14] 2026-04-23 13:50:48,780 DEBUG CachedMetadataProvider.LoadCachedMetadata => obtaining lock
[14] 2026-04-23 13:50:48,781 DEBUG CachedMetadataProvider.LoadCachedMetadata => deserialized 5 files.
[14] 2026-04-23 13:50:48,781 DEBUG CachedMetadataProvider.LoadCachedMetadata => obtaining lock
[14] 2026-04-23 13:50:48,783 DEBUG CachedMetadataProvider.LoadCachedMetadata => deserialized 6 files.
[14] 2026-04-23 13:50:48,786 DEBUG CachedMetadataProvider.LoadCachedMetadata => obtaining lock
[14] 2026-04-23 13:50:48,788 DEBUG CachedMetadataProvider.LoadCachedMetadata => deserialized 7 files.
[14] 2026-04-23 13:50:48,789 DEBUG CachedMetadataProvider.LoadCachedMetadata => obtaining lock
[14] 2026-04-23 13:50:48,790 DEBUG CachedMetadataProvider.LoadCachedMetadata => deserialized 8 files.
[14] 2026-04-23 13:50:48,791 DEBUG CachedMetadataProvider.LoadCachedMetadata => obtaining lock
[14] 2026-04-23 13:50:48,792 DEBUG CachedMetadataProvider.LoadCachedMetadata => deserialized 9 files.
[14] 2026-04-23 13:50:48,793 DEBUG CachedMetadataProvider.LoadCachedMetadata => obtaining lock
[14] 2026-04-23 13:50:48,795 DEBUG CachedMetadataProvider.LoadCachedMetadata => deserialized 10 files.
[14] 2026-04-23 13:50:48,796 DEBUG CachedMetadataProvider.LoadCachedMetadata => obtaining lock
[14] 2026-04-23 13:50:48,798 DEBUG CachedMetadataProvider.LoadCachedMetadata => deserialized 11 files.
[14] 2026-04-23 13:50:48,798 DEBUG CachedMetadataProvider.LoadCachedMetadata => obtaining lock
[14] 2026-04-23 13:50:48,800 DEBUG CachedMetadataProvider.LoadCachedMetadata => deserialized 12 files.
[14] 2026-04-23 13:50:48,800 DEBUG CachedMetadataProvider.LoadCachedMetadata => obtaining lock
[14] 2026-04-23 13:50:48,802 DEBUG CachedMetadataProvider.LoadCachedMetadata => deserialized 13 files.
[14] 2026-04-23 13:50:48,803 DEBUG CachedMetadataProvider.LoadCachedMetadata => obtaining lock
[14] 2026-04-23 13:50:48,805 DEBUG CachedMetadataProvider.LoadCachedMetadata => deserialized 14 files.
[14] 2026-04-23 13:50:48,806 DEBUG CachedMetadataProvider.LoadCachedMetadata => obtaining lock
[14] 2026-04-23 13:50:48,808 DEBUG CachedMetadataProvider.LoadCachedMetadata => deserialized 15 files.
[14] 2026-04-23 13:50:48,809 DEBUG CachedMetadataProvider.LoadCachedMetadata => obtaining lock
[14] 2026-04-23 13:50:48,811 DEBUG CachedMetadataProvider.LoadCachedMetadata => deserialized 16 files.
[14] 2026-04-23 13:50:48,812 DEBUG CachedMetadataProvider.SaveCachedMetadata => saved 17 files.
[13] 2026-04-25 07:40:53,293 DEBUG CachedMetadataProvider.LoadCachedMetadata => obtaining lock
[13] 2026-04-25 07:40:53,314 DEBUG CachedMetadataProvider.LoadCachedMetadata => deserialized 17 files.
[13] 2026-04-25 07:40:53,315 DEBUG CachedMetadataProvider.SavePreviousCachedMetadata => obtaining lock
[13] 2026-04-25 07:40:53,333 DEBUG CachedMetadataProvider.SaveCachedMetadata => obtaining lock
[13] 2026-04-25 07:40:53,334 DEBUG CachedMetadataProvider.LoadCachedMetadata => obtaining lock
[13] 2026-04-25 07:40:53,334 DEBUG CachedMetadataProvider.LoadCachedMetadata => deserialized 0 files.
[13] 2026-04-25 07:40:53,337 DEBUG CachedMetadataProvider.LoadCachedMetadata => obtaining lock
[13] 2026-04-25 07:40:53,338 DEBUG CachedMetadataProvider.LoadCachedMetadata => deserialized 1 files.
[13] 2026-04-25 07:40:53,339 DEBUG CachedMetadataProvider.LoadCachedMetadata => obtaining lock
[13] 2026-04-25 07:40:53,341 DEBUG CachedMetadataProvider.LoadCachedMetadata => deserialized 2 files.
[13] 2026-04-25 07:40:53,343 DEBUG CachedMetadataProvider.LoadCachedMetadata => obtaining lock
[13] 2026-04-25 07:40:53,344 DEBUG CachedMetadataProvider.LoadCachedMetadata => deserialized 3 files.
[13] 2026-04-25 07:40:53,345 DEBUG CachedMetadataProvider.LoadCachedMetadata => obtaining lock
[13] 2026-04-25 07:40:53,347 DEBUG CachedMetadataProvider.LoadCachedMetadata => deserialized 4 files.
[13] 2026-04-25 07:40:53,348 DEBUG CachedMetadataProvider.LoadCachedMetadata => obtaining lock
[13] 2026-04-25 07:40:53,351 DEBUG CachedMetadataProvider.LoadCachedMetadata => deserialized 5 files.
[13] 2026-04-25 07:40:53,353 DEBUG CachedMetadataProvider.LoadCachedMetadata => obtaining lock
[13] 2026-04-25 07:40:53,356 DEBUG CachedMetadataProvider.LoadCachedMetadata => deserialized 6 files.
[13] 2026-04-25 07:40:53,357 DEBUG CachedMetadataProvider.LoadCachedMetadata => obtaining lock
[13] 2026-04-25 07:40:53,360 DEBUG CachedMetadataProvider.LoadCachedMetadata => deserialized 7 files.
[13] 2026-04-25 07:40:53,362 DEBUG CachedMetadataProvider.LoadCachedMetadata => obtaining lock
[13] 2026-04-25 07:40:53,364 DEBUG CachedMetadataProvider.LoadCachedMetadata => deserialized 8 files.
[13] 2026-04-25 07:40:53,366 DEBUG CachedMetadataProvider.LoadCachedMetadata => obtaining lock
[13] 2026-04-25 07:40:53,371 DEBUG CachedMetadataProvider.LoadCachedMetadata => deserialized 9 files.
[13] 2026-04-25 07:40:53,372 DEBUG CachedMetadataProvider.LoadCachedMetadata => obtaining lock
[13] 2026-04-25 07:40:53,376 DEBUG CachedMetadataProvider.LoadCachedMetadata => deserialized 10 files.
[13] 2026-04-25 07:40:53,377 DEBUG CachedMetadataProvider.LoadCachedMetadata => obtaining lock
[13] 2026-04-25 07:40:53,383 DEBUG CachedMetadataProvider.LoadCachedMetadata => deserialized 11 files.
[13] 2026-04-25 07:40:53,384 DEBUG CachedMetadataProvider.LoadCachedMetadata => obtaining lock
[13] 2026-04-25 07:40:53,389 DEBUG CachedMetadataProvider.LoadCachedMetadata => deserialized 12 files.
[13] 2026-04-25 07:40:53,391 DEBUG CachedMetadataProvider.LoadCachedMetadata => obtaining lock
[13] 2026-04-25 07:40:53,395 DEBUG CachedMetadataProvider.LoadCachedMetadata => deserialized 13 files.
[13] 2026-04-25 07:40:53,397 DEBUG CachedMetadataProvider.LoadCachedMetadata => obtaining lock
[13] 2026-04-25 07:40:53,404 DEBUG CachedMetadataProvider.LoadCachedMetadata => deserialized 14 files.
[13] 2026-04-25 07:40:53,406 DEBUG CachedMetadataProvider.LoadCachedMetadata => obtaining lock
[13] 2026-04-25 07:40:53,412 DEBUG CachedMetadataProvider.LoadCachedMetadata => deserialized 15 files.
[13] 2026-04-25 07:40:53,415 DEBUG CachedMetadataProvider.LoadCachedMetadata => obtaining lock
[13] 2026-04-25 07:40:53,421 DEBUG CachedMetadataProvider.LoadCachedMetadata => deserialized 16 files.
[13] 2026-04-25 07:40:53,422 DEBUG CachedMetadataProvider.SaveCachedMetadata => saved 17 files.
[15] 2026-04-26 08:07:58,349 DEBUG CachedMetadataProvider.LoadCachedMetadata => obtaining lock
[15] 2026-04-26 08:07:58,368 DEBUG CachedMetadataProvider.LoadCachedMetadata => deserialized 17 files.
[15] 2026-04-26 08:07:58,368 DEBUG CachedMetadataProvider.SavePreviousCachedMetadata => obtaining lock
[15] 2026-04-26 08:07:58,385 DEBUG CachedMetadataProvider.SaveCachedMetadata => obtaining lock
[15] 2026-04-26 08:07:58,386 DEBUG CachedMetadataProvider.LoadCachedMetadata => obtaining lock
[15] 2026-04-26 08:07:58,387 DEBUG CachedMetadataProvider.LoadCachedMetadata => deserialized 0 files.
[15] 2026-04-26 08:07:58,389 DEBUG CachedMetadataProvider.LoadCachedMetadata => obtaining lock
[15] 2026-04-26 08:07:58,390 DEBUG CachedMetadataProvider.LoadCachedMetadata => deserialized 1 files.
[15] 2026-04-26 08:07:58,392 DEBUG CachedMetadataProvider.LoadCachedMetadata => obtaining lock
[15] 2026-04-26 08:07:58,393 DEBUG CachedMetadataProvider.LoadCachedMetadata => deserialized 2 files.
[15] 2026-04-26 08:07:58,395 DEBUG CachedMetadataProvider.LoadCachedMetadata => obtaining lock
[15] 2026-04-26 08:07:58,396 DEBUG CachedMetadataProvider.LoadCachedMetadata => deserialized 3 files.
[15] 2026-04-26 08:07:58,397 DEBUG CachedMetadataProvider.LoadCachedMetadata => obtaining lock
[15] 2026-04-26 08:07:58,398 DEBUG CachedMetadataProvider.LoadCachedMetadata => deserialized 4 files.
[15] 2026-04-26 08:07:58,401 DEBUG CachedMetadataProvider.LoadCachedMetadata => obtaining lock
[15] 2026-04-26 08:07:58,402 DEBUG CachedMetadataProvider.LoadCachedMetadata => deserialized 5 files.
[15] 2026-04-26 08:07:58,404 DEBUG CachedMetadataProvider.LoadCachedMetadata => obtaining lock
[15] 2026-04-26 08:07:58,406 DEBUG CachedMetadataProvider.LoadCachedMetadata => deserialized 6 files.
[15] 2026-04-26 08:07:58,407 DEBUG CachedMetadataProvider.LoadCachedMetadata => obtaining lock
[15] 2026-04-26 08:07:58,409 DEBUG CachedMetadataProvider.LoadCachedMetadata => deserialized 7 files.
[15] 2026-04-26 08:07:58,410 DEBUG CachedMetadataProvider.LoadCachedMetadata => obtaining lock
[15] 2026-04-26 08:07:58,412 DEBUG CachedMetadataProvider.LoadCachedMetadata => deserialized 8 files.
[15] 2026-04-26 08:07:58,414 DEBUG CachedMetadataProvider.LoadCachedMetadata => obtaining lock
[15] 2026-04-26 08:07:58,417 DEBUG CachedMetadataProvider.LoadCachedMetadata => deserialized 9 files.
[15] 2026-04-26 08:07:58,418 DEBUG CachedMetadataProvider.LoadCachedMetadata => obtaining lock
[15] 2026-04-26 08:07:58,422 DEBUG CachedMetadataProvider.LoadCachedMetadata => deserialized 10 files.
[15] 2026-04-26 08:07:58,424 DEBUG CachedMetadataProvider.LoadCachedMetadata => obtaining lock
[15] 2026-04-26 08:07:58,427 DEBUG CachedMetadataProvider.LoadCachedMetadata => deserialized 11 files.
[15] 2026-04-26 08:07:58,428 DEBUG CachedMetadataProvider.LoadCachedMetadata => obtaining lock
[15] 2026-04-26 08:07:58,432 DEBUG CachedMetadataProvider.LoadCachedMetadata => deserialized 12 files.
[15] 2026-04-26 08:07:58,433 DEBUG CachedMetadataProvider.LoadCachedMetadata => obtaining lock
[15] 2026-04-26 08:07:58,437 DEBUG CachedMetadataProvider.LoadCachedMetadata => deserialized 13 files.
[15] 2026-04-26 08:07:58,438 DEBUG CachedMetadataProvider.LoadCachedMetadata => obtaining lock
[15] 2026-04-26 08:07:58,448 DEBUG CachedMetadataProvider.LoadCachedMetadata => deserialized 14 files.
[15] 2026-04-26 08:07:58,449 DEBUG CachedMetadataProvider.LoadCachedMetadata => obtaining lock
[15] 2026-04-26 08:07:58,453 DEBUG CachedMetadataProvider.LoadCachedMetadata => deserialized 15 files.
[15] 2026-04-26 08:07:58,455 DEBUG CachedMetadataProvider.LoadCachedMetadata => obtaining lock
[15] 2026-04-26 08:07:58,459 DEBUG CachedMetadataProvider.LoadCachedMetadata => deserialized 16 files.
[15] 2026-04-26 08:07:58,460 DEBUG CachedMetadataProvider.SaveCachedMetadata => saved 17 files.
[11] 2026-04-26 09:00:49,648 OFF   =============================================================================================
[11] 2026-04-26 09:00:49,648 OFF   ==================================>>>>> Start Actions <<<<<==================================
[11] 2026-04-26 09:00:49,649 OFF   ActionDelegator.Execute => processing 1 actions. Timeout: 180 minutes.
[11] 2026-04-26 09:00:49,649 DEBUG ActionDelegator.ExistsRegKey_SetupPhase => Check FU in progress. Checking registry key [HKEY_LOCAL_MACHINE\SYSTEM\Setup\MoSetup\Volatile\SetupPhase|[type=DWord]]: 
[11] 2026-04-26 09:00:49,650 DEBUG All Patch Prerequisites are installed.
[11] 2026-04-26 09:00:49,650 DEBUG CachedMetadataProvider.LoadCachedMetadata => obtaining lock
[11] 2026-04-26 09:00:49,652 DEBUG CachedMetadataProvider.LoadCachedMetadata => deserialized 17 files.
[11] 2026-04-26 09:00:49,653 DEBUG CachedMetadataProvider.LoadCachedMetadata => obtaining lock
[11] 2026-04-26 09:00:49,655 DEBUG CachedMetadataProvider.LoadCachedMetadata => deserialized 17 files.
[11] 2026-04-26 09:00:49,656 DEBUG CachedMetadataProvider.LoadCachedMetadata => obtaining lock
[11] 2026-04-26 09:00:49,658 DEBUG CachedMetadataProvider.LoadCachedMetadata => deserialized 17 files.
[11] 2026-04-26 09:00:49,658 DEBUG CachedMetadataProvider.LoadCachedMetadata => obtaining lock
[11] 2026-04-26 09:00:49,660 DEBUG CachedMetadataProvider.LoadCachedMetadata => deserialized 17 files.
[11] 2026-04-26 09:00:49,661 DEBUG CachedMetadataProvider.LoadCachedMetadata => obtaining lock
[11] 2026-04-26 09:00:49,662 DEBUG CachedMetadataProvider.LoadCachedMetadata => deserialized 17 files.
[11] 2026-04-26 09:00:49,664 DEBUG CachedMetadataProvider.LoadCachedMetadata => obtaining lock
[11] 2026-04-26 09:00:49,666 DEBUG CachedMetadataProvider.LoadCachedMetadata => deserialized 17 files.
[11] 2026-04-26 09:00:49,666 DEBUG CachedMetadataProvider.LoadCachedMetadata => obtaining lock
[11] 2026-04-26 09:00:49,670 DEBUG CachedMetadataProvider.LoadCachedMetadata => deserialized 17 files.
[11] 2026-04-26 09:00:49,671 DEBUG CachedMetadataProvider.LoadCachedMetadata => obtaining lock
[11] 2026-04-26 09:00:49,673 DEBUG CachedMetadataProvider.LoadCachedMetadata => deserialized 17 files.
[11] 2026-04-26 09:00:49,673 DEBUG CachedMetadataProvider.LoadCachedMetadata => obtaining lock
[11] 2026-04-26 09:00:49,675 DEBUG CachedMetadataProvider.LoadCachedMetadata => deserialized 17 files.
[11] 2026-04-26 09:00:49,675 DEBUG CachedMetadataProvider.LoadCachedMetadata => obtaining lock
[11] 2026-04-26 09:00:49,678 DEBUG CachedMetadataProvider.LoadCachedMetadata => deserialized 17 files.
[11] 2026-04-26 09:00:49,678 DEBUG CachedMetadataProvider.LoadCachedMetadata => obtaining lock
[11] 2026-04-26 09:00:49,681 DEBUG CachedMetadataProvider.LoadCachedMetadata => deserialized 17 files.
[11] 2026-04-26 09:00:49,681 DEBUG CachedMetadataProvider.LoadCachedMetadata => obtaining lock
[11] 2026-04-26 09:00:49,683 DEBUG CachedMetadataProvider.LoadCachedMetadata => deserialized 17 files.
[11] 2026-04-26 09:00:49,683 DEBUG CachedMetadataProvider.LoadCachedMetadata => obtaining lock
[11] 2026-04-26 09:00:49,686 DEBUG CachedMetadataProvider.LoadCachedMetadata => deserialized 17 files.
[11] 2026-04-26 09:00:49,686 DEBUG CachedMetadataProvider.LoadCachedMetadata => obtaining lock
[11] 2026-04-26 09:00:49,689 DEBUG CachedMetadataProvider.LoadCachedMetadata => deserialized 17 files.
[11] 2026-04-26 09:00:49,689 DEBUG CachedMetadataProvider.LoadCachedMetadata => obtaining lock
[11] 2026-04-26 09:00:49,692 DEBUG CachedMetadataProvider.LoadCachedMetadata => deserialized 17 files.
[11] 2026-04-26 09:00:49,692 DEBUG CachedMetadataProvider.LoadCachedMetadata => obtaining lock
[11] 2026-04-26 09:00:49,694 DEBUG CachedMetadataProvider.LoadCachedMetadata => deserialized 17 files.
[11] 2026-04-26 09:00:49,694 DEBUG CachedMetadataProvider.LoadCachedMetadata => obtaining lock
[11] 2026-04-26 09:00:49,696 DEBUG CachedMetadataProvider.LoadCachedMetadata => deserialized 17 files.
[11] 2026-04-26 09:00:49,697 DEBUG CachedMetadataProvider.LoadCachedMetadata => obtaining lock
[11] 2026-04-26 09:00:49,700 DEBUG CachedMetadataProvider.LoadCachedMetadata => deserialized 17 files.
[11] 2026-04-26 09:00:49,701 DEBUG CachedMetadataProvider.LoadCachedMetadata => obtaining lock
[11] 2026-04-26 09:00:49,703 DEBUG CachedMetadataProvider.LoadCachedMetadata => deserialized 17 files.
[11] 2026-04-26 09:00:49,703 DEBUG CachedMetadataProvider.LoadCachedMetadata => obtaining lock
[11] 2026-04-26 09:00:49,705 DEBUG CachedMetadataProvider.LoadCachedMetadata => deserialized 17 files.
[11] 2026-04-26 09:00:49,706 DEBUG ActionHandlerResolver.LoadPropertyBag => skipping field [SupersededUpdateIDs], not a simple type.
[11] 2026-04-26 09:00:49,706 DEBUG ActionHandlerResolver.Resolve => resolved action handler [ThirdPartyInstallerActionHandler]. Mapping: keys [ActionType,DataProviderType], values [Installation,ThirdParty]
[11] 2026-04-26 09:00:49,708 OFF   ActionDelegator.Execute => ------ processing 1 action(s) for action handler: [ThirdPartyInstallerActionHandler]. Time limit: 2026-04-26 12:00 ------
[11] 2026-04-26 09:00:49,709 DEBUG 		Installation: [18b2e90d-6fb4-4284-95e2-5a0034c21f5d] Chrome (x64) 147.0.7727.117, 
[11] 2026-04-26 09:00:50,893 DEBUG ThirdPartyInstallerActionHandler.SubmitFilesForDownload => submitting file for download [18b2e90d-6fb4-4284-95e2-5a0034c21f5d.1] [https://dl.google.com/tag/s/appguid%3D%7B8A69D345-D564-463C-AFF1-A69D9E530F96%7D%26iid%3D%7BA812BA5F-B124-5A68-2F5B-4DF63A862C4F%7D%26lang%3Den%26browser%3D4%26usagestats%3D0%26appname%3DGoogle%2520Chrome%26needsadmin%3Dtrue%26ap%3Dx64-stable-statsdef_0%26brand%3DGCEA/dl/chrome/install/googlechromestandaloneenterprise64.msi]
[11] 2026-04-26 09:00:50,895 DEBUG ThirdPartyInstallerActionHandler.Execute => Waiting for finishing patch installers download (time limit: 2026-04-26 11:00)
[11] 2026-04-26 09:00:50,895 DEBUG ThirdPartyInstallerActionHandler.IsDownloadCompleted => checking download status for file [18b2e90d-6fb4-4284-95e2-5a0034c21f5d.1] [https://dl.google.com/tag/s/appguid%3D%7B8A69D345-D564-463C-AFF1-A69D9E530F96%7D%26iid%3D%7BA812BA5F-B124-5A68-2F5B-4DF63A862C4F%7D%26lang%3Den%26browser%3D4%26usagestats%3D0%26appname%3DGoogle%2520Chrome%26needsadmin%3Dtrue%26ap%3Dx64-stable-statsdef_0%26brand%3DGCEA/dl/chrome/install/googlechromestandaloneenterprise64.msi], IsDownloadCompleted = False
[11] 2026-04-26 09:00:50,896 DEBUG ThirdPartyInstallerActionHandler.Execute => Download of installation files for remaining 1 patches is still in progress, waiting 10 seconds...
[11] 2026-04-26 09:01:00,906 DEBUG ThirdPartyInstallerActionHandler.IsDownloadCompleted => checking download status for file [18b2e90d-6fb4-4284-95e2-5a0034c21f5d.1] [https://dl.google.com/tag/s/appguid%3D%7B8A69D345-D564-463C-AFF1-A69D9E530F96%7D%26iid%3D%7BA812BA5F-B124-5A68-2F5B-4DF63A862C4F%7D%26lang%3Den%26browser%3D4%26usagestats%3D0%26appname%3DGoogle%2520Chrome%26needsadmin%3Dtrue%26ap%3Dx64-stable-statsdef_0%26brand%3DGCEA/dl/chrome/install/googlechromestandaloneenterprise64.msi], IsDownloadCompleted = True
[11] 2026-04-26 09:01:00,907 DEBUG ThirdPartyInstallerActionHandler.Execute => Download of installation files for [18b2e90d-6fb4-4284-95e2-5a0034c21f5d] patch is finished, starting installation...
[11] 2026-04-26 09:01:00,908 DEBUG ThirdPartyInstallerActionHandler.Download => Downloading file [18b2e90d-6fb4-4284-95e2-5a0034c21f5d.1] to [C:\ProgramData\MspPlatform\PME\ThirdPartyPatch\Downloads\f7aa248b-6982-498c-825d-847b0104f3a2\googlechromestandaloneenterprise64.msi]
[11] 2026-04-26 09:01:01,428 DEBUG ThirdPartyInstallerActionHandler.ExecuteImpl => handling actionType: 'Installation', GUID: '18b2e90d-6fb4-4284-95e2-5a0034c21f5d'
[11] 2026-04-26 09:01:01,429 DEBUG Extracted the following data from ThirdPartyPatch [Chrome] Installed: [147.0.7727.56] > Latest: [147.0.7727.117]
[11] 2026-04-26 09:01:21,743 DEBUG ActionDelegator.Execute => ------ processing action finished. Id: 18b2e90d-6fb4-4284-95e2-5a0034c21f5d, Error: , RebootRequired: False
[11] 2026-04-26 09:01:21,744 OFF   =============================>>> Processing Actions finished <<<=============================
[11] 2026-04-26 09:02:47,864 DEBUG CachedMetadataProvider.LoadCachedMetadata => obtaining lock
[11] 2026-04-26 09:02:47,867 DEBUG CachedMetadataProvider.LoadCachedMetadata => deserialized 17 files.
[11] 2026-04-26 09:02:47,867 DEBUG CachedMetadataProvider.SavePreviousCachedMetadata => obtaining lock
[11] 2026-04-26 09:02:47,876 DEBUG CachedMetadataProvider.SaveCachedMetadata => obtaining lock
[11] 2026-04-26 09:02:47,876 DEBUG CachedMetadataProvider.LoadCachedMetadata => obtaining lock
[11] 2026-04-26 09:02:47,877 DEBUG CachedMetadataProvider.LoadCachedMetadata => deserialized 0 files.
[11] 2026-04-26 09:02:47,877 DEBUG CachedMetadataProvider.LoadCachedMetadata => obtaining lock
[11] 2026-04-26 09:02:47,878 DEBUG CachedMetadataProvider.LoadCachedMetadata => deserialized 1 files.
[11] 2026-04-26 09:02:47,879 DEBUG CachedMetadataProvider.LoadCachedMetadata => obtaining lock
[11] 2026-04-26 09:02:47,879 DEBUG CachedMetadataProvider.LoadCachedMetadata => deserialized 2 files.
[11] 2026-04-26 09:02:47,880 DEBUG CachedMetadataProvider.LoadCachedMetadata => obtaining lock
[11] 2026-04-26 09:02:47,880 DEBUG CachedMetadataProvider.LoadCachedMetadata => deserialized 3 files.
[11] 2026-04-26 09:02:47,881 DEBUG CachedMetadataProvider.LoadCachedMetadata => obtaining lock
[11] 2026-04-26 09:02:47,882 DEBUG CachedMetadataProvider.LoadCachedMetadata => deserialized 4 files.
[11] 2026-04-26 09:02:47,882 DEBUG CachedMetadataProvider.LoadCachedMetadata => obtaining lock
[11] 2026-04-26 09:02:47,884 DEBUG CachedMetadataProvider.LoadCachedMetadata => deserialized 5 files.
[11] 2026-04-26 09:02:47,884 DEBUG CachedMetadataProvider.LoadCachedMetadata => obtaining lock
[11] 2026-04-26 09:02:47,885 DEBUG CachedMetadataProvider.LoadCachedMetadata => deserialized 6 files.
[11] 2026-04-26 09:02:47,886 DEBUG CachedMetadataProvider.LoadCachedMetadata => obtaining lock
[11] 2026-04-26 09:02:47,887 DEBUG CachedMetadataProvider.LoadCachedMetadata => deserialized 7 files.
[11] 2026-04-26 09:02:47,888 DEBUG CachedMetadataProvider.LoadCachedMetadata => obtaining lock
[11] 2026-04-26 09:02:47,889 DEBUG CachedMetadataProvider.LoadCachedMetadata => deserialized 8 files.
[11] 2026-04-26 09:02:47,890 DEBUG CachedMetadataProvider.LoadCachedMetadata => obtaining lock
[11] 2026-04-26 09:02:47,891 DEBUG CachedMetadataProvider.LoadCachedMetadata => deserialized 9 files.
[11] 2026-04-26 09:02:47,892 DEBUG CachedMetadataProvider.LoadCachedMetadata => obtaining lock
[11] 2026-04-26 09:02:47,893 DEBUG CachedMetadataProvider.LoadCachedMetadata => deserialized 10 files.
[11] 2026-04-26 09:02:47,894 DEBUG CachedMetadataProvider.LoadCachedMetadata => obtaining lock
[11] 2026-04-26 09:02:47,896 DEBUG CachedMetadataProvider.LoadCachedMetadata => deserialized 11 files.
[11] 2026-04-26 09:02:47,896 DEBUG CachedMetadataProvider.LoadCachedMetadata => obtaining lock
[11] 2026-04-26 09:02:47,898 DEBUG CachedMetadataProvider.LoadCachedMetadata => deserialized 12 files.
[11] 2026-04-26 09:02:47,899 DEBUG CachedMetadataProvider.LoadCachedMetadata => obtaining lock
[11] 2026-04-26 09:02:47,901 DEBUG CachedMetadataProvider.LoadCachedMetadata => deserialized 13 files.
[11] 2026-04-26 09:02:47,901 DEBUG CachedMetadataProvider.LoadCachedMetadata => obtaining lock
[11] 2026-04-26 09:02:47,904 DEBUG CachedMetadataProvider.LoadCachedMetadata => deserialized 14 files.
[11] 2026-04-26 09:02:47,905 DEBUG CachedMetadataProvider.LoadCachedMetadata => obtaining lock
[11] 2026-04-26 09:02:47,907 DEBUG CachedMetadataProvider.LoadCachedMetadata => deserialized 15 files.
[11] 2026-04-26 09:02:47,908 DEBUG CachedMetadataProvider.LoadCachedMetadata => obtaining lock
[11] 2026-04-26 09:02:47,909 DEBUG CachedMetadataProvider.LoadCachedMetadata => deserialized 16 files.
[11] 2026-04-26 09:02:47,911 DEBUG CachedMetadataProvider.SaveCachedMetadata => saved 17 files.
[10] 2026-04-26 11:03:33,209 DEBUG CachedMetadataProvider.LoadCachedMetadata => obtaining lock
[10] 2026-04-26 11:03:33,212 DEBUG CachedMetadataProvider.LoadCachedMetadata => deserialized 17 files.
[10] 2026-04-26 11:03:33,212 DEBUG CachedMetadataProvider.SavePreviousCachedMetadata => obtaining lock
[10] 2026-04-26 11:03:33,218 DEBUG CachedMetadataProvider.SaveCachedMetadata => obtaining lock
[10] 2026-04-26 11:03:33,218 DEBUG CachedMetadataProvider.LoadCachedMetadata => obtaining lock
[10] 2026-04-26 11:03:33,219 DEBUG CachedMetadataProvider.LoadCachedMetadata => deserialized 0 files.
[10] 2026-04-26 11:03:33,219 DEBUG CachedMetadataProvider.LoadCachedMetadata => obtaining lock
[10] 2026-04-26 11:03:33,220 DEBUG CachedMetadataProvider.LoadCachedMetadata => deserialized 1 files.
[10] 2026-04-26 11:03:33,221 DEBUG CachedMetadataProvider.LoadCachedMetadata => obtaining lock
[10] 2026-04-26 11:03:33,222 DEBUG CachedMetadataProvider.LoadCachedMetadata => deserialized 2 files.
[10] 2026-04-26 11:03:33,222 DEBUG CachedMetadataProvider.LoadCachedMetadata => obtaining lock
[10] 2026-04-26 11:03:33,223 DEBUG CachedMetadataProvider.LoadCachedMetadata => deserialized 3 files.
[10] 2026-04-26 11:03:33,223 DEBUG CachedMetadataProvider.LoadCachedMetadata => obtaining lock
[10] 2026-04-26 11:03:33,225 DEBUG CachedMetadataProvider.LoadCachedMetadata => deserialized 4 files.
[10] 2026-04-26 11:03:33,225 DEBUG CachedMetadataProvider.LoadCachedMetadata => obtaining lock
[10] 2026-04-26 11:03:33,226 DEBUG CachedMetadataProvider.LoadCachedMetadata => deserialized 5 files.
[10] 2026-04-26 11:03:33,227 DEBUG CachedMetadataProvider.LoadCachedMetadata => obtaining lock
[10] 2026-04-26 11:03:33,228 DEBUG CachedMetadataProvider.LoadCachedMetadata => deserialized 6 files.
[10] 2026-04-26 11:03:33,228 DEBUG CachedMetadataProvider.LoadCachedMetadata => obtaining lock
[10] 2026-04-26 11:03:33,230 DEBUG CachedMetadataProvider.LoadCachedMetadata => deserialized 7 files.
[10] 2026-04-26 11:03:33,230 DEBUG CachedMetadataProvider.LoadCachedMetadata => obtaining lock
[10] 2026-04-26 11:03:33,232 DEBUG CachedMetadataProvider.LoadCachedMetadata => deserialized 8 files.
[10] 2026-04-26 11:03:33,233 DEBUG CachedMetadataProvider.LoadCachedMetadata => obtaining lock
[10] 2026-04-26 11:03:33,234 DEBUG CachedMetadataProvider.LoadCachedMetadata => deserialized 9 files.
[10] 2026-04-26 11:03:33,234 DEBUG CachedMetadataProvider.LoadCachedMetadata => obtaining lock
[10] 2026-04-26 11:03:33,236 DEBUG CachedMetadataProvider.LoadCachedMetadata => deserialized 10 files.
[10] 2026-04-26 11:03:33,236 DEBUG CachedMetadataProvider.LoadCachedMetadata => obtaining lock
[10] 2026-04-26 11:03:33,238 DEBUG CachedMetadataProvider.LoadCachedMetadata => deserialized 11 files.
[10] 2026-04-26 11:03:33,238 DEBUG CachedMetadataProvider.LoadCachedMetadata => obtaining lock
[10] 2026-04-26 11:03:33,240 DEBUG CachedMetadataProvider.LoadCachedMetadata => deserialized 12 files.
[10] 2026-04-26 11:03:33,241 DEBUG CachedMetadataProvider.LoadCachedMetadata => obtaining lock
[10] 2026-04-26 11:03:33,242 DEBUG CachedMetadataProvider.LoadCachedMetadata => deserialized 13 files.
[10] 2026-04-26 11:03:33,243 DEBUG CachedMetadataProvider.LoadCachedMetadata => obtaining lock
[10] 2026-04-26 11:03:33,245 DEBUG CachedMetadataProvider.LoadCachedMetadata => deserialized 14 files.
[10] 2026-04-26 11:03:33,246 DEBUG CachedMetadataProvider.LoadCachedMetadata => obtaining lock
[10] 2026-04-26 11:03:33,248 DEBUG CachedMetadataProvider.LoadCachedMetadata => deserialized 15 files.
[10] 2026-04-26 11:03:33,249 DEBUG CachedMetadataProvider.SaveCachedMetadata => saved 16 files.
[4] 2026-04-27 09:00:44,305 OFF   =============================================================================================
[4] 2026-04-27 09:00:44,305 OFF   ==================================>>>>> Start Actions <<<<<==================================
[4] 2026-04-27 09:00:44,306 OFF   ActionDelegator.Execute => processing 1 actions. Timeout: 180 minutes.
[4] 2026-04-27 09:00:44,307 DEBUG ActionDelegator.ExistsRegKey_SetupPhase => Check FU in progress. Checking registry key [HKEY_LOCAL_MACHINE\SYSTEM\Setup\MoSetup\Volatile\SetupPhase|[type=DWord]]: 
[4] 2026-04-27 09:00:44,309 DEBUG All Patch Prerequisites are installed.
[4] 2026-04-27 09:00:44,324 DEBUG CachedMetadataProvider.LoadCachedMetadata => obtaining lock
[4] 2026-04-27 09:00:44,334 DEBUG CachedMetadataProvider.LoadCachedMetadata => deserialized 16 files.
[4] 2026-04-27 09:00:44,337 DEBUG CachedMetadataProvider.LoadCachedMetadata => obtaining lock
[4] 2026-04-27 09:00:44,339 DEBUG CachedMetadataProvider.LoadCachedMetadata => deserialized 16 files.
[4] 2026-04-27 09:00:44,339 DEBUG CachedMetadataProvider.LoadCachedMetadata => obtaining lock
[4] 2026-04-27 09:00:44,341 DEBUG CachedMetadataProvider.LoadCachedMetadata => deserialized 16 files.
[4] 2026-04-27 09:00:44,341 DEBUG CachedMetadataProvider.LoadCachedMetadata => obtaining lock
[4] 2026-04-27 09:00:44,345 DEBUG CachedMetadataProvider.LoadCachedMetadata => deserialized 16 files.
[4] 2026-04-27 09:00:44,345 DEBUG CachedMetadataProvider.LoadCachedMetadata => obtaining lock
[4] 2026-04-27 09:00:44,347 DEBUG CachedMetadataProvider.LoadCachedMetadata => deserialized 16 files.
[4] 2026-04-27 09:00:44,347 DEBUG CachedMetadataProvider.LoadCachedMetadata => obtaining lock
[4] 2026-04-27 09:00:44,349 DEBUG CachedMetadataProvider.LoadCachedMetadata => deserialized 16 files.
[4] 2026-04-27 09:00:44,349 DEBUG CachedMetadataProvider.LoadCachedMetadata => obtaining lock
[4] 2026-04-27 09:00:44,351 DEBUG CachedMetadataProvider.LoadCachedMetadata => deserialized 16 files.
[4] 2026-04-27 09:00:44,351 DEBUG CachedMetadataProvider.LoadCachedMetadata => obtaining lock
[4] 2026-04-27 09:00:44,352 DEBUG CachedMetadataProvider.LoadCachedMetadata => deserialized 16 files.
[4] 2026-04-27 09:00:44,353 DEBUG CachedMetadataProvider.LoadCachedMetadata => obtaining lock
[4] 2026-04-27 09:00:44,354 DEBUG CachedMetadataProvider.LoadCachedMetadata => deserialized 16 files.
[4] 2026-04-27 09:00:44,355 DEBUG CachedMetadataProvider.LoadCachedMetadata => obtaining lock
[4] 2026-04-27 09:00:44,356 DEBUG CachedMetadataProvider.LoadCachedMetadata => deserialized 16 files.
[4] 2026-04-27 09:00:44,356 DEBUG CachedMetadataProvider.LoadCachedMetadata => obtaining lock
[4] 2026-04-27 09:00:44,357 DEBUG CachedMetadataProvider.LoadCachedMetadata => deserialized 16 files.
[4] 2026-04-27 09:00:44,357 DEBUG CachedMetadataProvider.LoadCachedMetadata => obtaining lock
[4] 2026-04-27 09:00:44,359 DEBUG CachedMetadataProvider.LoadCachedMetadata => deserialized 16 files.
[4] 2026-04-27 09:00:44,359 DEBUG CachedMetadataProvider.LoadCachedMetadata => obtaining lock
[4] 2026-04-27 09:00:44,361 DEBUG CachedMetadataProvider.LoadCachedMetadata => deserialized 16 files.
[4] 2026-04-27 09:00:44,362 DEBUG CachedMetadataProvider.LoadCachedMetadata => obtaining lock
[4] 2026-04-27 09:00:44,364 DEBUG CachedMetadataProvider.LoadCachedMetadata => deserialized 16 files.
[4] 2026-04-27 09:00:44,364 DEBUG CachedMetadataProvider.LoadCachedMetadata => obtaining lock
[4] 2026-04-27 09:00:44,365 DEBUG CachedMetadataProvider.LoadCachedMetadata => deserialized 16 files.
[4] 2026-04-27 09:00:44,365 DEBUG CachedMetadataProvider.LoadCachedMetadata => obtaining lock
[4] 2026-04-27 09:00:44,367 DEBUG CachedMetadataProvider.LoadCachedMetadata => deserialized 16 files.
[4] 2026-04-27 09:00:44,367 DEBUG CachedMetadataProvider.LoadCachedMetadata => obtaining lock
[4] 2026-04-27 09:00:44,369 DEBUG CachedMetadataProvider.LoadCachedMetadata => deserialized 16 files.
[4] 2026-04-27 09:00:44,369 DEBUG CachedMetadataProvider.LoadCachedMetadata => obtaining lock
[4] 2026-04-27 09:00:44,371 DEBUG CachedMetadataProvider.LoadCachedMetadata => deserialized 16 files.
[4] 2026-04-27 09:00:44,371 DEBUG CachedMetadataProvider.LoadCachedMetadata => obtaining lock
[4] 2026-04-27 09:00:44,372 DEBUG CachedMetadataProvider.LoadCachedMetadata => deserialized 16 files.
[4] 2026-04-27 09:00:44,373 DEBUG CachedMetadataProvider.LoadCachedMetadata => obtaining lock
[4] 2026-04-27 09:00:44,374 DEBUG CachedMetadataProvider.LoadCachedMetadata => deserialized 16 files.
[4] 2026-04-27 09:00:44,378 DEBUG ActionHandlerResolver.LoadPropertyBag => skipping field [SupersededUpdateIDs], not a simple type.
[4] 2026-04-27 09:00:44,378 DEBUG ActionHandlerResolver.Resolve => resolved action handler [ThirdPartyInstallerActionHandler]. Mapping: keys [ActionType,DataProviderType], values [Installation,ThirdParty]
[4] 2026-04-27 09:00:44,381 OFF   ActionDelegator.Execute => ------ processing 1 action(s) for action handler: [ThirdPartyInstallerActionHandler]. Time limit: 2026-04-27 12:00 ------
[4] 2026-04-27 09:00:44,381 DEBUG 		Installation: [18b2e90d-6fb4-4284-95e2-5a0034c21f5d] Chrome (x64) 147.0.7727.117, 
[4] 2026-04-27 09:00:56,653 DEBUG ThirdPartyInstallerActionHandler.SubmitFilesForDownload => submitting file for download [18b2e90d-6fb4-4284-95e2-5a0034c21f5d.9f32da5399b4d569894b7a257166f3a66e45b48d] [https://dl.google.com/tag/s/appguid%3D%7B8A69D345-D564-463C-AFF1-A69D9E530F96%7D%26iid%3D%7BA812BA5F-B124-5A68-2F5B-4DF63A862C4F%7D%26lang%3Den%26browser%3D4%26usagestats%3D0%26appname%3DGoogle%2520Chrome%26needsadmin%3Dtrue%26ap%3Dx64-stable-statsdef_0%26brand%3DGCEA/dl/chrome/install/googlechromestandaloneenterprise64.msi]
[4] 2026-04-27 09:00:56,657 DEBUG ThirdPartyInstallerActionHandler.Execute => Waiting for finishing patch installers download (time limit: 2026-04-27 11:00)
[4] 2026-04-27 09:00:56,660 DEBUG ThirdPartyInstallerActionHandler.IsDownloadCompleted => checking download status for file [18b2e90d-6fb4-4284-95e2-5a0034c21f5d.9f32da5399b4d569894b7a257166f3a66e45b48d] [https://dl.google.com/tag/s/appguid%3D%7B8A69D345-D564-463C-AFF1-A69D9E530F96%7D%26iid%3D%7BA812BA5F-B124-5A68-2F5B-4DF63A862C4F%7D%26lang%3Den%26browser%3D4%26usagestats%3D0%26appname%3DGoogle%2520Chrome%26needsadmin%3Dtrue%26ap%3Dx64-stable-statsdef_0%26brand%3DGCEA/dl/chrome/install/googlechromestandaloneenterprise64.msi], IsDownloadCompleted = False
[4] 2026-04-27 09:00:56,660 DEBUG ThirdPartyInstallerActionHandler.Execute => Download of installation files for remaining 1 patches is still in progress, waiting 10 seconds...
[4] 2026-04-27 09:01:06,666 DEBUG ThirdPartyInstallerActionHandler.IsDownloadCompleted => checking download status for file [18b2e90d-6fb4-4284-95e2-5a0034c21f5d.9f32da5399b4d569894b7a257166f3a66e45b48d] [https://dl.google.com/tag/s/appguid%3D%7B8A69D345-D564-463C-AFF1-A69D9E530F96%7D%26iid%3D%7BA812BA5F-B124-5A68-2F5B-4DF63A862C4F%7D%26lang%3Den%26browser%3D4%26usagestats%3D0%26appname%3DGoogle%2520Chrome%26needsadmin%3Dtrue%26ap%3Dx64-stable-statsdef_0%26brand%3DGCEA/dl/chrome/install/googlechromestandaloneenterprise64.msi], IsDownloadCompleted = True
[4] 2026-04-27 09:01:06,667 DEBUG ThirdPartyInstallerActionHandler.Execute => Download of installation files for [18b2e90d-6fb4-4284-95e2-5a0034c21f5d] patch is finished, starting installation...
[4] 2026-04-27 09:01:06,671 DEBUG ThirdPartyInstallerActionHandler.Download => Downloading file [18b2e90d-6fb4-4284-95e2-5a0034c21f5d.9f32da5399b4d569894b7a257166f3a66e45b48d] to [C:\ProgramData\MspPlatform\PME\ThirdPartyPatch\Downloads\f7aa248b-6982-498c-825d-847b0104f3a2\googlechromestandaloneenterprise64.msi]
[4] 2026-04-27 09:01:07,191 DEBUG ThirdPartyInstallerActionHandler.ExecuteImpl => handling actionType: 'Installation', GUID: '18b2e90d-6fb4-4284-95e2-5a0034c21f5d'
[4] 2026-04-27 09:01:07,193 DEBUG Extracted the following data from ThirdPartyPatch [Chrome] Installed: [147.0.7727.56] > Latest: [147.0.7727.117]
[4] 2026-04-27 09:01:15,299 DEBUG ActionDelegator.Execute => ------ processing action finished. Id: 18b2e90d-6fb4-4284-95e2-5a0034c21f5d, Error: , RebootRequired: False
[4] 2026-04-27 09:01:15,300 OFF   =============================>>> Processing Actions finished <<<=============================
[4] 2026-04-27 09:02:20,030 DEBUG CachedMetadataProvider.LoadCachedMetadata => obtaining lock
[4] 2026-04-27 09:02:20,033 DEBUG CachedMetadataProvider.LoadCachedMetadata => deserialized 16 files.
[4] 2026-04-27 09:02:20,035 DEBUG CachedMetadataProvider.SavePreviousCachedMetadata => obtaining lock
[4] 2026-04-27 09:02:20,044 DEBUG CachedMetadataProvider.SaveCachedMetadata => obtaining lock
[4] 2026-04-27 09:02:20,044 DEBUG CachedMetadataProvider.LoadCachedMetadata => obtaining lock
[4] 2026-04-27 09:02:20,045 DEBUG CachedMetadataProvider.LoadCachedMetadata => deserialized 0 files.
[4] 2026-04-27 09:02:20,047 DEBUG CachedMetadataProvider.LoadCachedMetadata => obtaining lock
[4] 2026-04-27 09:02:20,048 DEBUG CachedMetadataProvider.LoadCachedMetadata => deserialized 1 files.
[4] 2026-04-27 09:02:20,049 DEBUG CachedMetadataProvider.LoadCachedMetadata => obtaining lock
[4] 2026-04-27 09:02:20,049 DEBUG CachedMetadataProvider.LoadCachedMetadata => deserialized 2 files.
[4] 2026-04-27 09:02:20,050 DEBUG CachedMetadataProvider.LoadCachedMetadata => obtaining lock
[4] 2026-04-27 09:02:20,051 DEBUG CachedMetadataProvider.LoadCachedMetadata => deserialized 3 files.
[4] 2026-04-27 09:02:20,051 DEBUG CachedMetadataProvider.LoadCachedMetadata => obtaining lock
[4] 2026-04-27 09:02:20,052 DEBUG CachedMetadataProvider.LoadCachedMetadata => deserialized 4 files.
[4] 2026-04-27 09:02:20,052 DEBUG CachedMetadataProvider.LoadCachedMetadata => obtaining lock
[4] 2026-04-27 09:02:20,054 DEBUG CachedMetadataProvider.LoadCachedMetadata => deserialized 5 files.
[4] 2026-04-27 09:02:20,054 DEBUG CachedMetadataProvider.LoadCachedMetadata => obtaining lock
[4] 2026-04-27 09:02:20,056 DEBUG CachedMetadataProvider.LoadCachedMetadata => deserialized 6 files.
[4] 2026-04-27 09:02:20,056 DEBUG CachedMetadataProvider.LoadCachedMetadata => obtaining lock
[4] 2026-04-27 09:02:20,057 DEBUG CachedMetadataProvider.LoadCachedMetadata => deserialized 7 files.
[4] 2026-04-27 09:02:20,058 DEBUG CachedMetadataProvider.LoadCachedMetadata => obtaining lock
[4] 2026-04-27 09:02:20,060 DEBUG CachedMetadataProvider.LoadCachedMetadata => deserialized 8 files.
[4] 2026-04-27 09:02:20,061 DEBUG CachedMetadataProvider.LoadCachedMetadata => obtaining lock
[4] 2026-04-27 09:02:20,062 DEBUG CachedMetadataProvider.LoadCachedMetadata => deserialized 9 files.
[4] 2026-04-27 09:02:20,062 DEBUG CachedMetadataProvider.LoadCachedMetadata => obtaining lock
[4] 2026-04-27 09:02:20,063 DEBUG CachedMetadataProvider.LoadCachedMetadata => deserialized 10 files.
[4] 2026-04-27 09:02:20,064 DEBUG CachedMetadataProvider.LoadCachedMetadata => obtaining lock
[4] 2026-04-27 09:02:20,065 DEBUG CachedMetadataProvider.LoadCachedMetadata => deserialized 11 files.
[4] 2026-04-27 09:02:20,066 DEBUG CachedMetadataProvider.LoadCachedMetadata => obtaining lock
[4] 2026-04-27 09:02:20,067 DEBUG CachedMetadataProvider.LoadCachedMetadata => deserialized 12 files.
[4] 2026-04-27 09:02:20,068 DEBUG CachedMetadataProvider.LoadCachedMetadata => obtaining lock
[4] 2026-04-27 09:02:20,070 DEBUG CachedMetadataProvider.LoadCachedMetadata => deserialized 13 files.
[4] 2026-04-27 09:02:20,070 DEBUG CachedMetadataProvider.LoadCachedMetadata => obtaining lock
[4] 2026-04-27 09:02:20,072 DEBUG CachedMetadataProvider.LoadCachedMetadata => deserialized 14 files.
[4] 2026-04-27 09:02:20,072 DEBUG CachedMetadataProvider.LoadCachedMetadata => obtaining lock
[4] 2026-04-27 09:02:20,075 DEBUG CachedMetadataProvider.LoadCachedMetadata => deserialized 15 files.
[4] 2026-04-27 09:02:20,075 DEBUG CachedMetadataProvider.SaveCachedMetadata => saved 16 files.
[4] 2026-04-27 10:32:35,822 DEBUG CachedMetadataProvider.LoadCachedMetadata => obtaining lock
[4] 2026-04-27 10:32:35,843 DEBUG CachedMetadataProvider.LoadCachedMetadata => deserialized 16 files.
[4] 2026-04-27 10:32:35,843 DEBUG CachedMetadataProvider.SavePreviousCachedMetadata => obtaining lock
[4] 2026-04-27 10:32:35,853 DEBUG CachedMetadataProvider.SaveCachedMetadata => obtaining lock
[4] 2026-04-27 10:32:35,853 DEBUG CachedMetadataProvider.LoadCachedMetadata => obtaining lock
[4] 2026-04-27 10:32:35,853 DEBUG CachedMetadataProvider.LoadCachedMetadata => deserialized 0 files.
[4] 2026-04-27 10:32:35,853 DEBUG CachedMetadataProvider.LoadCachedMetadata => obtaining lock
[4] 2026-04-27 10:32:35,853 DEBUG CachedMetadataProvider.LoadCachedMetadata => deserialized 1 files.
[4] 2026-04-27 10:32:35,853 DEBUG CachedMetadataProvider.LoadCachedMetadata => obtaining lock
[4] 2026-04-27 10:32:35,853 DEBUG CachedMetadataProvider.LoadCachedMetadata => deserialized 2 files.
[4] 2026-04-27 10:32:35,853 DEBUG CachedMetadataProvider.LoadCachedMetadata => obtaining lock
[4] 2026-04-27 10:32:35,853 DEBUG CachedMetadataProvider.LoadCachedMetadata => deserialized 3 files.
[4] 2026-04-27 10:32:35,853 DEBUG CachedMetadataProvider.LoadCachedMetadata => obtaining lock
[4] 2026-04-27 10:32:35,863 DEBUG CachedMetadataProvider.LoadCachedMetadata => deserialized 4 files.
[4] 2026-04-27 10:32:35,864 DEBUG CachedMetadataProvider.LoadCachedMetadata => obtaining lock
[4] 2026-04-27 10:32:35,864 DEBUG CachedMetadataProvider.LoadCachedMetadata => deserialized 5 files.
[4] 2026-04-27 10:32:35,864 DEBUG CachedMetadataProvider.LoadCachedMetadata => obtaining lock
[4] 2026-04-27 10:32:35,864 DEBUG CachedMetadataProvider.LoadCachedMetadata => deserialized 6 files.
[4] 2026-04-27 10:32:35,864 DEBUG CachedMetadataProvider.LoadCachedMetadata => obtaining lock
[4] 2026-04-27 10:32:35,864 DEBUG CachedMetadataProvider.LoadCachedMetadata => deserialized 7 files.
[4] 2026-04-27 10:32:35,864 DEBUG CachedMetadataProvider.LoadCachedMetadata => obtaining lock
[4] 2026-04-27 10:32:35,864 DEBUG CachedMetadataProvider.LoadCachedMetadata => deserialized 8 files.
[4] 2026-04-27 10:32:35,870 DEBUG CachedMetadataProvider.LoadCachedMetadata => obtaining lock
[4] 2026-04-27 10:32:35,870 DEBUG CachedMetadataProvider.LoadCachedMetadata => deserialized 9 files.
[4] 2026-04-27 10:32:35,870 DEBUG CachedMetadataProvider.LoadCachedMetadata => obtaining lock
[4] 2026-04-27 10:32:35,870 DEBUG CachedMetadataProvider.LoadCachedMetadata => deserialized 10 files.
[4] 2026-04-27 10:32:35,870 DEBUG CachedMetadataProvider.LoadCachedMetadata => obtaining lock
[4] 2026-04-27 10:32:35,874 DEBUG CachedMetadataProvider.LoadCachedMetadata => deserialized 11 files.
[4] 2026-04-27 10:32:35,874 DEBUG CachedMetadataProvider.LoadCachedMetadata => obtaining lock
[4] 2026-04-27 10:32:35,874 DEBUG CachedMetadataProvider.LoadCachedMetadata => deserialized 12 files.
[4] 2026-04-27 10:32:35,874 DEBUG CachedMetadataProvider.LoadCachedMetadata => obtaining lock
[4] 2026-04-27 10:32:35,874 DEBUG CachedMetadataProvider.LoadCachedMetadata => deserialized 13 files.
[4] 2026-04-27 10:32:35,874 DEBUG CachedMetadataProvider.LoadCachedMetadata => obtaining lock
[4] 2026-04-27 10:32:35,874 DEBUG CachedMetadataProvider.LoadCachedMetadata => deserialized 14 files.
[4] 2026-04-27 10:32:35,880 DEBUG CachedMetadataProvider.SaveCachedMetadata => saved 15 files.
[8] 2026-04-27 11:03:12,368 DEBUG CachedMetadataProvider.LoadCachedMetadata => obtaining lock
[8] 2026-04-27 11:03:12,373 DEBUG CachedMetadataProvider.LoadCachedMetadata => deserialized 15 files.
[8] 2026-04-27 11:03:12,373 DEBUG CachedMetadataProvider.SavePreviousCachedMetadata => obtaining lock
[8] 2026-04-27 11:03:12,384 DEBUG CachedMetadataProvider.SaveCachedMetadata => obtaining lock
[8] 2026-04-27 11:03:12,384 DEBUG CachedMetadataProvider.LoadCachedMetadata => obtaining lock
[8] 2026-04-27 11:03:12,384 DEBUG CachedMetadataProvider.LoadCachedMetadata => deserialized 0 files.
[8] 2026-04-27 11:03:12,384 DEBUG CachedMetadataProvider.LoadCachedMetadata => obtaining lock
[8] 2026-04-27 11:03:12,384 DEBUG CachedMetadataProvider.LoadCachedMetadata => deserialized 1 files.
[8] 2026-04-27 11:03:12,384 DEBUG CachedMetadataProvider.LoadCachedMetadata => obtaining lock
[8] 2026-04-27 11:03:12,384 DEBUG CachedMetadataProvider.LoadCachedMetadata => deserialized 2 files.
[8] 2026-04-27 11:03:12,384 DEBUG CachedMetadataProvider.LoadCachedMetadata => obtaining lock
[8] 2026-04-27 11:03:12,384 DEBUG CachedMetadataProvider.LoadCachedMetadata => deserialized 3 files.
[8] 2026-04-27 11:03:12,384 DEBUG CachedMetadataProvider.LoadCachedMetadata => obtaining lock
[8] 2026-04-27 11:03:12,384 DEBUG CachedMetadataProvider.LoadCachedMetadata => deserialized 4 files.
[8] 2026-04-27 11:03:12,384 DEBUG CachedMetadataProvider.LoadCachedMetadata => obtaining lock
[8] 2026-04-27 11:03:12,384 DEBUG CachedMetadataProvider.LoadCachedMetadata => deserialized 5 files.
[8] 2026-04-27 11:03:12,384 DEBUG CachedMetadataProvider.LoadCachedMetadata => obtaining lock
[8] 2026-04-27 11:03:12,384 DEBUG CachedMetadataProvider.LoadCachedMetadata => deserialized 6 files.
[8] 2026-04-27 11:03:12,384 DEBUG CachedMetadataProvider.LoadCachedMetadata => obtaining lock
[8] 2026-04-27 11:03:12,393 DEBUG CachedMetadataProvider.LoadCachedMetadata => deserialized 7 files.
[8] 2026-04-27 11:03:12,393 DEBUG CachedMetadataProvider.LoadCachedMetadata => obtaining lock
[8] 2026-04-27 11:03:12,393 DEBUG CachedMetadataProvider.LoadCachedMetadata => deserialized 8 files.
[8] 2026-04-27 11:03:12,393 DEBUG CachedMetadataProvider.LoadCachedMetadata => obtaining lock
[8] 2026-04-27 11:03:12,393 DEBUG CachedMetadataProvider.LoadCachedMetadata => deserialized 9 files.
[8] 2026-04-27 11:03:12,393 DEBUG CachedMetadataProvider.LoadCachedMetadata => obtaining lock
[8] 2026-04-27 11:03:12,399 DEBUG CachedMetadataProvider.LoadCachedMetadata => deserialized 10 files.
[8] 2026-04-27 11:03:12,399 DEBUG CachedMetadataProvider.LoadCachedMetadata => obtaining lock
[8] 2026-04-27 11:03:12,399 DEBUG CachedMetadataProvider.LoadCachedMetadata => deserialized 11 files.
[8] 2026-04-27 11:03:12,399 DEBUG CachedMetadataProvider.LoadCachedMetadata => obtaining lock
[8] 2026-04-27 11:03:12,399 DEBUG CachedMetadataProvider.LoadCachedMetadata => deserialized 12 files.
[8] 2026-04-27 11:03:12,404 DEBUG CachedMetadataProvider.LoadCachedMetadata => obtaining lock
[8] 2026-04-27 11:03:12,404 DEBUG CachedMetadataProvider.LoadCachedMetadata => deserialized 13 files.
[8] 2026-04-27 11:03:12,404 DEBUG CachedMetadataProvider.LoadCachedMetadata => obtaining lock
[8] 2026-04-27 11:03:12,404 DEBUG CachedMetadataProvider.LoadCachedMetadata => deserialized 14 files.
[8] 2026-04-27 11:03:12,404 DEBUG CachedMetadataProvider.SaveCachedMetadata => saved 15 files.
[12] 2026-04-28 11:15:11,379 DEBUG CachedMetadataProvider.LoadCachedMetadata => obtaining lock
[12] 2026-04-28 11:15:11,394 DEBUG CachedMetadataProvider.LoadCachedMetadata => deserialized 15 files.
[12] 2026-04-28 11:15:11,394 DEBUG CachedMetadataProvider.SavePreviousCachedMetadata => obtaining lock
[12] 2026-04-28 11:15:11,399 DEBUG CachedMetadataProvider.SaveCachedMetadata => obtaining lock
[12] 2026-04-28 11:15:11,399 DEBUG CachedMetadataProvider.LoadCachedMetadata => obtaining lock
[12] 2026-04-28 11:15:11,402 DEBUG CachedMetadataProvider.LoadCachedMetadata => deserialized 0 files.
[12] 2026-04-28 11:15:11,402 DEBUG CachedMetadataProvider.LoadCachedMetadata => obtaining lock
[12] 2026-04-28 11:15:11,402 DEBUG CachedMetadataProvider.LoadCachedMetadata => deserialized 1 files.
[12] 2026-04-28 11:15:11,402 DEBUG CachedMetadataProvider.LoadCachedMetadata => obtaining lock
[12] 2026-04-28 11:15:11,402 DEBUG CachedMetadataProvider.LoadCachedMetadata => deserialized 2 files.
[12] 2026-04-28 11:15:11,402 DEBUG CachedMetadataProvider.LoadCachedMetadata => obtaining lock
[12] 2026-04-28 11:15:11,402 DEBUG CachedMetadataProvider.LoadCachedMetadata => deserialized 3 files.
[12] 2026-04-28 11:15:11,402 DEBUG CachedMetadataProvider.LoadCachedMetadata => obtaining lock
[12] 2026-04-28 11:15:11,402 DEBUG CachedMetadataProvider.LoadCachedMetadata => deserialized 4 files.
[12] 2026-04-28 11:15:11,402 DEBUG CachedMetadataProvider.LoadCachedMetadata => obtaining lock
[12] 2026-04-28 11:15:11,402 DEBUG CachedMetadataProvider.LoadCachedMetadata => deserialized 5 files.
[12] 2026-04-28 11:15:11,402 DEBUG CachedMetadataProvider.LoadCachedMetadata => obtaining lock
[12] 2026-04-28 11:15:11,402 DEBUG CachedMetadataProvider.LoadCachedMetadata => deserialized 6 files.
[12] 2026-04-28 11:15:11,402 DEBUG CachedMetadataProvider.LoadCachedMetadata => obtaining lock
[12] 2026-04-28 11:15:11,410 DEBUG CachedMetadataProvider.LoadCachedMetadata => deserialized 7 files.
[12] 2026-04-28 11:15:11,410 DEBUG CachedMetadataProvider.LoadCachedMetadata => obtaining lock
[12] 2026-04-28 11:15:11,410 DEBUG CachedMetadataProvider.LoadCachedMetadata => deserialized 8 files.
[12] 2026-04-28 11:15:11,410 DEBUG CachedMetadataProvider.LoadCachedMetadata => obtaining lock
[12] 2026-04-28 11:15:11,410 DEBUG CachedMetadataProvider.LoadCachedMetadata => deserialized 9 files.
[12] 2026-04-28 11:15:11,410 DEBUG CachedMetadataProvider.LoadCachedMetadata => obtaining lock
[12] 2026-04-28 11:15:11,410 DEBUG CachedMetadataProvider.LoadCachedMetadata => deserialized 10 files.
[12] 2026-04-28 11:15:11,410 DEBUG CachedMetadataProvider.LoadCachedMetadata => obtaining lock
[12] 2026-04-28 11:15:11,410 DEBUG CachedMetadataProvider.LoadCachedMetadata => deserialized 11 files.
[12] 2026-04-28 11:15:11,410 DEBUG CachedMetadataProvider.LoadCachedMetadata => obtaining lock
[12] 2026-04-28 11:15:11,410 DEBUG CachedMetadataProvider.LoadCachedMetadata => deserialized 12 files.
[12] 2026-04-28 11:15:11,420 DEBUG CachedMetadataProvider.LoadCachedMetadata => obtaining lock
[12] 2026-04-28 11:15:11,420 DEBUG CachedMetadataProvider.LoadCachedMetadata => deserialized 13 files.
[12] 2026-04-28 11:15:11,420 DEBUG CachedMetadataProvider.LoadCachedMetadata => obtaining lock
[12] 2026-04-28 11:15:11,420 DEBUG CachedMetadataProvider.LoadCachedMetadata => deserialized 14 files.
[12] 2026-04-28 11:15:11,420 DEBUG CachedMetadataProvider.SaveCachedMetadata => saved 15 files.
[12] 2026-04-30 09:38:39,939 DEBUG CachedMetadataProvider.LoadCachedMetadata => obtaining lock
[12] 2026-04-30 09:38:39,954 DEBUG CachedMetadataProvider.LoadCachedMetadata => deserialized 15 files.
[12] 2026-04-30 09:38:39,954 DEBUG CachedMetadataProvider.SavePreviousCachedMetadata => obtaining lock
[12] 2026-04-30 09:38:39,959 DEBUG CachedMetadataProvider.SaveCachedMetadata => obtaining lock
[12] 2026-04-30 09:38:39,959 DEBUG CachedMetadataProvider.LoadCachedMetadata => obtaining lock
[12] 2026-04-30 09:38:39,959 DEBUG CachedMetadataProvider.LoadCachedMetadata => deserialized 0 files.
[12] 2026-04-30 09:38:39,969 DEBUG CachedMetadataProvider.LoadCachedMetadata => obtaining lock
[12] 2026-04-30 09:38:39,969 DEBUG CachedMetadataProvider.LoadCachedMetadata => deserialized 1 files.
[12] 2026-04-30 09:38:39,969 DEBUG CachedMetadataProvider.LoadCachedMetadata => obtaining lock
[12] 2026-04-30 09:38:39,969 DEBUG CachedMetadataProvider.LoadCachedMetadata => deserialized 2 files.
[12] 2026-04-30 09:38:39,969 DEBUG CachedMetadataProvider.LoadCachedMetadata => obtaining lock
[12] 2026-04-30 09:38:39,969 DEBUG CachedMetadataProvider.LoadCachedMetadata => deserialized 3 files.
[12] 2026-04-30 09:38:39,969 DEBUG CachedMetadataProvider.LoadCachedMetadata => obtaining lock
[12] 2026-04-30 09:38:39,969 DEBUG CachedMetadataProvider.LoadCachedMetadata => deserialized 4 files.
[12] 2026-04-30 09:38:39,969 DEBUG CachedMetadataProvider.LoadCachedMetadata => obtaining lock
[12] 2026-04-30 09:38:39,969 DEBUG CachedMetadataProvider.LoadCachedMetadata => deserialized 5 files.
[12] 2026-04-30 09:38:39,969 DEBUG CachedMetadataProvider.LoadCachedMetadata => obtaining lock
[12] 2026-04-30 09:38:39,979 DEBUG CachedMetadataProvider.LoadCachedMetadata => deserialized 6 files.
[12] 2026-04-30 09:38:39,979 DEBUG CachedMetadataProvider.LoadCachedMetadata => obtaining lock
[12] 2026-04-30 09:38:39,979 DEBUG CachedMetadataProvider.LoadCachedMetadata => deserialized 7 files.
[12] 2026-04-30 09:38:39,979 DEBUG CachedMetadataProvider.LoadCachedMetadata => obtaining lock
[12] 2026-04-30 09:38:39,979 DEBUG CachedMetadataProvider.LoadCachedMetadata => deserialized 8 files.
[12] 2026-04-30 09:38:39,985 DEBUG CachedMetadataProvider.LoadCachedMetadata => obtaining lock
[12] 2026-04-30 09:38:39,985 DEBUG CachedMetadataProvider.LoadCachedMetadata => deserialized 9 files.
[12] 2026-04-30 09:38:39,985 DEBUG CachedMetadataProvider.LoadCachedMetadata => obtaining lock
[12] 2026-04-30 09:38:39,989 DEBUG CachedMetadataProvider.LoadCachedMetadata => deserialized 10 files.
[12] 2026-04-30 09:38:39,990 DEBUG CachedMetadataProvider.LoadCachedMetadata => obtaining lock
[12] 2026-04-30 09:38:39,990 DEBUG CachedMetadataProvider.LoadCachedMetadata => deserialized 11 files.
[12] 2026-04-30 09:38:39,990 DEBUG CachedMetadataProvider.LoadCachedMetadata => obtaining lock
[12] 2026-04-30 09:38:39,990 DEBUG CachedMetadataProvider.LoadCachedMetadata => deserialized 12 files.
[12] 2026-04-30 09:38:39,990 DEBUG CachedMetadataProvider.LoadCachedMetadata => obtaining lock
[12] 2026-04-30 09:38:39,990 DEBUG CachedMetadataProvider.LoadCachedMetadata => deserialized 13 files.
[12] 2026-04-30 09:38:39,990 DEBUG CachedMetadataProvider.LoadCachedMetadata => obtaining lock
[12] 2026-04-30 09:38:40,001 DEBUG CachedMetadataProvider.LoadCachedMetadata => deserialized 14 files.
[12] 2026-04-30 09:38:40,002 DEBUG CachedMetadataProvider.LoadCachedMetadata => obtaining lock
[12] 2026-04-30 09:38:40,002 DEBUG CachedMetadataProvider.LoadCachedMetadata => deserialized 15 files.
[12] 2026-04-30 09:38:40,002 DEBUG CachedMetadataProvider.SaveCachedMetadata => saved 16 files.
[9] 2026-04-30 11:01:35,222 DEBUG CachedMetadataProvider.LoadCachedMetadata => obtaining lock
[9] 2026-04-30 11:01:35,236 DEBUG CachedMetadataProvider.LoadCachedMetadata => deserialized 16 files.
[9] 2026-04-30 11:01:35,237 DEBUG CachedMetadataProvider.SavePreviousCachedMetadata => obtaining lock
[9] 2026-04-30 11:01:35,252 DEBUG CachedMetadataProvider.SaveCachedMetadata => obtaining lock
[9] 2026-04-30 11:01:35,253 DEBUG CachedMetadataProvider.LoadCachedMetadata => obtaining lock
[9] 2026-04-30 11:01:35,254 DEBUG CachedMetadataProvider.LoadCachedMetadata => deserialized 0 files.
[9] 2026-04-30 11:01:35,255 DEBUG CachedMetadataProvider.LoadCachedMetadata => obtaining lock
[9] 2026-04-30 11:01:35,256 DEBUG CachedMetadataProvider.LoadCachedMetadata => deserialized 1 files.
[9] 2026-04-30 11:01:35,258 DEBUG CachedMetadataProvider.LoadCachedMetadata => obtaining lock
[9] 2026-04-30 11:01:35,259 DEBUG CachedMetadataProvider.LoadCachedMetadata => deserialized 2 files.
[9] 2026-04-30 11:01:35,260 DEBUG CachedMetadataProvider.LoadCachedMetadata => obtaining lock
[9] 2026-04-30 11:01:35,263 DEBUG CachedMetadataProvider.LoadCachedMetadata => deserialized 3 files.
[9] 2026-04-30 11:01:35,264 DEBUG CachedMetadataProvider.LoadCachedMetadata => obtaining lock
[9] 2026-04-30 11:01:35,266 DEBUG CachedMetadataProvider.LoadCachedMetadata => deserialized 4 files.
[9] 2026-04-30 11:01:35,267 DEBUG CachedMetadataProvider.LoadCachedMetadata => obtaining lock
[9] 2026-04-30 11:01:35,268 DEBUG CachedMetadataProvider.LoadCachedMetadata => deserialized 5 files.
[9] 2026-04-30 11:01:35,269 DEBUG CachedMetadataProvider.LoadCachedMetadata => obtaining lock
[9] 2026-04-30 11:01:35,271 DEBUG CachedMetadataProvider.LoadCachedMetadata => deserialized 6 files.
[9] 2026-04-30 11:01:35,272 DEBUG CachedMetadataProvider.LoadCachedMetadata => obtaining lock
[9] 2026-04-30 11:01:35,275 DEBUG CachedMetadataProvider.LoadCachedMetadata => deserialized 7 files.
[9] 2026-04-30 11:01:35,276 DEBUG CachedMetadataProvider.LoadCachedMetadata => obtaining lock
[9] 2026-04-30 11:01:35,278 DEBUG CachedMetadataProvider.LoadCachedMetadata => deserialized 8 files.
[9] 2026-04-30 11:01:35,279 DEBUG CachedMetadataProvider.LoadCachedMetadata => obtaining lock
[9] 2026-04-30 11:01:35,281 DEBUG CachedMetadataProvider.LoadCachedMetadata => deserialized 9 files.
[9] 2026-04-30 11:01:35,283 DEBUG CachedMetadataProvider.LoadCachedMetadata => obtaining lock
[9] 2026-04-30 11:01:35,285 DEBUG CachedMetadataProvider.LoadCachedMetadata => deserialized 10 files.
[9] 2026-04-30 11:01:35,286 DEBUG CachedMetadataProvider.LoadCachedMetadata => obtaining lock
[9] 2026-04-30 11:01:35,288 DEBUG CachedMetadataProvider.LoadCachedMetadata => deserialized 11 files.
[9] 2026-04-30 11:01:35,289 DEBUG CachedMetadataProvider.LoadCachedMetadata => obtaining lock
[9] 2026-04-30 11:01:35,291 DEBUG CachedMetadataProvider.LoadCachedMetadata => deserialized 12 files.
[9] 2026-04-30 11:01:35,294 DEBUG CachedMetadataProvider.LoadCachedMetadata => obtaining lock
[9] 2026-04-30 11:01:35,296 DEBUG CachedMetadataProvider.LoadCachedMetadata => deserialized 13 files.
[9] 2026-04-30 11:01:35,297 DEBUG CachedMetadataProvider.LoadCachedMetadata => obtaining lock
[9] 2026-04-30 11:01:35,300 DEBUG CachedMetadataProvider.LoadCachedMetadata => deserialized 14 files.
[9] 2026-04-30 11:01:35,301 DEBUG CachedMetadataProvider.LoadCachedMetadata => obtaining lock
[9] 2026-04-30 11:01:35,305 DEBUG CachedMetadataProvider.LoadCachedMetadata => deserialized 15 files.
[9] 2026-04-30 11:01:35,306 DEBUG CachedMetadataProvider.SaveCachedMetadata => saved 16 files.
