[1] 2026-03-09 10:15:50,463 DEBUG Enter >>> MspPlatform.WindowsService.ServiceThread..ctor("PmeServiceThread")
[1] 2026-03-09 10:15:50,482 DEBUG Exit  <<< MspPlatform.WindowsService.ServiceThread..ctor("PmeServiceThread")
[1] 2026-03-09 10:15:50,483 DEBUG Enter >>> MspPlatform.WindowsService.ServiceBaseWithThreads.Run("PME.Agent.PmeService", install)
[1] 2026-03-09 10:15:50,486 INFO  Run PME.Agent.PmeService(v2.13.11.5117) with parameters: [install]
[1] 2026-03-09 10:15:50,491 DEBUG Enter >>> MspPlatform.WindowsService.ServiceBaseWithThreads.ProcessCommandLine("PME.Agent.PmeService", install)
[1] 2026-03-09 10:15:50,493 DEBUG Enter >>> MspPlatform.WindowsService.ServiceBaseWithThreads.DoInstall("PME.Agent.PmeService", install)
[1] 2026-03-09 10:15:50,493 DEBUG Enter >>> MspPlatform.WindowsService.ServiceBaseWithThreads.GetLogPath
[1] 2026-03-09 10:15:50,493 DEBUG Creating folder C:\ProgramData\MspPlatform\PME.Agent.PmeService\log
[1] 2026-03-09 10:15:50,493 DEBUG Exit  <<< MspPlatform.WindowsService.ServiceBaseWithThreads.GetLogPath, return "C:\ProgramData\MspPlatform\PME.Agent.PmeService\log"
[1] 2026-03-09 10:15:51,293 DEBUG Enter >>> MspPlatform.WindowsService.ServiceBaseWithThreads.SetServiceRecoveryOptions("PME.Agent.PmeService", True)
[1] 2026-03-09 10:15:51,297 DEBUG Setting service recovery options...
[1] 2026-03-09 10:15:51,297 DEBUG sc.exe failure "PME.Agent.PmeService" actions= restart/20000/restart/60000// reset= 240
[1] 2026-03-09 10:15:51,363 DEBUG Enter >>> MspPlatform.WindowsService.ServiceBaseWithThreads.EnsureDelayedAutoStartSettings("PME.Agent.PmeService")
[1] 2026-03-09 10:15:51,363 DEBUG Exit  <<< MspPlatform.WindowsService.ServiceBaseWithThreads.EnsureDelayedAutoStartSettings("PME.Agent.PmeService")
[1] 2026-03-09 10:15:51,372 DEBUG Exit  <<< MspPlatform.WindowsService.ServiceBaseWithThreads.SetServiceRecoveryOptions("PME.Agent.PmeService", True)
[1] 2026-03-09 10:15:51,372 DEBUG Enter >>> MspPlatform.WindowsService.ServiceBaseWithThreads.SaveProxySettings("PME.Agent.PmeService", install)
[1] 2026-03-09 10:15:51,372 DEBUG Exit  <<< MspPlatform.WindowsService.ServiceBaseWithThreads.SaveProxySettings("PME.Agent.PmeService", install)
[1] 2026-03-09 10:15:51,372 DEBUG Exit  <<< MspPlatform.WindowsService.ServiceBaseWithThreads.DoInstall("PME.Agent.PmeService", install)
[1] 2026-03-09 10:15:51,372 DEBUG Exit  <<< MspPlatform.WindowsService.ServiceBaseWithThreads.ProcessCommandLine("PME.Agent.PmeService", install)
[1] 2026-03-09 10:15:51,372 DEBUG Exit  <<< MspPlatform.WindowsService.ServiceBaseWithThreads.Run("PME.Agent.PmeService", install)
[1] 2026-03-09 10:15:51,959 DEBUG Enter >>> MspPlatform.WindowsService.ServiceThread..ctor("PmeServiceThread")
[1] 2026-03-09 10:15:51,980 DEBUG Exit  <<< MspPlatform.WindowsService.ServiceThread..ctor("PmeServiceThread")
[1] 2026-03-09 10:15:51,981 DEBUG Enter >>> MspPlatform.WindowsService.ServiceBaseWithThreads.Run("PME.Agent.PmeService", )
[1] 2026-03-09 10:15:51,981 INFO  Run PME.Agent.PmeService(v2.13.11.5117) with parameters: []
[1] 2026-03-09 10:15:51,984 DEBUG Enter >>> MspPlatform.WindowsService.ServiceBaseWithThreads.RunService("PME.Agent.PmeService")
[5] 2026-03-09 10:15:51,991 DEBUG Enter >>> MspPlatform.WindowsService.ServiceBaseWithThreads.OnStart()
[5] 2026-03-09 10:15:51,991 INFO  Starting PME.Agent.PmeService service...
[5] 2026-03-09 10:15:51,997 DEBUG Enter >>> MspPlatform.WindowsService.ThreadManager..ctor("PME.Agent.PmeService")
[5] 2026-03-09 10:15:52,003 DEBUG Exit  <<< MspPlatform.WindowsService.ThreadManager..ctor("PME.Agent.PmeService")
[5] 2026-03-09 10:15:52,003 DEBUG Enter >>> MspPlatform.WindowsService.ThreadManager.Start()
[5] 2026-03-09 10:15:52,005 DEBUG Enter >>> MspPlatform.WindowsService.ThreadManager.WriteToEventLog("Service Starting...", Information)
[5] 2026-03-09 10:15:52,011 DEBUG Exit  <<< MspPlatform.WindowsService.ThreadManager.WriteToEventLog("Service Starting...", Information)
[5] 2026-03-09 10:15:52,011 DEBUG Exit  <<< MspPlatform.WindowsService.ThreadManager.Start()
[5] 2026-03-09 10:15:52,011 DEBUG Enter >>> MspPlatform.WindowsService.ServiceThread.Start()
[5] 2026-03-09 10:15:52,014 DEBUG Exit  <<< MspPlatform.WindowsService.ServiceThread.Start()
[5] 2026-03-09 10:15:52,014 DEBUG Exit  <<< MspPlatform.WindowsService.ServiceBaseWithThreads.OnStart()
[PmeServiceThread] 2026-03-09 10:15:52,015 DEBUG Enter >>> MspPlatform.WindowsService.ServiceThread.ThreadWrapper()
[PmeServiceThread] 2026-03-09 10:15:52,016 DEBUG Enter >>> MspPlatform.WindowsService.ThreadManager.AddThreadImp()
[PmeServiceThread] 2026-03-09 10:15:52,016 DEBUG Exit  <<< MspPlatform.WindowsService.ThreadManager.AddThreadImp()
[PmeServiceThread] 2026-03-09 10:15:52,016 DEBUG Enter >>> PmeServiceThread.ThreadMain()
[PmeServiceThread] 2026-03-09 10:15:52,287 DEBUG PmeServiceThread.CheckNcentralWuaTamperProofing => N-central Agent wasn't detected
[PmeServiceThread] 2026-03-09 10:15:52,287 OFF   PmeServiceThread.WuaTamperProofingCycle => Wua tamper proofing values: [PmeConfig=True/N-central config=True]
[PmeServiceThread] 2026-03-09 10:15:52,287 OFF   PmeServiceThread.RunWuaTamperProofing => start WUA tamper proofing
[PmeServiceThread] 2026-03-09 10:15:52,289 INFO  PmeServiceThread.WaitOrTerminateThread => WUA tamper proofing is currently running. Waiting for Stop...
[6] 2026-03-09 10:15:52,294 WARN  WuaTamperProofing.Execute => changing registry settings. Original values: NoAutoUpdate=-1, AuOptions=-1
[5] 2026-03-09 10:20:52,031 DEBUG PmeServiceThread.IsPatchManagementandMicrosoftPatchingEnabled => PatchConfig.xml wasn't found. Not allowing WUA tamper-proofing/WU Access check...
[5] 2026-03-09 10:20:52,031 WARN  OnProfileCheckTimer => Patch Management or Microsoft patching disabled or N-sight is being used. Skipping WU Access check.
[1] 2026-03-09 10:26:13,416 DEBUG Exit  <<< MspPlatform.WindowsService.ServiceBaseWithThreads.RunService("PME.Agent.PmeService")
[1] 2026-03-09 10:26:13,416 DEBUG Exit  <<< MspPlatform.WindowsService.ServiceBaseWithThreads.Run("PME.Agent.PmeService", )
[1] 2026-03-09 10:29:04,111 DEBUG Enter >>> MspPlatform.WindowsService.ServiceThread..ctor("PmeServiceThread")
[1] 2026-03-09 10:29:04,118 DEBUG Exit  <<< MspPlatform.WindowsService.ServiceThread..ctor("PmeServiceThread")
[1] 2026-03-09 10:29:04,123 DEBUG Enter >>> MspPlatform.WindowsService.ServiceBaseWithThreads.Run("PME.Agent.PmeService", )
[1] 2026-03-09 10:29:04,125 INFO  Run PME.Agent.PmeService(v2.13.11.5117) with parameters: []
[1] 2026-03-09 10:29:04,125 DEBUG Enter >>> MspPlatform.WindowsService.ServiceBaseWithThreads.RunService("PME.Agent.PmeService")
[5] 2026-03-09 10:29:04,132 DEBUG Enter >>> MspPlatform.WindowsService.ServiceBaseWithThreads.OnStart()
[5] 2026-03-09 10:29:04,135 INFO  Starting PME.Agent.PmeService service...
[5] 2026-03-09 10:29:04,140 DEBUG Enter >>> MspPlatform.WindowsService.ThreadManager..ctor("PME.Agent.PmeService")
[5] 2026-03-09 10:29:04,146 DEBUG Exit  <<< MspPlatform.WindowsService.ThreadManager..ctor("PME.Agent.PmeService")
[5] 2026-03-09 10:29:04,146 DEBUG Enter >>> MspPlatform.WindowsService.ThreadManager.Start()
[5] 2026-03-09 10:29:04,148 DEBUG Enter >>> MspPlatform.WindowsService.ThreadManager.WriteToEventLog("Service Starting...", Information)
[5] 2026-03-09 10:29:04,153 DEBUG Exit  <<< MspPlatform.WindowsService.ThreadManager.WriteToEventLog("Service Starting...", Information)
[5] 2026-03-09 10:29:04,153 DEBUG Exit  <<< MspPlatform.WindowsService.ThreadManager.Start()
[5] 2026-03-09 10:29:04,154 DEBUG Enter >>> MspPlatform.WindowsService.ServiceThread.Start()
[5] 2026-03-09 10:29:04,154 DEBUG Exit  <<< MspPlatform.WindowsService.ServiceThread.Start()
[5] 2026-03-09 10:29:04,156 DEBUG Exit  <<< MspPlatform.WindowsService.ServiceBaseWithThreads.OnStart()
[PmeServiceThread] 2026-03-09 10:29:04,156 DEBUG Enter >>> MspPlatform.WindowsService.ServiceThread.ThreadWrapper()
[PmeServiceThread] 2026-03-09 10:29:04,156 DEBUG Enter >>> MspPlatform.WindowsService.ThreadManager.AddThreadImp()
[PmeServiceThread] 2026-03-09 10:29:04,158 DEBUG Exit  <<< MspPlatform.WindowsService.ThreadManager.AddThreadImp()
[PmeServiceThread] 2026-03-09 10:29:04,159 DEBUG Enter >>> PmeServiceThread.ThreadMain()
[PmeServiceThread] 2026-03-09 10:29:04,458 DEBUG PmeServiceThread.CheckNcentralWuaTamperProofing => N-central Agent wasn't detected
[PmeServiceThread] 2026-03-09 10:29:04,458 OFF   PmeServiceThread.WuaTamperProofingCycle => Wua tamper proofing values: [PmeConfig=True/N-central config=True]
[PmeServiceThread] 2026-03-09 10:29:04,458 OFF   PmeServiceThread.RunWuaTamperProofing => start WUA tamper proofing
[PmeServiceThread] 2026-03-09 10:29:04,458 INFO  PmeServiceThread.WaitOrTerminateThread => WUA tamper proofing is currently running. Waiting for Stop...
[5] 2026-03-09 10:34:04,166 DEBUG PmeServiceThread.IsPatchManagementandMicrosoftPatchingEnabled => PatchConfig.xml wasn't found. Not allowing WUA tamper-proofing/WU Access check...
[5] 2026-03-09 10:34:04,168 WARN  OnProfileCheckTimer => Patch Management or Microsoft patching disabled or N-sight is being used. Skipping WU Access check.
[1] 2026-03-09 10:40:44,638 DEBUG Exit  <<< MspPlatform.WindowsService.ServiceBaseWithThreads.RunService("PME.Agent.PmeService")
[1] 2026-03-09 10:40:44,639 DEBUG Exit  <<< MspPlatform.WindowsService.ServiceBaseWithThreads.Run("PME.Agent.PmeService", )
[1] 2026-03-09 10:43:33,148 DEBUG Enter >>> MspPlatform.WindowsService.ServiceThread..ctor("PmeServiceThread")
[1] 2026-03-09 10:43:33,156 DEBUG Exit  <<< MspPlatform.WindowsService.ServiceThread..ctor("PmeServiceThread")
[1] 2026-03-09 10:43:33,156 DEBUG Enter >>> MspPlatform.WindowsService.ServiceBaseWithThreads.Run("PME.Agent.PmeService", )
[1] 2026-03-09 10:43:33,162 INFO  Run PME.Agent.PmeService(v2.13.11.5117) with parameters: []
[1] 2026-03-09 10:43:33,162 DEBUG Enter >>> MspPlatform.WindowsService.ServiceBaseWithThreads.RunService("PME.Agent.PmeService")
[5] 2026-03-09 10:43:33,168 DEBUG Enter >>> MspPlatform.WindowsService.ServiceBaseWithThreads.OnStart()
[5] 2026-03-09 10:43:33,170 INFO  Starting PME.Agent.PmeService service...
[5] 2026-03-09 10:43:33,173 DEBUG Enter >>> MspPlatform.WindowsService.ThreadManager..ctor("PME.Agent.PmeService")
[5] 2026-03-09 10:43:33,179 DEBUG Exit  <<< MspPlatform.WindowsService.ThreadManager..ctor("PME.Agent.PmeService")
[5] 2026-03-09 10:43:33,179 DEBUG Enter >>> MspPlatform.WindowsService.ThreadManager.Start()
[5] 2026-03-09 10:43:33,181 DEBUG Enter >>> MspPlatform.WindowsService.ThreadManager.WriteToEventLog("Service Starting...", Information)
[5] 2026-03-09 10:43:33,185 DEBUG Exit  <<< MspPlatform.WindowsService.ThreadManager.WriteToEventLog("Service Starting...", Information)
[5] 2026-03-09 10:43:33,188 DEBUG Exit  <<< MspPlatform.WindowsService.ThreadManager.Start()
[5] 2026-03-09 10:43:33,188 DEBUG Enter >>> MspPlatform.WindowsService.ServiceThread.Start()
[5] 2026-03-09 10:43:33,188 DEBUG Exit  <<< MspPlatform.WindowsService.ServiceThread.Start()
[5] 2026-03-09 10:43:33,188 DEBUG Exit  <<< MspPlatform.WindowsService.ServiceBaseWithThreads.OnStart()
[PmeServiceThread] 2026-03-09 10:43:33,188 DEBUG Enter >>> MspPlatform.WindowsService.ServiceThread.ThreadWrapper()
[PmeServiceThread] 2026-03-09 10:43:33,190 DEBUG Enter >>> MspPlatform.WindowsService.ThreadManager.AddThreadImp()
[PmeServiceThread] 2026-03-09 10:43:33,190 DEBUG Exit  <<< MspPlatform.WindowsService.ThreadManager.AddThreadImp()
[PmeServiceThread] 2026-03-09 10:43:33,190 DEBUG Enter >>> PmeServiceThread.ThreadMain()
[PmeServiceThread] 2026-03-09 10:43:33,451 DEBUG PmeServiceThread.CheckNcentralWuaTamperProofing => N-central Agent wasn't detected
[PmeServiceThread] 2026-03-09 10:43:33,453 OFF   PmeServiceThread.WuaTamperProofingCycle => Wua tamper proofing values: [PmeConfig=True/N-central config=True]
[PmeServiceThread] 2026-03-09 10:43:33,453 OFF   PmeServiceThread.RunWuaTamperProofing => start WUA tamper proofing
[PmeServiceThread] 2026-03-09 10:43:33,453 INFO  PmeServiceThread.WaitOrTerminateThread => WUA tamper proofing is currently running. Waiting for Stop...
[5] 2026-03-09 10:48:33,205 DEBUG PmeServiceThread.IsPatchManagementandMicrosoftPatchingEnabled => PatchConfig.xml wasn't found. Not allowing WUA tamper-proofing/WU Access check...
[5] 2026-03-09 10:48:33,207 WARN  OnProfileCheckTimer => Patch Management or Microsoft patching disabled or N-sight is being used. Skipping WU Access check.
[1] 2026-03-09 10:49:33,302 DEBUG Exit  <<< MspPlatform.WindowsService.ServiceBaseWithThreads.RunService("PME.Agent.PmeService")
[1] 2026-03-09 10:49:33,307 DEBUG Exit  <<< MspPlatform.WindowsService.ServiceBaseWithThreads.Run("PME.Agent.PmeService", )
[1] 2026-03-09 10:52:22,158 DEBUG Enter >>> MspPlatform.WindowsService.ServiceThread..ctor("PmeServiceThread")
[1] 2026-03-09 10:52:22,178 DEBUG Exit  <<< MspPlatform.WindowsService.ServiceThread..ctor("PmeServiceThread")
[1] 2026-03-09 10:52:22,184 DEBUG Enter >>> MspPlatform.WindowsService.ServiceBaseWithThreads.Run("PME.Agent.PmeService", )
[1] 2026-03-09 10:52:22,187 INFO  Run PME.Agent.PmeService(v2.13.11.5117) with parameters: []
[1] 2026-03-09 10:52:22,189 DEBUG Enter >>> MspPlatform.WindowsService.ServiceBaseWithThreads.RunService("PME.Agent.PmeService")
[5] 2026-03-09 10:52:22,201 DEBUG Enter >>> MspPlatform.WindowsService.ServiceBaseWithThreads.OnStart()
[5] 2026-03-09 10:52:22,202 INFO  Starting PME.Agent.PmeService service...
[5] 2026-03-09 10:52:22,206 DEBUG Enter >>> MspPlatform.WindowsService.ThreadManager..ctor("PME.Agent.PmeService")
[5] 2026-03-09 10:52:22,215 DEBUG Exit  <<< MspPlatform.WindowsService.ThreadManager..ctor("PME.Agent.PmeService")
[5] 2026-03-09 10:52:22,216 DEBUG Enter >>> MspPlatform.WindowsService.ThreadManager.Start()
[5] 2026-03-09 10:52:22,218 DEBUG Enter >>> MspPlatform.WindowsService.ThreadManager.WriteToEventLog("Service Starting...", Information)
[5] 2026-03-09 10:52:22,224 DEBUG Exit  <<< MspPlatform.WindowsService.ThreadManager.WriteToEventLog("Service Starting...", Information)
[5] 2026-03-09 10:52:22,225 DEBUG Exit  <<< MspPlatform.WindowsService.ThreadManager.Start()
[5] 2026-03-09 10:52:22,226 DEBUG Enter >>> MspPlatform.WindowsService.ServiceThread.Start()
[5] 2026-03-09 10:52:22,227 DEBUG Exit  <<< MspPlatform.WindowsService.ServiceThread.Start()
[5] 2026-03-09 10:52:22,227 DEBUG Exit  <<< MspPlatform.WindowsService.ServiceBaseWithThreads.OnStart()
[PmeServiceThread] 2026-03-09 10:52:22,228 DEBUG Enter >>> MspPlatform.WindowsService.ServiceThread.ThreadWrapper()
[PmeServiceThread] 2026-03-09 10:52:22,229 DEBUG Enter >>> MspPlatform.WindowsService.ThreadManager.AddThreadImp()
[PmeServiceThread] 2026-03-09 10:52:22,229 DEBUG Exit  <<< MspPlatform.WindowsService.ThreadManager.AddThreadImp()
[PmeServiceThread] 2026-03-09 10:52:22,230 DEBUG Enter >>> PmeServiceThread.ThreadMain()
[PmeServiceThread] 2026-03-09 10:52:22,674 DEBUG PmeServiceThread.CheckNcentralWuaTamperProofing => N-central Agent wasn't detected
[PmeServiceThread] 2026-03-09 10:52:22,675 OFF   PmeServiceThread.WuaTamperProofingCycle => Wua tamper proofing values: [PmeConfig=True/N-central config=True]
[PmeServiceThread] 2026-03-09 10:52:22,676 OFF   PmeServiceThread.RunWuaTamperProofing => start WUA tamper proofing
[PmeServiceThread] 2026-03-09 10:52:22,677 INFO  PmeServiceThread.WaitOrTerminateThread => WUA tamper proofing is currently running. Waiting for Stop...
[5] 2026-03-09 10:57:22,252 DEBUG PmeServiceThread.IsPatchManagementandMicrosoftPatchingEnabled => PatchConfig.xml wasn't found. Not allowing WUA tamper-proofing/WU Access check...
[5] 2026-03-09 10:57:22,254 WARN  OnProfileCheckTimer => Patch Management or Microsoft patching disabled or N-sight is being used. Skipping WU Access check.
[9] 2026-03-09 12:07:17,983 DEBUG PmeServiceThread.CheckNcentralWuaTamperProofing => N-central Agent wasn't detected
[9] 2026-03-09 12:07:17,988 OFF   PmeServiceThread.WuaTamperProofingCycle => Wua tamper proofing values: [PmeConfig=True/N-central config=True]
[9] 2026-03-09 12:07:17,988 OFF   PmeServiceThread.RunWuaTamperProofing => start WUA tamper proofing
[9] 2026-03-09 12:16:34,355 DEBUG PmeServiceThread.IsPatchManagementandMicrosoftPatchingEnabled => PatchConfig.xml wasn't found. Not allowing WUA tamper-proofing/WU Access check...
[9] 2026-03-09 12:16:34,356 WARN  OnProfileCheckTimer => Patch Management or Microsoft patching disabled or N-sight is being used. Skipping WU Access check.
[9] 2026-03-09 12:41:55,715 DEBUG PmeServiceThread.CheckNcentralWuaTamperProofing => N-central Agent wasn't detected
[9] 2026-03-09 12:41:55,715 OFF   PmeServiceThread.WuaTamperProofingCycle => Wua tamper proofing values: [PmeConfig=True/N-central config=True]
[9] 2026-03-09 12:41:55,716 OFF   PmeServiceThread.RunWuaTamperProofing => start WUA tamper proofing
[9] 2026-03-09 12:52:09,040 DEBUG PmeServiceThread.IsPatchManagementandMicrosoftPatchingEnabled => PatchConfig.xml wasn't found. Not allowing WUA tamper-proofing/WU Access check...
[9] 2026-03-09 12:52:09,041 WARN  OnProfileCheckTimer => Patch Management or Microsoft patching disabled or N-sight is being used. Skipping WU Access check.
[9] 2026-03-09 13:23:02,356 DEBUG PmeServiceThread.CheckNcentralWuaTamperProofing => N-central Agent wasn't detected
[9] 2026-03-09 13:23:02,357 OFF   PmeServiceThread.WuaTamperProofingCycle => Wua tamper proofing values: [PmeConfig=True/N-central config=True]
[9] 2026-03-09 13:23:02,358 OFF   PmeServiceThread.RunWuaTamperProofing => start WUA tamper proofing
[9] 2026-03-09 13:57:47,074 DEBUG PmeServiceThread.IsPatchManagementandMicrosoftPatchingEnabled => PatchConfig.xml wasn't found. Not allowing WUA tamper-proofing/WU Access check...
[9] 2026-03-09 13:57:47,075 WARN  OnProfileCheckTimer => Patch Management or Microsoft patching disabled or N-sight is being used. Skipping WU Access check.
[9] 2026-03-09 15:00:58,800 DEBUG PmeServiceThread.CheckNcentralWuaTamperProofing => N-central Agent wasn't detected
[9] 2026-03-09 15:00:58,801 OFF   PmeServiceThread.WuaTamperProofingCycle => Wua tamper proofing values: [PmeConfig=True/N-central config=True]
[9] 2026-03-09 15:00:58,801 OFF   PmeServiceThread.RunWuaTamperProofing => start WUA tamper proofing
[9] 2026-03-09 15:05:58,381 DEBUG PmeServiceThread.IsPatchManagementandMicrosoftPatchingEnabled => PatchConfig.xml wasn't found. Not allowing WUA tamper-proofing/WU Access check...
[9] 2026-03-09 15:05:58,381 WARN  OnProfileCheckTimer => Patch Management or Microsoft patching disabled or N-sight is being used. Skipping WU Access check.
[9] 2026-03-09 15:30:58,806 DEBUG PmeServiceThread.CheckNcentralWuaTamperProofing => N-central Agent wasn't detected
[9] 2026-03-09 15:30:58,806 OFF   PmeServiceThread.WuaTamperProofingCycle => Wua tamper proofing values: [PmeConfig=True/N-central config=True]
[9] 2026-03-09 15:30:58,807 OFF   PmeServiceThread.RunWuaTamperProofing => start WUA tamper proofing
[10] 2026-03-09 15:35:58,401 DEBUG PmeServiceThread.IsPatchManagementandMicrosoftPatchingEnabled => PatchConfig.xml wasn't found. Not allowing WUA tamper-proofing/WU Access check...
[10] 2026-03-09 15:35:58,402 WARN  OnProfileCheckTimer => Patch Management or Microsoft patching disabled or N-sight is being used. Skipping WU Access check.
[10] 2026-03-09 16:00:58,822 DEBUG PmeServiceThread.CheckNcentralWuaTamperProofing => N-central Agent wasn't detected
[10] 2026-03-09 16:00:58,823 OFF   PmeServiceThread.WuaTamperProofingCycle => Wua tamper proofing values: [PmeConfig=True/N-central config=True]
[10] 2026-03-09 16:00:58,823 OFF   PmeServiceThread.RunWuaTamperProofing => start WUA tamper proofing
[10] 2026-03-09 16:05:58,413 DEBUG PmeServiceThread.IsPatchManagementandMicrosoftPatchingEnabled => PatchConfig.xml wasn't found. Not allowing WUA tamper-proofing/WU Access check...
[10] 2026-03-09 16:05:58,414 WARN  OnProfileCheckTimer => Patch Management or Microsoft patching disabled or N-sight is being used. Skipping WU Access check.
[10] 2026-03-09 16:30:58,833 DEBUG PmeServiceThread.CheckNcentralWuaTamperProofing => N-central Agent wasn't detected
[10] 2026-03-09 16:30:58,833 OFF   PmeServiceThread.WuaTamperProofingCycle => Wua tamper proofing values: [PmeConfig=True/N-central config=True]
[10] 2026-03-09 16:30:58,834 OFF   PmeServiceThread.RunWuaTamperProofing => start WUA tamper proofing
[10] 2026-03-09 16:35:58,420 DEBUG PmeServiceThread.IsPatchManagementandMicrosoftPatchingEnabled => PatchConfig.xml wasn't found. Not allowing WUA tamper-proofing/WU Access check...
[10] 2026-03-09 16:35:58,421 WARN  OnProfileCheckTimer => Patch Management or Microsoft patching disabled or N-sight is being used. Skipping WU Access check.
[10] 2026-03-09 17:02:41,803 DEBUG PmeServiceThread.CheckNcentralWuaTamperProofing => N-central Agent wasn't detected
[10] 2026-03-09 17:02:41,804 OFF   PmeServiceThread.WuaTamperProofingCycle => Wua tamper proofing values: [PmeConfig=True/N-central config=True]
[10] 2026-03-09 17:02:41,804 OFF   PmeServiceThread.RunWuaTamperProofing => start WUA tamper proofing
[10] 2026-03-09 17:07:41,398 DEBUG PmeServiceThread.IsPatchManagementandMicrosoftPatchingEnabled => PatchConfig.xml wasn't found. Not allowing WUA tamper-proofing/WU Access check...
[10] 2026-03-09 17:07:41,399 WARN  OnProfileCheckTimer => Patch Management or Microsoft patching disabled or N-sight is being used. Skipping WU Access check.
[10] 2026-03-10 09:26:38,082 DEBUG PmeServiceThread.CheckNcentralWuaTamperProofing => N-central Agent wasn't detected
[10] 2026-03-10 09:26:38,083 OFF   PmeServiceThread.WuaTamperProofingCycle => Wua tamper proofing values: [PmeConfig=True/N-central config=True]
[10] 2026-03-10 09:26:38,083 OFF   PmeServiceThread.RunWuaTamperProofing => start WUA tamper proofing
[10] 2026-03-10 09:32:41,371 DEBUG PmeServiceThread.IsPatchManagementandMicrosoftPatchingEnabled => PatchConfig.xml wasn't found. Not allowing WUA tamper-proofing/WU Access check...
[10] 2026-03-10 09:32:41,372 WARN  OnProfileCheckTimer => Patch Management or Microsoft patching disabled or N-sight is being used. Skipping WU Access check.
[11] 2026-03-10 10:05:32,876 DEBUG PmeServiceThread.CheckNcentralWuaTamperProofing => N-central Agent wasn't detected
[11] 2026-03-10 10:05:32,876 OFF   PmeServiceThread.WuaTamperProofingCycle => Wua tamper proofing values: [PmeConfig=True/N-central config=True]
[11] 2026-03-10 10:05:32,877 OFF   PmeServiceThread.RunWuaTamperProofing => start WUA tamper proofing
[10] 2026-03-10 10:10:32,462 DEBUG PmeServiceThread.IsPatchManagementandMicrosoftPatchingEnabled => PatchConfig.xml wasn't found. Not allowing WUA tamper-proofing/WU Access check...
[10] 2026-03-10 10:10:32,463 WARN  OnProfileCheckTimer => Patch Management or Microsoft patching disabled or N-sight is being used. Skipping WU Access check.
[10] 2026-03-10 11:00:49,998 DEBUG PmeServiceThread.CheckNcentralWuaTamperProofing => N-central Agent wasn't detected
[10] 2026-03-10 11:00:49,998 OFF   PmeServiceThread.WuaTamperProofingCycle => Wua tamper proofing values: [PmeConfig=True/N-central config=True]
[10] 2026-03-10 11:00:49,999 OFF   PmeServiceThread.RunWuaTamperProofing => start WUA tamper proofing
[10] 2026-03-10 11:05:49,570 DEBUG PmeServiceThread.IsPatchManagementandMicrosoftPatchingEnabled => PatchConfig.xml wasn't found. Not allowing WUA tamper-proofing/WU Access check...
[10] 2026-03-10 11:05:49,571 WARN  OnProfileCheckTimer => Patch Management or Microsoft patching disabled or N-sight is being used. Skipping WU Access check.
[10] 2026-03-10 11:37:57,002 DEBUG PmeServiceThread.CheckNcentralWuaTamperProofing => N-central Agent wasn't detected
[10] 2026-03-10 11:37:57,002 OFF   PmeServiceThread.WuaTamperProofingCycle => Wua tamper proofing values: [PmeConfig=True/N-central config=True]
[10] 2026-03-10 11:37:57,003 OFF   PmeServiceThread.RunWuaTamperProofing => start WUA tamper proofing
[10] 2026-03-10 11:42:56,590 DEBUG PmeServiceThread.IsPatchManagementandMicrosoftPatchingEnabled => PatchConfig.xml wasn't found. Not allowing WUA tamper-proofing/WU Access check...
[10] 2026-03-10 11:42:56,591 WARN  OnProfileCheckTimer => Patch Management or Microsoft patching disabled or N-sight is being used. Skipping WU Access check.
[10] 2026-03-10 12:07:57,031 DEBUG PmeServiceThread.CheckNcentralWuaTamperProofing => N-central Agent wasn't detected
[10] 2026-03-10 12:07:57,031 OFF   PmeServiceThread.WuaTamperProofingCycle => Wua tamper proofing values: [PmeConfig=True/N-central config=True]
[10] 2026-03-10 12:07:57,032 OFF   PmeServiceThread.RunWuaTamperProofing => start WUA tamper proofing
[10] 2026-03-10 12:12:56,610 DEBUG PmeServiceThread.IsPatchManagementandMicrosoftPatchingEnabled => PatchConfig.xml wasn't found. Not allowing WUA tamper-proofing/WU Access check...
[10] 2026-03-10 12:12:56,611 WARN  OnProfileCheckTimer => Patch Management or Microsoft patching disabled or N-sight is being used. Skipping WU Access check.
[1] 2026-03-10 13:52:46,564 DEBUG Exit  <<< MspPlatform.WindowsService.ServiceBaseWithThreads.RunService("PME.Agent.PmeService")
[1] 2026-03-10 13:52:46,566 DEBUG Exit  <<< MspPlatform.WindowsService.ServiceBaseWithThreads.Run("PME.Agent.PmeService", )
[1] 2026-03-10 14:08:13,355 DEBUG Enter >>> MspPlatform.WindowsService.ServiceThread..ctor("PmeServiceThread")
[1] 2026-03-10 14:08:13,366 DEBUG Exit  <<< MspPlatform.WindowsService.ServiceThread..ctor("PmeServiceThread")
[1] 2026-03-10 14:08:13,366 DEBUG Enter >>> MspPlatform.WindowsService.ServiceBaseWithThreads.Run("PME.Agent.PmeService", )
[1] 2026-03-10 14:08:13,371 INFO  Run PME.Agent.PmeService(v2.13.11.5117) with parameters: []
[1] 2026-03-10 14:08:13,371 DEBUG Enter >>> MspPlatform.WindowsService.ServiceBaseWithThreads.RunService("PME.Agent.PmeService")
[5] 2026-03-10 14:08:13,376 DEBUG Enter >>> MspPlatform.WindowsService.ServiceBaseWithThreads.OnStart()
[5] 2026-03-10 14:08:13,376 INFO  Starting PME.Agent.PmeService service...
[5] 2026-03-10 14:08:13,376 DEBUG Enter >>> MspPlatform.WindowsService.ThreadManager..ctor("PME.Agent.PmeService")
[5] 2026-03-10 14:08:13,376 DEBUG Exit  <<< MspPlatform.WindowsService.ThreadManager..ctor("PME.Agent.PmeService")
[5] 2026-03-10 14:08:13,376 DEBUG Enter >>> MspPlatform.WindowsService.ThreadManager.Start()
[5] 2026-03-10 14:08:13,376 DEBUG Enter >>> MspPlatform.WindowsService.ThreadManager.WriteToEventLog("Service Starting...", Information)
[5] 2026-03-10 14:08:13,388 DEBUG Exit  <<< MspPlatform.WindowsService.ThreadManager.WriteToEventLog("Service Starting...", Information)
[5] 2026-03-10 14:08:13,388 DEBUG Exit  <<< MspPlatform.WindowsService.ThreadManager.Start()
[5] 2026-03-10 14:08:13,388 DEBUG Enter >>> MspPlatform.WindowsService.ServiceThread.Start()
[5] 2026-03-10 14:08:13,388 DEBUG Exit  <<< MspPlatform.WindowsService.ServiceThread.Start()
[5] 2026-03-10 14:08:13,388 DEBUG Exit  <<< MspPlatform.WindowsService.ServiceBaseWithThreads.OnStart()
[PmeServiceThread] 2026-03-10 14:08:13,388 DEBUG Enter >>> MspPlatform.WindowsService.ServiceThread.ThreadWrapper()
[PmeServiceThread] 2026-03-10 14:08:13,388 DEBUG Enter >>> MspPlatform.WindowsService.ThreadManager.AddThreadImp()
[PmeServiceThread] 2026-03-10 14:08:13,388 DEBUG Exit  <<< MspPlatform.WindowsService.ThreadManager.AddThreadImp()
[PmeServiceThread] 2026-03-10 14:08:13,388 DEBUG Enter >>> PmeServiceThread.ThreadMain()
[PmeServiceThread] 2026-03-10 14:08:13,576 DEBUG PmeServiceThread.CheckNcentralWuaTamperProofing => N-central Agent wasn't detected
[PmeServiceThread] 2026-03-10 14:08:13,576 OFF   PmeServiceThread.WuaTamperProofingCycle => Wua tamper proofing values: [PmeConfig=True/N-central config=True]
[PmeServiceThread] 2026-03-10 14:08:13,576 OFF   PmeServiceThread.RunWuaTamperProofing => start WUA tamper proofing
[PmeServiceThread] 2026-03-10 14:08:13,576 INFO  PmeServiceThread.WaitOrTerminateThread => WUA tamper proofing is currently running. Waiting for Stop...
[5] 2026-03-10 14:13:13,396 DEBUG PmeServiceThread.IsPatchManagementandMicrosoftPatchingEnabled => PatchConfig.xml wasn't found. Not allowing WUA tamper-proofing/WU Access check...
[5] 2026-03-10 14:13:13,396 WARN  OnProfileCheckTimer => Patch Management or Microsoft patching disabled or N-sight is being used. Skipping WU Access check.
[5] 2026-03-10 15:29:05,935 DEBUG PmeServiceThread.CheckNcentralWuaTamperProofing => N-central Agent wasn't detected
[5] 2026-03-10 15:29:05,936 OFF   PmeServiceThread.WuaTamperProofingCycle => Wua tamper proofing values: [PmeConfig=True/N-central config=True]
[5] 2026-03-10 15:29:05,937 OFF   PmeServiceThread.RunWuaTamperProofing => start WUA tamper proofing
[8] 2026-03-10 16:04:45,857 DEBUG PmeServiceThread.IsPatchManagementandMicrosoftPatchingEnabled => PatchConfig.xml wasn't found. Not allowing WUA tamper-proofing/WU Access check...
[8] 2026-03-10 16:04:45,857 WARN  OnProfileCheckTimer => Patch Management or Microsoft patching disabled or N-sight is being used. Skipping WU Access check.
[8] 2026-03-10 16:29:46,049 DEBUG PmeServiceThread.CheckNcentralWuaTamperProofing => N-central Agent wasn't detected
[8] 2026-03-10 16:29:46,049 OFF   PmeServiceThread.WuaTamperProofingCycle => Wua tamper proofing values: [PmeConfig=True/N-central config=True]
[8] 2026-03-10 16:29:46,049 OFF   PmeServiceThread.RunWuaTamperProofing => start WUA tamper proofing
[8] 2026-03-10 16:34:45,874 DEBUG PmeServiceThread.IsPatchManagementandMicrosoftPatchingEnabled => PatchConfig.xml wasn't found. Not allowing WUA tamper-proofing/WU Access check...
[8] 2026-03-10 16:34:45,874 WARN  OnProfileCheckTimer => Patch Management or Microsoft patching disabled or N-sight is being used. Skipping WU Access check.
[8] 2026-03-11 09:09:02,851 DEBUG Enter >>> MspPlatform.WindowsService.ServiceBaseWithThreads.OnStop
[8] 2026-03-11 09:09:02,853 INFO  Stopping PME.Agent.PmeService service...
[8] 2026-03-11 09:09:02,853 DEBUG Enter >>> MspPlatform.WindowsService.ThreadManager.Stop()
[8] 2026-03-11 09:09:02,853 DEBUG Enter >>> MspPlatform.WindowsService.ThreadManager.WriteToEventLog("Service Stopping...", Information)
[8] 2026-03-11 09:09:02,853 DEBUG Exit  <<< MspPlatform.WindowsService.ThreadManager.WriteToEventLog("Service Stopping...", Information)
[PmeServiceThread] 2026-03-11 09:09:02,853 INFO  Stopping PmeService...
[8] 2026-03-11 09:09:02,853 DEBUG Enter >>> MspPlatform.WindowsService.ThreadManager.StopThreads()
[8] 2026-03-11 09:09:02,853 DEBUG ThreadManager: Stopping 3 PmeServiceThread
[8] 2026-03-11 09:09:02,853 DEBUG Enter >>> MspPlatform.WindowsService.ServiceThread.Stop()
[8] 2026-03-11 09:09:02,853 DEBUG Exit  <<< MspPlatform.WindowsService.ServiceThread.Stop()
[8] 2026-03-11 09:09:02,853 DEBUG Exit  <<< MspPlatform.WindowsService.ThreadManager.StopThreads()
[8] 2026-03-11 09:09:02,853 DEBUG ThreadManager: Waiting for all managed threads to go away.
[PmeServiceThread] 2026-03-11 09:09:02,853 DEBUG Exit <<< PmeServiceThread.ThreadMain()
[PmeServiceThread] 2026-03-11 09:09:02,861 DEBUG Enter >>> MspPlatform.WindowsService.ThreadManager.RemoveThreadImp()
[PmeServiceThread] 2026-03-11 09:09:02,861 DEBUG Exit  <<< MspPlatform.WindowsService.ThreadManager.RemoveThreadImp()
[PmeServiceThread] 2026-03-11 09:09:02,861 DEBUG Exit  <<< MspPlatform.WindowsService.ServiceThread.ThreadWrapper()
[8] 2026-03-11 09:09:02,861 DEBUG Enter >>> MspPlatform.WindowsService.ThreadManager.WaitForThreadsToStop()
[8] 2026-03-11 09:09:02,863 DEBUG Exit  <<< MspPlatform.WindowsService.ThreadManager.WaitForThreadsToStop()
[8] 2026-03-11 09:09:02,863 DEBUG ThreadManager: All managed threads shut down properly.
[8] 2026-03-11 09:09:02,863 DEBUG Exit  <<< MspPlatform.WindowsService.ThreadManager.Stop()
[8] 2026-03-11 09:09:02,863 DEBUG Exit  <<< MspPlatform.WindowsService.ServiceBaseWithThreads.OnStop
[1] 2026-03-11 09:09:02,863 DEBUG Exit  <<< MspPlatform.WindowsService.ServiceBaseWithThreads.RunService("PME.Agent.PmeService")
[1] 2026-03-11 09:09:02,863 DEBUG Exit  <<< MspPlatform.WindowsService.ServiceBaseWithThreads.Run("PME.Agent.PmeService", )
[1] 2026-03-11 09:09:35,941 DEBUG Enter >>> MspPlatform.WindowsService.ServiceThread..ctor("PmeServiceThread")
[1] 2026-03-11 09:09:35,950 DEBUG Exit  <<< MspPlatform.WindowsService.ServiceThread..ctor("PmeServiceThread")
[1] 2026-03-11 09:09:35,950 DEBUG Enter >>> MspPlatform.WindowsService.ServiceBaseWithThreads.Run("PME.Agent.PmeService", install)
[1] 2026-03-11 09:09:35,950 INFO  Run PME.Agent.PmeService(v2.13.11.5117) with parameters: [install]
[1] 2026-03-11 09:09:35,950 DEBUG Enter >>> MspPlatform.WindowsService.ServiceBaseWithThreads.ProcessCommandLine("PME.Agent.PmeService", install)
[1] 2026-03-11 09:09:35,950 DEBUG Enter >>> MspPlatform.WindowsService.ServiceBaseWithThreads.DoInstall("PME.Agent.PmeService", install)
[1] 2026-03-11 09:09:35,957 DEBUG Enter >>> MspPlatform.WindowsService.ServiceBaseWithThreads.GetLogPath
[1] 2026-03-11 09:09:35,957 DEBUG Exit  <<< MspPlatform.WindowsService.ServiceBaseWithThreads.GetLogPath, return "C:\ProgramData\MspPlatform\PME.Agent.PmeService\log"
[1] 2026-03-11 09:09:36,079 ERROR Install of service PME.Agent.PmeService got an error
System.InvalidOperationException: The installation failed, and the rollback has been performed. ---> System.ComponentModel.Win32Exception: The specified service already exists
   at System.ServiceProcess.ServiceInstaller.Install(IDictionary stateSaver)
   at System.Configuration.Install.Installer.Install(IDictionary stateSaver)
   at System.Configuration.Install.Installer.Install(IDictionary stateSaver)
   at System.Configuration.Install.AssemblyInstaller.Install(IDictionary savedState)
   at System.Configuration.Install.Installer.Install(IDictionary stateSaver)
   at System.Configuration.Install.TransactedInstaller.Install(IDictionary savedState)
   --- End of inner exception stack trace ---
   at System.Configuration.Install.ManagedInstallerClass.InstallHelper(String[] args)
   at MspPlatform.WindowsService.WindowsServiceHelper.Install(String[] args)
   at MspPlatform.WindowsService.ServiceBaseWithThreads.DoInstall(ServiceBaseWithThreads service, String[] args)
[1] 2026-03-11 09:09:36,086 DEBUG Exit  <<< MspPlatform.WindowsService.ServiceBaseWithThreads.DoInstall("PME.Agent.PmeService", install)
[1] 2026-03-11 09:09:36,086 DEBUG Exit  <<< MspPlatform.WindowsService.ServiceBaseWithThreads.ProcessCommandLine("PME.Agent.PmeService", install)
[1] 2026-03-11 09:09:36,086 DEBUG Exit  <<< MspPlatform.WindowsService.ServiceBaseWithThreads.Run("PME.Agent.PmeService", install)
[1] 2026-03-11 09:09:36,385 DEBUG Enter >>> MspPlatform.WindowsService.ServiceThread..ctor("PmeServiceThread")
[1] 2026-03-11 09:09:36,393 DEBUG Exit  <<< MspPlatform.WindowsService.ServiceThread..ctor("PmeServiceThread")
[1] 2026-03-11 09:09:36,393 DEBUG Enter >>> MspPlatform.WindowsService.ServiceBaseWithThreads.Run("PME.Agent.PmeService", )
[1] 2026-03-11 09:09:36,393 INFO  Run PME.Agent.PmeService(v2.13.11.5117) with parameters: []
[1] 2026-03-11 09:09:36,393 DEBUG Enter >>> MspPlatform.WindowsService.ServiceBaseWithThreads.RunService("PME.Agent.PmeService")
[5] 2026-03-11 09:09:36,393 DEBUG Enter >>> MspPlatform.WindowsService.ServiceBaseWithThreads.OnStart()
[5] 2026-03-11 09:09:36,393 INFO  Starting PME.Agent.PmeService service...
[5] 2026-03-11 09:09:36,393 DEBUG Enter >>> MspPlatform.WindowsService.ThreadManager..ctor("PME.Agent.PmeService")
[5] 2026-03-11 09:09:36,404 DEBUG Exit  <<< MspPlatform.WindowsService.ThreadManager..ctor("PME.Agent.PmeService")
[5] 2026-03-11 09:09:36,404 DEBUG Enter >>> MspPlatform.WindowsService.ThreadManager.Start()
[5] 2026-03-11 09:09:36,404 DEBUG Enter >>> MspPlatform.WindowsService.ThreadManager.WriteToEventLog("Service Starting...", Information)
[5] 2026-03-11 09:09:36,404 DEBUG Exit  <<< MspPlatform.WindowsService.ThreadManager.WriteToEventLog("Service Starting...", Information)
[5] 2026-03-11 09:09:36,404 DEBUG Exit  <<< MspPlatform.WindowsService.ThreadManager.Start()
[5] 2026-03-11 09:09:36,404 DEBUG Enter >>> MspPlatform.WindowsService.ServiceThread.Start()
[5] 2026-03-11 09:09:36,404 DEBUG Exit  <<< MspPlatform.WindowsService.ServiceThread.Start()
[5] 2026-03-11 09:09:36,404 DEBUG Exit  <<< MspPlatform.WindowsService.ServiceBaseWithThreads.OnStart()
[PmeServiceThread] 2026-03-11 09:09:36,404 DEBUG Enter >>> MspPlatform.WindowsService.ServiceThread.ThreadWrapper()
[PmeServiceThread] 2026-03-11 09:09:36,404 DEBUG Enter >>> MspPlatform.WindowsService.ThreadManager.AddThreadImp()
[PmeServiceThread] 2026-03-11 09:09:36,404 DEBUG Exit  <<< MspPlatform.WindowsService.ThreadManager.AddThreadImp()
[PmeServiceThread] 2026-03-11 09:09:36,404 DEBUG Enter >>> PmeServiceThread.ThreadMain()
[PmeServiceThread] 2026-03-11 09:09:36,436 DEBUG PmeServiceThread.CheckNcentralWuaTamperProofing => N-central Agent wasn't detected
[PmeServiceThread] 2026-03-11 09:09:36,436 OFF   PmeServiceThread.WuaTamperProofingCycle => Wua tamper proofing values: [PmeConfig=True/N-central config=True]
[PmeServiceThread] 2026-03-11 09:09:36,436 OFF   PmeServiceThread.RunWuaTamperProofing => start WUA tamper proofing
[PmeServiceThread] 2026-03-11 09:09:36,436 INFO  PmeServiceThread.WaitOrTerminateThread => WUA tamper proofing is currently running. Waiting for Stop...
[5] 2026-03-11 09:14:36,409 DEBUG PmeServiceThread.IsPatchManagementandMicrosoftPatchingEnabled => PatchConfig.xml wasn't found. Not allowing WUA tamper-proofing/WU Access check...
[5] 2026-03-11 09:14:36,410 WARN  OnProfileCheckTimer => Patch Management or Microsoft patching disabled or N-sight is being used. Skipping WU Access check.
[5] 2026-03-11 09:47:46,207 DEBUG PmeServiceThread.CheckNcentralWuaTamperProofing => N-central Agent wasn't detected
[5] 2026-03-11 09:47:46,207 OFF   PmeServiceThread.WuaTamperProofingCycle => Wua tamper proofing values: [PmeConfig=True/N-central config=True]
[5] 2026-03-11 09:47:46,207 OFF   PmeServiceThread.RunWuaTamperProofing => start WUA tamper proofing
[5] 2026-03-11 09:52:46,191 DEBUG PmeServiceThread.IsPatchManagementandMicrosoftPatchingEnabled => PatchConfig.xml wasn't found. Not allowing WUA tamper-proofing/WU Access check...
[5] 2026-03-11 09:52:46,191 WARN  OnProfileCheckTimer => Patch Management or Microsoft patching disabled or N-sight is being used. Skipping WU Access check.
[8] 2026-03-11 10:22:35,847 DEBUG PmeServiceThread.CheckNcentralWuaTamperProofing => N-central Agent wasn't detected
[8] 2026-03-11 10:22:35,847 OFF   PmeServiceThread.WuaTamperProofingCycle => Wua tamper proofing values: [PmeConfig=True/N-central config=True]
[8] 2026-03-11 10:22:35,847 OFF   PmeServiceThread.RunWuaTamperProofing => start WUA tamper proofing
[8] 2026-03-11 10:27:35,833 DEBUG PmeServiceThread.IsPatchManagementandMicrosoftPatchingEnabled => PatchConfig.xml wasn't found. Not allowing WUA tamper-proofing/WU Access check...
[8] 2026-03-11 10:27:35,833 WARN  OnProfileCheckTimer => Patch Management or Microsoft patching disabled or N-sight is being used. Skipping WU Access check.
[8] 2026-03-11 11:32:13,749 DEBUG PmeServiceThread.CheckNcentralWuaTamperProofing => N-central Agent wasn't detected
[8] 2026-03-11 11:32:13,750 OFF   PmeServiceThread.WuaTamperProofingCycle => Wua tamper proofing values: [PmeConfig=True/N-central config=True]
[8] 2026-03-11 11:32:13,750 OFF   PmeServiceThread.RunWuaTamperProofing => start WUA tamper proofing
[8] 2026-03-11 11:37:13,733 DEBUG PmeServiceThread.IsPatchManagementandMicrosoftPatchingEnabled => PatchConfig.xml wasn't found. Not allowing WUA tamper-proofing/WU Access check...
[8] 2026-03-11 11:37:13,733 WARN  OnProfileCheckTimer => Patch Management or Microsoft patching disabled or N-sight is being used. Skipping WU Access check.
[8] 2026-03-11 12:02:13,754 DEBUG PmeServiceThread.CheckNcentralWuaTamperProofing => N-central Agent wasn't detected
[8] 2026-03-11 12:02:13,754 OFF   PmeServiceThread.WuaTamperProofingCycle => Wua tamper proofing values: [PmeConfig=True/N-central config=True]
[8] 2026-03-11 12:02:13,754 OFF   PmeServiceThread.RunWuaTamperProofing => start WUA tamper proofing
[8] 2026-03-11 12:07:13,739 DEBUG PmeServiceThread.IsPatchManagementandMicrosoftPatchingEnabled => PatchConfig.xml wasn't found. Not allowing WUA tamper-proofing/WU Access check...
[8] 2026-03-11 12:07:13,739 WARN  OnProfileCheckTimer => Patch Management or Microsoft patching disabled or N-sight is being used. Skipping WU Access check.
[10] 2026-03-11 12:44:26,475 DEBUG PmeServiceThread.CheckNcentralWuaTamperProofing => N-central Agent wasn't detected
[10] 2026-03-11 12:44:26,476 OFF   PmeServiceThread.WuaTamperProofingCycle => Wua tamper proofing values: [PmeConfig=True/N-central config=True]
[10] 2026-03-11 12:44:26,476 OFF   PmeServiceThread.RunWuaTamperProofing => start WUA tamper proofing
[10] 2026-03-11 12:58:40,854 DEBUG PmeServiceThread.IsPatchManagementandMicrosoftPatchingEnabled => PatchConfig.xml wasn't found. Not allowing WUA tamper-proofing/WU Access check...
[10] 2026-03-11 12:58:40,854 WARN  OnProfileCheckTimer => Patch Management or Microsoft patching disabled or N-sight is being used. Skipping WU Access check.
[10] 2026-03-11 15:11:19,688 DEBUG PmeServiceThread.CheckNcentralWuaTamperProofing => N-central Agent wasn't detected
[10] 2026-03-11 15:11:19,689 OFF   PmeServiceThread.WuaTamperProofingCycle => Wua tamper proofing values: [PmeConfig=True/N-central config=True]
[10] 2026-03-11 15:11:19,689 OFF   PmeServiceThread.RunWuaTamperProofing => start WUA tamper proofing
[12] 2026-03-11 15:16:19,665 DEBUG PmeServiceThread.IsPatchManagementandMicrosoftPatchingEnabled => PatchConfig.xml wasn't found. Not allowing WUA tamper-proofing/WU Access check...
[12] 2026-03-11 15:16:19,665 WARN  OnProfileCheckTimer => Patch Management or Microsoft patching disabled or N-sight is being used. Skipping WU Access check.
[12] 2026-03-11 15:41:19,693 DEBUG PmeServiceThread.CheckNcentralWuaTamperProofing => N-central Agent wasn't detected
[12] 2026-03-11 15:41:19,693 OFF   PmeServiceThread.WuaTamperProofingCycle => Wua tamper proofing values: [PmeConfig=True/N-central config=True]
[12] 2026-03-11 15:41:19,693 OFF   PmeServiceThread.RunWuaTamperProofing => start WUA tamper proofing
[12] 2026-03-11 15:46:19,681 DEBUG PmeServiceThread.IsPatchManagementandMicrosoftPatchingEnabled => PatchConfig.xml wasn't found. Not allowing WUA tamper-proofing/WU Access check...
[12] 2026-03-11 15:46:19,683 WARN  OnProfileCheckTimer => Patch Management or Microsoft patching disabled or N-sight is being used. Skipping WU Access check.
[12] 2026-03-12 09:49:46,985 DEBUG PmeServiceThread.CheckNcentralWuaTamperProofing => N-central Agent wasn't detected
[12] 2026-03-12 09:49:46,991 OFF   PmeServiceThread.WuaTamperProofingCycle => Wua tamper proofing values: [PmeConfig=True/N-central config=True]
[12] 2026-03-12 09:49:46,991 OFF   PmeServiceThread.RunWuaTamperProofing => start WUA tamper proofing
[12] 2026-03-12 10:06:30,834 DEBUG PmeServiceThread.IsPatchManagementandMicrosoftPatchingEnabled => PatchConfig.xml wasn't found. Not allowing WUA tamper-proofing/WU Access check...
[12] 2026-03-12 10:06:30,834 WARN  OnProfileCheckTimer => Patch Management or Microsoft patching disabled or N-sight is being used. Skipping WU Access check.
[12] 2026-03-12 10:31:30,862 DEBUG PmeServiceThread.CheckNcentralWuaTamperProofing => N-central Agent wasn't detected
[12] 2026-03-12 10:31:30,862 OFF   PmeServiceThread.WuaTamperProofingCycle => Wua tamper proofing values: [PmeConfig=True/N-central config=True]
[12] 2026-03-12 10:31:30,862 OFF   PmeServiceThread.RunWuaTamperProofing => start WUA tamper proofing
[12] 2026-03-12 10:36:30,846 DEBUG PmeServiceThread.IsPatchManagementandMicrosoftPatchingEnabled => PatchConfig.xml wasn't found. Not allowing WUA tamper-proofing/WU Access check...
[12] 2026-03-12 10:36:30,846 WARN  OnProfileCheckTimer => Patch Management or Microsoft patching disabled or N-sight is being used. Skipping WU Access check.
[12] 2026-03-12 11:04:44,132 DEBUG PmeServiceThread.CheckNcentralWuaTamperProofing => N-central Agent wasn't detected
[12] 2026-03-12 11:04:44,132 OFF   PmeServiceThread.WuaTamperProofingCycle => Wua tamper proofing values: [PmeConfig=True/N-central config=True]
[12] 2026-03-12 11:04:44,132 OFF   PmeServiceThread.RunWuaTamperProofing => start WUA tamper proofing
[12] 2026-03-12 11:09:44,119 DEBUG PmeServiceThread.IsPatchManagementandMicrosoftPatchingEnabled => PatchConfig.xml wasn't found. Not allowing WUA tamper-proofing/WU Access check...
[12] 2026-03-12 11:09:44,120 WARN  OnProfileCheckTimer => Patch Management or Microsoft patching disabled or N-sight is being used. Skipping WU Access check.
[12] 2026-03-12 11:37:16,381 DEBUG PmeServiceThread.CheckNcentralWuaTamperProofing => N-central Agent wasn't detected
[12] 2026-03-12 11:37:16,381 OFF   PmeServiceThread.WuaTamperProofingCycle => Wua tamper proofing values: [PmeConfig=True/N-central config=True]
[12] 2026-03-12 11:37:16,381 OFF   PmeServiceThread.RunWuaTamperProofing => start WUA tamper proofing
[12] 2026-03-12 11:42:16,371 DEBUG PmeServiceThread.IsPatchManagementandMicrosoftPatchingEnabled => PatchConfig.xml wasn't found. Not allowing WUA tamper-proofing/WU Access check...
[12] 2026-03-12 11:42:16,371 WARN  OnProfileCheckTimer => Patch Management or Microsoft patching disabled or N-sight is being used. Skipping WU Access check.
[12] 2026-03-12 12:07:16,391 DEBUG PmeServiceThread.CheckNcentralWuaTamperProofing => N-central Agent wasn't detected
[12] 2026-03-12 12:07:16,391 OFF   PmeServiceThread.WuaTamperProofingCycle => Wua tamper proofing values: [PmeConfig=True/N-central config=True]
[12] 2026-03-12 12:07:16,391 OFF   PmeServiceThread.RunWuaTamperProofing => start WUA tamper proofing
[12] 2026-03-12 12:12:16,385 DEBUG PmeServiceThread.IsPatchManagementandMicrosoftPatchingEnabled => PatchConfig.xml wasn't found. Not allowing WUA tamper-proofing/WU Access check...
[12] 2026-03-12 12:12:16,385 WARN  OnProfileCheckTimer => Patch Management or Microsoft patching disabled or N-sight is being used. Skipping WU Access check.
[12] 2026-03-12 13:58:45,258 DEBUG PmeServiceThread.CheckNcentralWuaTamperProofing => N-central Agent wasn't detected
[12] 2026-03-12 13:58:45,258 OFF   PmeServiceThread.WuaTamperProofingCycle => Wua tamper proofing values: [PmeConfig=True/N-central config=True]
[12] 2026-03-12 13:58:45,258 OFF   PmeServiceThread.RunWuaTamperProofing => start WUA tamper proofing
[12] 2026-03-12 14:03:45,255 DEBUG PmeServiceThread.IsPatchManagementandMicrosoftPatchingEnabled => PatchConfig.xml wasn't found. Not allowing WUA tamper-proofing/WU Access check...
[12] 2026-03-12 14:03:45,255 WARN  OnProfileCheckTimer => Patch Management or Microsoft patching disabled or N-sight is being used. Skipping WU Access check.
[12] 2026-03-12 14:28:45,260 DEBUG PmeServiceThread.CheckNcentralWuaTamperProofing => N-central Agent wasn't detected
[12] 2026-03-12 14:28:45,260 OFF   PmeServiceThread.WuaTamperProofingCycle => Wua tamper proofing values: [PmeConfig=True/N-central config=True]
[12] 2026-03-12 14:28:45,260 OFF   PmeServiceThread.RunWuaTamperProofing => start WUA tamper proofing
[12] 2026-03-12 14:33:45,261 DEBUG PmeServiceThread.IsPatchManagementandMicrosoftPatchingEnabled => PatchConfig.xml wasn't found. Not allowing WUA tamper-proofing/WU Access check...
[12] 2026-03-12 14:33:45,261 WARN  OnProfileCheckTimer => Patch Management or Microsoft patching disabled or N-sight is being used. Skipping WU Access check.
[12] 2026-03-12 14:58:43,091 DEBUG PmeServiceThread.CheckNcentralWuaTamperProofing => N-central Agent wasn't detected
[12] 2026-03-12 14:58:43,091 OFF   PmeServiceThread.WuaTamperProofingCycle => Wua tamper proofing values: [PmeConfig=True/N-central config=True]
[12] 2026-03-12 14:58:43,091 OFF   PmeServiceThread.RunWuaTamperProofing => start WUA tamper proofing
[12] 2026-03-12 15:03:43,094 DEBUG PmeServiceThread.IsPatchManagementandMicrosoftPatchingEnabled => PatchConfig.xml wasn't found. Not allowing WUA tamper-proofing/WU Access check...
[12] 2026-03-12 15:03:43,094 WARN  OnProfileCheckTimer => Patch Management or Microsoft patching disabled or N-sight is being used. Skipping WU Access check.
[12] 2026-03-12 15:33:34,891 DEBUG PmeServiceThread.CheckNcentralWuaTamperProofing => N-central Agent wasn't detected
[12] 2026-03-12 15:33:34,891 OFF   PmeServiceThread.WuaTamperProofingCycle => Wua tamper proofing values: [PmeConfig=True/N-central config=True]
[12] 2026-03-12 15:33:34,891 OFF   PmeServiceThread.RunWuaTamperProofing => start WUA tamper proofing
[12] 2026-03-12 15:38:34,891 DEBUG PmeServiceThread.IsPatchManagementandMicrosoftPatchingEnabled => PatchConfig.xml wasn't found. Not allowing WUA tamper-proofing/WU Access check...
[12] 2026-03-12 15:38:34,891 WARN  OnProfileCheckTimer => Patch Management or Microsoft patching disabled or N-sight is being used. Skipping WU Access check.
[12] 2026-03-12 16:05:16,966 DEBUG PmeServiceThread.CheckNcentralWuaTamperProofing => N-central Agent wasn't detected
[12] 2026-03-12 16:05:16,966 OFF   PmeServiceThread.WuaTamperProofingCycle => Wua tamper proofing values: [PmeConfig=True/N-central config=True]
[12] 2026-03-12 16:05:16,967 OFF   PmeServiceThread.RunWuaTamperProofing => start WUA tamper proofing
[12] 2026-03-12 16:10:16,970 DEBUG PmeServiceThread.IsPatchManagementandMicrosoftPatchingEnabled => PatchConfig.xml wasn't found. Not allowing WUA tamper-proofing/WU Access check...
[12] 2026-03-12 16:10:16,970 WARN  OnProfileCheckTimer => Patch Management or Microsoft patching disabled or N-sight is being used. Skipping WU Access check.
[12] 2026-03-12 16:41:57,227 DEBUG PmeServiceThread.CheckNcentralWuaTamperProofing => N-central Agent wasn't detected
[12] 2026-03-12 16:41:57,227 OFF   PmeServiceThread.WuaTamperProofingCycle => Wua tamper proofing values: [PmeConfig=True/N-central config=True]
[12] 2026-03-12 16:41:57,227 OFF   PmeServiceThread.RunWuaTamperProofing => start WUA tamper proofing
[12] 2026-03-12 16:46:57,209 DEBUG PmeServiceThread.IsPatchManagementandMicrosoftPatchingEnabled => PatchConfig.xml wasn't found. Not allowing WUA tamper-proofing/WU Access check...
[12] 2026-03-12 16:46:57,210 WARN  OnProfileCheckTimer => Patch Management or Microsoft patching disabled or N-sight is being used. Skipping WU Access check.
[12] 2026-03-15 09:53:56,435 DEBUG PmeServiceThread.CheckNcentralWuaTamperProofing => N-central Agent wasn't detected
[12] 2026-03-15 09:53:56,435 OFF   PmeServiceThread.WuaTamperProofingCycle => Wua tamper proofing values: [PmeConfig=True/N-central config=True]
[12] 2026-03-15 09:53:56,435 OFF   PmeServiceThread.RunWuaTamperProofing => start WUA tamper proofing
[10] 2026-03-15 09:58:56,425 DEBUG PmeServiceThread.IsPatchManagementandMicrosoftPatchingEnabled => PatchConfig.xml wasn't found. Not allowing WUA tamper-proofing/WU Access check...
[10] 2026-03-15 09:58:56,425 WARN  OnProfileCheckTimer => Patch Management or Microsoft patching disabled or N-sight is being used. Skipping WU Access check.
[10] 2026-03-15 10:23:56,455 DEBUG PmeServiceThread.CheckNcentralWuaTamperProofing => N-central Agent wasn't detected
[10] 2026-03-15 10:23:56,455 OFF   PmeServiceThread.WuaTamperProofingCycle => Wua tamper proofing values: [PmeConfig=True/N-central config=True]
[10] 2026-03-15 10:23:56,455 OFF   PmeServiceThread.RunWuaTamperProofing => start WUA tamper proofing
[10] 2026-03-15 10:28:56,447 DEBUG PmeServiceThread.IsPatchManagementandMicrosoftPatchingEnabled => PatchConfig.xml wasn't found. Not allowing WUA tamper-proofing/WU Access check...
[10] 2026-03-15 10:28:56,449 WARN  OnProfileCheckTimer => Patch Management or Microsoft patching disabled or N-sight is being used. Skipping WU Access check.
[8] 2026-03-15 10:53:56,447 DEBUG PmeServiceThread.CheckNcentralWuaTamperProofing => N-central Agent wasn't detected
[8] 2026-03-15 10:53:56,448 OFF   PmeServiceThread.WuaTamperProofingCycle => Wua tamper proofing values: [PmeConfig=True/N-central config=True]
[8] 2026-03-15 10:53:56,448 OFF   PmeServiceThread.RunWuaTamperProofing => start WUA tamper proofing
[8] 2026-03-15 10:58:56,450 DEBUG PmeServiceThread.IsPatchManagementandMicrosoftPatchingEnabled => PatchConfig.xml wasn't found. Not allowing WUA tamper-proofing/WU Access check...
[8] 2026-03-15 10:58:56,451 WARN  OnProfileCheckTimer => Patch Management or Microsoft patching disabled or N-sight is being used. Skipping WU Access check.
[8] 2026-03-15 11:24:17,271 DEBUG PmeServiceThread.CheckNcentralWuaTamperProofing => N-central Agent wasn't detected
[8] 2026-03-15 11:24:17,271 OFF   PmeServiceThread.WuaTamperProofingCycle => Wua tamper proofing values: [PmeConfig=True/N-central config=True]
[8] 2026-03-15 11:24:17,271 OFF   PmeServiceThread.RunWuaTamperProofing => start WUA tamper proofing
[8] 2026-03-15 11:29:17,271 DEBUG PmeServiceThread.IsPatchManagementandMicrosoftPatchingEnabled => PatchConfig.xml wasn't found. Not allowing WUA tamper-proofing/WU Access check...
[8] 2026-03-15 11:29:17,271 WARN  OnProfileCheckTimer => Patch Management or Microsoft patching disabled or N-sight is being used. Skipping WU Access check.
[8] 2026-03-15 11:54:17,276 DEBUG PmeServiceThread.CheckNcentralWuaTamperProofing => N-central Agent wasn't detected
[8] 2026-03-15 11:54:17,278 OFF   PmeServiceThread.WuaTamperProofingCycle => Wua tamper proofing values: [PmeConfig=True/N-central config=True]
[8] 2026-03-15 11:54:17,278 OFF   PmeServiceThread.RunWuaTamperProofing => start WUA tamper proofing
[8] 2026-03-15 12:04:07,788 DEBUG PmeServiceThread.IsPatchManagementandMicrosoftPatchingEnabled => PatchConfig.xml wasn't found. Not allowing WUA tamper-proofing/WU Access check...
[8] 2026-03-15 12:04:07,788 WARN  OnProfileCheckTimer => Patch Management or Microsoft patching disabled or N-sight is being used. Skipping WU Access check.
[8] 2026-03-15 12:29:07,797 DEBUG PmeServiceThread.CheckNcentralWuaTamperProofing => N-central Agent wasn't detected
[8] 2026-03-15 12:29:07,797 OFF   PmeServiceThread.WuaTamperProofingCycle => Wua tamper proofing values: [PmeConfig=True/N-central config=True]
[8] 2026-03-15 12:29:07,797 OFF   PmeServiceThread.RunWuaTamperProofing => start WUA tamper proofing
[8] 2026-03-15 12:34:07,798 DEBUG PmeServiceThread.IsPatchManagementandMicrosoftPatchingEnabled => PatchConfig.xml wasn't found. Not allowing WUA tamper-proofing/WU Access check...
[8] 2026-03-15 12:34:07,798 WARN  OnProfileCheckTimer => Patch Management or Microsoft patching disabled or N-sight is being used. Skipping WU Access check.
[8] 2026-03-15 13:10:25,273 DEBUG PmeServiceThread.CheckNcentralWuaTamperProofing => N-central Agent wasn't detected
[8] 2026-03-15 13:10:25,275 OFF   PmeServiceThread.WuaTamperProofingCycle => Wua tamper proofing values: [PmeConfig=True/N-central config=True]
[8] 2026-03-15 13:10:25,275 OFF   PmeServiceThread.RunWuaTamperProofing => start WUA tamper proofing
[8] 2026-03-15 13:56:48,544 DEBUG PmeServiceThread.IsPatchManagementandMicrosoftPatchingEnabled => PatchConfig.xml wasn't found. Not allowing WUA tamper-proofing/WU Access check...
[8] 2026-03-15 13:56:48,544 WARN  OnProfileCheckTimer => Patch Management or Microsoft patching disabled or N-sight is being used. Skipping WU Access check.
[8] 2026-03-15 14:42:03,488 DEBUG PmeServiceThread.CheckNcentralWuaTamperProofing => N-central Agent wasn't detected
[8] 2026-03-15 14:42:03,489 OFF   PmeServiceThread.WuaTamperProofingCycle => Wua tamper proofing values: [PmeConfig=True/N-central config=True]
[8] 2026-03-15 14:42:03,489 OFF   PmeServiceThread.RunWuaTamperProofing => start WUA tamper proofing
[8] 2026-03-15 14:47:03,497 DEBUG PmeServiceThread.IsPatchManagementandMicrosoftPatchingEnabled => PatchConfig.xml wasn't found. Not allowing WUA tamper-proofing/WU Access check...
[8] 2026-03-15 14:47:03,497 WARN  OnProfileCheckTimer => Patch Management or Microsoft patching disabled or N-sight is being used. Skipping WU Access check.
[8] 2026-03-15 15:19:31,442 DEBUG PmeServiceThread.CheckNcentralWuaTamperProofing => N-central Agent wasn't detected
[8] 2026-03-15 15:19:31,442 OFF   PmeServiceThread.WuaTamperProofingCycle => Wua tamper proofing values: [PmeConfig=True/N-central config=True]
[8] 2026-03-15 15:19:31,442 OFF   PmeServiceThread.RunWuaTamperProofing => start WUA tamper proofing
[8] 2026-03-15 15:24:31,451 DEBUG PmeServiceThread.IsPatchManagementandMicrosoftPatchingEnabled => PatchConfig.xml wasn't found. Not allowing WUA tamper-proofing/WU Access check...
[8] 2026-03-15 15:24:31,452 WARN  OnProfileCheckTimer => Patch Management or Microsoft patching disabled or N-sight is being used. Skipping WU Access check.
[8] 2026-03-15 16:18:42,972 DEBUG PmeServiceThread.CheckNcentralWuaTamperProofing => N-central Agent wasn't detected
[8] 2026-03-15 16:18:42,973 OFF   PmeServiceThread.WuaTamperProofingCycle => Wua tamper proofing values: [PmeConfig=True/N-central config=True]
[8] 2026-03-15 16:18:42,973 OFF   PmeServiceThread.RunWuaTamperProofing => start WUA tamper proofing
[8] 2026-03-15 16:23:42,978 DEBUG PmeServiceThread.IsPatchManagementandMicrosoftPatchingEnabled => PatchConfig.xml wasn't found. Not allowing WUA tamper-proofing/WU Access check...
[8] 2026-03-15 16:23:42,979 WARN  OnProfileCheckTimer => Patch Management or Microsoft patching disabled or N-sight is being used. Skipping WU Access check.
[8] 2026-03-16 06:48:28,117 DEBUG PmeServiceThread.CheckNcentralWuaTamperProofing => N-central Agent wasn't detected
[8] 2026-03-16 06:48:28,118 OFF   PmeServiceThread.WuaTamperProofingCycle => Wua tamper proofing values: [PmeConfig=True/N-central config=True]
[8] 2026-03-16 06:48:28,120 OFF   PmeServiceThread.RunWuaTamperProofing => start WUA tamper proofing
[8] 2026-03-16 09:10:25,642 DEBUG PmeServiceThread.IsPatchManagementandMicrosoftPatchingEnabled => PatchConfig.xml wasn't found. Not allowing WUA tamper-proofing/WU Access check...
[8] 2026-03-16 09:10:25,646 WARN  OnProfileCheckTimer => Patch Management or Microsoft patching disabled or N-sight is being used. Skipping WU Access check.
[9] 2026-03-16 09:38:38,703 DEBUG PmeServiceThread.CheckNcentralWuaTamperProofing => N-central Agent wasn't detected
[9] 2026-03-16 09:38:38,704 OFF   PmeServiceThread.WuaTamperProofingCycle => Wua tamper proofing values: [PmeConfig=True/N-central config=True]
[9] 2026-03-16 09:38:38,704 OFF   PmeServiceThread.RunWuaTamperProofing => start WUA tamper proofing
[9] 2026-03-16 09:43:38,712 DEBUG PmeServiceThread.IsPatchManagementandMicrosoftPatchingEnabled => PatchConfig.xml wasn't found. Not allowing WUA tamper-proofing/WU Access check...
[9] 2026-03-16 09:43:38,712 WARN  OnProfileCheckTimer => Patch Management or Microsoft patching disabled or N-sight is being used. Skipping WU Access check.
[9] 2026-03-16 10:10:32,445 DEBUG PmeServiceThread.CheckNcentralWuaTamperProofing => N-central Agent wasn't detected
[9] 2026-03-16 10:10:32,446 OFF   PmeServiceThread.WuaTamperProofingCycle => Wua tamper proofing values: [PmeConfig=True/N-central config=True]
[9] 2026-03-16 10:10:32,446 OFF   PmeServiceThread.RunWuaTamperProofing => start WUA tamper proofing
[9] 2026-03-16 10:18:30,226 DEBUG PmeServiceThread.IsPatchManagementandMicrosoftPatchingEnabled => PatchConfig.xml wasn't found. Not allowing WUA tamper-proofing/WU Access check...
[9] 2026-03-16 10:18:30,228 WARN  OnProfileCheckTimer => Patch Management or Microsoft patching disabled or N-sight is being used. Skipping WU Access check.
[9] 2026-03-16 10:45:55,858 DEBUG PmeServiceThread.CheckNcentralWuaTamperProofing => N-central Agent wasn't detected
[9] 2026-03-16 10:45:55,858 OFF   PmeServiceThread.WuaTamperProofingCycle => Wua tamper proofing values: [PmeConfig=True/N-central config=True]
[9] 2026-03-16 10:45:55,859 OFF   PmeServiceThread.RunWuaTamperProofing => start WUA tamper proofing
[9] 2026-03-16 10:50:55,876 DEBUG PmeServiceThread.IsPatchManagementandMicrosoftPatchingEnabled => PatchConfig.xml wasn't found. Not allowing WUA tamper-proofing/WU Access check...
[9] 2026-03-16 10:50:55,877 WARN  OnProfileCheckTimer => Patch Management or Microsoft patching disabled or N-sight is being used. Skipping WU Access check.
[9] 2026-03-16 12:04:52,715 DEBUG PmeServiceThread.CheckNcentralWuaTamperProofing => N-central Agent wasn't detected
[9] 2026-03-16 12:04:52,716 OFF   PmeServiceThread.WuaTamperProofingCycle => Wua tamper proofing values: [PmeConfig=True/N-central config=True]
[9] 2026-03-16 12:04:52,716 OFF   PmeServiceThread.RunWuaTamperProofing => start WUA tamper proofing
[9] 2026-03-16 12:09:52,727 DEBUG PmeServiceThread.IsPatchManagementandMicrosoftPatchingEnabled => PatchConfig.xml wasn't found. Not allowing WUA tamper-proofing/WU Access check...
[9] 2026-03-16 12:09:52,728 WARN  OnProfileCheckTimer => Patch Management or Microsoft patching disabled or N-sight is being used. Skipping WU Access check.
[9] 2026-03-16 12:39:59,009 DEBUG PmeServiceThread.CheckNcentralWuaTamperProofing => N-central Agent wasn't detected
[9] 2026-03-16 12:39:59,011 OFF   PmeServiceThread.WuaTamperProofingCycle => Wua tamper proofing values: [PmeConfig=True/N-central config=True]
[9] 2026-03-16 12:39:59,011 OFF   PmeServiceThread.RunWuaTamperProofing => start WUA tamper proofing
[9] 2026-03-16 13:18:43,743 DEBUG PmeServiceThread.IsPatchManagementandMicrosoftPatchingEnabled => PatchConfig.xml wasn't found. Not allowing WUA tamper-proofing/WU Access check...
[9] 2026-03-16 13:18:43,743 WARN  OnProfileCheckTimer => Patch Management or Microsoft patching disabled or N-sight is being used. Skipping WU Access check.
[9] 2026-03-16 13:43:43,760 DEBUG PmeServiceThread.CheckNcentralWuaTamperProofing => N-central Agent wasn't detected
[9] 2026-03-16 13:43:43,761 OFF   PmeServiceThread.WuaTamperProofingCycle => Wua tamper proofing values: [PmeConfig=True/N-central config=True]
[9] 2026-03-16 13:43:43,761 OFF   PmeServiceThread.RunWuaTamperProofing => start WUA tamper proofing
[9] 2026-03-16 13:48:43,745 DEBUG PmeServiceThread.IsPatchManagementandMicrosoftPatchingEnabled => PatchConfig.xml wasn't found. Not allowing WUA tamper-proofing/WU Access check...
[9] 2026-03-16 13:48:43,746 WARN  OnProfileCheckTimer => Patch Management or Microsoft patching disabled or N-sight is being used. Skipping WU Access check.
[9] 2026-03-16 14:13:43,773 DEBUG PmeServiceThread.CheckNcentralWuaTamperProofing => N-central Agent wasn't detected
[9] 2026-03-16 14:13:43,774 OFF   PmeServiceThread.WuaTamperProofingCycle => Wua tamper proofing values: [PmeConfig=True/N-central config=True]
[9] 2026-03-16 14:13:43,774 OFF   PmeServiceThread.RunWuaTamperProofing => start WUA tamper proofing
[9] 2026-03-16 14:18:43,754 DEBUG PmeServiceThread.IsPatchManagementandMicrosoftPatchingEnabled => PatchConfig.xml wasn't found. Not allowing WUA tamper-proofing/WU Access check...
[9] 2026-03-16 14:18:43,755 WARN  OnProfileCheckTimer => Patch Management or Microsoft patching disabled or N-sight is being used. Skipping WU Access check.
[9] 2026-03-16 14:48:28,094 DEBUG PmeServiceThread.CheckNcentralWuaTamperProofing => N-central Agent wasn't detected
[9] 2026-03-16 14:48:28,095 OFF   PmeServiceThread.WuaTamperProofingCycle => Wua tamper proofing values: [PmeConfig=True/N-central config=True]
[9] 2026-03-16 14:48:28,096 OFF   PmeServiceThread.RunWuaTamperProofing => start WUA tamper proofing
[9] 2026-03-16 14:53:28,062 DEBUG PmeServiceThread.IsPatchManagementandMicrosoftPatchingEnabled => PatchConfig.xml wasn't found. Not allowing WUA tamper-proofing/WU Access check...
[9] 2026-03-16 14:53:28,063 WARN  OnProfileCheckTimer => Patch Management or Microsoft patching disabled or N-sight is being used. Skipping WU Access check.
[9] 2026-03-16 15:18:28,106 DEBUG PmeServiceThread.CheckNcentralWuaTamperProofing => N-central Agent wasn't detected
[9] 2026-03-16 15:18:28,107 OFF   PmeServiceThread.WuaTamperProofingCycle => Wua tamper proofing values: [PmeConfig=True/N-central config=True]
[9] 2026-03-16 15:18:28,107 OFF   PmeServiceThread.RunWuaTamperProofing => start WUA tamper proofing
[9] 2026-03-16 15:23:28,078 DEBUG PmeServiceThread.IsPatchManagementandMicrosoftPatchingEnabled => PatchConfig.xml wasn't found. Not allowing WUA tamper-proofing/WU Access check...
[9] 2026-03-16 15:23:28,079 WARN  OnProfileCheckTimer => Patch Management or Microsoft patching disabled or N-sight is being used. Skipping WU Access check.
[9] 2026-03-16 15:48:28,117 DEBUG PmeServiceThread.CheckNcentralWuaTamperProofing => N-central Agent wasn't detected
[9] 2026-03-16 15:48:28,118 OFF   PmeServiceThread.WuaTamperProofingCycle => Wua tamper proofing values: [PmeConfig=True/N-central config=True]
[9] 2026-03-16 15:48:28,118 OFF   PmeServiceThread.RunWuaTamperProofing => start WUA tamper proofing
[9] 2026-03-16 15:53:28,091 DEBUG PmeServiceThread.IsPatchManagementandMicrosoftPatchingEnabled => PatchConfig.xml wasn't found. Not allowing WUA tamper-proofing/WU Access check...
[9] 2026-03-16 15:53:28,092 WARN  OnProfileCheckTimer => Patch Management or Microsoft patching disabled or N-sight is being used. Skipping WU Access check.
[9] 2026-03-16 20:37:19,865 DEBUG PmeServiceThread.CheckNcentralWuaTamperProofing => N-central Agent wasn't detected
[9] 2026-03-16 20:37:19,866 OFF   PmeServiceThread.WuaTamperProofingCycle => Wua tamper proofing values: [PmeConfig=True/N-central config=True]
[9] 2026-03-16 20:37:19,867 OFF   PmeServiceThread.RunWuaTamperProofing => start WUA tamper proofing
[9] 2026-03-16 22:35:49,397 DEBUG PmeServiceThread.IsPatchManagementandMicrosoftPatchingEnabled => PatchConfig.xml wasn't found. Not allowing WUA tamper-proofing/WU Access check...
[9] 2026-03-16 22:35:49,399 WARN  OnProfileCheckTimer => Patch Management or Microsoft patching disabled or N-sight is being used. Skipping WU Access check.
[9] 2026-03-17 09:27:20,448 DEBUG PmeServiceThread.CheckNcentralWuaTamperProofing => N-central Agent wasn't detected
[9] 2026-03-17 09:27:20,449 OFF   PmeServiceThread.WuaTamperProofingCycle => Wua tamper proofing values: [PmeConfig=True/N-central config=True]
[9] 2026-03-17 09:27:20,449 OFF   PmeServiceThread.RunWuaTamperProofing => start WUA tamper proofing
[9] 2026-03-17 10:38:32,592 DEBUG PmeServiceThread.IsPatchManagementandMicrosoftPatchingEnabled => PatchConfig.xml wasn't found. Not allowing WUA tamper-proofing/WU Access check...
[9] 2026-03-17 10:38:32,592 WARN  OnProfileCheckTimer => Patch Management or Microsoft patching disabled or N-sight is being used. Skipping WU Access check.
[9] 2026-03-17 14:33:39,384 DEBUG PmeServiceThread.CheckNcentralWuaTamperProofing => N-central Agent wasn't detected
[9] 2026-03-17 14:33:39,384 OFF   PmeServiceThread.WuaTamperProofingCycle => Wua tamper proofing values: [PmeConfig=True/N-central config=True]
[9] 2026-03-17 14:33:39,387 OFF   PmeServiceThread.RunWuaTamperProofing => start WUA tamper proofing
[9] 2026-03-19 09:40:45,182 DEBUG PmeServiceThread.IsPatchManagementandMicrosoftPatchingEnabled => PatchConfig.xml wasn't found. Not allowing WUA tamper-proofing/WU Access check...
[9] 2026-03-19 09:40:45,183 WARN  OnProfileCheckTimer => Patch Management or Microsoft patching disabled or N-sight is being used. Skipping WU Access check.
[8] 2026-03-25 09:56:19,110 DEBUG PmeServiceThread.CheckNcentralWuaTamperProofing => N-central Agent wasn't detected
[8] 2026-03-25 09:56:19,112 OFF   PmeServiceThread.WuaTamperProofingCycle => Wua tamper proofing values: [PmeConfig=True/N-central config=True]
[8] 2026-03-25 09:56:19,113 OFF   PmeServiceThread.RunWuaTamperProofing => start WUA tamper proofing
[8] 2026-03-25 14:30:23,463 DEBUG PmeServiceThread.IsPatchManagementandMicrosoftPatchingEnabled => PatchConfig.xml wasn't found. Not allowing WUA tamper-proofing/WU Access check...
[8] 2026-03-25 14:30:23,464 WARN  OnProfileCheckTimer => Patch Management or Microsoft patching disabled or N-sight is being used. Skipping WU Access check.
[6] 2026-03-25 16:33:38,220 DEBUG PmeServiceThread.CheckNcentralWuaTamperProofing => N-central Agent wasn't detected
[6] 2026-03-25 16:33:38,221 OFF   PmeServiceThread.WuaTamperProofingCycle => Wua tamper proofing values: [PmeConfig=True/N-central config=True]
[6] 2026-03-25 16:33:38,222 OFF   PmeServiceThread.RunWuaTamperProofing => start WUA tamper proofing
[6] 2026-03-25 16:38:38,227 DEBUG PmeServiceThread.IsPatchManagementandMicrosoftPatchingEnabled => PatchConfig.xml wasn't found. Not allowing WUA tamper-proofing/WU Access check...
[6] 2026-03-25 16:38:38,228 WARN  OnProfileCheckTimer => Patch Management or Microsoft patching disabled or N-sight is being used. Skipping WU Access check.
[13] 2026-03-25 18:51:55,667 DEBUG PmeServiceThread.CheckNcentralWuaTamperProofing => N-central Agent wasn't detected
[13] 2026-03-25 18:51:55,668 OFF   PmeServiceThread.WuaTamperProofingCycle => Wua tamper proofing values: [PmeConfig=True/N-central config=True]
[13] 2026-03-25 18:51:55,669 OFF   PmeServiceThread.RunWuaTamperProofing => start WUA tamper proofing
[14] 2026-03-26 09:07:49,079 DEBUG PmeServiceThread.IsPatchManagementandMicrosoftPatchingEnabled => PatchConfig.xml wasn't found. Not allowing WUA tamper-proofing/WU Access check...
[14] 2026-03-26 09:07:49,080 WARN  OnProfileCheckTimer => Patch Management or Microsoft patching disabled or N-sight is being used. Skipping WU Access check.
[15] 2026-03-26 09:32:49,090 DEBUG PmeServiceThread.CheckNcentralWuaTamperProofing => N-central Agent wasn't detected
[15] 2026-03-26 09:32:49,092 OFF   PmeServiceThread.WuaTamperProofingCycle => Wua tamper proofing values: [PmeConfig=True/N-central config=True]
[15] 2026-03-26 09:32:49,093 OFF   PmeServiceThread.RunWuaTamperProofing => start WUA tamper proofing
[15] 2026-03-26 09:37:49,083 DEBUG PmeServiceThread.IsPatchManagementandMicrosoftPatchingEnabled => PatchConfig.xml wasn't found. Not allowing WUA tamper-proofing/WU Access check...
[15] 2026-03-26 09:37:49,084 WARN  OnProfileCheckTimer => Patch Management or Microsoft patching disabled or N-sight is being used. Skipping WU Access check.
[17] 2026-03-26 10:09:03,808 DEBUG PmeServiceThread.CheckNcentralWuaTamperProofing => N-central Agent wasn't detected
[17] 2026-03-26 10:09:03,808 OFF   PmeServiceThread.WuaTamperProofingCycle => Wua tamper proofing values: [PmeConfig=True/N-central config=True]
[17] 2026-03-26 10:09:03,809 OFF   PmeServiceThread.RunWuaTamperProofing => start WUA tamper proofing
[17] 2026-03-26 10:14:03,807 DEBUG PmeServiceThread.IsPatchManagementandMicrosoftPatchingEnabled => PatchConfig.xml wasn't found. Not allowing WUA tamper-proofing/WU Access check...
[17] 2026-03-26 10:14:03,808 WARN  OnProfileCheckTimer => Patch Management or Microsoft patching disabled or N-sight is being used. Skipping WU Access check.
[17] 2026-03-26 10:39:03,822 DEBUG PmeServiceThread.CheckNcentralWuaTamperProofing => N-central Agent wasn't detected
[17] 2026-03-26 10:39:03,822 OFF   PmeServiceThread.WuaTamperProofingCycle => Wua tamper proofing values: [PmeConfig=True/N-central config=True]
[17] 2026-03-26 10:39:03,822 OFF   PmeServiceThread.RunWuaTamperProofing => start WUA tamper proofing
[17] 2026-03-26 10:44:03,824 DEBUG PmeServiceThread.IsPatchManagementandMicrosoftPatchingEnabled => PatchConfig.xml wasn't found. Not allowing WUA tamper-proofing/WU Access check...
[17] 2026-03-26 10:44:03,825 WARN  OnProfileCheckTimer => Patch Management or Microsoft patching disabled or N-sight is being used. Skipping WU Access check.
[17] 2026-03-26 11:09:03,827 DEBUG PmeServiceThread.CheckNcentralWuaTamperProofing => N-central Agent wasn't detected
[17] 2026-03-26 11:09:03,827 OFF   PmeServiceThread.WuaTamperProofingCycle => Wua tamper proofing values: [PmeConfig=True/N-central config=True]
[17] 2026-03-26 11:09:03,827 OFF   PmeServiceThread.RunWuaTamperProofing => start WUA tamper proofing
[17] 2026-03-26 11:14:03,829 DEBUG PmeServiceThread.IsPatchManagementandMicrosoftPatchingEnabled => PatchConfig.xml wasn't found. Not allowing WUA tamper-proofing/WU Access check...
[17] 2026-03-26 11:14:03,830 WARN  OnProfileCheckTimer => Patch Management or Microsoft patching disabled or N-sight is being used. Skipping WU Access check.
[19] 2026-03-28 08:23:34,782 DEBUG PmeServiceThread.CheckNcentralWuaTamperProofing => N-central Agent wasn't detected
[19] 2026-03-28 08:23:34,785 OFF   PmeServiceThread.WuaTamperProofingCycle => Wua tamper proofing values: [PmeConfig=True/N-central config=True]
[19] 2026-03-28 08:23:34,785 OFF   PmeServiceThread.RunWuaTamperProofing => start WUA tamper proofing
[20] 2026-03-28 08:28:34,737 DEBUG PmeServiceThread.IsPatchManagementandMicrosoftPatchingEnabled => PatchConfig.xml wasn't found. Not allowing WUA tamper-proofing/WU Access check...
[20] 2026-03-28 08:28:34,738 WARN  OnProfileCheckTimer => Patch Management or Microsoft patching disabled or N-sight is being used. Skipping WU Access check.
[20] 2026-03-29 08:35:48,111 DEBUG PmeServiceThread.CheckNcentralWuaTamperProofing => N-central Agent wasn't detected
[20] 2026-03-29 08:35:48,113 OFF   PmeServiceThread.WuaTamperProofingCycle => Wua tamper proofing values: [PmeConfig=True/N-central config=True]
[20] 2026-03-29 08:35:48,114 OFF   PmeServiceThread.RunWuaTamperProofing => start WUA tamper proofing
[20] 2026-03-29 08:40:48,087 DEBUG PmeServiceThread.IsPatchManagementandMicrosoftPatchingEnabled => PatchConfig.xml wasn't found. Not allowing WUA tamper-proofing/WU Access check...
[20] 2026-03-29 08:40:48,088 WARN  OnProfileCheckTimer => Patch Management or Microsoft patching disabled or N-sight is being used. Skipping WU Access check.
[18] 2026-03-29 09:05:48,116 DEBUG PmeServiceThread.CheckNcentralWuaTamperProofing => N-central Agent wasn't detected
[18] 2026-03-29 09:05:48,117 OFF   PmeServiceThread.WuaTamperProofingCycle => Wua tamper proofing values: [PmeConfig=True/N-central config=True]
[18] 2026-03-29 09:05:48,117 OFF   PmeServiceThread.RunWuaTamperProofing => start WUA tamper proofing
[16] 2026-03-29 09:10:48,093 DEBUG PmeServiceThread.IsPatchManagementandMicrosoftPatchingEnabled => PatchConfig.xml wasn't found. Not allowing WUA tamper-proofing/WU Access check...
[16] 2026-03-29 09:10:48,095 WARN  OnProfileCheckTimer => Patch Management or Microsoft patching disabled or N-sight is being used. Skipping WU Access check.
[16] 2026-03-29 09:35:48,138 DEBUG PmeServiceThread.CheckNcentralWuaTamperProofing => N-central Agent wasn't detected
[16] 2026-03-29 09:35:48,140 OFF   PmeServiceThread.WuaTamperProofingCycle => Wua tamper proofing values: [PmeConfig=True/N-central config=True]
[16] 2026-03-29 09:35:48,140 OFF   PmeServiceThread.RunWuaTamperProofing => start WUA tamper proofing
[15] 2026-03-29 09:40:48,098 DEBUG PmeServiceThread.IsPatchManagementandMicrosoftPatchingEnabled => PatchConfig.xml wasn't found. Not allowing WUA tamper-proofing/WU Access check...
[15] 2026-03-29 09:40:48,099 WARN  OnProfileCheckTimer => Patch Management or Microsoft patching disabled or N-sight is being used. Skipping WU Access check.
[13] 2026-03-29 16:28:24,325 DEBUG PmeServiceThread.CheckNcentralWuaTamperProofing => N-central Agent wasn't detected
[13] 2026-03-29 16:28:24,327 OFF   PmeServiceThread.WuaTamperProofingCycle => Wua tamper proofing values: [PmeConfig=True/N-central config=True]
[13] 2026-03-29 16:28:24,327 OFF   PmeServiceThread.RunWuaTamperProofing => start WUA tamper proofing
[13] 2026-03-29 16:33:24,284 DEBUG PmeServiceThread.IsPatchManagementandMicrosoftPatchingEnabled => PatchConfig.xml wasn't found. Not allowing WUA tamper-proofing/WU Access check...
[13] 2026-03-29 16:33:24,284 WARN  OnProfileCheckTimer => Patch Management or Microsoft patching disabled or N-sight is being used. Skipping WU Access check.
[12] 2026-03-30 08:57:31,518 DEBUG PmeServiceThread.CheckNcentralWuaTamperProofing => N-central Agent wasn't detected
[12] 2026-03-30 08:57:31,520 OFF   PmeServiceThread.WuaTamperProofingCycle => Wua tamper proofing values: [PmeConfig=True/N-central config=True]
[12] 2026-03-30 08:57:31,521 OFF   PmeServiceThread.RunWuaTamperProofing => start WUA tamper proofing
[12] 2026-03-30 09:02:31,479 DEBUG PmeServiceThread.IsPatchManagementandMicrosoftPatchingEnabled => PatchConfig.xml wasn't found. Not allowing WUA tamper-proofing/WU Access check...
[12] 2026-03-30 09:02:31,479 WARN  OnProfileCheckTimer => Patch Management or Microsoft patching disabled or N-sight is being used. Skipping WU Access check.
[12] 2026-03-30 10:13:45,110 DEBUG PmeServiceThread.CheckNcentralWuaTamperProofing => N-central Agent wasn't detected
[12] 2026-03-30 10:13:45,110 OFF   PmeServiceThread.WuaTamperProofingCycle => Wua tamper proofing values: [PmeConfig=True/N-central config=True]
[12] 2026-03-30 10:13:45,111 OFF   PmeServiceThread.RunWuaTamperProofing => start WUA tamper proofing
[11] 2026-03-30 10:18:45,069 DEBUG PmeServiceThread.IsPatchManagementandMicrosoftPatchingEnabled => PatchConfig.xml wasn't found. Not allowing WUA tamper-proofing/WU Access check...
[11] 2026-03-30 10:18:45,070 WARN  OnProfileCheckTimer => Patch Management or Microsoft patching disabled or N-sight is being used. Skipping WU Access check.
[17] 2026-03-30 10:43:45,122 DEBUG PmeServiceThread.CheckNcentralWuaTamperProofing => N-central Agent wasn't detected
[17] 2026-03-30 10:43:45,123 OFF   PmeServiceThread.WuaTamperProofingCycle => Wua tamper proofing values: [PmeConfig=True/N-central config=True]
[17] 2026-03-30 10:43:45,124 OFF   PmeServiceThread.RunWuaTamperProofing => start WUA tamper proofing
[17] 2026-03-30 10:48:45,071 DEBUG PmeServiceThread.IsPatchManagementandMicrosoftPatchingEnabled => PatchConfig.xml wasn't found. Not allowing WUA tamper-proofing/WU Access check...
[17] 2026-03-30 10:48:45,072 WARN  OnProfileCheckTimer => Patch Management or Microsoft patching disabled or N-sight is being used. Skipping WU Access check.
[17] 2026-03-30 11:16:04,819 DEBUG PmeServiceThread.CheckNcentralWuaTamperProofing => N-central Agent wasn't detected
[17] 2026-03-30 11:16:04,820 OFF   PmeServiceThread.WuaTamperProofingCycle => Wua tamper proofing values: [PmeConfig=True/N-central config=True]
[17] 2026-03-30 11:16:04,821 OFF   PmeServiceThread.RunWuaTamperProofing => start WUA tamper proofing
[17] 2026-03-30 11:21:04,768 DEBUG PmeServiceThread.IsPatchManagementandMicrosoftPatchingEnabled => PatchConfig.xml wasn't found. Not allowing WUA tamper-proofing/WU Access check...
[17] 2026-03-30 11:21:04,769 WARN  OnProfileCheckTimer => Patch Management or Microsoft patching disabled or N-sight is being used. Skipping WU Access check.
[17] 2026-03-30 11:46:04,821 DEBUG PmeServiceThread.CheckNcentralWuaTamperProofing => N-central Agent wasn't detected
[17] 2026-03-30 11:46:04,822 OFF   PmeServiceThread.WuaTamperProofingCycle => Wua tamper proofing values: [PmeConfig=True/N-central config=True]
[17] 2026-03-30 11:46:04,823 OFF   PmeServiceThread.RunWuaTamperProofing => start WUA tamper proofing
[4] 2026-03-30 11:51:04,775 DEBUG PmeServiceThread.IsPatchManagementandMicrosoftPatchingEnabled => PatchConfig.xml wasn't found. Not allowing WUA tamper-proofing/WU Access check...
[4] 2026-03-30 11:51:04,776 WARN  OnProfileCheckTimer => Patch Management or Microsoft patching disabled or N-sight is being used. Skipping WU Access check.
[4] 2026-03-30 12:44:18,667 DEBUG PmeServiceThread.CheckNcentralWuaTamperProofing => N-central Agent wasn't detected
[4] 2026-03-30 12:44:18,668 OFF   PmeServiceThread.WuaTamperProofingCycle => Wua tamper proofing values: [PmeConfig=True/N-central config=True]
[4] 2026-03-30 12:44:18,669 OFF   PmeServiceThread.RunWuaTamperProofing => start WUA tamper proofing
[4] 2026-03-30 12:50:23,498 DEBUG PmeServiceThread.IsPatchManagementandMicrosoftPatchingEnabled => PatchConfig.xml wasn't found. Not allowing WUA tamper-proofing/WU Access check...
[4] 2026-03-30 12:50:23,499 WARN  OnProfileCheckTimer => Patch Management or Microsoft patching disabled or N-sight is being used. Skipping WU Access check.
[17] 2026-03-30 16:15:47,218 DEBUG PmeServiceThread.CheckNcentralWuaTamperProofing => N-central Agent wasn't detected
[17] 2026-03-30 16:15:47,220 OFF   PmeServiceThread.WuaTamperProofingCycle => Wua tamper proofing values: [PmeConfig=True/N-central config=True]
[17] 2026-03-30 16:15:47,221 OFF   PmeServiceThread.RunWuaTamperProofing => start WUA tamper proofing
[11] 2026-03-30 16:35:41,475 DEBUG PmeServiceThread.IsPatchManagementandMicrosoftPatchingEnabled => PatchConfig.xml wasn't found. Not allowing WUA tamper-proofing/WU Access check...
[11] 2026-03-30 16:35:41,478 WARN  OnProfileCheckTimer => Patch Management or Microsoft patching disabled or N-sight is being used. Skipping WU Access check.
[11] 2026-03-30 18:37:35,731 DEBUG PmeServiceThread.CheckNcentralWuaTamperProofing => N-central Agent wasn't detected
[11] 2026-03-30 18:37:35,733 OFF   PmeServiceThread.WuaTamperProofingCycle => Wua tamper proofing values: [PmeConfig=True/N-central config=True]
[11] 2026-03-30 18:37:35,733 OFF   PmeServiceThread.RunWuaTamperProofing => start WUA tamper proofing
[11] 2026-03-30 19:11:13,703 DEBUG PmeServiceThread.IsPatchManagementandMicrosoftPatchingEnabled => PatchConfig.xml wasn't found. Not allowing WUA tamper-proofing/WU Access check...
[11] 2026-03-30 19:11:13,704 WARN  OnProfileCheckTimer => Patch Management or Microsoft patching disabled or N-sight is being used. Skipping WU Access check.
[11] 2026-03-31 08:41:07,506 DEBUG PmeServiceThread.CheckNcentralWuaTamperProofing => N-central Agent wasn't detected
[11] 2026-03-31 08:41:07,508 OFF   PmeServiceThread.WuaTamperProofingCycle => Wua tamper proofing values: [PmeConfig=True/N-central config=True]
[11] 2026-03-31 08:41:07,509 OFF   PmeServiceThread.RunWuaTamperProofing => start WUA tamper proofing
[4] 2026-03-31 08:46:07,459 DEBUG PmeServiceThread.IsPatchManagementandMicrosoftPatchingEnabled => PatchConfig.xml wasn't found. Not allowing WUA tamper-proofing/WU Access check...
[4] 2026-03-31 08:46:07,460 WARN  OnProfileCheckTimer => Patch Management or Microsoft patching disabled or N-sight is being used. Skipping WU Access check.
[13] 2026-03-31 10:24:11,879 DEBUG PmeServiceThread.CheckNcentralWuaTamperProofing => N-central Agent wasn't detected
[13] 2026-03-31 10:24:11,880 OFF   PmeServiceThread.WuaTamperProofingCycle => Wua tamper proofing values: [PmeConfig=True/N-central config=True]
[13] 2026-03-31 10:24:11,881 OFF   PmeServiceThread.RunWuaTamperProofing => start WUA tamper proofing
[13] 2026-03-31 13:19:17,285 DEBUG PmeServiceThread.IsPatchManagementandMicrosoftPatchingEnabled => PatchConfig.xml wasn't found. Not allowing WUA tamper-proofing/WU Access check...
[13] 2026-03-31 13:19:17,316 WARN  OnProfileCheckTimer => Patch Management or Microsoft patching disabled or N-sight is being used. Skipping WU Access check.
[4] 2026-03-31 13:44:56,294 DEBUG PmeServiceThread.CheckNcentralWuaTamperProofing => N-central Agent wasn't detected
[4] 2026-03-31 13:44:56,296 OFF   PmeServiceThread.WuaTamperProofingCycle => Wua tamper proofing values: [PmeConfig=True/N-central config=True]
[4] 2026-03-31 13:44:56,297 OFF   PmeServiceThread.RunWuaTamperProofing => start WUA tamper proofing
[4] 2026-03-31 13:49:56,235 DEBUG PmeServiceThread.IsPatchManagementandMicrosoftPatchingEnabled => PatchConfig.xml wasn't found. Not allowing WUA tamper-proofing/WU Access check...
[4] 2026-03-31 13:49:56,236 WARN  OnProfileCheckTimer => Patch Management or Microsoft patching disabled or N-sight is being used. Skipping WU Access check.
[4] 2026-03-31 16:44:06,750 DEBUG PmeServiceThread.CheckNcentralWuaTamperProofing => N-central Agent wasn't detected
[4] 2026-03-31 16:44:06,750 OFF   PmeServiceThread.WuaTamperProofingCycle => Wua tamper proofing values: [PmeConfig=True/N-central config=True]
[4] 2026-03-31 16:44:06,751 OFF   PmeServiceThread.RunWuaTamperProofing => start WUA tamper proofing
[4] 2026-03-31 18:54:17,831 DEBUG PmeServiceThread.IsPatchManagementandMicrosoftPatchingEnabled => PatchConfig.xml wasn't found. Not allowing WUA tamper-proofing/WU Access check...
[4] 2026-03-31 18:54:17,832 WARN  OnProfileCheckTimer => Patch Management or Microsoft patching disabled or N-sight is being used. Skipping WU Access check.
[12] 2026-04-02 08:04:38,191 DEBUG PmeServiceThread.CheckNcentralWuaTamperProofing => N-central Agent wasn't detected
[12] 2026-04-02 08:04:38,224 OFF   PmeServiceThread.WuaTamperProofingCycle => Wua tamper proofing values: [PmeConfig=True/N-central config=True]
[12] 2026-04-02 08:04:38,225 OFF   PmeServiceThread.RunWuaTamperProofing => start WUA tamper proofing
[12] 2026-04-02 08:09:38,154 DEBUG PmeServiceThread.IsPatchManagementandMicrosoftPatchingEnabled => PatchConfig.xml wasn't found. Not allowing WUA tamper-proofing/WU Access check...
[12] 2026-04-02 08:09:38,155 WARN  OnProfileCheckTimer => Patch Management or Microsoft patching disabled or N-sight is being used. Skipping WU Access check.
[12] 2026-04-04 08:09:10,303 DEBUG PmeServiceThread.CheckNcentralWuaTamperProofing => N-central Agent wasn't detected
[12] 2026-04-04 08:09:10,334 OFF   PmeServiceThread.WuaTamperProofingCycle => Wua tamper proofing values: [PmeConfig=True/N-central config=True]
[12] 2026-04-04 08:09:10,335 OFF   PmeServiceThread.RunWuaTamperProofing => start WUA tamper proofing
[14] 2026-04-04 08:14:10,282 DEBUG PmeServiceThread.IsPatchManagementandMicrosoftPatchingEnabled => PatchConfig.xml wasn't found. Not allowing WUA tamper-proofing/WU Access check...
[14] 2026-04-04 08:14:10,284 WARN  OnProfileCheckTimer => Patch Management or Microsoft patching disabled or N-sight is being used. Skipping WU Access check.
[16] 2026-04-05 08:26:22,153 DEBUG PmeServiceThread.CheckNcentralWuaTamperProofing => N-central Agent wasn't detected
[16] 2026-04-05 08:26:22,154 OFF   PmeServiceThread.WuaTamperProofingCycle => Wua tamper proofing values: [PmeConfig=True/N-central config=True]
[16] 2026-04-05 08:26:22,154 OFF   PmeServiceThread.RunWuaTamperProofing => start WUA tamper proofing
[16] 2026-04-05 08:31:22,130 DEBUG PmeServiceThread.IsPatchManagementandMicrosoftPatchingEnabled => PatchConfig.xml wasn't found. Not allowing WUA tamper-proofing/WU Access check...
[16] 2026-04-05 08:31:22,132 WARN  OnProfileCheckTimer => Patch Management or Microsoft patching disabled or N-sight is being used. Skipping WU Access check.
[16] 2026-04-05 08:56:22,171 DEBUG PmeServiceThread.CheckNcentralWuaTamperProofing => N-central Agent wasn't detected
[16] 2026-04-05 08:56:22,172 OFF   PmeServiceThread.WuaTamperProofingCycle => Wua tamper proofing values: [PmeConfig=True/N-central config=True]
[16] 2026-04-05 08:56:22,173 OFF   PmeServiceThread.RunWuaTamperProofing => start WUA tamper proofing
[10] 2026-04-05 09:01:22,141 DEBUG PmeServiceThread.IsPatchManagementandMicrosoftPatchingEnabled => PatchConfig.xml wasn't found. Not allowing WUA tamper-proofing/WU Access check...
[10] 2026-04-05 09:01:22,142 WARN  OnProfileCheckTimer => Patch Management or Microsoft patching disabled or N-sight is being used. Skipping WU Access check.
[1] 2026-04-05 09:46:27,790 DEBUG Enter >>> MspPlatform.WindowsService.ServiceThread..ctor("PmeServiceThread")
[1] 2026-04-05 09:46:27,801 DEBUG Exit  <<< MspPlatform.WindowsService.ServiceThread..ctor("PmeServiceThread")
[1] 2026-04-05 09:46:27,803 DEBUG Enter >>> MspPlatform.WindowsService.ServiceBaseWithThreads.Run("PME.Agent.PmeService", )
[1] 2026-04-05 09:46:27,804 INFO  Run PME.Agent.PmeService(v2.13.11.5117) with parameters: []
[1] 2026-04-05 09:46:27,805 DEBUG Enter >>> MspPlatform.WindowsService.ServiceBaseWithThreads.RunService("PME.Agent.PmeService")
[5] 2026-04-05 09:46:27,807 DEBUG Enter >>> MspPlatform.WindowsService.ServiceBaseWithThreads.OnStart()
[5] 2026-04-05 09:46:27,807 INFO  Starting PME.Agent.PmeService service...
[5] 2026-04-05 09:46:27,808 DEBUG Enter >>> MspPlatform.WindowsService.ThreadManager..ctor("PME.Agent.PmeService")
[5] 2026-04-05 09:46:27,809 DEBUG Exit  <<< MspPlatform.WindowsService.ThreadManager..ctor("PME.Agent.PmeService")
[5] 2026-04-05 09:46:27,809 DEBUG Enter >>> MspPlatform.WindowsService.ThreadManager.Start()
[5] 2026-04-05 09:46:27,810 DEBUG Enter >>> MspPlatform.WindowsService.ThreadManager.WriteToEventLog("Service Starting...", Information)
[5] 2026-04-05 09:46:27,812 DEBUG Exit  <<< MspPlatform.WindowsService.ThreadManager.WriteToEventLog("Service Starting...", Information)
[5] 2026-04-05 09:46:27,812 DEBUG Exit  <<< MspPlatform.WindowsService.ThreadManager.Start()
[5] 2026-04-05 09:46:27,812 DEBUG Enter >>> MspPlatform.WindowsService.ServiceThread.Start()
[5] 2026-04-05 09:46:27,813 DEBUG Exit  <<< MspPlatform.WindowsService.ServiceThread.Start()
[5] 2026-04-05 09:46:27,813 DEBUG Exit  <<< MspPlatform.WindowsService.ServiceBaseWithThreads.OnStart()
[PmeServiceThread] 2026-04-05 09:46:27,813 DEBUG Enter >>> MspPlatform.WindowsService.ServiceThread.ThreadWrapper()
[PmeServiceThread] 2026-04-05 09:46:27,814 DEBUG Enter >>> MspPlatform.WindowsService.ThreadManager.AddThreadImp()
[PmeServiceThread] 2026-04-05 09:46:27,815 DEBUG Exit  <<< MspPlatform.WindowsService.ThreadManager.AddThreadImp()
[PmeServiceThread] 2026-04-05 09:46:27,815 DEBUG Enter >>> PmeServiceThread.ThreadMain()
[PmeServiceThread] 2026-04-05 09:46:27,840 DEBUG PmeServiceThread.CheckNcentralWuaTamperProofing => N-central Agent wasn't detected
[PmeServiceThread] 2026-04-05 09:46:27,842 OFF   PmeServiceThread.WuaTamperProofingCycle => Wua tamper proofing values: [PmeConfig=True/N-central config=True]
[PmeServiceThread] 2026-04-05 09:46:27,842 OFF   PmeServiceThread.RunWuaTamperProofing => start WUA tamper proofing
[PmeServiceThread] 2026-04-05 09:46:27,843 INFO  PmeServiceThread.WaitOrTerminateThread => WUA tamper proofing is currently running. Waiting for Stop...
[5] 2026-04-05 09:51:27,826 DEBUG PmeServiceThread.IsPatchManagementandMicrosoftPatchingEnabled => PatchConfig.xml wasn't found. Not allowing WUA tamper-proofing/WU Access check...
[5] 2026-04-05 09:51:27,827 WARN  OnProfileCheckTimer => Patch Management or Microsoft patching disabled or N-sight is being used. Skipping WU Access check.
[5] 2026-04-05 10:47:22,810 DEBUG PmeServiceThread.CheckNcentralWuaTamperProofing => N-central Agent wasn't detected
[5] 2026-04-05 10:47:22,815 OFF   PmeServiceThread.WuaTamperProofingCycle => Wua tamper proofing values: [PmeConfig=True/N-central config=True]
[5] 2026-04-05 10:47:22,816 OFF   PmeServiceThread.RunWuaTamperProofing => start WUA tamper proofing
[8] 2026-04-05 12:05:44,731 DEBUG PmeServiceThread.IsPatchManagementandMicrosoftPatchingEnabled => PatchConfig.xml wasn't found. Not allowing WUA tamper-proofing/WU Access check...
[8] 2026-04-05 12:05:44,732 WARN  OnProfileCheckTimer => Patch Management or Microsoft patching disabled or N-sight is being used. Skipping WU Access check.
[8] 2026-04-05 12:34:21,304 DEBUG PmeServiceThread.CheckNcentralWuaTamperProofing => N-central Agent wasn't detected
[8] 2026-04-05 12:34:21,305 OFF   PmeServiceThread.WuaTamperProofingCycle => Wua tamper proofing values: [PmeConfig=True/N-central config=True]
[8] 2026-04-05 12:34:21,305 OFF   PmeServiceThread.RunWuaTamperProofing => start WUA tamper proofing
[8] 2026-04-05 12:39:21,290 DEBUG PmeServiceThread.IsPatchManagementandMicrosoftPatchingEnabled => PatchConfig.xml wasn't found. Not allowing WUA tamper-proofing/WU Access check...
[8] 2026-04-05 12:39:21,291 WARN  OnProfileCheckTimer => Patch Management or Microsoft patching disabled or N-sight is being used. Skipping WU Access check.
[8] 2026-04-05 13:04:21,316 DEBUG PmeServiceThread.CheckNcentralWuaTamperProofing => N-central Agent wasn't detected
[8] 2026-04-05 13:04:21,317 OFF   PmeServiceThread.WuaTamperProofingCycle => Wua tamper proofing values: [PmeConfig=True/N-central config=True]
[8] 2026-04-05 13:04:21,317 OFF   PmeServiceThread.RunWuaTamperProofing => start WUA tamper proofing
[8] 2026-04-05 13:09:21,297 DEBUG PmeServiceThread.IsPatchManagementandMicrosoftPatchingEnabled => PatchConfig.xml wasn't found. Not allowing WUA tamper-proofing/WU Access check...
[8] 2026-04-05 13:09:21,298 WARN  OnProfileCheckTimer => Patch Management or Microsoft patching disabled or N-sight is being used. Skipping WU Access check.
[8] 2026-04-05 14:50:35,015 DEBUG PmeServiceThread.CheckNcentralWuaTamperProofing => N-central Agent wasn't detected
[8] 2026-04-05 14:50:35,016 OFF   PmeServiceThread.WuaTamperProofingCycle => Wua tamper proofing values: [PmeConfig=True/N-central config=True]
[8] 2026-04-05 14:50:35,017 OFF   PmeServiceThread.RunWuaTamperProofing => start WUA tamper proofing
[8] 2026-04-05 15:09:39,468 DEBUG PmeServiceThread.IsPatchManagementandMicrosoftPatchingEnabled => PatchConfig.xml wasn't found. Not allowing WUA tamper-proofing/WU Access check...
[8] 2026-04-05 15:09:39,468 WARN  OnProfileCheckTimer => Patch Management or Microsoft patching disabled or N-sight is being used. Skipping WU Access check.
[8] 2026-04-06 09:12:23,020 DEBUG PmeServiceThread.CheckNcentralWuaTamperProofing => N-central Agent wasn't detected
[8] 2026-04-06 09:12:23,022 OFF   PmeServiceThread.WuaTamperProofingCycle => Wua tamper proofing values: [PmeConfig=True/N-central config=True]
[8] 2026-04-06 09:12:23,022 OFF   PmeServiceThread.RunWuaTamperProofing => start WUA tamper proofing
[9] 2026-04-06 09:17:23,006 DEBUG PmeServiceThread.IsPatchManagementandMicrosoftPatchingEnabled => PatchConfig.xml wasn't found. Not allowing WUA tamper-proofing/WU Access check...
[9] 2026-04-06 09:17:23,007 WARN  OnProfileCheckTimer => Patch Management or Microsoft patching disabled or N-sight is being used. Skipping WU Access check.
[9] 2026-04-06 09:52:56,872 DEBUG PmeServiceThread.CheckNcentralWuaTamperProofing => N-central Agent wasn't detected
[9] 2026-04-06 09:52:56,873 OFF   PmeServiceThread.WuaTamperProofingCycle => Wua tamper proofing values: [PmeConfig=True/N-central config=True]
[9] 2026-04-06 09:52:56,873 OFF   PmeServiceThread.RunWuaTamperProofing => start WUA tamper proofing
[9] 2026-04-06 09:57:56,852 DEBUG PmeServiceThread.IsPatchManagementandMicrosoftPatchingEnabled => PatchConfig.xml wasn't found. Not allowing WUA tamper-proofing/WU Access check...
[9] 2026-04-06 09:57:56,853 WARN  OnProfileCheckTimer => Patch Management or Microsoft patching disabled or N-sight is being used. Skipping WU Access check.
[9] 2026-04-06 10:40:36,479 DEBUG PmeServiceThread.CheckNcentralWuaTamperProofing => N-central Agent wasn't detected
[9] 2026-04-06 10:40:36,480 OFF   PmeServiceThread.WuaTamperProofingCycle => Wua tamper proofing values: [PmeConfig=True/N-central config=True]
[9] 2026-04-06 10:40:36,480 OFF   PmeServiceThread.RunWuaTamperProofing => start WUA tamper proofing
[9] 2026-04-06 10:45:36,470 DEBUG PmeServiceThread.IsPatchManagementandMicrosoftPatchingEnabled => PatchConfig.xml wasn't found. Not allowing WUA tamper-proofing/WU Access check...
[9] 2026-04-06 10:45:36,470 WARN  OnProfileCheckTimer => Patch Management or Microsoft patching disabled or N-sight is being used. Skipping WU Access check.
[10] 2026-04-06 12:09:08,370 DEBUG PmeServiceThread.CheckNcentralWuaTamperProofing => N-central Agent wasn't detected
[10] 2026-04-06 12:09:08,370 OFF   PmeServiceThread.WuaTamperProofingCycle => Wua tamper proofing values: [PmeConfig=True/N-central config=True]
[10] 2026-04-06 12:09:08,371 OFF   PmeServiceThread.RunWuaTamperProofing => start WUA tamper proofing
[10] 2026-04-06 13:03:41,568 DEBUG PmeServiceThread.IsPatchManagementandMicrosoftPatchingEnabled => PatchConfig.xml wasn't found. Not allowing WUA tamper-proofing/WU Access check...
[10] 2026-04-06 13:03:41,570 WARN  OnProfileCheckTimer => Patch Management or Microsoft patching disabled or N-sight is being used. Skipping WU Access check.
[10] 2026-04-07 08:16:19,225 DEBUG PmeServiceThread.CheckNcentralWuaTamperProofing => N-central Agent wasn't detected
[10] 2026-04-07 08:16:19,228 OFF   PmeServiceThread.WuaTamperProofingCycle => Wua tamper proofing values: [PmeConfig=True/N-central config=True]
[10] 2026-04-07 08:16:19,228 OFF   PmeServiceThread.RunWuaTamperProofing => start WUA tamper proofing
[4] 2026-04-07 08:21:19,189 DEBUG PmeServiceThread.IsPatchManagementandMicrosoftPatchingEnabled => PatchConfig.xml wasn't found. Not allowing WUA tamper-proofing/WU Access check...
[4] 2026-04-07 08:21:19,190 WARN  OnProfileCheckTimer => Patch Management or Microsoft patching disabled or N-sight is being used. Skipping WU Access check.
[13] 2026-04-07 08:46:24,262 DEBUG PmeServiceThread.CheckNcentralWuaTamperProofing => N-central Agent wasn't detected
[13] 2026-04-07 08:46:24,295 OFF   PmeServiceThread.WuaTamperProofingCycle => Wua tamper proofing values: [PmeConfig=True/N-central config=True]
[13] 2026-04-07 08:46:24,296 OFF   PmeServiceThread.RunWuaTamperProofing => start WUA tamper proofing
[13] 2026-04-07 08:51:24,254 DEBUG PmeServiceThread.IsPatchManagementandMicrosoftPatchingEnabled => PatchConfig.xml wasn't found. Not allowing WUA tamper-proofing/WU Access check...
[13] 2026-04-07 08:51:24,255 WARN  OnProfileCheckTimer => Patch Management or Microsoft patching disabled or N-sight is being used. Skipping WU Access check.
[13] 2026-04-07 10:42:19,147 DEBUG PmeServiceThread.CheckNcentralWuaTamperProofing => N-central Agent wasn't detected
[13] 2026-04-07 10:42:19,148 OFF   PmeServiceThread.WuaTamperProofingCycle => Wua tamper proofing values: [PmeConfig=True/N-central config=True]
[13] 2026-04-07 10:42:19,149 OFF   PmeServiceThread.RunWuaTamperProofing => start WUA tamper proofing
[13] 2026-04-07 10:47:19,129 DEBUG PmeServiceThread.IsPatchManagementandMicrosoftPatchingEnabled => PatchConfig.xml wasn't found. Not allowing WUA tamper-proofing/WU Access check...
[13] 2026-04-07 10:47:19,131 WARN  OnProfileCheckTimer => Patch Management or Microsoft patching disabled or N-sight is being used. Skipping WU Access check.
[13] 2026-04-07 13:13:50,974 DEBUG PmeServiceThread.CheckNcentralWuaTamperProofing => N-central Agent wasn't detected
[13] 2026-04-07 13:13:50,975 OFF   PmeServiceThread.WuaTamperProofingCycle => Wua tamper proofing values: [PmeConfig=True/N-central config=True]
[13] 2026-04-07 13:13:50,976 OFF   PmeServiceThread.RunWuaTamperProofing => start WUA tamper proofing
[17] 2026-04-07 13:18:50,949 DEBUG PmeServiceThread.IsPatchManagementandMicrosoftPatchingEnabled => PatchConfig.xml wasn't found. Not allowing WUA tamper-proofing/WU Access check...
[17] 2026-04-07 13:18:50,951 WARN  OnProfileCheckTimer => Patch Management or Microsoft patching disabled or N-sight is being used. Skipping WU Access check.
[18] 2026-04-07 13:43:50,984 DEBUG PmeServiceThread.CheckNcentralWuaTamperProofing => N-central Agent wasn't detected
[18] 2026-04-07 13:43:50,986 OFF   PmeServiceThread.WuaTamperProofingCycle => Wua tamper proofing values: [PmeConfig=True/N-central config=True]
[18] 2026-04-07 13:43:50,990 OFF   PmeServiceThread.RunWuaTamperProofing => start WUA tamper proofing
[19] 2026-04-07 13:48:50,966 DEBUG PmeServiceThread.IsPatchManagementandMicrosoftPatchingEnabled => PatchConfig.xml wasn't found. Not allowing WUA tamper-proofing/WU Access check...
[19] 2026-04-07 13:48:50,968 WARN  OnProfileCheckTimer => Patch Management or Microsoft patching disabled or N-sight is being used. Skipping WU Access check.
[19] 2026-04-09 08:37:00,860 DEBUG PmeServiceThread.CheckNcentralWuaTamperProofing => N-central Agent wasn't detected
[19] 2026-04-09 08:37:00,861 OFF   PmeServiceThread.WuaTamperProofingCycle => Wua tamper proofing values: [PmeConfig=True/N-central config=True]
[19] 2026-04-09 08:37:00,861 OFF   PmeServiceThread.RunWuaTamperProofing => start WUA tamper proofing
[19] 2026-04-09 08:42:00,850 DEBUG PmeServiceThread.IsPatchManagementandMicrosoftPatchingEnabled => PatchConfig.xml wasn't found. Not allowing WUA tamper-proofing/WU Access check...
[19] 2026-04-09 08:42:00,850 WARN  OnProfileCheckTimer => Patch Management or Microsoft patching disabled or N-sight is being used. Skipping WU Access check.
[19] 2026-04-09 09:07:00,869 DEBUG PmeServiceThread.CheckNcentralWuaTamperProofing => N-central Agent wasn't detected
[19] 2026-04-09 09:07:00,869 OFF   PmeServiceThread.WuaTamperProofingCycle => Wua tamper proofing values: [PmeConfig=True/N-central config=True]
[19] 2026-04-09 09:07:00,870 OFF   PmeServiceThread.RunWuaTamperProofing => start WUA tamper proofing
[19] 2026-04-09 09:12:00,873 DEBUG PmeServiceThread.IsPatchManagementandMicrosoftPatchingEnabled => PatchConfig.xml wasn't found. Not allowing WUA tamper-proofing/WU Access check...
[19] 2026-04-09 09:12:00,873 WARN  OnProfileCheckTimer => Patch Management or Microsoft patching disabled or N-sight is being used. Skipping WU Access check.
[19] 2026-04-09 09:59:02,737 DEBUG PmeServiceThread.CheckNcentralWuaTamperProofing => N-central Agent wasn't detected
[19] 2026-04-09 09:59:02,738 OFF   PmeServiceThread.WuaTamperProofingCycle => Wua tamper proofing values: [PmeConfig=True/N-central config=True]
[19] 2026-04-09 09:59:02,739 OFF   PmeServiceThread.RunWuaTamperProofing => start WUA tamper proofing
[19] 2026-04-09 11:15:07,584 DEBUG PmeServiceThread.IsPatchManagementandMicrosoftPatchingEnabled => PatchConfig.xml wasn't found. Not allowing WUA tamper-proofing/WU Access check...
[19] 2026-04-09 11:15:07,585 WARN  OnProfileCheckTimer => Patch Management or Microsoft patching disabled or N-sight is being used. Skipping WU Access check.
[19] 2026-04-09 13:38:43,501 DEBUG PmeServiceThread.CheckNcentralWuaTamperProofing => N-central Agent wasn't detected
[19] 2026-04-09 13:38:43,502 OFF   PmeServiceThread.WuaTamperProofingCycle => Wua tamper proofing values: [PmeConfig=True/N-central config=True]
[19] 2026-04-09 13:38:43,503 OFF   PmeServiceThread.RunWuaTamperProofing => start WUA tamper proofing
[19] 2026-04-09 13:57:24,199 DEBUG PmeServiceThread.IsPatchManagementandMicrosoftPatchingEnabled => PatchConfig.xml wasn't found. Not allowing WUA tamper-proofing/WU Access check...
[19] 2026-04-09 13:57:24,200 WARN  OnProfileCheckTimer => Patch Management or Microsoft patching disabled or N-sight is being used. Skipping WU Access check.
[19] 2026-04-10 07:57:46,720 DEBUG PmeServiceThread.CheckNcentralWuaTamperProofing => N-central Agent wasn't detected
[19] 2026-04-10 07:57:46,722 OFF   PmeServiceThread.WuaTamperProofingCycle => Wua tamper proofing values: [PmeConfig=True/N-central config=True]
[19] 2026-04-10 07:57:46,723 OFF   PmeServiceThread.RunWuaTamperProofing => start WUA tamper proofing
[19] 2026-04-10 08:02:46,706 DEBUG PmeServiceThread.IsPatchManagementandMicrosoftPatchingEnabled => PatchConfig.xml wasn't found. Not allowing WUA tamper-proofing/WU Access check...
[19] 2026-04-10 08:02:46,706 WARN  OnProfileCheckTimer => Patch Management or Microsoft patching disabled or N-sight is being used. Skipping WU Access check.
[18] 2026-04-12 08:30:33,941 DEBUG PmeServiceThread.CheckNcentralWuaTamperProofing => N-central Agent wasn't detected
[18] 2026-04-12 08:30:33,942 OFF   PmeServiceThread.WuaTamperProofingCycle => Wua tamper proofing values: [PmeConfig=True/N-central config=True]
[18] 2026-04-12 08:30:33,943 OFF   PmeServiceThread.RunWuaTamperProofing => start WUA tamper proofing
[18] 2026-04-12 08:35:33,965 DEBUG PmeServiceThread.IsPatchManagementandMicrosoftPatchingEnabled => PatchConfig.xml wasn't found. Not allowing WUA tamper-proofing/WU Access check...
[18] 2026-04-12 08:35:33,966 WARN  OnProfileCheckTimer => Patch Management or Microsoft patching disabled or N-sight is being used. Skipping WU Access check.
[16] 2026-04-12 09:19:24,367 DEBUG PmeServiceThread.CheckNcentralWuaTamperProofing => N-central Agent wasn't detected
[16] 2026-04-12 09:19:24,369 OFF   PmeServiceThread.WuaTamperProofingCycle => Wua tamper proofing values: [PmeConfig=True/N-central config=True]
[16] 2026-04-12 09:19:24,370 OFF   PmeServiceThread.RunWuaTamperProofing => start WUA tamper proofing
[17] 2026-04-12 09:26:11,464 DEBUG PmeServiceThread.IsPatchManagementandMicrosoftPatchingEnabled => PatchConfig.xml wasn't found. Not allowing WUA tamper-proofing/WU Access check...
[17] 2026-04-12 09:26:11,466 WARN  OnProfileCheckTimer => Patch Management or Microsoft patching disabled or N-sight is being used. Skipping WU Access check.
[17] 2026-04-12 12:40:24,141 DEBUG PmeServiceThread.CheckNcentralWuaTamperProofing => N-central Agent wasn't detected
[17] 2026-04-12 12:40:24,142 OFF   PmeServiceThread.WuaTamperProofingCycle => Wua tamper proofing values: [PmeConfig=True/N-central config=True]
[17] 2026-04-12 12:40:24,142 OFF   PmeServiceThread.RunWuaTamperProofing => start WUA tamper proofing
[17] 2026-04-12 12:53:43,682 DEBUG PmeServiceThread.IsPatchManagementandMicrosoftPatchingEnabled => PatchConfig.xml wasn't found. Not allowing WUA tamper-proofing/WU Access check...
[17] 2026-04-12 12:53:43,684 WARN  OnProfileCheckTimer => Patch Management or Microsoft patching disabled or N-sight is being used. Skipping WU Access check.
[17] 2026-04-12 15:15:05,769 DEBUG PmeServiceThread.CheckNcentralWuaTamperProofing => N-central Agent wasn't detected
[17] 2026-04-12 15:15:05,769 OFF   PmeServiceThread.WuaTamperProofingCycle => Wua tamper proofing values: [PmeConfig=True/N-central config=True]
[17] 2026-04-12 15:15:05,770 OFF   PmeServiceThread.RunWuaTamperProofing => start WUA tamper proofing
[17] 2026-04-12 15:20:05,806 DEBUG PmeServiceThread.IsPatchManagementandMicrosoftPatchingEnabled => PatchConfig.xml wasn't found. Not allowing WUA tamper-proofing/WU Access check...
[17] 2026-04-12 15:20:05,807 WARN  OnProfileCheckTimer => Patch Management or Microsoft patching disabled or N-sight is being used. Skipping WU Access check.
[17] 2026-04-12 15:47:04,780 DEBUG PmeServiceThread.CheckNcentralWuaTamperProofing => N-central Agent wasn't detected
[17] 2026-04-12 15:47:04,780 OFF   PmeServiceThread.WuaTamperProofingCycle => Wua tamper proofing values: [PmeConfig=True/N-central config=True]
[17] 2026-04-12 15:47:04,781 OFF   PmeServiceThread.RunWuaTamperProofing => start WUA tamper proofing
[17] 2026-04-12 15:56:48,233 DEBUG PmeServiceThread.IsPatchManagementandMicrosoftPatchingEnabled => PatchConfig.xml wasn't found. Not allowing WUA tamper-proofing/WU Access check...
[17] 2026-04-12 15:56:48,234 WARN  OnProfileCheckTimer => Patch Management or Microsoft patching disabled or N-sight is being used. Skipping WU Access check.
[17] 2026-04-12 16:56:51,494 DEBUG PmeServiceThread.CheckNcentralWuaTamperProofing => N-central Agent wasn't detected
[17] 2026-04-12 16:56:51,495 OFF   PmeServiceThread.WuaTamperProofingCycle => Wua tamper proofing values: [PmeConfig=True/N-central config=True]
[17] 2026-04-12 16:56:51,495 OFF   PmeServiceThread.RunWuaTamperProofing => start WUA tamper proofing
[17] 2026-04-12 17:01:51,527 DEBUG PmeServiceThread.IsPatchManagementandMicrosoftPatchingEnabled => PatchConfig.xml wasn't found. Not allowing WUA tamper-proofing/WU Access check...
[17] 2026-04-12 17:01:51,528 WARN  OnProfileCheckTimer => Patch Management or Microsoft patching disabled or N-sight is being used. Skipping WU Access check.
[17] 2026-04-12 17:26:51,502 DEBUG PmeServiceThread.CheckNcentralWuaTamperProofing => N-central Agent wasn't detected
[17] 2026-04-12 17:26:51,503 OFF   PmeServiceThread.WuaTamperProofingCycle => Wua tamper proofing values: [PmeConfig=True/N-central config=True]
[17] 2026-04-12 17:26:51,503 OFF   PmeServiceThread.RunWuaTamperProofing => start WUA tamper proofing
[17] 2026-04-12 17:31:51,552 DEBUG PmeServiceThread.IsPatchManagementandMicrosoftPatchingEnabled => PatchConfig.xml wasn't found. Not allowing WUA tamper-proofing/WU Access check...
[17] 2026-04-12 17:31:51,552 WARN  OnProfileCheckTimer => Patch Management or Microsoft patching disabled or N-sight is being used. Skipping WU Access check.
[17] 2026-04-12 18:35:20,633 DEBUG PmeServiceThread.CheckNcentralWuaTamperProofing => N-central Agent wasn't detected
[17] 2026-04-12 18:35:20,634 OFF   PmeServiceThread.WuaTamperProofingCycle => Wua tamper proofing values: [PmeConfig=True/N-central config=True]
[17] 2026-04-12 18:35:20,635 OFF   PmeServiceThread.RunWuaTamperProofing => start WUA tamper proofing
[15] 2026-04-12 18:40:20,693 DEBUG PmeServiceThread.IsPatchManagementandMicrosoftPatchingEnabled => PatchConfig.xml wasn't found. Not allowing WUA tamper-proofing/WU Access check...
[15] 2026-04-12 18:40:20,695 WARN  OnProfileCheckTimer => Patch Management or Microsoft patching disabled or N-sight is being used. Skipping WU Access check.
[12] 2026-04-13 09:41:54,547 DEBUG PmeServiceThread.CheckNcentralWuaTamperProofing => N-central Agent wasn't detected
[12] 2026-04-13 09:41:54,552 OFF   PmeServiceThread.WuaTamperProofingCycle => Wua tamper proofing values: [PmeConfig=True/N-central config=True]
[12] 2026-04-13 09:41:54,553 OFF   PmeServiceThread.RunWuaTamperProofing => start WUA tamper proofing
[12] 2026-04-13 09:58:29,462 DEBUG PmeServiceThread.IsPatchManagementandMicrosoftPatchingEnabled => PatchConfig.xml wasn't found. Not allowing WUA tamper-proofing/WU Access check...
[12] 2026-04-13 09:58:29,463 WARN  OnProfileCheckTimer => Patch Management or Microsoft patching disabled or N-sight is being used. Skipping WU Access check.
[12] 2026-04-13 11:31:30,084 DEBUG PmeServiceThread.CheckNcentralWuaTamperProofing => N-central Agent wasn't detected
[12] 2026-04-13 11:31:30,085 OFF   PmeServiceThread.WuaTamperProofingCycle => Wua tamper proofing values: [PmeConfig=True/N-central config=True]
[12] 2026-04-13 11:31:30,085 OFF   PmeServiceThread.RunWuaTamperProofing => start WUA tamper proofing
[12] 2026-04-13 11:36:30,137 DEBUG PmeServiceThread.IsPatchManagementandMicrosoftPatchingEnabled => PatchConfig.xml wasn't found. Not allowing WUA tamper-proofing/WU Access check...
[12] 2026-04-13 11:36:30,138 WARN  OnProfileCheckTimer => Patch Management or Microsoft patching disabled or N-sight is being used. Skipping WU Access check.
[1] 2026-04-13 11:47:50,763 DEBUG Enter >>> MspPlatform.WindowsService.ServiceThread..ctor("PmeServiceThread")
[1] 2026-04-13 11:47:50,769 DEBUG Exit  <<< MspPlatform.WindowsService.ServiceThread..ctor("PmeServiceThread")
[1] 2026-04-13 11:47:50,769 DEBUG Enter >>> MspPlatform.WindowsService.ServiceBaseWithThreads.Run("PME.Agent.PmeService", )
[1] 2026-04-13 11:47:50,769 INFO  Run PME.Agent.PmeService(v2.13.11.5117) with parameters: []
[1] 2026-04-13 11:47:50,774 DEBUG Enter >>> MspPlatform.WindowsService.ServiceBaseWithThreads.RunService("PME.Agent.PmeService")
[5] 2026-04-13 11:47:50,776 DEBUG Enter >>> MspPlatform.WindowsService.ServiceBaseWithThreads.OnStart()
[5] 2026-04-13 11:47:50,776 INFO  Starting PME.Agent.PmeService service...
[5] 2026-04-13 11:47:50,776 DEBUG Enter >>> MspPlatform.WindowsService.ThreadManager..ctor("PME.Agent.PmeService")
[5] 2026-04-13 11:47:50,776 DEBUG Exit  <<< MspPlatform.WindowsService.ThreadManager..ctor("PME.Agent.PmeService")
[5] 2026-04-13 11:47:50,776 DEBUG Enter >>> MspPlatform.WindowsService.ThreadManager.Start()
[5] 2026-04-13 11:47:50,776 DEBUG Enter >>> MspPlatform.WindowsService.ThreadManager.WriteToEventLog("Service Starting...", Information)
[5] 2026-04-13 11:47:50,776 DEBUG Exit  <<< MspPlatform.WindowsService.ThreadManager.WriteToEventLog("Service Starting...", Information)
[5] 2026-04-13 11:47:50,776 DEBUG Exit  <<< MspPlatform.WindowsService.ThreadManager.Start()
[5] 2026-04-13 11:47:50,776 DEBUG Enter >>> MspPlatform.WindowsService.ServiceThread.Start()
[5] 2026-04-13 11:47:50,776 DEBUG Exit  <<< MspPlatform.WindowsService.ServiceThread.Start()
[5] 2026-04-13 11:47:50,776 DEBUG Exit  <<< MspPlatform.WindowsService.ServiceBaseWithThreads.OnStart()
[PmeServiceThread] 2026-04-13 11:47:50,776 DEBUG Enter >>> MspPlatform.WindowsService.ServiceThread.ThreadWrapper()
[PmeServiceThread] 2026-04-13 11:47:50,776 DEBUG Enter >>> MspPlatform.WindowsService.ThreadManager.AddThreadImp()
[PmeServiceThread] 2026-04-13 11:47:50,776 DEBUG Exit  <<< MspPlatform.WindowsService.ThreadManager.AddThreadImp()
[PmeServiceThread] 2026-04-13 11:47:50,776 DEBUG Enter >>> PmeServiceThread.ThreadMain()
[PmeServiceThread] 2026-04-13 11:47:50,794 DEBUG PmeServiceThread.CheckNcentralWuaTamperProofing => N-central Agent wasn't detected
[PmeServiceThread] 2026-04-13 11:47:50,794 OFF   PmeServiceThread.WuaTamperProofingCycle => Wua tamper proofing values: [PmeConfig=True/N-central config=True]
[PmeServiceThread] 2026-04-13 11:47:50,794 OFF   PmeServiceThread.RunWuaTamperProofing => start WUA tamper proofing
[PmeServiceThread] 2026-04-13 11:47:50,794 INFO  PmeServiceThread.WaitOrTerminateThread => WUA tamper proofing is currently running. Waiting for Stop...
[5] 2026-04-13 11:52:50,802 DEBUG PmeServiceThread.IsPatchManagementandMicrosoftPatchingEnabled => PatchConfig.xml wasn't found. Not allowing WUA tamper-proofing/WU Access check...
[5] 2026-04-13 11:52:50,802 WARN  OnProfileCheckTimer => Patch Management or Microsoft patching disabled or N-sight is being used. Skipping WU Access check.
[8] 2026-04-13 12:31:51,649 DEBUG PmeServiceThread.CheckNcentralWuaTamperProofing => N-central Agent wasn't detected
[8] 2026-04-13 12:31:51,653 OFF   PmeServiceThread.WuaTamperProofingCycle => Wua tamper proofing values: [PmeConfig=True/N-central config=True]
[8] 2026-04-13 12:31:51,653 OFF   PmeServiceThread.RunWuaTamperProofing => start WUA tamper proofing
[8] 2026-04-13 12:36:51,657 DEBUG PmeServiceThread.IsPatchManagementandMicrosoftPatchingEnabled => PatchConfig.xml wasn't found. Not allowing WUA tamper-proofing/WU Access check...
[8] 2026-04-13 12:36:51,658 WARN  OnProfileCheckTimer => Patch Management or Microsoft patching disabled or N-sight is being used. Skipping WU Access check.
[8] 2026-04-13 13:01:51,655 DEBUG PmeServiceThread.CheckNcentralWuaTamperProofing => N-central Agent wasn't detected
[8] 2026-04-13 13:01:51,656 OFF   PmeServiceThread.WuaTamperProofingCycle => Wua tamper proofing values: [PmeConfig=True/N-central config=True]
[8] 2026-04-13 13:01:51,656 OFF   PmeServiceThread.RunWuaTamperProofing => start WUA tamper proofing
[8] 2026-04-13 13:06:51,659 DEBUG PmeServiceThread.IsPatchManagementandMicrosoftPatchingEnabled => PatchConfig.xml wasn't found. Not allowing WUA tamper-proofing/WU Access check...
[8] 2026-04-13 13:06:51,660 WARN  OnProfileCheckTimer => Patch Management or Microsoft patching disabled or N-sight is being used. Skipping WU Access check.
[8] 2026-04-13 13:31:51,666 DEBUG PmeServiceThread.CheckNcentralWuaTamperProofing => N-central Agent wasn't detected
[8] 2026-04-13 13:31:51,667 OFF   PmeServiceThread.WuaTamperProofingCycle => Wua tamper proofing values: [PmeConfig=True/N-central config=True]
[8] 2026-04-13 13:31:51,667 OFF   PmeServiceThread.RunWuaTamperProofing => start WUA tamper proofing
[8] 2026-04-13 13:36:51,673 DEBUG PmeServiceThread.IsPatchManagementandMicrosoftPatchingEnabled => PatchConfig.xml wasn't found. Not allowing WUA tamper-proofing/WU Access check...
[8] 2026-04-13 13:36:51,674 WARN  OnProfileCheckTimer => Patch Management or Microsoft patching disabled or N-sight is being used. Skipping WU Access check.
[8] 2026-04-13 14:01:51,671 DEBUG PmeServiceThread.CheckNcentralWuaTamperProofing => N-central Agent wasn't detected
[8] 2026-04-13 14:01:51,672 OFF   PmeServiceThread.WuaTamperProofingCycle => Wua tamper proofing values: [PmeConfig=True/N-central config=True]
[8] 2026-04-13 14:01:51,672 OFF   PmeServiceThread.RunWuaTamperProofing => start WUA tamper proofing
[8] 2026-04-13 14:06:51,693 DEBUG PmeServiceThread.IsPatchManagementandMicrosoftPatchingEnabled => PatchConfig.xml wasn't found. Not allowing WUA tamper-proofing/WU Access check...
[8] 2026-04-13 14:06:51,695 WARN  OnProfileCheckTimer => Patch Management or Microsoft patching disabled or N-sight is being used. Skipping WU Access check.
[6] 2026-04-13 14:31:51,686 DEBUG PmeServiceThread.CheckNcentralWuaTamperProofing => N-central Agent wasn't detected
[6] 2026-04-13 14:31:51,686 OFF   PmeServiceThread.WuaTamperProofingCycle => Wua tamper proofing values: [PmeConfig=True/N-central config=True]
[6] 2026-04-13 14:31:51,687 OFF   PmeServiceThread.RunWuaTamperProofing => start WUA tamper proofing
[6] 2026-04-13 14:36:51,698 DEBUG PmeServiceThread.IsPatchManagementandMicrosoftPatchingEnabled => PatchConfig.xml wasn't found. Not allowing WUA tamper-proofing/WU Access check...
[6] 2026-04-13 14:36:51,699 WARN  OnProfileCheckTimer => Patch Management or Microsoft patching disabled or N-sight is being used. Skipping WU Access check.
[6] 2026-04-13 15:01:51,697 DEBUG PmeServiceThread.CheckNcentralWuaTamperProofing => N-central Agent wasn't detected
[6] 2026-04-13 15:01:51,698 OFF   PmeServiceThread.WuaTamperProofingCycle => Wua tamper proofing values: [PmeConfig=True/N-central config=True]
[6] 2026-04-13 15:01:51,698 OFF   PmeServiceThread.RunWuaTamperProofing => start WUA tamper proofing
[6] 2026-04-13 15:06:51,703 DEBUG PmeServiceThread.IsPatchManagementandMicrosoftPatchingEnabled => PatchConfig.xml wasn't found. Not allowing WUA tamper-proofing/WU Access check...
[6] 2026-04-13 15:06:51,704 WARN  OnProfileCheckTimer => Patch Management or Microsoft patching disabled or N-sight is being used. Skipping WU Access check.
[6] 2026-04-13 15:31:51,701 DEBUG PmeServiceThread.CheckNcentralWuaTamperProofing => N-central Agent wasn't detected
[6] 2026-04-13 15:31:51,701 OFF   PmeServiceThread.WuaTamperProofingCycle => Wua tamper proofing values: [PmeConfig=True/N-central config=True]
[6] 2026-04-13 15:31:51,702 OFF   PmeServiceThread.RunWuaTamperProofing => start WUA tamper proofing
[6] 2026-04-13 15:36:51,708 DEBUG PmeServiceThread.IsPatchManagementandMicrosoftPatchingEnabled => PatchConfig.xml wasn't found. Not allowing WUA tamper-proofing/WU Access check...
[6] 2026-04-13 15:36:51,708 WARN  OnProfileCheckTimer => Patch Management or Microsoft patching disabled or N-sight is being used. Skipping WU Access check.
[6] 2026-04-13 16:01:51,723 DEBUG PmeServiceThread.CheckNcentralWuaTamperProofing => N-central Agent wasn't detected
[6] 2026-04-13 16:01:51,723 OFF   PmeServiceThread.WuaTamperProofingCycle => Wua tamper proofing values: [PmeConfig=True/N-central config=True]
[6] 2026-04-13 16:01:51,724 OFF   PmeServiceThread.RunWuaTamperProofing => start WUA tamper proofing
[6] 2026-04-13 16:06:51,715 DEBUG PmeServiceThread.IsPatchManagementandMicrosoftPatchingEnabled => PatchConfig.xml wasn't found. Not allowing WUA tamper-proofing/WU Access check...
[6] 2026-04-13 16:06:51,717 WARN  OnProfileCheckTimer => Patch Management or Microsoft patching disabled or N-sight is being used. Skipping WU Access check.
[6] 2026-04-13 23:01:34,721 DEBUG PmeServiceThread.CheckNcentralWuaTamperProofing => N-central Agent wasn't detected
[6] 2026-04-13 23:01:34,721 OFF   PmeServiceThread.WuaTamperProofingCycle => Wua tamper proofing values: [PmeConfig=True/N-central config=True]
[6] 2026-04-13 23:01:34,722 OFF   PmeServiceThread.RunWuaTamperProofing => start WUA tamper proofing
[6] 2026-04-14 09:05:01,307 DEBUG PmeServiceThread.IsPatchManagementandMicrosoftPatchingEnabled => PatchConfig.xml wasn't found. Not allowing WUA tamper-proofing/WU Access check...
[6] 2026-04-14 09:05:01,308 WARN  OnProfileCheckTimer => Patch Management or Microsoft patching disabled or N-sight is being used. Skipping WU Access check.
[5] 2026-04-14 09:43:55,163 DEBUG PmeServiceThread.CheckNcentralWuaTamperProofing => N-central Agent wasn't detected
[5] 2026-04-14 09:43:55,163 OFF   PmeServiceThread.WuaTamperProofingCycle => Wua tamper proofing values: [PmeConfig=True/N-central config=True]
[5] 2026-04-14 09:43:55,164 OFF   PmeServiceThread.RunWuaTamperProofing => start WUA tamper proofing
[5] 2026-04-14 09:48:55,153 DEBUG PmeServiceThread.IsPatchManagementandMicrosoftPatchingEnabled => PatchConfig.xml wasn't found. Not allowing WUA tamper-proofing/WU Access check...
[5] 2026-04-14 09:48:55,154 WARN  OnProfileCheckTimer => Patch Management or Microsoft patching disabled or N-sight is being used. Skipping WU Access check.
[5] 2026-04-14 11:46:17,393 DEBUG PmeServiceThread.CheckNcentralWuaTamperProofing => N-central Agent wasn't detected
[5] 2026-04-14 11:46:17,393 OFF   PmeServiceThread.WuaTamperProofingCycle => Wua tamper proofing values: [PmeConfig=True/N-central config=True]
[5] 2026-04-14 11:46:17,394 OFF   PmeServiceThread.RunWuaTamperProofing => start WUA tamper proofing
[5] 2026-04-14 11:51:17,370 DEBUG PmeServiceThread.IsPatchManagementandMicrosoftPatchingEnabled => PatchConfig.xml wasn't found. Not allowing WUA tamper-proofing/WU Access check...
[5] 2026-04-14 11:51:17,370 WARN  OnProfileCheckTimer => Patch Management or Microsoft patching disabled or N-sight is being used. Skipping WU Access check.
[5] 2026-04-14 12:16:17,403 DEBUG PmeServiceThread.CheckNcentralWuaTamperProofing => N-central Agent wasn't detected
[5] 2026-04-14 12:16:17,404 OFF   PmeServiceThread.WuaTamperProofingCycle => Wua tamper proofing values: [PmeConfig=True/N-central config=True]
[5] 2026-04-14 12:16:17,404 OFF   PmeServiceThread.RunWuaTamperProofing => start WUA tamper proofing
[5] 2026-04-14 12:21:17,371 DEBUG PmeServiceThread.IsPatchManagementandMicrosoftPatchingEnabled => PatchConfig.xml wasn't found. Not allowing WUA tamper-proofing/WU Access check...
[5] 2026-04-14 12:21:17,372 WARN  OnProfileCheckTimer => Patch Management or Microsoft patching disabled or N-sight is being used. Skipping WU Access check.
[5] 2026-04-14 15:08:21,699 DEBUG PmeServiceThread.CheckNcentralWuaTamperProofing => N-central Agent wasn't detected
[5] 2026-04-14 15:08:21,700 OFF   PmeServiceThread.WuaTamperProofingCycle => Wua tamper proofing values: [PmeConfig=True/N-central config=True]
[5] 2026-04-14 15:08:21,701 OFF   PmeServiceThread.RunWuaTamperProofing => start WUA tamper proofing
[5] 2026-04-14 15:13:21,667 DEBUG PmeServiceThread.IsPatchManagementandMicrosoftPatchingEnabled => PatchConfig.xml wasn't found. Not allowing WUA tamper-proofing/WU Access check...
[5] 2026-04-14 15:13:21,669 WARN  OnProfileCheckTimer => Patch Management or Microsoft patching disabled or N-sight is being used. Skipping WU Access check.
[5] 2026-04-14 15:52:19,397 DEBUG PmeServiceThread.CheckNcentralWuaTamperProofing => N-central Agent wasn't detected
[5] 2026-04-14 15:52:19,398 OFF   PmeServiceThread.WuaTamperProofingCycle => Wua tamper proofing values: [PmeConfig=True/N-central config=True]
[5] 2026-04-14 15:52:19,398 OFF   PmeServiceThread.RunWuaTamperProofing => start WUA tamper proofing
[5] 2026-04-14 15:57:19,372 DEBUG PmeServiceThread.IsPatchManagementandMicrosoftPatchingEnabled => PatchConfig.xml wasn't found. Not allowing WUA tamper-proofing/WU Access check...
[5] 2026-04-14 15:57:19,372 WARN  OnProfileCheckTimer => Patch Management or Microsoft patching disabled or N-sight is being used. Skipping WU Access check.
[4] 2026-04-14 16:30:19,520 DEBUG PmeServiceThread.CheckNcentralWuaTamperProofing => N-central Agent wasn't detected
[4] 2026-04-14 16:30:19,520 OFF   PmeServiceThread.WuaTamperProofingCycle => Wua tamper proofing values: [PmeConfig=True/N-central config=True]
[4] 2026-04-14 16:30:19,521 OFF   PmeServiceThread.RunWuaTamperProofing => start WUA tamper proofing
[4] 2026-04-14 16:59:15,244 DEBUG PmeServiceThread.IsPatchManagementandMicrosoftPatchingEnabled => PatchConfig.xml wasn't found. Not allowing WUA tamper-proofing/WU Access check...
[4] 2026-04-14 16:59:15,245 WARN  OnProfileCheckTimer => Patch Management or Microsoft patching disabled or N-sight is being used. Skipping WU Access check.
[4] 2026-04-14 18:06:46,658 DEBUG PmeServiceThread.CheckNcentralWuaTamperProofing => N-central Agent wasn't detected
[4] 2026-04-14 18:06:46,659 OFF   PmeServiceThread.WuaTamperProofingCycle => Wua tamper proofing values: [PmeConfig=True/N-central config=True]
[4] 2026-04-14 18:06:46,659 OFF   PmeServiceThread.RunWuaTamperProofing => start WUA tamper proofing
[4] 2026-04-14 18:34:35,453 DEBUG PmeServiceThread.IsPatchManagementandMicrosoftPatchingEnabled => PatchConfig.xml wasn't found. Not allowing WUA tamper-proofing/WU Access check...
[4] 2026-04-14 18:34:35,454 WARN  OnProfileCheckTimer => Patch Management or Microsoft patching disabled or N-sight is being used. Skipping WU Access check.
[4] 2026-04-15 08:49:05,168 DEBUG PmeServiceThread.CheckNcentralWuaTamperProofing => N-central Agent wasn't detected
[4] 2026-04-15 08:49:05,169 OFF   PmeServiceThread.WuaTamperProofingCycle => Wua tamper proofing values: [PmeConfig=True/N-central config=True]
[4] 2026-04-15 08:49:05,169 OFF   PmeServiceThread.RunWuaTamperProofing => start WUA tamper proofing
[4] 2026-04-15 08:54:05,135 DEBUG PmeServiceThread.IsPatchManagementandMicrosoftPatchingEnabled => PatchConfig.xml wasn't found. Not allowing WUA tamper-proofing/WU Access check...
[4] 2026-04-15 08:54:05,136 WARN  OnProfileCheckTimer => Patch Management or Microsoft patching disabled or N-sight is being used. Skipping WU Access check.
[4] 2026-04-15 09:19:05,181 DEBUG PmeServiceThread.CheckNcentralWuaTamperProofing => N-central Agent wasn't detected
[4] 2026-04-15 09:19:05,182 OFF   PmeServiceThread.WuaTamperProofingCycle => Wua tamper proofing values: [PmeConfig=True/N-central config=True]
[4] 2026-04-15 09:19:05,182 OFF   PmeServiceThread.RunWuaTamperProofing => start WUA tamper proofing
[4] 2026-04-15 09:24:05,145 DEBUG PmeServiceThread.IsPatchManagementandMicrosoftPatchingEnabled => PatchConfig.xml wasn't found. Not allowing WUA tamper-proofing/WU Access check...
[4] 2026-04-15 09:24:05,145 WARN  OnProfileCheckTimer => Patch Management or Microsoft patching disabled or N-sight is being used. Skipping WU Access check.
[9] 2026-04-15 10:08:13,685 DEBUG PmeServiceThread.CheckNcentralWuaTamperProofing => N-central Agent wasn't detected
[9] 2026-04-15 10:08:13,687 OFF   PmeServiceThread.WuaTamperProofingCycle => Wua tamper proofing values: [PmeConfig=True/N-central config=True]
[9] 2026-04-15 10:08:13,688 OFF   PmeServiceThread.RunWuaTamperProofing => start WUA tamper proofing
[9] 2026-04-15 10:13:13,647 DEBUG PmeServiceThread.IsPatchManagementandMicrosoftPatchingEnabled => PatchConfig.xml wasn't found. Not allowing WUA tamper-proofing/WU Access check...
[9] 2026-04-15 10:13:13,648 WARN  OnProfileCheckTimer => Patch Management or Microsoft patching disabled or N-sight is being used. Skipping WU Access check.
[9] 2026-04-15 10:38:48,294 DEBUG PmeServiceThread.CheckNcentralWuaTamperProofing => N-central Agent wasn't detected
[9] 2026-04-15 10:38:48,295 OFF   PmeServiceThread.WuaTamperProofingCycle => Wua tamper proofing values: [PmeConfig=True/N-central config=True]
[9] 2026-04-15 10:38:48,296 OFF   PmeServiceThread.RunWuaTamperProofing => start WUA tamper proofing
[9] 2026-04-15 10:43:48,251 DEBUG PmeServiceThread.IsPatchManagementandMicrosoftPatchingEnabled => PatchConfig.xml wasn't found. Not allowing WUA tamper-proofing/WU Access check...
[9] 2026-04-15 10:43:48,252 WARN  OnProfileCheckTimer => Patch Management or Microsoft patching disabled or N-sight is being used. Skipping WU Access check.
[9] 2026-04-15 11:12:11,007 DEBUG PmeServiceThread.CheckNcentralWuaTamperProofing => N-central Agent wasn't detected
[9] 2026-04-15 11:12:11,008 OFF   PmeServiceThread.WuaTamperProofingCycle => Wua tamper proofing values: [PmeConfig=True/N-central config=True]
[9] 2026-04-15 11:12:11,008 OFF   PmeServiceThread.RunWuaTamperProofing => start WUA tamper proofing
[9] 2026-04-15 11:17:10,975 DEBUG PmeServiceThread.IsPatchManagementandMicrosoftPatchingEnabled => PatchConfig.xml wasn't found. Not allowing WUA tamper-proofing/WU Access check...
[9] 2026-04-15 11:17:10,976 WARN  OnProfileCheckTimer => Patch Management or Microsoft patching disabled or N-sight is being used. Skipping WU Access check.
[9] 2026-04-15 12:05:02,825 DEBUG PmeServiceThread.CheckNcentralWuaTamperProofing => N-central Agent wasn't detected
[9] 2026-04-15 12:05:02,826 OFF   PmeServiceThread.WuaTamperProofingCycle => Wua tamper proofing values: [PmeConfig=True/N-central config=True]
[9] 2026-04-15 12:05:02,826 OFF   PmeServiceThread.RunWuaTamperProofing => start WUA tamper proofing
[9] 2026-04-15 12:10:02,773 DEBUG PmeServiceThread.IsPatchManagementandMicrosoftPatchingEnabled => PatchConfig.xml wasn't found. Not allowing WUA tamper-proofing/WU Access check...
[9] 2026-04-15 12:10:02,774 WARN  OnProfileCheckTimer => Patch Management or Microsoft patching disabled or N-sight is being used. Skipping WU Access check.
[9] 2026-04-15 12:35:02,829 DEBUG PmeServiceThread.CheckNcentralWuaTamperProofing => N-central Agent wasn't detected
[9] 2026-04-15 12:35:02,830 OFF   PmeServiceThread.WuaTamperProofingCycle => Wua tamper proofing values: [PmeConfig=True/N-central config=True]
[9] 2026-04-15 12:35:02,830 OFF   PmeServiceThread.RunWuaTamperProofing => start WUA tamper proofing
[9] 2026-04-15 12:40:02,791 DEBUG PmeServiceThread.IsPatchManagementandMicrosoftPatchingEnabled => PatchConfig.xml wasn't found. Not allowing WUA tamper-proofing/WU Access check...
[9] 2026-04-15 12:40:02,791 WARN  OnProfileCheckTimer => Patch Management or Microsoft patching disabled or N-sight is being used. Skipping WU Access check.
[9] 2026-04-15 13:11:08,344 DEBUG PmeServiceThread.CheckNcentralWuaTamperProofing => N-central Agent wasn't detected
[9] 2026-04-15 13:11:08,345 OFF   PmeServiceThread.WuaTamperProofingCycle => Wua tamper proofing values: [PmeConfig=True/N-central config=True]
[9] 2026-04-15 13:11:08,345 OFF   PmeServiceThread.RunWuaTamperProofing => start WUA tamper proofing
[9] 2026-04-15 13:16:08,308 DEBUG PmeServiceThread.IsPatchManagementandMicrosoftPatchingEnabled => PatchConfig.xml wasn't found. Not allowing WUA tamper-proofing/WU Access check...
[9] 2026-04-15 13:16:08,309 WARN  OnProfileCheckTimer => Patch Management or Microsoft patching disabled or N-sight is being used. Skipping WU Access check.
[9] 2026-04-15 14:00:46,007 DEBUG PmeServiceThread.CheckNcentralWuaTamperProofing => N-central Agent wasn't detected
[9] 2026-04-15 14:00:46,007 OFF   PmeServiceThread.WuaTamperProofingCycle => Wua tamper proofing values: [PmeConfig=True/N-central config=True]
[9] 2026-04-15 14:00:46,008 OFF   PmeServiceThread.RunWuaTamperProofing => start WUA tamper proofing
[9] 2026-04-15 14:05:45,977 DEBUG PmeServiceThread.IsPatchManagementandMicrosoftPatchingEnabled => PatchConfig.xml wasn't found. Not allowing WUA tamper-proofing/WU Access check...
[9] 2026-04-15 14:05:45,978 WARN  OnProfileCheckTimer => Patch Management or Microsoft patching disabled or N-sight is being used. Skipping WU Access check.
[9] 2026-04-15 15:00:40,942 DEBUG PmeServiceThread.CheckNcentralWuaTamperProofing => N-central Agent wasn't detected
[9] 2026-04-15 15:00:40,942 OFF   PmeServiceThread.WuaTamperProofingCycle => Wua tamper proofing values: [PmeConfig=True/N-central config=True]
[9] 2026-04-15 15:00:40,943 OFF   PmeServiceThread.RunWuaTamperProofing => start WUA tamper proofing
[9] 2026-04-15 15:07:02,522 DEBUG PmeServiceThread.IsPatchManagementandMicrosoftPatchingEnabled => PatchConfig.xml wasn't found. Not allowing WUA tamper-proofing/WU Access check...
[9] 2026-04-15 15:07:02,522 WARN  OnProfileCheckTimer => Patch Management or Microsoft patching disabled or N-sight is being used. Skipping WU Access check.
[10] 2026-04-15 15:48:52,672 DEBUG PmeServiceThread.CheckNcentralWuaTamperProofing => N-central Agent wasn't detected
[10] 2026-04-15 15:48:52,673 OFF   PmeServiceThread.WuaTamperProofingCycle => Wua tamper proofing values: [PmeConfig=True/N-central config=True]
[10] 2026-04-15 15:48:52,673 OFF   PmeServiceThread.RunWuaTamperProofing => start WUA tamper proofing
[10] 2026-04-15 15:53:52,636 DEBUG PmeServiceThread.IsPatchManagementandMicrosoftPatchingEnabled => PatchConfig.xml wasn't found. Not allowing WUA tamper-proofing/WU Access check...
[10] 2026-04-15 15:53:52,637 WARN  OnProfileCheckTimer => Patch Management or Microsoft patching disabled or N-sight is being used. Skipping WU Access check.
[10] 2026-04-15 17:23:28,641 DEBUG PmeServiceThread.CheckNcentralWuaTamperProofing => N-central Agent wasn't detected
[10] 2026-04-15 17:23:28,642 OFF   PmeServiceThread.WuaTamperProofingCycle => Wua tamper proofing values: [PmeConfig=True/N-central config=True]
[10] 2026-04-15 17:23:28,642 OFF   PmeServiceThread.RunWuaTamperProofing => start WUA tamper proofing
[10] 2026-04-15 17:28:28,601 DEBUG PmeServiceThread.IsPatchManagementandMicrosoftPatchingEnabled => PatchConfig.xml wasn't found. Not allowing WUA tamper-proofing/WU Access check...
[10] 2026-04-15 17:28:28,601 WARN  OnProfileCheckTimer => Patch Management or Microsoft patching disabled or N-sight is being used. Skipping WU Access check.
[11] 2026-04-15 17:55:55,160 DEBUG PmeServiceThread.CheckNcentralWuaTamperProofing => N-central Agent wasn't detected
[11] 2026-04-15 17:55:55,161 OFF   PmeServiceThread.WuaTamperProofingCycle => Wua tamper proofing values: [PmeConfig=True/N-central config=True]
[11] 2026-04-15 17:55:55,162 OFF   PmeServiceThread.RunWuaTamperProofing => start WUA tamper proofing
[11] 2026-04-15 18:02:51,152 DEBUG PmeServiceThread.IsPatchManagementandMicrosoftPatchingEnabled => PatchConfig.xml wasn't found. Not allowing WUA tamper-proofing/WU Access check...
[11] 2026-04-15 18:02:51,154 WARN  OnProfileCheckTimer => Patch Management or Microsoft patching disabled or N-sight is being used. Skipping WU Access check.
[11] 2026-04-15 18:27:51,204 DEBUG PmeServiceThread.CheckNcentralWuaTamperProofing => N-central Agent wasn't detected
[11] 2026-04-15 18:27:51,205 OFF   PmeServiceThread.WuaTamperProofingCycle => Wua tamper proofing values: [PmeConfig=True/N-central config=True]
[11] 2026-04-15 18:27:51,206 OFF   PmeServiceThread.RunWuaTamperProofing => start WUA tamper proofing
[11] 2026-04-15 18:32:51,164 DEBUG PmeServiceThread.IsPatchManagementandMicrosoftPatchingEnabled => PatchConfig.xml wasn't found. Not allowing WUA tamper-proofing/WU Access check...
[11] 2026-04-15 18:32:51,165 WARN  OnProfileCheckTimer => Patch Management or Microsoft patching disabled or N-sight is being used. Skipping WU Access check.
[5] 2026-04-15 21:09:10,025 DEBUG PmeServiceThread.CheckNcentralWuaTamperProofing => N-central Agent wasn't detected
[5] 2026-04-15 21:09:10,026 OFF   PmeServiceThread.WuaTamperProofingCycle => Wua tamper proofing values: [PmeConfig=True/N-central config=True]
[5] 2026-04-15 21:09:10,027 OFF   PmeServiceThread.RunWuaTamperProofing => start WUA tamper proofing
[5] 2026-04-15 21:14:09,988 DEBUG PmeServiceThread.IsPatchManagementandMicrosoftPatchingEnabled => PatchConfig.xml wasn't found. Not allowing WUA tamper-proofing/WU Access check...
[5] 2026-04-15 21:14:09,988 WARN  OnProfileCheckTimer => Patch Management or Microsoft patching disabled or N-sight is being used. Skipping WU Access check.
[5] 2026-04-16 08:47:21,611 DEBUG PmeServiceThread.CheckNcentralWuaTamperProofing => N-central Agent wasn't detected
[5] 2026-04-16 08:47:21,612 OFF   PmeServiceThread.WuaTamperProofingCycle => Wua tamper proofing values: [PmeConfig=True/N-central config=True]
[5] 2026-04-16 08:47:21,612 OFF   PmeServiceThread.RunWuaTamperProofing => start WUA tamper proofing
[5] 2026-04-16 08:52:21,581 DEBUG PmeServiceThread.IsPatchManagementandMicrosoftPatchingEnabled => PatchConfig.xml wasn't found. Not allowing WUA tamper-proofing/WU Access check...
[5] 2026-04-16 08:52:21,582 WARN  OnProfileCheckTimer => Patch Management or Microsoft patching disabled or N-sight is being used. Skipping WU Access check.
[5] 2026-04-16 09:17:21,613 DEBUG PmeServiceThread.CheckNcentralWuaTamperProofing => N-central Agent wasn't detected
[5] 2026-04-16 09:17:21,614 OFF   PmeServiceThread.WuaTamperProofingCycle => Wua tamper proofing values: [PmeConfig=True/N-central config=True]
[5] 2026-04-16 09:17:21,615 OFF   PmeServiceThread.RunWuaTamperProofing => start WUA tamper proofing
[5] 2026-04-16 09:22:21,600 DEBUG PmeServiceThread.IsPatchManagementandMicrosoftPatchingEnabled => PatchConfig.xml wasn't found. Not allowing WUA tamper-proofing/WU Access check...
[5] 2026-04-16 09:22:21,602 WARN  OnProfileCheckTimer => Patch Management or Microsoft patching disabled or N-sight is being used. Skipping WU Access check.
[4] 2026-04-16 09:47:21,628 DEBUG PmeServiceThread.CheckNcentralWuaTamperProofing => N-central Agent wasn't detected
[4] 2026-04-16 09:47:21,629 OFF   PmeServiceThread.WuaTamperProofingCycle => Wua tamper proofing values: [PmeConfig=True/N-central config=True]
[4] 2026-04-16 09:47:21,630 OFF   PmeServiceThread.RunWuaTamperProofing => start WUA tamper proofing
[4] 2026-04-16 09:52:21,610 DEBUG PmeServiceThread.IsPatchManagementandMicrosoftPatchingEnabled => PatchConfig.xml wasn't found. Not allowing WUA tamper-proofing/WU Access check...
[4] 2026-04-16 09:52:21,610 WARN  OnProfileCheckTimer => Patch Management or Microsoft patching disabled or N-sight is being used. Skipping WU Access check.
[4] 2026-04-16 10:17:21,638 DEBUG PmeServiceThread.CheckNcentralWuaTamperProofing => N-central Agent wasn't detected
[4] 2026-04-16 10:17:21,639 OFF   PmeServiceThread.WuaTamperProofingCycle => Wua tamper proofing values: [PmeConfig=True/N-central config=True]
[4] 2026-04-16 10:17:21,639 OFF   PmeServiceThread.RunWuaTamperProofing => start WUA tamper proofing
[4] 2026-04-16 10:22:21,629 DEBUG PmeServiceThread.IsPatchManagementandMicrosoftPatchingEnabled => PatchConfig.xml wasn't found. Not allowing WUA tamper-proofing/WU Access check...
[4] 2026-04-16 10:22:21,630 WARN  OnProfileCheckTimer => Patch Management or Microsoft patching disabled or N-sight is being used. Skipping WU Access check.
[4] 2026-04-16 10:53:32,864 DEBUG PmeServiceThread.CheckNcentralWuaTamperProofing => N-central Agent wasn't detected
[4] 2026-04-16 10:53:32,865 OFF   PmeServiceThread.WuaTamperProofingCycle => Wua tamper proofing values: [PmeConfig=True/N-central config=True]
[4] 2026-04-16 10:53:32,865 OFF   PmeServiceThread.RunWuaTamperProofing => start WUA tamper proofing
[4] 2026-04-16 11:00:19,381 DEBUG PmeServiceThread.IsPatchManagementandMicrosoftPatchingEnabled => PatchConfig.xml wasn't found. Not allowing WUA tamper-proofing/WU Access check...
[4] 2026-04-16 11:00:19,382 WARN  OnProfileCheckTimer => Patch Management or Microsoft patching disabled or N-sight is being used. Skipping WU Access check.
[4] 2026-04-16 11:35:27,741 DEBUG PmeServiceThread.CheckNcentralWuaTamperProofing => N-central Agent wasn't detected
[4] 2026-04-16 11:35:27,742 OFF   PmeServiceThread.WuaTamperProofingCycle => Wua tamper proofing values: [PmeConfig=True/N-central config=True]
[4] 2026-04-16 11:35:27,742 OFF   PmeServiceThread.RunWuaTamperProofing => start WUA tamper proofing
[4] 2026-04-16 11:40:27,743 DEBUG PmeServiceThread.IsPatchManagementandMicrosoftPatchingEnabled => PatchConfig.xml wasn't found. Not allowing WUA tamper-proofing/WU Access check...
[4] 2026-04-16 11:40:27,744 WARN  OnProfileCheckTimer => Patch Management or Microsoft patching disabled or N-sight is being used. Skipping WU Access check.
[4] 2026-04-16 13:03:59,120 DEBUG PmeServiceThread.CheckNcentralWuaTamperProofing => N-central Agent wasn't detected
[4] 2026-04-16 13:03:59,121 OFF   PmeServiceThread.WuaTamperProofingCycle => Wua tamper proofing values: [PmeConfig=True/N-central config=True]
[4] 2026-04-16 13:03:59,122 OFF   PmeServiceThread.RunWuaTamperProofing => start WUA tamper proofing
[4] 2026-04-16 13:08:59,127 DEBUG PmeServiceThread.IsPatchManagementandMicrosoftPatchingEnabled => PatchConfig.xml wasn't found. Not allowing WUA tamper-proofing/WU Access check...
[4] 2026-04-16 13:08:59,129 WARN  OnProfileCheckTimer => Patch Management or Microsoft patching disabled or N-sight is being used. Skipping WU Access check.
[5] 2026-04-16 14:04:56,575 DEBUG PmeServiceThread.CheckNcentralWuaTamperProofing => N-central Agent wasn't detected
[5] 2026-04-16 14:04:56,576 OFF   PmeServiceThread.WuaTamperProofingCycle => Wua tamper proofing values: [PmeConfig=True/N-central config=True]
[5] 2026-04-16 14:04:56,576 OFF   PmeServiceThread.RunWuaTamperProofing => start WUA tamper proofing
[5] 2026-04-16 14:09:56,600 DEBUG PmeServiceThread.IsPatchManagementandMicrosoftPatchingEnabled => PatchConfig.xml wasn't found. Not allowing WUA tamper-proofing/WU Access check...
[5] 2026-04-16 14:09:56,601 WARN  OnProfileCheckTimer => Patch Management or Microsoft patching disabled or N-sight is being used. Skipping WU Access check.
[6] 2026-04-16 14:36:18,567 DEBUG PmeServiceThread.CheckNcentralWuaTamperProofing => N-central Agent wasn't detected
[6] 2026-04-16 14:36:18,568 OFF   PmeServiceThread.WuaTamperProofingCycle => Wua tamper proofing values: [PmeConfig=True/N-central config=True]
[6] 2026-04-16 14:36:18,568 OFF   PmeServiceThread.RunWuaTamperProofing => start WUA tamper proofing
[6] 2026-04-16 14:50:00,373 DEBUG PmeServiceThread.IsPatchManagementandMicrosoftPatchingEnabled => PatchConfig.xml wasn't found. Not allowing WUA tamper-proofing/WU Access check...
[6] 2026-04-16 14:50:00,373 WARN  OnProfileCheckTimer => Patch Management or Microsoft patching disabled or N-sight is being used. Skipping WU Access check.
[6] 2026-04-16 16:33:25,013 DEBUG PmeServiceThread.CheckNcentralWuaTamperProofing => N-central Agent wasn't detected
[6] 2026-04-16 16:33:25,014 OFF   PmeServiceThread.WuaTamperProofingCycle => Wua tamper proofing values: [PmeConfig=True/N-central config=True]
[6] 2026-04-16 16:33:25,014 OFF   PmeServiceThread.RunWuaTamperProofing => start WUA tamper proofing
[6] 2026-04-16 16:38:25,060 DEBUG PmeServiceThread.IsPatchManagementandMicrosoftPatchingEnabled => PatchConfig.xml wasn't found. Not allowing WUA tamper-proofing/WU Access check...
[6] 2026-04-16 16:38:25,062 WARN  OnProfileCheckTimer => Patch Management or Microsoft patching disabled or N-sight is being used. Skipping WU Access check.
[6] 2026-04-16 17:04:25,104 DEBUG PmeServiceThread.CheckNcentralWuaTamperProofing => N-central Agent wasn't detected
[6] 2026-04-16 17:04:25,105 OFF   PmeServiceThread.WuaTamperProofingCycle => Wua tamper proofing values: [PmeConfig=True/N-central config=True]
[6] 2026-04-16 17:04:25,105 OFF   PmeServiceThread.RunWuaTamperProofing => start WUA tamper proofing
[6] 2026-04-16 17:16:09,121 DEBUG PmeServiceThread.IsPatchManagementandMicrosoftPatchingEnabled => PatchConfig.xml wasn't found. Not allowing WUA tamper-proofing/WU Access check...
[6] 2026-04-16 17:16:09,122 WARN  OnProfileCheckTimer => Patch Management or Microsoft patching disabled or N-sight is being used. Skipping WU Access check.
[6] 2026-04-16 17:41:09,065 DEBUG PmeServiceThread.CheckNcentralWuaTamperProofing => N-central Agent wasn't detected
[6] 2026-04-16 17:41:09,066 OFF   PmeServiceThread.WuaTamperProofingCycle => Wua tamper proofing values: [PmeConfig=True/N-central config=True]
[6] 2026-04-16 17:41:09,066 OFF   PmeServiceThread.RunWuaTamperProofing => start WUA tamper proofing
[6] 2026-04-16 17:46:09,124 DEBUG PmeServiceThread.IsPatchManagementandMicrosoftPatchingEnabled => PatchConfig.xml wasn't found. Not allowing WUA tamper-proofing/WU Access check...
[6] 2026-04-16 17:46:09,125 WARN  OnProfileCheckTimer => Patch Management or Microsoft patching disabled or N-sight is being used. Skipping WU Access check.
[5] 2026-04-19 08:32:40,829 DEBUG PmeServiceThread.CheckNcentralWuaTamperProofing => N-central Agent wasn't detected
[5] 2026-04-19 08:32:40,830 OFF   PmeServiceThread.WuaTamperProofingCycle => Wua tamper proofing values: [PmeConfig=True/N-central config=True]
[5] 2026-04-19 08:32:40,831 OFF   PmeServiceThread.RunWuaTamperProofing => start WUA tamper proofing
[5] 2026-04-19 08:41:34,626 DEBUG PmeServiceThread.IsPatchManagementandMicrosoftPatchingEnabled => PatchConfig.xml wasn't found. Not allowing WUA tamper-proofing/WU Access check...
[5] 2026-04-19 08:41:34,627 WARN  OnProfileCheckTimer => Patch Management or Microsoft patching disabled or N-sight is being used. Skipping WU Access check.
[5] 2026-04-19 09:11:39,115 DEBUG PmeServiceThread.CheckNcentralWuaTamperProofing => N-central Agent wasn't detected
[5] 2026-04-19 09:11:39,118 OFF   PmeServiceThread.WuaTamperProofingCycle => Wua tamper proofing values: [PmeConfig=True/N-central config=True]
[5] 2026-04-19 09:11:39,120 OFF   PmeServiceThread.RunWuaTamperProofing => start WUA tamper proofing
[5] 2026-04-19 09:16:39,183 DEBUG PmeServiceThread.IsPatchManagementandMicrosoftPatchingEnabled => PatchConfig.xml wasn't found. Not allowing WUA tamper-proofing/WU Access check...
[5] 2026-04-19 09:16:39,185 WARN  OnProfileCheckTimer => Patch Management or Microsoft patching disabled or N-sight is being used. Skipping WU Access check.
[6] 2026-04-19 09:56:35,857 DEBUG PmeServiceThread.CheckNcentralWuaTamperProofing => N-central Agent wasn't detected
[6] 2026-04-19 09:56:35,859 OFF   PmeServiceThread.WuaTamperProofingCycle => Wua tamper proofing values: [PmeConfig=True/N-central config=True]
[6] 2026-04-19 09:56:35,859 OFF   PmeServiceThread.RunWuaTamperProofing => start WUA tamper proofing
[6] 2026-04-19 10:21:38,172 DEBUG PmeServiceThread.IsPatchManagementandMicrosoftPatchingEnabled => PatchConfig.xml wasn't found. Not allowing WUA tamper-proofing/WU Access check...
[6] 2026-04-19 10:21:38,174 WARN  OnProfileCheckTimer => Patch Management or Microsoft patching disabled or N-sight is being used. Skipping WU Access check.
[6] 2026-04-19 11:08:21,544 DEBUG PmeServiceThread.CheckNcentralWuaTamperProofing => N-central Agent wasn't detected
[6] 2026-04-19 11:08:21,544 OFF   PmeServiceThread.WuaTamperProofingCycle => Wua tamper proofing values: [PmeConfig=True/N-central config=True]
[6] 2026-04-19 11:08:21,544 OFF   PmeServiceThread.RunWuaTamperProofing => start WUA tamper proofing
[6] 2026-04-19 11:13:21,620 DEBUG PmeServiceThread.IsPatchManagementandMicrosoftPatchingEnabled => PatchConfig.xml wasn't found. Not allowing WUA tamper-proofing/WU Access check...
[6] 2026-04-19 11:13:21,621 WARN  OnProfileCheckTimer => Patch Management or Microsoft patching disabled or N-sight is being used. Skipping WU Access check.
[6] 2026-04-19 13:42:41,841 DEBUG PmeServiceThread.CheckNcentralWuaTamperProofing => N-central Agent wasn't detected
[6] 2026-04-19 13:42:41,842 OFF   PmeServiceThread.WuaTamperProofingCycle => Wua tamper proofing values: [PmeConfig=True/N-central config=True]
[6] 2026-04-19 13:42:41,842 OFF   PmeServiceThread.RunWuaTamperProofing => start WUA tamper proofing
[6] 2026-04-19 13:47:41,924 DEBUG PmeServiceThread.IsPatchManagementandMicrosoftPatchingEnabled => PatchConfig.xml wasn't found. Not allowing WUA tamper-proofing/WU Access check...
[6] 2026-04-19 13:47:41,925 WARN  OnProfileCheckTimer => Patch Management or Microsoft patching disabled or N-sight is being used. Skipping WU Access check.
[6] 2026-04-19 14:28:23,903 DEBUG PmeServiceThread.CheckNcentralWuaTamperProofing => N-central Agent wasn't detected
[6] 2026-04-19 14:28:23,903 OFF   PmeServiceThread.WuaTamperProofingCycle => Wua tamper proofing values: [PmeConfig=True/N-central config=True]
[6] 2026-04-19 14:28:23,904 OFF   PmeServiceThread.RunWuaTamperProofing => start WUA tamper proofing
[6] 2026-04-19 14:34:26,820 DEBUG PmeServiceThread.IsPatchManagementandMicrosoftPatchingEnabled => PatchConfig.xml wasn't found. Not allowing WUA tamper-proofing/WU Access check...
[6] 2026-04-19 14:34:26,821 WARN  OnProfileCheckTimer => Patch Management or Microsoft patching disabled or N-sight is being used. Skipping WU Access check.
[4] 2026-04-19 15:35:56,580 DEBUG PmeServiceThread.CheckNcentralWuaTamperProofing => N-central Agent wasn't detected
[4] 2026-04-19 15:35:56,580 OFF   PmeServiceThread.WuaTamperProofingCycle => Wua tamper proofing values: [PmeConfig=True/N-central config=True]
[4] 2026-04-19 15:35:56,581 OFF   PmeServiceThread.RunWuaTamperProofing => start WUA tamper proofing
[4] 2026-04-19 15:40:56,677 DEBUG PmeServiceThread.IsPatchManagementandMicrosoftPatchingEnabled => PatchConfig.xml wasn't found. Not allowing WUA tamper-proofing/WU Access check...
[4] 2026-04-19 15:40:56,678 WARN  OnProfileCheckTimer => Patch Management or Microsoft patching disabled or N-sight is being used. Skipping WU Access check.
[4] 2026-04-20 08:37:49,761 DEBUG PmeServiceThread.CheckNcentralWuaTamperProofing => N-central Agent wasn't detected
[4] 2026-04-20 08:37:49,763 OFF   PmeServiceThread.WuaTamperProofingCycle => Wua tamper proofing values: [PmeConfig=True/N-central config=True]
[4] 2026-04-20 08:37:49,764 OFF   PmeServiceThread.RunWuaTamperProofing => start WUA tamper proofing
[4] 2026-04-20 08:42:49,861 DEBUG PmeServiceThread.IsPatchManagementandMicrosoftPatchingEnabled => PatchConfig.xml wasn't found. Not allowing WUA tamper-proofing/WU Access check...
[4] 2026-04-20 08:42:49,862 WARN  OnProfileCheckTimer => Patch Management or Microsoft patching disabled or N-sight is being used. Skipping WU Access check.
[4] 2026-04-20 09:38:06,453 DEBUG PmeServiceThread.CheckNcentralWuaTamperProofing => N-central Agent wasn't detected
[4] 2026-04-20 09:38:06,454 OFF   PmeServiceThread.WuaTamperProofingCycle => Wua tamper proofing values: [PmeConfig=True/N-central config=True]
[4] 2026-04-20 09:38:06,455 OFF   PmeServiceThread.RunWuaTamperProofing => start WUA tamper proofing
[4] 2026-04-20 09:43:06,562 DEBUG PmeServiceThread.IsPatchManagementandMicrosoftPatchingEnabled => PatchConfig.xml wasn't found. Not allowing WUA tamper-proofing/WU Access check...
[4] 2026-04-20 09:43:06,564 WARN  OnProfileCheckTimer => Patch Management or Microsoft patching disabled or N-sight is being used. Skipping WU Access check.
[4] 2026-04-20 10:16:20,467 DEBUG PmeServiceThread.CheckNcentralWuaTamperProofing => N-central Agent wasn't detected
[4] 2026-04-20 10:16:20,468 OFF   PmeServiceThread.WuaTamperProofingCycle => Wua tamper proofing values: [PmeConfig=True/N-central config=True]
[4] 2026-04-20 10:16:20,468 OFF   PmeServiceThread.RunWuaTamperProofing => start WUA tamper proofing
[4] 2026-04-20 10:21:20,566 DEBUG PmeServiceThread.IsPatchManagementandMicrosoftPatchingEnabled => PatchConfig.xml wasn't found. Not allowing WUA tamper-proofing/WU Access check...
[4] 2026-04-20 10:21:20,567 WARN  OnProfileCheckTimer => Patch Management or Microsoft patching disabled or N-sight is being used. Skipping WU Access check.
[9] 2026-04-20 11:05:49,867 DEBUG PmeServiceThread.CheckNcentralWuaTamperProofing => N-central Agent wasn't detected
[9] 2026-04-20 11:05:49,898 OFF   PmeServiceThread.WuaTamperProofingCycle => Wua tamper proofing values: [PmeConfig=True/N-central config=True]
[9] 2026-04-20 11:05:49,899 OFF   PmeServiceThread.RunWuaTamperProofing => start WUA tamper proofing
[9] 2026-04-20 11:35:35,288 DEBUG PmeServiceThread.IsPatchManagementandMicrosoftPatchingEnabled => PatchConfig.xml wasn't found. Not allowing WUA tamper-proofing/WU Access check...
[9] 2026-04-20 11:35:35,289 WARN  OnProfileCheckTimer => Patch Management or Microsoft patching disabled or N-sight is being used. Skipping WU Access check.
[6] 2026-04-20 12:24:14,198 DEBUG PmeServiceThread.CheckNcentralWuaTamperProofing => N-central Agent wasn't detected
[6] 2026-04-20 12:24:14,199 OFF   PmeServiceThread.WuaTamperProofingCycle => Wua tamper proofing values: [PmeConfig=True/N-central config=True]
[6] 2026-04-20 12:24:14,199 OFF   PmeServiceThread.RunWuaTamperProofing => start WUA tamper proofing
[6] 2026-04-20 12:29:14,290 DEBUG PmeServiceThread.IsPatchManagementandMicrosoftPatchingEnabled => PatchConfig.xml wasn't found. Not allowing WUA tamper-proofing/WU Access check...
[6] 2026-04-20 12:29:14,290 WARN  OnProfileCheckTimer => Patch Management or Microsoft patching disabled or N-sight is being used. Skipping WU Access check.
[6] 2026-04-20 13:29:55,842 DEBUG PmeServiceThread.CheckNcentralWuaTamperProofing => N-central Agent wasn't detected
[6] 2026-04-20 13:29:55,843 OFF   PmeServiceThread.WuaTamperProofingCycle => Wua tamper proofing values: [PmeConfig=True/N-central config=True]
[6] 2026-04-20 13:29:55,843 OFF   PmeServiceThread.RunWuaTamperProofing => start WUA tamper proofing
[6] 2026-04-20 13:34:55,935 DEBUG PmeServiceThread.IsPatchManagementandMicrosoftPatchingEnabled => PatchConfig.xml wasn't found. Not allowing WUA tamper-proofing/WU Access check...
[6] 2026-04-20 13:34:55,936 WARN  OnProfileCheckTimer => Patch Management or Microsoft patching disabled or N-sight is being used. Skipping WU Access check.
[9] 2026-04-20 14:04:14,964 DEBUG PmeServiceThread.CheckNcentralWuaTamperProofing => N-central Agent wasn't detected
[9] 2026-04-20 14:04:14,965 OFF   PmeServiceThread.WuaTamperProofingCycle => Wua tamper proofing values: [PmeConfig=True/N-central config=True]
[9] 2026-04-20 14:04:14,966 OFF   PmeServiceThread.RunWuaTamperProofing => start WUA tamper proofing
[10] 2026-04-20 14:09:15,071 DEBUG PmeServiceThread.IsPatchManagementandMicrosoftPatchingEnabled => PatchConfig.xml wasn't found. Not allowing WUA tamper-proofing/WU Access check...
[10] 2026-04-20 14:09:15,073 WARN  OnProfileCheckTimer => Patch Management or Microsoft patching disabled or N-sight is being used. Skipping WU Access check.
[11] 2026-04-20 14:40:56,867 DEBUG PmeServiceThread.CheckNcentralWuaTamperProofing => N-central Agent wasn't detected
[11] 2026-04-20 14:40:56,868 OFF   PmeServiceThread.WuaTamperProofingCycle => Wua tamper proofing values: [PmeConfig=True/N-central config=True]
[11] 2026-04-20 14:40:56,869 OFF   PmeServiceThread.RunWuaTamperProofing => start WUA tamper proofing
[12] 2026-04-20 14:45:56,970 DEBUG PmeServiceThread.IsPatchManagementandMicrosoftPatchingEnabled => PatchConfig.xml wasn't found. Not allowing WUA tamper-proofing/WU Access check...
[12] 2026-04-20 14:45:56,971 WARN  OnProfileCheckTimer => Patch Management or Microsoft patching disabled or N-sight is being used. Skipping WU Access check.
[12] 2026-04-20 15:10:54,681 DEBUG PmeServiceThread.CheckNcentralWuaTamperProofing => N-central Agent wasn't detected
[12] 2026-04-20 15:10:54,681 OFF   PmeServiceThread.WuaTamperProofingCycle => Wua tamper proofing values: [PmeConfig=True/N-central config=True]
[12] 2026-04-20 15:10:54,685 OFF   PmeServiceThread.RunWuaTamperProofing => start WUA tamper proofing
[12] 2026-04-20 15:15:54,787 DEBUG PmeServiceThread.IsPatchManagementandMicrosoftPatchingEnabled => PatchConfig.xml wasn't found. Not allowing WUA tamper-proofing/WU Access check...
[12] 2026-04-20 15:15:54,788 WARN  OnProfileCheckTimer => Patch Management or Microsoft patching disabled or N-sight is being used. Skipping WU Access check.
[12] 2026-04-20 15:47:05,732 DEBUG PmeServiceThread.CheckNcentralWuaTamperProofing => N-central Agent wasn't detected
[12] 2026-04-20 15:47:05,733 OFF   PmeServiceThread.WuaTamperProofingCycle => Wua tamper proofing values: [PmeConfig=True/N-central config=True]
[12] 2026-04-20 15:47:05,735 OFF   PmeServiceThread.RunWuaTamperProofing => start WUA tamper proofing
[12] 2026-04-20 15:52:05,827 DEBUG PmeServiceThread.IsPatchManagementandMicrosoftPatchingEnabled => PatchConfig.xml wasn't found. Not allowing WUA tamper-proofing/WU Access check...
[12] 2026-04-20 15:52:05,830 WARN  OnProfileCheckTimer => Patch Management or Microsoft patching disabled or N-sight is being used. Skipping WU Access check.
[12] 2026-04-20 16:17:05,732 DEBUG PmeServiceThread.CheckNcentralWuaTamperProofing => N-central Agent wasn't detected
[12] 2026-04-20 16:17:05,733 OFF   PmeServiceThread.WuaTamperProofingCycle => Wua tamper proofing values: [PmeConfig=True/N-central config=True]
[12] 2026-04-20 16:17:05,733 OFF   PmeServiceThread.RunWuaTamperProofing => start WUA tamper proofing
[12] 2026-04-20 16:22:05,840 DEBUG PmeServiceThread.IsPatchManagementandMicrosoftPatchingEnabled => PatchConfig.xml wasn't found. Not allowing WUA tamper-proofing/WU Access check...
[12] 2026-04-20 16:22:05,841 WARN  OnProfileCheckTimer => Patch Management or Microsoft patching disabled or N-sight is being used. Skipping WU Access check.
[12] 2026-04-20 16:47:05,741 DEBUG PmeServiceThread.CheckNcentralWuaTamperProofing => N-central Agent wasn't detected
[12] 2026-04-20 16:47:05,742 OFF   PmeServiceThread.WuaTamperProofingCycle => Wua tamper proofing values: [PmeConfig=True/N-central config=True]
[12] 2026-04-20 16:47:05,742 OFF   PmeServiceThread.RunWuaTamperProofing => start WUA tamper proofing
[13] 2026-04-20 16:52:09,236 DEBUG PmeServiceThread.IsPatchManagementandMicrosoftPatchingEnabled => PatchConfig.xml wasn't found. Not allowing WUA tamper-proofing/WU Access check...
[13] 2026-04-20 16:52:09,237 WARN  OnProfileCheckTimer => Patch Management or Microsoft patching disabled or N-sight is being used. Skipping WU Access check.
[15] 2026-04-20 17:32:34,580 DEBUG PmeServiceThread.CheckNcentralWuaTamperProofing => N-central Agent wasn't detected
[15] 2026-04-20 17:32:34,581 OFF   PmeServiceThread.WuaTamperProofingCycle => Wua tamper proofing values: [PmeConfig=True/N-central config=True]
[15] 2026-04-20 17:32:34,582 OFF   PmeServiceThread.RunWuaTamperProofing => start WUA tamper proofing
[16] 2026-04-20 17:40:01,954 DEBUG PmeServiceThread.IsPatchManagementandMicrosoftPatchingEnabled => PatchConfig.xml wasn't found. Not allowing WUA tamper-proofing/WU Access check...
[16] 2026-04-20 17:40:01,954 WARN  OnProfileCheckTimer => Patch Management or Microsoft patching disabled or N-sight is being used. Skipping WU Access check.
[16] 2026-04-20 19:15:57,370 DEBUG PmeServiceThread.CheckNcentralWuaTamperProofing => N-central Agent wasn't detected
[16] 2026-04-20 19:15:57,370 OFF   PmeServiceThread.WuaTamperProofingCycle => Wua tamper proofing values: [PmeConfig=True/N-central config=True]
[16] 2026-04-20 19:15:57,370 OFF   PmeServiceThread.RunWuaTamperProofing => start WUA tamper proofing
[16] 2026-04-20 19:20:57,466 DEBUG PmeServiceThread.IsPatchManagementandMicrosoftPatchingEnabled => PatchConfig.xml wasn't found. Not allowing WUA tamper-proofing/WU Access check...
[16] 2026-04-20 19:20:57,466 WARN  OnProfileCheckTimer => Patch Management or Microsoft patching disabled or N-sight is being used. Skipping WU Access check.
[16] 2026-04-21 10:07:40,772 DEBUG PmeServiceThread.CheckNcentralWuaTamperProofing => N-central Agent wasn't detected
[16] 2026-04-21 10:07:40,776 OFF   PmeServiceThread.WuaTamperProofingCycle => Wua tamper proofing values: [PmeConfig=True/N-central config=True]
[16] 2026-04-21 10:07:40,777 OFF   PmeServiceThread.RunWuaTamperProofing => start WUA tamper proofing
[16] 2026-04-21 10:17:44,475 DEBUG PmeServiceThread.IsPatchManagementandMicrosoftPatchingEnabled => PatchConfig.xml wasn't found. Not allowing WUA tamper-proofing/WU Access check...
[16] 2026-04-21 10:17:44,477 WARN  OnProfileCheckTimer => Patch Management or Microsoft patching disabled or N-sight is being used. Skipping WU Access check.
[4] 2026-04-23 08:52:10,470 DEBUG PmeServiceThread.CheckNcentralWuaTamperProofing => N-central Agent wasn't detected
[4] 2026-04-23 08:52:10,472 OFF   PmeServiceThread.WuaTamperProofingCycle => Wua tamper proofing values: [PmeConfig=True/N-central config=True]
[4] 2026-04-23 08:52:10,472 OFF   PmeServiceThread.RunWuaTamperProofing => start WUA tamper proofing
[4] 2026-04-23 08:57:10,587 DEBUG PmeServiceThread.IsPatchManagementandMicrosoftPatchingEnabled => PatchConfig.xml wasn't found. Not allowing WUA tamper-proofing/WU Access check...
[4] 2026-04-23 08:57:10,588 WARN  OnProfileCheckTimer => Patch Management or Microsoft patching disabled or N-sight is being used. Skipping WU Access check.
[6] 2026-04-23 09:28:38,687 DEBUG PmeServiceThread.CheckNcentralWuaTamperProofing => N-central Agent wasn't detected
[6] 2026-04-23 09:28:38,688 OFF   PmeServiceThread.WuaTamperProofingCycle => Wua tamper proofing values: [PmeConfig=True/N-central config=True]
[6] 2026-04-23 09:28:38,689 OFF   PmeServiceThread.RunWuaTamperProofing => start WUA tamper proofing
[6] 2026-04-23 09:38:04,921 DEBUG PmeServiceThread.IsPatchManagementandMicrosoftPatchingEnabled => PatchConfig.xml wasn't found. Not allowing WUA tamper-proofing/WU Access check...
[6] 2026-04-23 09:38:04,922 WARN  OnProfileCheckTimer => Patch Management or Microsoft patching disabled or N-sight is being used. Skipping WU Access check.
[6] 2026-04-23 10:15:23,317 DEBUG PmeServiceThread.CheckNcentralWuaTamperProofing => N-central Agent wasn't detected
[6] 2026-04-23 10:15:23,317 OFF   PmeServiceThread.WuaTamperProofingCycle => Wua tamper proofing values: [PmeConfig=True/N-central config=True]
[6] 2026-04-23 10:15:23,317 OFF   PmeServiceThread.RunWuaTamperProofing => start WUA tamper proofing
[6] 2026-04-23 10:20:23,447 DEBUG PmeServiceThread.IsPatchManagementandMicrosoftPatchingEnabled => PatchConfig.xml wasn't found. Not allowing WUA tamper-proofing/WU Access check...
[6] 2026-04-23 10:20:23,448 WARN  OnProfileCheckTimer => Patch Management or Microsoft patching disabled or N-sight is being used. Skipping WU Access check.
[12] 2026-04-23 13:50:20,410 DEBUG PmeServiceThread.CheckNcentralWuaTamperProofing => N-central Agent wasn't detected
[12] 2026-04-23 13:50:20,411 OFF   PmeServiceThread.WuaTamperProofingCycle => Wua tamper proofing values: [PmeConfig=True/N-central config=True]
[12] 2026-04-23 13:50:20,411 OFF   PmeServiceThread.RunWuaTamperProofing => start WUA tamper proofing
[12] 2026-04-23 13:55:20,535 DEBUG PmeServiceThread.IsPatchManagementandMicrosoftPatchingEnabled => PatchConfig.xml wasn't found. Not allowing WUA tamper-proofing/WU Access check...
[12] 2026-04-23 13:55:20,536 WARN  OnProfileCheckTimer => Patch Management or Microsoft patching disabled or N-sight is being used. Skipping WU Access check.
[12] 2026-04-23 14:32:17,667 DEBUG PmeServiceThread.CheckNcentralWuaTamperProofing => N-central Agent wasn't detected
[12] 2026-04-23 14:32:17,668 OFF   PmeServiceThread.WuaTamperProofingCycle => Wua tamper proofing values: [PmeConfig=True/N-central config=True]
[12] 2026-04-23 14:32:17,668 OFF   PmeServiceThread.RunWuaTamperProofing => start WUA tamper proofing
[11] 2026-04-23 14:37:17,781 DEBUG PmeServiceThread.IsPatchManagementandMicrosoftPatchingEnabled => PatchConfig.xml wasn't found. Not allowing WUA tamper-proofing/WU Access check...
[11] 2026-04-23 14:37:17,781 WARN  OnProfileCheckTimer => Patch Management or Microsoft patching disabled or N-sight is being used. Skipping WU Access check.
[11] 2026-04-23 15:08:53,989 DEBUG PmeServiceThread.CheckNcentralWuaTamperProofing => N-central Agent wasn't detected
[11] 2026-04-23 15:08:53,990 OFF   PmeServiceThread.WuaTamperProofingCycle => Wua tamper proofing values: [PmeConfig=True/N-central config=True]
[11] 2026-04-23 15:08:53,990 OFF   PmeServiceThread.RunWuaTamperProofing => start WUA tamper proofing
[11] 2026-04-23 15:14:22,572 DEBUG PmeServiceThread.IsPatchManagementandMicrosoftPatchingEnabled => PatchConfig.xml wasn't found. Not allowing WUA tamper-proofing/WU Access check...
[11] 2026-04-23 15:14:22,573 WARN  OnProfileCheckTimer => Patch Management or Microsoft patching disabled or N-sight is being used. Skipping WU Access check.
[10] 2026-04-23 15:39:22,478 DEBUG PmeServiceThread.CheckNcentralWuaTamperProofing => N-central Agent wasn't detected
[10] 2026-04-23 15:39:22,479 OFF   PmeServiceThread.WuaTamperProofingCycle => Wua tamper proofing values: [PmeConfig=True/N-central config=True]
[10] 2026-04-23 15:39:22,479 OFF   PmeServiceThread.RunWuaTamperProofing => start WUA tamper proofing
[10] 2026-04-23 15:44:22,579 DEBUG PmeServiceThread.IsPatchManagementandMicrosoftPatchingEnabled => PatchConfig.xml wasn't found. Not allowing WUA tamper-proofing/WU Access check...
[10] 2026-04-23 15:44:22,579 WARN  OnProfileCheckTimer => Patch Management or Microsoft patching disabled or N-sight is being used. Skipping WU Access check.
[10] 2026-04-23 16:10:14,272 DEBUG PmeServiceThread.CheckNcentralWuaTamperProofing => N-central Agent wasn't detected
[10] 2026-04-23 16:10:14,272 OFF   PmeServiceThread.WuaTamperProofingCycle => Wua tamper proofing values: [PmeConfig=True/N-central config=True]
[10] 2026-04-23 16:10:14,273 OFF   PmeServiceThread.RunWuaTamperProofing => start WUA tamper proofing
[10] 2026-04-23 16:22:15,033 DEBUG PmeServiceThread.IsPatchManagementandMicrosoftPatchingEnabled => PatchConfig.xml wasn't found. Not allowing WUA tamper-proofing/WU Access check...
[10] 2026-04-23 16:22:15,034 WARN  OnProfileCheckTimer => Patch Management or Microsoft patching disabled or N-sight is being used. Skipping WU Access check.
[10] 2026-04-23 16:51:46,210 DEBUG PmeServiceThread.CheckNcentralWuaTamperProofing => N-central Agent wasn't detected
[10] 2026-04-23 16:51:46,210 OFF   PmeServiceThread.WuaTamperProofingCycle => Wua tamper proofing values: [PmeConfig=True/N-central config=True]
[10] 2026-04-23 16:51:46,211 OFF   PmeServiceThread.RunWuaTamperProofing => start WUA tamper proofing
[10] 2026-04-23 17:39:40,818 DEBUG PmeServiceThread.IsPatchManagementandMicrosoftPatchingEnabled => PatchConfig.xml wasn't found. Not allowing WUA tamper-proofing/WU Access check...
[10] 2026-04-23 17:39:40,818 WARN  OnProfileCheckTimer => Patch Management or Microsoft patching disabled or N-sight is being used. Skipping WU Access check.
[10] 2026-04-23 18:31:21,767 DEBUG PmeServiceThread.CheckNcentralWuaTamperProofing => N-central Agent wasn't detected
[10] 2026-04-23 18:31:21,767 OFF   PmeServiceThread.WuaTamperProofingCycle => Wua tamper proofing values: [PmeConfig=True/N-central config=True]
[10] 2026-04-23 18:31:21,768 OFF   PmeServiceThread.RunWuaTamperProofing => start WUA tamper proofing
[10] 2026-04-23 18:36:21,879 DEBUG PmeServiceThread.IsPatchManagementandMicrosoftPatchingEnabled => PatchConfig.xml wasn't found. Not allowing WUA tamper-proofing/WU Access check...
[10] 2026-04-23 18:36:21,879 WARN  OnProfileCheckTimer => Patch Management or Microsoft patching disabled or N-sight is being used. Skipping WU Access check.
[10] 2026-04-23 19:01:21,776 DEBUG PmeServiceThread.CheckNcentralWuaTamperProofing => N-central Agent wasn't detected
[10] 2026-04-23 19:01:21,776 OFF   PmeServiceThread.WuaTamperProofingCycle => Wua tamper proofing values: [PmeConfig=True/N-central config=True]
[10] 2026-04-23 19:01:21,777 OFF   PmeServiceThread.RunWuaTamperProofing => start WUA tamper proofing
[10] 2026-04-23 19:06:21,882 DEBUG PmeServiceThread.IsPatchManagementandMicrosoftPatchingEnabled => PatchConfig.xml wasn't found. Not allowing WUA tamper-proofing/WU Access check...
[10] 2026-04-23 19:06:21,883 WARN  OnProfileCheckTimer => Patch Management or Microsoft patching disabled or N-sight is being used. Skipping WU Access check.
[9] 2026-04-25 08:01:44,892 DEBUG PmeServiceThread.CheckNcentralWuaTamperProofing => N-central Agent wasn't detected
[9] 2026-04-25 08:01:44,896 OFF   PmeServiceThread.WuaTamperProofingCycle => Wua tamper proofing values: [PmeConfig=True/N-central config=True]
[9] 2026-04-25 08:01:44,898 OFF   PmeServiceThread.RunWuaTamperProofing => start WUA tamper proofing
[11] 2026-04-25 08:06:45,003 DEBUG PmeServiceThread.IsPatchManagementandMicrosoftPatchingEnabled => PatchConfig.xml wasn't found. Not allowing WUA tamper-proofing/WU Access check...
[11] 2026-04-25 08:06:45,004 WARN  OnProfileCheckTimer => Patch Management or Microsoft patching disabled or N-sight is being used. Skipping WU Access check.
[11] 2026-04-26 08:35:15,005 DEBUG PmeServiceThread.CheckNcentralWuaTamperProofing => N-central Agent wasn't detected
[11] 2026-04-26 08:35:15,006 OFF   PmeServiceThread.WuaTamperProofingCycle => Wua tamper proofing values: [PmeConfig=True/N-central config=True]
[11] 2026-04-26 08:35:15,007 OFF   PmeServiceThread.RunWuaTamperProofing => start WUA tamper proofing
[11] 2026-04-26 08:40:15,124 DEBUG PmeServiceThread.IsPatchManagementandMicrosoftPatchingEnabled => PatchConfig.xml wasn't found. Not allowing WUA tamper-proofing/WU Access check...
[11] 2026-04-26 08:40:15,125 WARN  OnProfileCheckTimer => Patch Management or Microsoft patching disabled or N-sight is being used. Skipping WU Access check.
[11] 2026-04-26 09:09:40,000 DEBUG PmeServiceThread.CheckNcentralWuaTamperProofing => N-central Agent wasn't detected
[11] 2026-04-26 09:09:40,001 OFF   PmeServiceThread.WuaTamperProofingCycle => Wua tamper proofing values: [PmeConfig=True/N-central config=True]
[11] 2026-04-26 09:09:40,002 OFF   PmeServiceThread.RunWuaTamperProofing => start WUA tamper proofing
[11] 2026-04-26 09:14:40,126 DEBUG PmeServiceThread.IsPatchManagementandMicrosoftPatchingEnabled => PatchConfig.xml wasn't found. Not allowing WUA tamper-proofing/WU Access check...
[11] 2026-04-26 09:14:40,126 WARN  OnProfileCheckTimer => Patch Management or Microsoft patching disabled or N-sight is being used. Skipping WU Access check.
[11] 2026-04-26 09:49:09,594 DEBUG PmeServiceThread.CheckNcentralWuaTamperProofing => N-central Agent wasn't detected
[11] 2026-04-26 09:49:09,595 OFF   PmeServiceThread.WuaTamperProofingCycle => Wua tamper proofing values: [PmeConfig=True/N-central config=True]
[11] 2026-04-26 09:49:09,595 OFF   PmeServiceThread.RunWuaTamperProofing => start WUA tamper proofing
[11] 2026-04-26 09:54:09,721 DEBUG PmeServiceThread.IsPatchManagementandMicrosoftPatchingEnabled => PatchConfig.xml wasn't found. Not allowing WUA tamper-proofing/WU Access check...
[11] 2026-04-26 09:54:09,722 WARN  OnProfileCheckTimer => Patch Management or Microsoft patching disabled or N-sight is being used. Skipping WU Access check.
[4] 2026-04-26 11:03:11,339 DEBUG PmeServiceThread.CheckNcentralWuaTamperProofing => N-central Agent wasn't detected
[4] 2026-04-26 11:03:11,339 OFF   PmeServiceThread.WuaTamperProofingCycle => Wua tamper proofing values: [PmeConfig=True/N-central config=True]
[4] 2026-04-26 11:03:11,340 OFF   PmeServiceThread.RunWuaTamperProofing => start WUA tamper proofing
[4] 2026-04-26 11:08:11,468 DEBUG PmeServiceThread.IsPatchManagementandMicrosoftPatchingEnabled => PatchConfig.xml wasn't found. Not allowing WUA tamper-proofing/WU Access check...
[4] 2026-04-26 11:08:11,469 WARN  OnProfileCheckTimer => Patch Management or Microsoft patching disabled or N-sight is being used. Skipping WU Access check.
[4] 2026-04-26 11:41:32,579 DEBUG PmeServiceThread.CheckNcentralWuaTamperProofing => N-central Agent wasn't detected
[4] 2026-04-26 11:41:32,580 OFF   PmeServiceThread.WuaTamperProofingCycle => Wua tamper proofing values: [PmeConfig=True/N-central config=True]
[4] 2026-04-26 11:41:32,580 OFF   PmeServiceThread.RunWuaTamperProofing => start WUA tamper proofing
[4] 2026-04-26 11:46:32,705 DEBUG PmeServiceThread.IsPatchManagementandMicrosoftPatchingEnabled => PatchConfig.xml wasn't found. Not allowing WUA tamper-proofing/WU Access check...
[4] 2026-04-26 11:46:32,705 WARN  OnProfileCheckTimer => Patch Management or Microsoft patching disabled or N-sight is being used. Skipping WU Access check.
[9] 2026-04-26 12:11:32,583 DEBUG PmeServiceThread.CheckNcentralWuaTamperProofing => N-central Agent wasn't detected
[9] 2026-04-26 12:11:32,584 OFF   PmeServiceThread.WuaTamperProofingCycle => Wua tamper proofing values: [PmeConfig=True/N-central config=True]
[9] 2026-04-26 12:11:32,584 OFF   PmeServiceThread.RunWuaTamperProofing => start WUA tamper proofing
[6] 2026-04-26 12:16:32,706 DEBUG PmeServiceThread.IsPatchManagementandMicrosoftPatchingEnabled => PatchConfig.xml wasn't found. Not allowing WUA tamper-proofing/WU Access check...
[6] 2026-04-26 12:16:32,707 WARN  OnProfileCheckTimer => Patch Management or Microsoft patching disabled or N-sight is being used. Skipping WU Access check.
[6] 2026-04-26 12:41:32,593 DEBUG PmeServiceThread.CheckNcentralWuaTamperProofing => N-central Agent wasn't detected
[6] 2026-04-26 12:41:32,593 OFF   PmeServiceThread.WuaTamperProofingCycle => Wua tamper proofing values: [PmeConfig=True/N-central config=True]
[6] 2026-04-26 12:41:32,594 OFF   PmeServiceThread.RunWuaTamperProofing => start WUA tamper proofing
[6] 2026-04-26 12:57:03,539 DEBUG PmeServiceThread.IsPatchManagementandMicrosoftPatchingEnabled => PatchConfig.xml wasn't found. Not allowing WUA tamper-proofing/WU Access check...
[6] 2026-04-26 12:57:03,539 WARN  OnProfileCheckTimer => Patch Management or Microsoft patching disabled or N-sight is being used. Skipping WU Access check.
[6] 2026-04-26 14:00:04,873 DEBUG PmeServiceThread.CheckNcentralWuaTamperProofing => N-central Agent wasn't detected
[6] 2026-04-26 14:00:04,874 OFF   PmeServiceThread.WuaTamperProofingCycle => Wua tamper proofing values: [PmeConfig=True/N-central config=True]
[6] 2026-04-26 14:00:04,874 OFF   PmeServiceThread.RunWuaTamperProofing => start WUA tamper proofing
[6] 2026-04-26 14:05:04,999 DEBUG PmeServiceThread.IsPatchManagementandMicrosoftPatchingEnabled => PatchConfig.xml wasn't found. Not allowing WUA tamper-proofing/WU Access check...
[6] 2026-04-26 14:05:05,000 WARN  OnProfileCheckTimer => Patch Management or Microsoft patching disabled or N-sight is being used. Skipping WU Access check.
[6] 2026-04-26 15:36:39,319 DEBUG PmeServiceThread.CheckNcentralWuaTamperProofing => N-central Agent wasn't detected
[6] 2026-04-26 15:36:39,319 OFF   PmeServiceThread.WuaTamperProofingCycle => Wua tamper proofing values: [PmeConfig=True/N-central config=True]
[6] 2026-04-26 15:36:39,319 OFF   PmeServiceThread.RunWuaTamperProofing => start WUA tamper proofing
[6] 2026-04-26 15:41:39,447 DEBUG PmeServiceThread.IsPatchManagementandMicrosoftPatchingEnabled => PatchConfig.xml wasn't found. Not allowing WUA tamper-proofing/WU Access check...
[6] 2026-04-26 15:41:39,447 WARN  OnProfileCheckTimer => Patch Management or Microsoft patching disabled or N-sight is being used. Skipping WU Access check.
[6] 2026-04-26 17:06:10,403 DEBUG PmeServiceThread.CheckNcentralWuaTamperProofing => N-central Agent wasn't detected
[6] 2026-04-26 17:06:10,403 OFF   PmeServiceThread.WuaTamperProofingCycle => Wua tamper proofing values: [PmeConfig=True/N-central config=True]
[6] 2026-04-26 17:06:10,404 OFF   PmeServiceThread.RunWuaTamperProofing => start WUA tamper proofing
[6] 2026-04-26 17:11:10,519 DEBUG PmeServiceThread.IsPatchManagementandMicrosoftPatchingEnabled => PatchConfig.xml wasn't found. Not allowing WUA tamper-proofing/WU Access check...
[6] 2026-04-26 17:11:10,520 WARN  OnProfileCheckTimer => Patch Management or Microsoft patching disabled or N-sight is being used. Skipping WU Access check.
[6] 2026-04-26 18:12:51,525 DEBUG PmeServiceThread.CheckNcentralWuaTamperProofing => N-central Agent wasn't detected
[6] 2026-04-26 18:12:51,526 OFF   PmeServiceThread.WuaTamperProofingCycle => Wua tamper proofing values: [PmeConfig=True/N-central config=True]
[6] 2026-04-26 18:12:51,526 OFF   PmeServiceThread.RunWuaTamperProofing => start WUA tamper proofing
[6] 2026-04-26 18:17:49,821 DEBUG PmeServiceThread.IsPatchManagementandMicrosoftPatchingEnabled => PatchConfig.xml wasn't found. Not allowing WUA tamper-proofing/WU Access check...
[6] 2026-04-26 18:17:49,822 WARN  OnProfileCheckTimer => Patch Management or Microsoft patching disabled or N-sight is being used. Skipping WU Access check.
[6] 2026-04-26 19:02:23,640 DEBUG PmeServiceThread.CheckNcentralWuaTamperProofing => N-central Agent wasn't detected
[6] 2026-04-26 19:02:23,641 OFF   PmeServiceThread.WuaTamperProofingCycle => Wua tamper proofing values: [PmeConfig=True/N-central config=True]
[6] 2026-04-26 19:02:23,641 OFF   PmeServiceThread.RunWuaTamperProofing => start WUA tamper proofing
[6] 2026-04-26 19:07:33,766 DEBUG PmeServiceThread.IsPatchManagementandMicrosoftPatchingEnabled => PatchConfig.xml wasn't found. Not allowing WUA tamper-proofing/WU Access check...
[6] 2026-04-26 19:07:33,767 WARN  OnProfileCheckTimer => Patch Management or Microsoft patching disabled or N-sight is being used. Skipping WU Access check.
[6] 2026-04-27 08:51:46,457 DEBUG Enter >>> MspPlatform.WindowsService.ServiceBaseWithThreads.OnStop
[6] 2026-04-27 08:51:46,457 INFO  Stopping PME.Agent.PmeService service...
[6] 2026-04-27 08:51:46,461 DEBUG Enter >>> MspPlatform.WindowsService.ThreadManager.Stop()
[PmeServiceThread] 2026-04-27 08:51:46,461 INFO  Stopping PmeService...
[6] 2026-04-27 08:51:46,462 DEBUG Enter >>> MspPlatform.WindowsService.ThreadManager.WriteToEventLog("Service Stopping...", Information)
[PmeServiceThread] 2026-04-27 08:51:46,463 DEBUG Exit <<< PmeServiceThread.ThreadMain()
[6] 2026-04-27 08:51:46,464 DEBUG Exit  <<< MspPlatform.WindowsService.ThreadManager.WriteToEventLog("Service Stopping...", Information)
[PmeServiceThread] 2026-04-27 08:51:46,464 DEBUG Enter >>> MspPlatform.WindowsService.ThreadManager.RemoveThreadImp()
[PmeServiceThread] 2026-04-27 08:51:46,464 DEBUG Exit  <<< MspPlatform.WindowsService.ThreadManager.RemoveThreadImp()
[PmeServiceThread] 2026-04-27 08:51:46,465 DEBUG Exit  <<< MspPlatform.WindowsService.ServiceThread.ThreadWrapper()
[6] 2026-04-27 08:51:46,465 DEBUG Enter >>> MspPlatform.WindowsService.ThreadManager.StopThreads()
[6] 2026-04-27 08:51:46,466 DEBUG Exit  <<< MspPlatform.WindowsService.ThreadManager.StopThreads()
[6] 2026-04-27 08:51:46,466 DEBUG ThreadManager: Waiting for all managed threads to go away.
[6] 2026-04-27 08:51:46,468 DEBUG Enter >>> MspPlatform.WindowsService.ThreadManager.WaitForThreadsToStop()
[6] 2026-04-27 08:51:46,469 DEBUG Exit  <<< MspPlatform.WindowsService.ThreadManager.WaitForThreadsToStop()
[6] 2026-04-27 08:51:46,469 DEBUG ThreadManager: All managed threads shut down properly.
[6] 2026-04-27 08:51:46,470 DEBUG Exit  <<< MspPlatform.WindowsService.ThreadManager.Stop()
[6] 2026-04-27 08:51:46,471 DEBUG Exit  <<< MspPlatform.WindowsService.ServiceBaseWithThreads.OnStop
[1] 2026-04-27 08:51:46,473 DEBUG Exit  <<< MspPlatform.WindowsService.ServiceBaseWithThreads.RunService("PME.Agent.PmeService")
[1] 2026-04-27 08:51:46,473 DEBUG Exit  <<< MspPlatform.WindowsService.ServiceBaseWithThreads.Run("PME.Agent.PmeService", )
[1] 2026-04-27 08:52:19,344 DEBUG Enter >>> MspPlatform.WindowsService.ServiceThread..ctor("PmeServiceThread")
[1] 2026-04-27 08:52:19,351 DEBUG Exit  <<< MspPlatform.WindowsService.ServiceThread..ctor("PmeServiceThread")
[1] 2026-04-27 08:52:19,352 DEBUG Enter >>> MspPlatform.WindowsService.ServiceBaseWithThreads.Run("PME.Agent.PmeService", install)
[1] 2026-04-27 08:52:19,352 INFO  Run PME.Agent.PmeService(v2.13.14.5122) with parameters: [install]
[1] 2026-04-27 08:52:19,353 DEBUG Enter >>> MspPlatform.WindowsService.ServiceBaseWithThreads.ProcessCommandLine("PME.Agent.PmeService", install)
[1] 2026-04-27 08:52:19,354 DEBUG Enter >>> MspPlatform.WindowsService.ServiceBaseWithThreads.DoInstall("PME.Agent.PmeService", install)
[1] 2026-04-27 08:52:19,354 DEBUG Enter >>> MspPlatform.WindowsService.ServiceBaseWithThreads.GetLogPath
[1] 2026-04-27 08:52:19,355 DEBUG Exit  <<< MspPlatform.WindowsService.ServiceBaseWithThreads.GetLogPath, return "C:\ProgramData\MspPlatform\PME.Agent.PmeService\log"
[1] 2026-04-27 08:52:19,426 ERROR Install of service PME.Agent.PmeService got an error
System.InvalidOperationException: The installation failed, and the rollback has been performed. ---> System.ComponentModel.Win32Exception: The specified service already exists
   at System.ServiceProcess.ServiceInstaller.Install(IDictionary stateSaver)
   at System.Configuration.Install.Installer.Install(IDictionary stateSaver)
   at System.Configuration.Install.Installer.Install(IDictionary stateSaver)
   at System.Configuration.Install.AssemblyInstaller.Install(IDictionary savedState)
   at System.Configuration.Install.Installer.Install(IDictionary stateSaver)
   at System.Configuration.Install.TransactedInstaller.Install(IDictionary savedState)
   --- End of inner exception stack trace ---
   at System.Configuration.Install.ManagedInstallerClass.InstallHelper(String[] args)
   at MspPlatform.WindowsService.WindowsServiceHelper.Install(String[] args)
   at MspPlatform.WindowsService.ServiceBaseWithThreads.DoInstall(ServiceBaseWithThreads service, String[] args)
[1] 2026-04-27 08:52:19,432 DEBUG Exit  <<< MspPlatform.WindowsService.ServiceBaseWithThreads.DoInstall("PME.Agent.PmeService", install)
[1] 2026-04-27 08:52:19,434 DEBUG Exit  <<< MspPlatform.WindowsService.ServiceBaseWithThreads.ProcessCommandLine("PME.Agent.PmeService", install)
[1] 2026-04-27 08:52:19,434 DEBUG Exit  <<< MspPlatform.WindowsService.ServiceBaseWithThreads.Run("PME.Agent.PmeService", install)
[1] 2026-04-27 08:52:19,655 DEBUG Enter >>> MspPlatform.WindowsService.ServiceThread..ctor("PmeServiceThread")
[1] 2026-04-27 08:52:19,662 DEBUG Exit  <<< MspPlatform.WindowsService.ServiceThread..ctor("PmeServiceThread")
[1] 2026-04-27 08:52:19,662 DEBUG Enter >>> MspPlatform.WindowsService.ServiceBaseWithThreads.Run("PME.Agent.PmeService", )
[1] 2026-04-27 08:52:19,663 INFO  Run PME.Agent.PmeService(v2.13.14.5122) with parameters: []
[1] 2026-04-27 08:52:19,663 DEBUG Enter >>> MspPlatform.WindowsService.ServiceBaseWithThreads.RunService("PME.Agent.PmeService")
[5] 2026-04-27 08:52:19,665 DEBUG Enter >>> MspPlatform.WindowsService.ServiceBaseWithThreads.OnStart()
[5] 2026-04-27 08:52:19,666 INFO  Starting PME.Agent.PmeService service...
[5] 2026-04-27 08:52:19,666 DEBUG Enter >>> MspPlatform.WindowsService.ThreadManager..ctor("PME.Agent.PmeService")
[5] 2026-04-27 08:52:19,667 DEBUG Exit  <<< MspPlatform.WindowsService.ThreadManager..ctor("PME.Agent.PmeService")
[5] 2026-04-27 08:52:19,668 DEBUG Enter >>> MspPlatform.WindowsService.ThreadManager.Start()
[5] 2026-04-27 08:52:19,668 DEBUG Enter >>> MspPlatform.WindowsService.ThreadManager.WriteToEventLog("Service Starting...", Information)
[5] 2026-04-27 08:52:19,669 DEBUG Exit  <<< MspPlatform.WindowsService.ThreadManager.WriteToEventLog("Service Starting...", Information)
[5] 2026-04-27 08:52:19,670 DEBUG Exit  <<< MspPlatform.WindowsService.ThreadManager.Start()
[5] 2026-04-27 08:52:19,670 DEBUG Enter >>> MspPlatform.WindowsService.ServiceThread.Start()
[5] 2026-04-27 08:52:19,671 DEBUG Exit  <<< MspPlatform.WindowsService.ServiceThread.Start()
[5] 2026-04-27 08:52:19,671 DEBUG Exit  <<< MspPlatform.WindowsService.ServiceBaseWithThreads.OnStart()
[PmeServiceThread] 2026-04-27 08:52:19,671 DEBUG Enter >>> MspPlatform.WindowsService.ServiceThread.ThreadWrapper()
[PmeServiceThread] 2026-04-27 08:52:19,671 DEBUG Enter >>> MspPlatform.WindowsService.ThreadManager.AddThreadImp()
[PmeServiceThread] 2026-04-27 08:52:19,671 DEBUG Exit  <<< MspPlatform.WindowsService.ThreadManager.AddThreadImp()
[PmeServiceThread] 2026-04-27 08:52:19,672 DEBUG Enter >>> PmeServiceThread.ThreadMain()
[PmeServiceThread] 2026-04-27 08:52:19,691 DEBUG PmeServiceThread.CheckNcentralWuaTamperProofing => N-central Agent wasn't detected
[PmeServiceThread] 2026-04-27 08:52:19,691 OFF   PmeServiceThread.WuaTamperProofingCycle => Wua tamper proofing values: [PmeConfig=True/N-central config=True]
[PmeServiceThread] 2026-04-27 08:52:19,692 OFF   PmeServiceThread.RunWuaTamperProofing => start WUA tamper proofing
[PmeServiceThread] 2026-04-27 08:52:19,692 INFO  PmeServiceThread.WaitOrTerminateThread => WUA tamper proofing is currently running. Waiting for Stop...
[5] 2026-04-27 08:57:19,692 DEBUG PmeServiceThread.IsPatchManagementandMicrosoftPatchingEnabled => PatchConfig.xml wasn't found. Not allowing WUA tamper-proofing/WU Access check...
[5] 2026-04-27 08:57:19,694 WARN  OnProfileCheckTimer => Patch Management or Microsoft patching disabled or N-sight is being used. Skipping WU Access check.
[4] 2026-04-27 09:26:17,607 DEBUG PmeServiceThread.CheckNcentralWuaTamperProofing => N-central Agent wasn't detected
[4] 2026-04-27 09:26:17,638 OFF   PmeServiceThread.WuaTamperProofingCycle => Wua tamper proofing values: [PmeConfig=True/N-central config=True]
[4] 2026-04-27 09:26:17,639 OFF   PmeServiceThread.RunWuaTamperProofing => start WUA tamper proofing
[4] 2026-04-27 09:52:38,168 DEBUG PmeServiceThread.IsPatchManagementandMicrosoftPatchingEnabled => PatchConfig.xml wasn't found. Not allowing WUA tamper-proofing/WU Access check...
[4] 2026-04-27 09:52:38,169 WARN  OnProfileCheckTimer => Patch Management or Microsoft patching disabled or N-sight is being used. Skipping WU Access check.
[1] 2026-04-27 10:16:43,675 DEBUG Exit  <<< MspPlatform.WindowsService.ServiceBaseWithThreads.RunService("PME.Agent.PmeService")
[1] 2026-04-27 10:16:43,675 DEBUG Exit  <<< MspPlatform.WindowsService.ServiceBaseWithThreads.Run("PME.Agent.PmeService", )
[1] 2026-04-27 10:21:01,635 DEBUG Enter >>> MspPlatform.WindowsService.ServiceThread..ctor("PmeServiceThread")
[1] 2026-04-27 10:21:01,644 DEBUG Exit  <<< MspPlatform.WindowsService.ServiceThread..ctor("PmeServiceThread")
[1] 2026-04-27 10:21:01,645 DEBUG Enter >>> MspPlatform.WindowsService.ServiceBaseWithThreads.Run("PME.Agent.PmeService", )
[1] 2026-04-27 10:21:01,645 INFO  Run PME.Agent.PmeService(v2.13.14.5122) with parameters: []
[1] 2026-04-27 10:21:01,646 DEBUG Enter >>> MspPlatform.WindowsService.ServiceBaseWithThreads.RunService("PME.Agent.PmeService")
[5] 2026-04-27 10:21:01,648 DEBUG Enter >>> MspPlatform.WindowsService.ServiceBaseWithThreads.OnStart()
[5] 2026-04-27 10:21:01,648 INFO  Starting PME.Agent.PmeService service...
[5] 2026-04-27 10:21:01,649 DEBUG Enter >>> MspPlatform.WindowsService.ThreadManager..ctor("PME.Agent.PmeService")
[5] 2026-04-27 10:21:01,650 DEBUG Exit  <<< MspPlatform.WindowsService.ThreadManager..ctor("PME.Agent.PmeService")
[5] 2026-04-27 10:21:01,650 DEBUG Enter >>> MspPlatform.WindowsService.ThreadManager.Start()
[5] 2026-04-27 10:21:01,652 DEBUG Enter >>> MspPlatform.WindowsService.ThreadManager.WriteToEventLog("Service Starting...", Information)
[5] 2026-04-27 10:21:01,653 DEBUG Exit  <<< MspPlatform.WindowsService.ThreadManager.WriteToEventLog("Service Starting...", Information)
[5] 2026-04-27 10:21:01,653 DEBUG Exit  <<< MspPlatform.WindowsService.ThreadManager.Start()
[5] 2026-04-27 10:21:01,653 DEBUG Enter >>> MspPlatform.WindowsService.ServiceThread.Start()
[5] 2026-04-27 10:21:01,653 DEBUG Exit  <<< MspPlatform.WindowsService.ServiceThread.Start()
[5] 2026-04-27 10:21:01,653 DEBUG Exit  <<< MspPlatform.WindowsService.ServiceBaseWithThreads.OnStart()
[PmeServiceThread] 2026-04-27 10:21:01,653 DEBUG Enter >>> MspPlatform.WindowsService.ServiceThread.ThreadWrapper()
[PmeServiceThread] 2026-04-27 10:21:01,654 DEBUG Enter >>> MspPlatform.WindowsService.ThreadManager.AddThreadImp()
[PmeServiceThread] 2026-04-27 10:21:01,654 DEBUG Exit  <<< MspPlatform.WindowsService.ThreadManager.AddThreadImp()
[PmeServiceThread] 2026-04-27 10:21:01,655 DEBUG Enter >>> PmeServiceThread.ThreadMain()
[PmeServiceThread] 2026-04-27 10:21:01,672 DEBUG PmeServiceThread.CheckNcentralWuaTamperProofing => N-central Agent wasn't detected
[PmeServiceThread] 2026-04-27 10:21:01,673 OFF   PmeServiceThread.WuaTamperProofingCycle => Wua tamper proofing values: [PmeConfig=True/N-central config=True]
[PmeServiceThread] 2026-04-27 10:21:01,673 OFF   PmeServiceThread.RunWuaTamperProofing => start WUA tamper proofing
[PmeServiceThread] 2026-04-27 10:21:01,674 INFO  PmeServiceThread.WaitOrTerminateThread => WUA tamper proofing is currently running. Waiting for Stop...
[1] 2026-04-27 10:23:14,730 DEBUG Exit  <<< MspPlatform.WindowsService.ServiceBaseWithThreads.RunService("PME.Agent.PmeService")
[1] 2026-04-27 10:23:14,731 DEBUG Exit  <<< MspPlatform.WindowsService.ServiceBaseWithThreads.Run("PME.Agent.PmeService", )
[1] 2026-04-27 10:25:59,658 DEBUG Enter >>> MspPlatform.WindowsService.ServiceThread..ctor("PmeServiceThread")
[1] 2026-04-27 10:25:59,668 DEBUG Exit  <<< MspPlatform.WindowsService.ServiceThread..ctor("PmeServiceThread")
[1] 2026-04-27 10:25:59,670 DEBUG Enter >>> MspPlatform.WindowsService.ServiceBaseWithThreads.Run("PME.Agent.PmeService", )
[1] 2026-04-27 10:25:59,671 INFO  Run PME.Agent.PmeService(v2.13.14.5122) with parameters: []
[1] 2026-04-27 10:25:59,671 DEBUG Enter >>> MspPlatform.WindowsService.ServiceBaseWithThreads.RunService("PME.Agent.PmeService")
[5] 2026-04-27 10:25:59,671 DEBUG Enter >>> MspPlatform.WindowsService.ServiceBaseWithThreads.OnStart()
[5] 2026-04-27 10:25:59,671 INFO  Starting PME.Agent.PmeService service...
[5] 2026-04-27 10:25:59,676 DEBUG Enter >>> MspPlatform.WindowsService.ThreadManager..ctor("PME.Agent.PmeService")
[5] 2026-04-27 10:25:59,676 DEBUG Exit  <<< MspPlatform.WindowsService.ThreadManager..ctor("PME.Agent.PmeService")
[5] 2026-04-27 10:25:59,676 DEBUG Enter >>> MspPlatform.WindowsService.ThreadManager.Start()
[5] 2026-04-27 10:25:59,678 DEBUG Enter >>> MspPlatform.WindowsService.ThreadManager.WriteToEventLog("Service Starting...", Information)
[5] 2026-04-27 10:25:59,678 DEBUG Exit  <<< MspPlatform.WindowsService.ThreadManager.WriteToEventLog("Service Starting...", Information)
[5] 2026-04-27 10:25:59,678 DEBUG Exit  <<< MspPlatform.WindowsService.ThreadManager.Start()
[5] 2026-04-27 10:25:59,678 DEBUG Enter >>> MspPlatform.WindowsService.ServiceThread.Start()
[5] 2026-04-27 10:25:59,680 DEBUG Exit  <<< MspPlatform.WindowsService.ServiceThread.Start()
[5] 2026-04-27 10:25:59,680 DEBUG Exit  <<< MspPlatform.WindowsService.ServiceBaseWithThreads.OnStart()
[PmeServiceThread] 2026-04-27 10:25:59,680 DEBUG Enter >>> MspPlatform.WindowsService.ServiceThread.ThreadWrapper()
[PmeServiceThread] 2026-04-27 10:25:59,680 DEBUG Enter >>> MspPlatform.WindowsService.ThreadManager.AddThreadImp()
[PmeServiceThread] 2026-04-27 10:25:59,680 DEBUG Exit  <<< MspPlatform.WindowsService.ThreadManager.AddThreadImp()
[PmeServiceThread] 2026-04-27 10:25:59,680 DEBUG Enter >>> PmeServiceThread.ThreadMain()
[PmeServiceThread] 2026-04-27 10:25:59,699 DEBUG PmeServiceThread.CheckNcentralWuaTamperProofing => N-central Agent wasn't detected
[PmeServiceThread] 2026-04-27 10:25:59,700 OFF   PmeServiceThread.WuaTamperProofingCycle => Wua tamper proofing values: [PmeConfig=True/N-central config=True]
[PmeServiceThread] 2026-04-27 10:25:59,700 OFF   PmeServiceThread.RunWuaTamperProofing => start WUA tamper proofing
[PmeServiceThread] 2026-04-27 10:25:59,700 INFO  PmeServiceThread.WaitOrTerminateThread => WUA tamper proofing is currently running. Waiting for Stop...
[5] 2026-04-27 10:30:59,682 DEBUG PmeServiceThread.IsPatchManagementandMicrosoftPatchingEnabled => PatchConfig.xml wasn't found. Not allowing WUA tamper-proofing/WU Access check...
[5] 2026-04-27 10:30:59,687 WARN  OnProfileCheckTimer => Patch Management or Microsoft patching disabled or N-sight is being used. Skipping WU Access check.
[5] 2026-04-27 10:57:20,652 DEBUG PmeServiceThread.CheckNcentralWuaTamperProofing => N-central Agent wasn't detected
[5] 2026-04-27 10:57:20,652 OFF   PmeServiceThread.WuaTamperProofingCycle => Wua tamper proofing values: [PmeConfig=True/N-central config=True]
[5] 2026-04-27 10:57:20,652 OFF   PmeServiceThread.RunWuaTamperProofing => start WUA tamper proofing
[5] 2026-04-27 11:02:20,643 DEBUG PmeServiceThread.IsPatchManagementandMicrosoftPatchingEnabled => PatchConfig.xml wasn't found. Not allowing WUA tamper-proofing/WU Access check...
[5] 2026-04-27 11:02:20,643 WARN  OnProfileCheckTimer => Patch Management or Microsoft patching disabled or N-sight is being used. Skipping WU Access check.
[5] 2026-04-27 11:29:41,913 DEBUG PmeServiceThread.CheckNcentralWuaTamperProofing => N-central Agent wasn't detected
[5] 2026-04-27 11:29:41,913 OFF   PmeServiceThread.WuaTamperProofingCycle => Wua tamper proofing values: [PmeConfig=True/N-central config=True]
[5] 2026-04-27 11:29:41,913 OFF   PmeServiceThread.RunWuaTamperProofing => start WUA tamper proofing
[5] 2026-04-27 11:38:46,833 DEBUG PmeServiceThread.IsPatchManagementandMicrosoftPatchingEnabled => PatchConfig.xml wasn't found. Not allowing WUA tamper-proofing/WU Access check...
[5] 2026-04-27 11:38:46,833 WARN  OnProfileCheckTimer => Patch Management or Microsoft patching disabled or N-sight is being used. Skipping WU Access check.
[5] 2026-04-27 12:21:28,975 DEBUG PmeServiceThread.CheckNcentralWuaTamperProofing => N-central Agent wasn't detected
[5] 2026-04-27 12:21:28,975 OFF   PmeServiceThread.WuaTamperProofingCycle => Wua tamper proofing values: [PmeConfig=True/N-central config=True]
[5] 2026-04-27 12:21:28,975 OFF   PmeServiceThread.RunWuaTamperProofing => start WUA tamper proofing
[5] 2026-04-27 12:26:28,966 DEBUG PmeServiceThread.IsPatchManagementandMicrosoftPatchingEnabled => PatchConfig.xml wasn't found. Not allowing WUA tamper-proofing/WU Access check...
[5] 2026-04-27 12:26:28,966 WARN  OnProfileCheckTimer => Patch Management or Microsoft patching disabled or N-sight is being used. Skipping WU Access check.
[5] 2026-04-27 14:47:39,463 DEBUG PmeServiceThread.CheckNcentralWuaTamperProofing => N-central Agent wasn't detected
[5] 2026-04-27 14:47:39,465 OFF   PmeServiceThread.WuaTamperProofingCycle => Wua tamper proofing values: [PmeConfig=True/N-central config=True]
[5] 2026-04-27 14:47:39,465 OFF   PmeServiceThread.RunWuaTamperProofing => start WUA tamper proofing
[5] 2026-04-27 14:52:39,465 DEBUG PmeServiceThread.IsPatchManagementandMicrosoftPatchingEnabled => PatchConfig.xml wasn't found. Not allowing WUA tamper-proofing/WU Access check...
[5] 2026-04-27 14:52:39,465 WARN  OnProfileCheckTimer => Patch Management or Microsoft patching disabled or N-sight is being used. Skipping WU Access check.
[5] 2026-04-27 15:17:39,473 DEBUG PmeServiceThread.CheckNcentralWuaTamperProofing => N-central Agent wasn't detected
[5] 2026-04-27 15:17:39,473 OFF   PmeServiceThread.WuaTamperProofingCycle => Wua tamper proofing values: [PmeConfig=True/N-central config=True]
[5] 2026-04-27 15:17:39,473 OFF   PmeServiceThread.RunWuaTamperProofing => start WUA tamper proofing
[5] 2026-04-27 15:22:39,485 DEBUG PmeServiceThread.IsPatchManagementandMicrosoftPatchingEnabled => PatchConfig.xml wasn't found. Not allowing WUA tamper-proofing/WU Access check...
[5] 2026-04-27 15:22:39,485 WARN  OnProfileCheckTimer => Patch Management or Microsoft patching disabled or N-sight is being used. Skipping WU Access check.
[5] 2026-04-27 17:07:34,763 DEBUG PmeServiceThread.CheckNcentralWuaTamperProofing => N-central Agent wasn't detected
[5] 2026-04-27 17:07:34,763 OFF   PmeServiceThread.WuaTamperProofingCycle => Wua tamper proofing values: [PmeConfig=True/N-central config=True]
[5] 2026-04-27 17:07:34,763 OFF   PmeServiceThread.RunWuaTamperProofing => start WUA tamper proofing
[5] 2026-04-27 18:05:12,773 DEBUG PmeServiceThread.IsPatchManagementandMicrosoftPatchingEnabled => PatchConfig.xml wasn't found. Not allowing WUA tamper-proofing/WU Access check...
[5] 2026-04-27 18:05:12,773 WARN  OnProfileCheckTimer => Patch Management or Microsoft patching disabled or N-sight is being used. Skipping WU Access check.
[5] 2026-04-28 09:02:29,201 DEBUG PmeServiceThread.CheckNcentralWuaTamperProofing => N-central Agent wasn't detected
[5] 2026-04-28 09:02:29,201 OFF   PmeServiceThread.WuaTamperProofingCycle => Wua tamper proofing values: [PmeConfig=True/N-central config=True]
[5] 2026-04-28 09:02:29,201 OFF   PmeServiceThread.RunWuaTamperProofing => start WUA tamper proofing
[5] 2026-04-28 09:21:40,440 DEBUG PmeServiceThread.IsPatchManagementandMicrosoftPatchingEnabled => PatchConfig.xml wasn't found. Not allowing WUA tamper-proofing/WU Access check...
[5] 2026-04-28 09:21:40,440 WARN  OnProfileCheckTimer => Patch Management or Microsoft patching disabled or N-sight is being used. Skipping WU Access check.
[5] 2026-04-28 09:53:59,343 DEBUG PmeServiceThread.CheckNcentralWuaTamperProofing => N-central Agent wasn't detected
[5] 2026-04-28 09:53:59,343 OFF   PmeServiceThread.WuaTamperProofingCycle => Wua tamper proofing values: [PmeConfig=True/N-central config=True]
[5] 2026-04-28 09:53:59,343 OFF   PmeServiceThread.RunWuaTamperProofing => start WUA tamper proofing
[5] 2026-04-28 09:58:59,361 DEBUG PmeServiceThread.IsPatchManagementandMicrosoftPatchingEnabled => PatchConfig.xml wasn't found. Not allowing WUA tamper-proofing/WU Access check...
[5] 2026-04-28 09:58:59,362 WARN  OnProfileCheckTimer => Patch Management or Microsoft patching disabled or N-sight is being used. Skipping WU Access check.
[5] 2026-04-28 10:27:35,088 DEBUG PmeServiceThread.CheckNcentralWuaTamperProofing => N-central Agent wasn't detected
[5] 2026-04-28 10:27:35,088 OFF   PmeServiceThread.WuaTamperProofingCycle => Wua tamper proofing values: [PmeConfig=True/N-central config=True]
[5] 2026-04-28 10:27:35,091 OFF   PmeServiceThread.RunWuaTamperProofing => start WUA tamper proofing
[5] 2026-04-28 10:32:35,103 DEBUG PmeServiceThread.IsPatchManagementandMicrosoftPatchingEnabled => PatchConfig.xml wasn't found. Not allowing WUA tamper-proofing/WU Access check...
[5] 2026-04-28 10:32:35,103 WARN  OnProfileCheckTimer => Patch Management or Microsoft patching disabled or N-sight is being used. Skipping WU Access check.
[6] 2026-04-28 11:31:28,748 DEBUG PmeServiceThread.CheckNcentralWuaTamperProofing => N-central Agent wasn't detected
[6] 2026-04-28 11:31:28,750 OFF   PmeServiceThread.WuaTamperProofingCycle => Wua tamper proofing values: [PmeConfig=True/N-central config=True]
[6] 2026-04-28 11:31:28,750 OFF   PmeServiceThread.RunWuaTamperProofing => start WUA tamper proofing
[6] 2026-04-28 11:36:28,759 DEBUG PmeServiceThread.IsPatchManagementandMicrosoftPatchingEnabled => PatchConfig.xml wasn't found. Not allowing WUA tamper-proofing/WU Access check...
[6] 2026-04-28 11:36:28,759 WARN  OnProfileCheckTimer => Patch Management or Microsoft patching disabled or N-sight is being used. Skipping WU Access check.
[6] 2026-04-28 12:02:38,317 DEBUG PmeServiceThread.CheckNcentralWuaTamperProofing => N-central Agent wasn't detected
[6] 2026-04-28 12:02:38,317 OFF   PmeServiceThread.WuaTamperProofingCycle => Wua tamper proofing values: [PmeConfig=True/N-central config=True]
[6] 2026-04-28 12:02:38,317 OFF   PmeServiceThread.RunWuaTamperProofing => start WUA tamper proofing
[6] 2026-04-28 12:07:38,312 DEBUG PmeServiceThread.IsPatchManagementandMicrosoftPatchingEnabled => PatchConfig.xml wasn't found. Not allowing WUA tamper-proofing/WU Access check...
[6] 2026-04-28 12:07:38,313 WARN  OnProfileCheckTimer => Patch Management or Microsoft patching disabled or N-sight is being used. Skipping WU Access check.
[6] 2026-04-28 15:00:20,233 DEBUG PmeServiceThread.CheckNcentralWuaTamperProofing => N-central Agent wasn't detected
[6] 2026-04-28 15:00:20,233 OFF   PmeServiceThread.WuaTamperProofingCycle => Wua tamper proofing values: [PmeConfig=True/N-central config=True]
[6] 2026-04-28 15:00:20,233 OFF   PmeServiceThread.RunWuaTamperProofing => start WUA tamper proofing
[6] 2026-04-28 15:05:20,236 DEBUG PmeServiceThread.IsPatchManagementandMicrosoftPatchingEnabled => PatchConfig.xml wasn't found. Not allowing WUA tamper-proofing/WU Access check...
[6] 2026-04-28 15:05:20,236 WARN  OnProfileCheckTimer => Patch Management or Microsoft patching disabled or N-sight is being used. Skipping WU Access check.
[6] 2026-04-28 15:37:01,550 DEBUG PmeServiceThread.CheckNcentralWuaTamperProofing => N-central Agent wasn't detected
[6] 2026-04-28 15:37:01,550 OFF   PmeServiceThread.WuaTamperProofingCycle => Wua tamper proofing values: [PmeConfig=True/N-central config=True]
[6] 2026-04-28 15:37:01,550 OFF   PmeServiceThread.RunWuaTamperProofing => start WUA tamper proofing
[6] 2026-04-28 15:42:01,565 DEBUG PmeServiceThread.IsPatchManagementandMicrosoftPatchingEnabled => PatchConfig.xml wasn't found. Not allowing WUA tamper-proofing/WU Access check...
[6] 2026-04-28 15:42:01,567 WARN  OnProfileCheckTimer => Patch Management or Microsoft patching disabled or N-sight is being used. Skipping WU Access check.
[4] 2026-04-28 16:27:53,438 DEBUG PmeServiceThread.CheckNcentralWuaTamperProofing => N-central Agent wasn't detected
[4] 2026-04-28 16:27:53,438 OFF   PmeServiceThread.WuaTamperProofingCycle => Wua tamper proofing values: [PmeConfig=True/N-central config=True]
[4] 2026-04-28 16:27:53,438 OFF   PmeServiceThread.RunWuaTamperProofing => start WUA tamper proofing
[4] 2026-04-28 16:32:53,445 DEBUG PmeServiceThread.IsPatchManagementandMicrosoftPatchingEnabled => PatchConfig.xml wasn't found. Not allowing WUA tamper-proofing/WU Access check...
[4] 2026-04-28 16:32:53,445 WARN  OnProfileCheckTimer => Patch Management or Microsoft patching disabled or N-sight is being used. Skipping WU Access check.
[4] 2026-04-28 17:04:11,468 DEBUG PmeServiceThread.CheckNcentralWuaTamperProofing => N-central Agent wasn't detected
[4] 2026-04-28 17:04:11,468 OFF   PmeServiceThread.WuaTamperProofingCycle => Wua tamper proofing values: [PmeConfig=True/N-central config=True]
[4] 2026-04-28 17:04:11,468 OFF   PmeServiceThread.RunWuaTamperProofing => start WUA tamper proofing
[4] 2026-04-28 17:09:11,490 DEBUG PmeServiceThread.IsPatchManagementandMicrosoftPatchingEnabled => PatchConfig.xml wasn't found. Not allowing WUA tamper-proofing/WU Access check...
[4] 2026-04-28 17:09:11,491 WARN  OnProfileCheckTimer => Patch Management or Microsoft patching disabled or N-sight is being used. Skipping WU Access check.
[8] 2026-04-28 17:36:02,171 DEBUG PmeServiceThread.CheckNcentralWuaTamperProofing => N-central Agent wasn't detected
[8] 2026-04-28 17:36:02,172 OFF   PmeServiceThread.WuaTamperProofingCycle => Wua tamper proofing values: [PmeConfig=True/N-central config=True]
[8] 2026-04-28 17:36:02,172 OFF   PmeServiceThread.RunWuaTamperProofing => start WUA tamper proofing
[8] 2026-04-28 17:41:02,201 DEBUG PmeServiceThread.IsPatchManagementandMicrosoftPatchingEnabled => PatchConfig.xml wasn't found. Not allowing WUA tamper-proofing/WU Access check...
[8] 2026-04-28 17:41:02,202 WARN  OnProfileCheckTimer => Patch Management or Microsoft patching disabled or N-sight is being used. Skipping WU Access check.
[8] 2026-04-28 18:06:02,174 DEBUG PmeServiceThread.CheckNcentralWuaTamperProofing => N-central Agent wasn't detected
[8] 2026-04-28 18:06:02,174 OFF   PmeServiceThread.WuaTamperProofingCycle => Wua tamper proofing values: [PmeConfig=True/N-central config=True]
[8] 2026-04-28 18:06:02,174 OFF   PmeServiceThread.RunWuaTamperProofing => start WUA tamper proofing
[9] 2026-04-28 18:11:02,210 DEBUG PmeServiceThread.IsPatchManagementandMicrosoftPatchingEnabled => PatchConfig.xml wasn't found. Not allowing WUA tamper-proofing/WU Access check...
[9] 2026-04-28 18:11:02,210 WARN  OnProfileCheckTimer => Patch Management or Microsoft patching disabled or N-sight is being used. Skipping WU Access check.
[9] 2026-04-30 09:51:22,043 DEBUG PmeServiceThread.CheckNcentralWuaTamperProofing => N-central Agent wasn't detected
[9] 2026-04-30 09:51:22,043 OFF   PmeServiceThread.WuaTamperProofingCycle => Wua tamper proofing values: [PmeConfig=True/N-central config=True]
[9] 2026-04-30 09:51:22,043 OFF   PmeServiceThread.RunWuaTamperProofing => start WUA tamper proofing
[9] 2026-04-30 09:56:22,094 DEBUG PmeServiceThread.IsPatchManagementandMicrosoftPatchingEnabled => PatchConfig.xml wasn't found. Not allowing WUA tamper-proofing/WU Access check...
[9] 2026-04-30 09:56:22,094 WARN  OnProfileCheckTimer => Patch Management or Microsoft patching disabled or N-sight is being used. Skipping WU Access check.
[9] 2026-04-30 10:21:22,067 DEBUG PmeServiceThread.CheckNcentralWuaTamperProofing => N-central Agent wasn't detected
[9] 2026-04-30 10:21:22,067 OFF   PmeServiceThread.WuaTamperProofingCycle => Wua tamper proofing values: [PmeConfig=True/N-central config=True]
[9] 2026-04-30 10:21:22,067 OFF   PmeServiceThread.RunWuaTamperProofing => start WUA tamper proofing
[9] 2026-04-30 10:26:22,101 DEBUG PmeServiceThread.IsPatchManagementandMicrosoftPatchingEnabled => PatchConfig.xml wasn't found. Not allowing WUA tamper-proofing/WU Access check...
[9] 2026-04-30 10:26:22,102 WARN  OnProfileCheckTimer => Patch Management or Microsoft patching disabled or N-sight is being used. Skipping WU Access check.
[4] 2026-04-30 10:57:47,481 DEBUG PmeServiceThread.CheckNcentralWuaTamperProofing => N-central Agent wasn't detected
[4] 2026-04-30 10:57:47,513 OFF   PmeServiceThread.WuaTamperProofingCycle => Wua tamper proofing values: [PmeConfig=True/N-central config=True]
[4] 2026-04-30 10:57:47,513 OFF   PmeServiceThread.RunWuaTamperProofing => start WUA tamper proofing
[8] 2026-04-30 11:02:47,505 DEBUG PmeServiceThread.IsPatchManagementandMicrosoftPatchingEnabled => PatchConfig.xml wasn't found. Not allowing WUA tamper-proofing/WU Access check...
[8] 2026-04-30 11:02:47,506 WARN  OnProfileCheckTimer => Patch Management or Microsoft patching disabled or N-sight is being used. Skipping WU Access check.
[8] 2026-04-30 11:27:47,495 DEBUG PmeServiceThread.CheckNcentralWuaTamperProofing => N-central Agent wasn't detected
[8] 2026-04-30 11:27:47,496 OFF   PmeServiceThread.WuaTamperProofingCycle => Wua tamper proofing values: [PmeConfig=True/N-central config=True]
[8] 2026-04-30 11:27:47,497 OFF   PmeServiceThread.RunWuaTamperProofing => start WUA tamper proofing
[10] 2026-04-30 11:32:47,526 DEBUG PmeServiceThread.IsPatchManagementandMicrosoftPatchingEnabled => PatchConfig.xml wasn't found. Not allowing WUA tamper-proofing/WU Access check...
[10] 2026-04-30 11:32:47,526 WARN  OnProfileCheckTimer => Patch Management or Microsoft patching disabled or N-sight is being used. Skipping WU Access check.
