[4] 2026-03-09 10:21:39,094 DEBUG Enter >>> PME.RpcServerApiWrapper.PmeRpcServerApi.Execute("1", "Pme.Version")
[4] 2026-03-09 10:21:39,116 INFO  PME 2.13.12.5630, Request Handler Agent 2.13.11.5117, File Cache Service Agent 2.13.11.5117, WUA 1451.2512.12012.1
[4] 2026-03-09 10:21:39,231 DEBUG Enter >>> PME.RpcServerApiWrapper.PmeRpcServerApi.AdaptResponse()
[4] 2026-03-09 10:21:39,240 DEBUG Adapter.AdaptResponse => using default Adapter. Params: 0
[4] 2026-03-09 10:21:39,240 DEBUG Enter >>> PME.Adapter.RmmAdapter.AdaptResponse()
[4] 2026-03-09 10:21:39,240 DEBUG Exit  <<< PME.Adapter.RmmAdapter.AdaptResponse()
[4] 2026-03-09 10:21:39,240 DEBUG Exit  <<< PME.RpcServerApiWrapper.PmeRpcServerApi.AdaptResponse()
[4] 2026-03-09 10:21:39,247 DEBUG Exit  <<< PME.RpcServerApiWrapper.PmeRpcServerApi.Execute("1", "Pme.Version")
[4] 2026-03-09 10:21:39,359 DEBUG Enter >>> PME.RpcServerApiWrapper.PmeRpcServerApi.Execute("1", "Pme.GetLatestVersion")
[4] 2026-03-09 10:21:39,359 INFO  PME 2.13.12.5630, Request Handler Agent 2.13.11.5117, File Cache Service Agent 2.13.11.5117, WUA 1451.2512.12012.1
[4] 2026-03-09 10:21:40,002 DEBUG Enter >>> PME.RpcServerApiWrapper.PmeRpcServerApi.AdaptResponse()
[4] 2026-03-09 10:21:40,003 DEBUG Adapter.AdaptResponse => using default Adapter. Params: 0
[4] 2026-03-09 10:21:40,004 DEBUG Enter >>> PME.Adapter.RmmAdapter.AdaptResponse()
[4] 2026-03-09 10:21:40,008 DEBUG Exit  <<< PME.Adapter.RmmAdapter.AdaptResponse()
[4] 2026-03-09 10:21:40,008 DEBUG Exit  <<< PME.RpcServerApiWrapper.PmeRpcServerApi.AdaptResponse()
[4] 2026-03-09 10:21:40,008 DEBUG Exit  <<< PME.RpcServerApiWrapper.PmeRpcServerApi.Execute("1", "Pme.GetLatestVersion")
[4] 2026-03-09 11:01:03,168 DEBUG Enter >>> PME.RpcServerApiWrapper.PmeRpcServerApi.Execute("1", "Pme.Version")
[4] 2026-03-09 11:01:03,200 INFO  PME 2.13.12.5630, Request Handler Agent 2.13.11.5117, File Cache Service Agent 2.13.11.5117, WUA 1451.2512.12012.1
[4] 2026-03-09 11:01:03,278 DEBUG Enter >>> PME.RpcServerApiWrapper.PmeRpcServerApi.AdaptResponse()
[4] 2026-03-09 11:01:03,282 DEBUG Adapter.AdaptResponse => using default Adapter. Params: 0
[4] 2026-03-09 11:01:03,285 DEBUG Enter >>> PME.Adapter.RmmAdapter.AdaptResponse()
[4] 2026-03-09 11:01:03,285 DEBUG Exit  <<< PME.Adapter.RmmAdapter.AdaptResponse()
[4] 2026-03-09 11:01:03,285 DEBUG Exit  <<< PME.RpcServerApiWrapper.PmeRpcServerApi.AdaptResponse()
[4] 2026-03-09 11:01:03,286 DEBUG Exit  <<< PME.RpcServerApiWrapper.PmeRpcServerApi.Execute("1", "Pme.Version")
[4] 2026-03-09 11:01:03,418 DEBUG Enter >>> PME.RpcServerApiWrapper.PmeRpcServerApi.Execute("1", "Pme.GetLatestVersion")
[4] 2026-03-09 11:01:03,420 INFO  PME 2.13.12.5630, Request Handler Agent 2.13.11.5117, File Cache Service Agent 2.13.11.5117, WUA 1451.2512.12012.1
[4] 2026-03-09 11:01:04,299 DEBUG Enter >>> PME.RpcServerApiWrapper.PmeRpcServerApi.AdaptResponse()
[4] 2026-03-09 11:01:04,300 DEBUG Adapter.AdaptResponse => using default Adapter. Params: 0
[4] 2026-03-09 11:01:04,300 DEBUG Enter >>> PME.Adapter.RmmAdapter.AdaptResponse()
[4] 2026-03-09 11:01:04,300 DEBUG Exit  <<< PME.Adapter.RmmAdapter.AdaptResponse()
[4] 2026-03-09 11:01:04,300 DEBUG Exit  <<< PME.RpcServerApiWrapper.PmeRpcServerApi.AdaptResponse()
[4] 2026-03-09 11:01:04,300 DEBUG Exit  <<< PME.RpcServerApiWrapper.PmeRpcServerApi.Execute("1", "Pme.GetLatestVersion")
[4] 2026-03-09 11:01:04,367 DEBUG Enter >>> PME.RpcServerApiWrapper.PmeRpcServerApi.Execute("1", "Pme.StartScan")
[4] 2026-03-09 11:01:04,370 INFO  PME 2.13.12.5630, Request Handler Agent 2.13.11.5117, File Cache Service Agent 2.13.11.5117, WUA 1451.2512.12012.1
[4] 2026-03-09 11:01:05,341 DEBUG PME.RpcServerApiWrapper.PmeRpcServerApi.StartScan => parameters:
[4] 2026-03-09 11:01:05,342 DEBUG 	outputFileName=C:\PROGRA~2\ADVANC~1\scans\PatchMan_671343
[4] 2026-03-09 11:07:21,493 INFO  PME.RpcServerApiWrapper.PmeRpcServerApi.Execute => submitting to Perun is not enabled (feature flag check)
[4] 2026-03-09 11:07:21,494 DEBUG Enter >>> PME.RpcServerApiWrapper.PmeRpcServerApi.AdaptResponse()
[4] 2026-03-09 11:07:21,494 DEBUG Adapter.AdaptResponse => using default Adapter. Params: 1
[4] 2026-03-09 11:07:21,494 DEBUG Enter >>> PME.Adapter.RmmAdapter.AdaptResponse()
[4] 2026-03-09 11:07:21,497 DEBUG Enter >>> PME.Adapter.RmmAdapter.GetAdaptedStartScanResponse()
[4] 2026-03-09 11:07:21,499 DEBUG Enter >>> PME.Adapter.RmmAdapter.GetOutputFileNameFromParams()
[4] 2026-03-09 11:07:21,499 DEBUG Exit  <<< PME.Adapter.RmmAdapter.GetOutputFileNameFromParams(), returns "C:\PROGRA~2\ADVANC~1\scans\PatchMan_671343"
[4] 2026-03-09 11:07:21,503 DEBUG Enter >>> PME.Adapter.RmmAdapter.GetStartScanRmmDataSkeleton()
[4] 2026-03-09 11:07:21,505 DEBUG Enter >>> PME.Adapter.RmmAdapter.GetLocalIpAddress()
[4] 2026-03-09 11:07:21,508 DEBUG Exit  <<< PME.Adapter.RmmAdapter.GetLocalIpAddress(), returns "169.254.83.107"
[4] 2026-03-09 11:07:21,509 DEBUG Exit  <<< PME.Adapter.RmmAdapter.GetStartScanRmmDataSkeleton()
[4] 2026-03-09 11:07:21,511 DEBUG Enter >>> PME.Adapter.RmmAdapter.FillRmmData()
[4] 2026-03-09 11:07:21,513 DEBUG Enter >>> PME.Adapter.RmmAdapter.CreateListOfHotfixesAndMissingHotfixes()
[4] 2026-03-09 11:07:21,514 DEBUG Exit  <<< PME.Adapter.RmmAdapter.CreateListOfHotfixesAndMissingHotfixes()
[4] 2026-03-09 11:07:21,517 DEBUG Enter >>> PME.Adapter.RmmAdapter.GetProducts()
[4] 2026-03-09 11:07:21,552 DEBUG Exit  <<< PME.Adapter.RmmAdapter.GetProducts()
[4] 2026-03-09 11:07:21,552 DEBUG Enter >>> PME.Adapter.RmmAdapter.GetProducts()
[4] 2026-03-09 11:07:21,554 DEBUG Exit  <<< PME.Adapter.RmmAdapter.GetProducts()
[4] 2026-03-09 11:07:21,555 DEBUG Exit  <<< PME.Adapter.RmmAdapter.FillRmmData()
[4] 2026-03-09 11:07:21,556 OFF   GetAdaptedStartScanResponse => Scan result numbers: 16 installed patches, 2 missing patches
[4] 2026-03-09 11:07:21,557 DEBUG Enter >>> PME.Adapter.RmmAdapter.SaveXmlFile(outputFileName = "C:\PROGRA~2\ADVANC~1\scans\PatchMan_671343")
[4] 2026-03-09 11:07:21,592 DEBUG Exit  <<< PME.Adapter.RmmAdapter.SaveXmlFile(outputFileName = "C:\PROGRA~2\ADVANC~1\scans\PatchMan_671343")
[4] 2026-03-09 11:07:21,593 DEBUG Enter >>> PME.Adapter.RmmAdapter.SaveJsonFile(outputFileName = "C:\PROGRA~2\ADVANC~1\scans\PatchMan_671343.json")
[4] 2026-03-09 11:07:21,627 DEBUG Exit  <<< PME.Adapter.RmmAdapter.SaveJsonFile(outputFileName = "C:\PROGRA~2\ADVANC~1\scans\PatchMan_671343.json")
[4] 2026-03-09 11:07:21,627 DEBUG Exit  <<< PME.Adapter.RmmAdapter.GetAdaptedStartScanResponse()
[4] 2026-03-09 11:07:21,628 DEBUG Exit  <<< PME.Adapter.RmmAdapter.AdaptResponse()
[4] 2026-03-09 11:07:21,628 DEBUG Exit  <<< PME.RpcServerApiWrapper.PmeRpcServerApi.AdaptResponse()
[4] 2026-03-09 11:07:21,628 DEBUG Exit  <<< PME.RpcServerApiWrapper.PmeRpcServerApi.Execute("1", "Pme.StartScan")
[11] 2026-03-10 08:57:32,471 DEBUG Enter >>> PME.RpcServerApiWrapper.PmeRpcServerApi.Execute("1", "Pme.Version")
[11] 2026-03-10 08:57:32,473 INFO  PME 2.13.12.5630, Request Handler Agent 2.13.11.5117, File Cache Service Agent 2.13.11.5117, WUA 1451.2512.12012.1
[11] 2026-03-10 08:57:32,490 DEBUG Enter >>> PME.RpcServerApiWrapper.PmeRpcServerApi.AdaptResponse()
[11] 2026-03-10 08:57:32,490 DEBUG Adapter.AdaptResponse => using default Adapter. Params: 0
[11] 2026-03-10 08:57:32,491 DEBUG Enter >>> PME.Adapter.RmmAdapter.AdaptResponse()
[11] 2026-03-10 08:57:32,491 DEBUG Exit  <<< PME.Adapter.RmmAdapter.AdaptResponse()
[11] 2026-03-10 08:57:32,491 DEBUG Exit  <<< PME.RpcServerApiWrapper.PmeRpcServerApi.AdaptResponse()
[11] 2026-03-10 08:57:32,491 DEBUG Exit  <<< PME.RpcServerApiWrapper.PmeRpcServerApi.Execute("1", "Pme.Version")
[11] 2026-03-10 08:57:32,522 DEBUG Enter >>> PME.RpcServerApiWrapper.PmeRpcServerApi.Execute("1", "Pme.GetLatestVersion")
[11] 2026-03-10 08:57:32,523 INFO  PME 2.13.12.5630, Request Handler Agent 2.13.11.5117, File Cache Service Agent 2.13.11.5117, WUA 1451.2512.12012.1
[11] 2026-03-10 08:57:32,534 DEBUG Enter >>> PME.RpcServerApiWrapper.PmeRpcServerApi.AdaptResponse()
[11] 2026-03-10 08:57:32,534 DEBUG Adapter.AdaptResponse => using default Adapter. Params: 0
[11] 2026-03-10 08:57:32,535 DEBUG Enter >>> PME.Adapter.RmmAdapter.AdaptResponse()
[11] 2026-03-10 08:57:32,535 DEBUG Exit  <<< PME.Adapter.RmmAdapter.AdaptResponse()
[11] 2026-03-10 08:57:32,535 DEBUG Exit  <<< PME.RpcServerApiWrapper.PmeRpcServerApi.AdaptResponse()
[11] 2026-03-10 08:57:32,535 DEBUG Exit  <<< PME.RpcServerApiWrapper.PmeRpcServerApi.Execute("1", "Pme.GetLatestVersion")
[13] 2026-03-10 09:00:36,007 DEBUG Enter >>> PME.RpcServerApiWrapper.PmeRpcServerApi.Execute("1", "Pme.Version")
[13] 2026-03-10 09:00:36,008 INFO  PME 2.13.12.5630, Request Handler Agent 2.13.11.5117, File Cache Service Agent 2.13.11.5117, WUA 1451.2512.12012.1
[13] 2026-03-10 09:00:36,010 DEBUG Enter >>> PME.RpcServerApiWrapper.PmeRpcServerApi.AdaptResponse()
[13] 2026-03-10 09:00:36,011 DEBUG Adapter.AdaptResponse => using default Adapter. Params: 0
[13] 2026-03-10 09:00:36,011 DEBUG Enter >>> PME.Adapter.RmmAdapter.AdaptResponse()
[13] 2026-03-10 09:00:36,011 DEBUG Exit  <<< PME.Adapter.RmmAdapter.AdaptResponse()
[13] 2026-03-10 09:00:36,012 DEBUG Exit  <<< PME.RpcServerApiWrapper.PmeRpcServerApi.AdaptResponse()
[13] 2026-03-10 09:00:36,012 DEBUG Exit  <<< PME.RpcServerApiWrapper.PmeRpcServerApi.Execute("1", "Pme.Version")
[13] 2026-03-10 09:00:36,038 DEBUG Enter >>> PME.RpcServerApiWrapper.PmeRpcServerApi.Execute("1", "Pme.GetLatestVersion")
[13] 2026-03-10 09:00:36,039 INFO  PME 2.13.12.5630, Request Handler Agent 2.13.11.5117, File Cache Service Agent 2.13.11.5117, WUA 1451.2512.12012.1
[13] 2026-03-10 09:00:36,048 DEBUG Enter >>> PME.RpcServerApiWrapper.PmeRpcServerApi.AdaptResponse()
[13] 2026-03-10 09:00:36,048 DEBUG Adapter.AdaptResponse => using default Adapter. Params: 0
[13] 2026-03-10 09:00:36,048 DEBUG Enter >>> PME.Adapter.RmmAdapter.AdaptResponse()
[13] 2026-03-10 09:00:36,048 DEBUG Exit  <<< PME.Adapter.RmmAdapter.AdaptResponse()
[13] 2026-03-10 09:00:36,049 DEBUG Exit  <<< PME.RpcServerApiWrapper.PmeRpcServerApi.AdaptResponse()
[13] 2026-03-10 09:00:36,049 DEBUG Exit  <<< PME.RpcServerApiWrapper.PmeRpcServerApi.Execute("1", "Pme.GetLatestVersion")
[13] 2026-03-10 09:00:36,276 DEBUG Enter >>> PME.RpcServerApiWrapper.PmeRpcServerApi.Execute("1", "Pme.Install")
[13] 2026-03-10 09:00:36,278 INFO  PME 2.13.12.5630, Request Handler Agent 2.13.11.5117, File Cache Service Agent 2.13.11.5117, WUA 1451.2512.12012.1
[13] 2026-03-10 09:00:36,285 INFO  PME.RpcServerApiWrapper.PmeRpcServerApi.StartActions => Set 'InstallationTimeoutInMinutes' by config file to 180
[13] 2026-03-10 09:01:09,896 DEBUG Enter >>> PME.RpcServerApiWrapper.PmeRpcServerApi.AdaptResponse()
[13] 2026-03-10 09:01:09,896 DEBUG Adapter.AdaptResponse => using default Adapter. Params: 1
[13] 2026-03-10 09:01:09,896 DEBUG Enter >>> PME.Adapter.RmmAdapter.AdaptResponse()
[13] 2026-03-10 09:01:09,897 DEBUG Enter >>> PME.Adapter.RmmAdapter.GetAdaptedStartActionsResult()
[13] 2026-03-10 09:01:09,897 DEBUG Enter >>> PME.Adapter.RmmAdapter.GetOutputFileNameFromParams()
[13] 2026-03-10 09:01:09,898 DEBUG Exit  <<< PME.Adapter.RmmAdapter.GetOutputFileNameFromParams(), returns ""
[13] 2026-03-10 09:01:09,898 DEBUG Enter >>> PME.Adapter.RmmAdapter.GenerateOutputFileName()
[13] 2026-03-10 09:01:09,899 DEBUG Enter >>> PME.Adapter.RmmAdapter.GetOutputFilePath()
[13] 2026-03-10 09:01:09,899 DEBUG Exit  <<< PME.Adapter.RmmAdapter.GetOutputFilePath(), returns "C:\ProgramData\MspPlatform\PME\data"
[13] 2026-03-10 09:01:09,899 DEBUG Exit  <<< PME.Adapter.RmmAdapter.GenerateOutputFileName(), returns "C:\ProgramData\MspPlatform\PME\data\Pme.Install_20260310090109_1.xml"
[13] 2026-03-10 09:01:09,900 DEBUG Enter >>> PME.Adapter.RmmAdapter.GetStartActionRmmDataSkeleton()
[13] 2026-03-10 09:01:09,900 DEBUG Exit  <<< PME.Adapter.RmmAdapter.GetStartActionRmmDataSkeleton()
[13] 2026-03-10 09:01:09,916 DEBUG Enter >>> PME.Adapter.RmmAdapter.SaveXmlFile(outputFileName = "C:\ProgramData\MspPlatform\PME\data\Pme.Install_20260310090109_1.xml")
[13] 2026-03-10 09:01:09,932 DEBUG Exit  <<< PME.Adapter.RmmAdapter.SaveXmlFile(outputFileName = "C:\ProgramData\MspPlatform\PME\data\Pme.Install_20260310090109_1.xml")
[13] 2026-03-10 09:01:09,933 DEBUG Exit  <<< PME.Adapter.RmmAdapter.GetAdaptedStartActionsResult()
[13] 2026-03-10 09:01:09,933 DEBUG Exit  <<< PME.Adapter.RmmAdapter.AdaptResponse()
[13] 2026-03-10 09:01:09,933 DEBUG Exit  <<< PME.RpcServerApiWrapper.PmeRpcServerApi.AdaptResponse()
[13] 2026-03-10 09:01:09,934 DEBUG Exit  <<< PME.RpcServerApiWrapper.PmeRpcServerApi.Execute("1", "Pme.Install")
[13] 2026-03-10 09:01:36,280 DEBUG Enter >>> PME.RpcServerApiWrapper.PmeRpcServerApi.Execute("1", "Pme.Version")
[13] 2026-03-10 09:01:36,282 INFO  PME 2.13.12.5630, Request Handler Agent 2.13.11.5117, File Cache Service Agent 2.13.11.5117, WUA 1451.2512.12012.1
[13] 2026-03-10 09:01:36,283 DEBUG Enter >>> PME.RpcServerApiWrapper.PmeRpcServerApi.AdaptResponse()
[13] 2026-03-10 09:01:36,284 DEBUG Adapter.AdaptResponse => using default Adapter. Params: 0
[13] 2026-03-10 09:01:36,284 DEBUG Enter >>> PME.Adapter.RmmAdapter.AdaptResponse()
[13] 2026-03-10 09:01:36,284 DEBUG Exit  <<< PME.Adapter.RmmAdapter.AdaptResponse()
[13] 2026-03-10 09:01:36,284 DEBUG Exit  <<< PME.RpcServerApiWrapper.PmeRpcServerApi.AdaptResponse()
[13] 2026-03-10 09:01:36,285 DEBUG Exit  <<< PME.RpcServerApiWrapper.PmeRpcServerApi.Execute("1", "Pme.Version")
[13] 2026-03-10 09:01:36,309 DEBUG Enter >>> PME.RpcServerApiWrapper.PmeRpcServerApi.Execute("1", "Pme.GetLatestVersion")
[13] 2026-03-10 09:01:36,311 INFO  PME 2.13.12.5630, Request Handler Agent 2.13.11.5117, File Cache Service Agent 2.13.11.5117, WUA 1451.2512.12012.1
[13] 2026-03-10 09:01:36,317 DEBUG Enter >>> PME.RpcServerApiWrapper.PmeRpcServerApi.AdaptResponse()
[13] 2026-03-10 09:01:36,318 DEBUG Adapter.AdaptResponse => using default Adapter. Params: 0
[13] 2026-03-10 09:01:36,318 DEBUG Enter >>> PME.Adapter.RmmAdapter.AdaptResponse()
[13] 2026-03-10 09:01:36,318 DEBUG Exit  <<< PME.Adapter.RmmAdapter.AdaptResponse()
[13] 2026-03-10 09:01:36,319 DEBUG Exit  <<< PME.RpcServerApiWrapper.PmeRpcServerApi.AdaptResponse()
[13] 2026-03-10 09:01:36,319 DEBUG Exit  <<< PME.RpcServerApiWrapper.PmeRpcServerApi.Execute("1", "Pme.GetLatestVersion")
[13] 2026-03-10 09:01:36,344 DEBUG Enter >>> PME.RpcServerApiWrapper.PmeRpcServerApi.Execute("1", "Pme.StartScan")
[13] 2026-03-10 09:01:36,345 INFO  PME 2.13.12.5630, Request Handler Agent 2.13.11.5117, File Cache Service Agent 2.13.11.5117, WUA 1451.2512.12012.1
[13] 2026-03-10 09:01:36,348 DEBUG PME.RpcServerApiWrapper.PmeRpcServerApi.StartScan => parameters:
[13] 2026-03-10 09:01:36,348 DEBUG 	outputFileName=C:\PROGRA~2\ADVANC~1\scans\PatchMan_79903328
[13] 2026-03-10 09:03:01,046 INFO  PME.RpcServerApiWrapper.PmeRpcServerApi.Execute => submitting to Perun is not enabled (feature flag check)
[13] 2026-03-10 09:03:01,047 DEBUG Enter >>> PME.RpcServerApiWrapper.PmeRpcServerApi.AdaptResponse()
[13] 2026-03-10 09:03:01,047 DEBUG Adapter.AdaptResponse => using default Adapter. Params: 1
[13] 2026-03-10 09:03:01,047 DEBUG Enter >>> PME.Adapter.RmmAdapter.AdaptResponse()
[13] 2026-03-10 09:03:01,048 DEBUG Enter >>> PME.Adapter.RmmAdapter.GetAdaptedStartScanResponse()
[13] 2026-03-10 09:03:01,048 DEBUG Enter >>> PME.Adapter.RmmAdapter.GetOutputFileNameFromParams()
[13] 2026-03-10 09:03:01,048 DEBUG Exit  <<< PME.Adapter.RmmAdapter.GetOutputFileNameFromParams(), returns "C:\PROGRA~2\ADVANC~1\scans\PatchMan_79903328"
[13] 2026-03-10 09:03:01,048 DEBUG Enter >>> PME.Adapter.RmmAdapter.GetStartScanRmmDataSkeleton()
[13] 2026-03-10 09:03:01,049 DEBUG Enter >>> PME.Adapter.RmmAdapter.GetLocalIpAddress()
[13] 2026-03-10 09:03:01,050 DEBUG Exit  <<< PME.Adapter.RmmAdapter.GetLocalIpAddress(), returns "169.254.83.107"
[13] 2026-03-10 09:03:01,050 DEBUG Exit  <<< PME.Adapter.RmmAdapter.GetStartScanRmmDataSkeleton()
[13] 2026-03-10 09:03:01,051 DEBUG Enter >>> PME.Adapter.RmmAdapter.FillRmmData()
[13] 2026-03-10 09:03:01,051 DEBUG Enter >>> PME.Adapter.RmmAdapter.CreateListOfHotfixesAndMissingHotfixes()
[13] 2026-03-10 09:03:01,052 DEBUG Exit  <<< PME.Adapter.RmmAdapter.CreateListOfHotfixesAndMissingHotfixes()
[13] 2026-03-10 09:03:01,052 DEBUG Enter >>> PME.Adapter.RmmAdapter.GetProducts()
[13] 2026-03-10 09:03:01,064 DEBUG Exit  <<< PME.Adapter.RmmAdapter.GetProducts()
[13] 2026-03-10 09:03:01,064 DEBUG Enter >>> PME.Adapter.RmmAdapter.GetProducts()
[13] 2026-03-10 09:03:01,067 DEBUG Exit  <<< PME.Adapter.RmmAdapter.GetProducts()
[13] 2026-03-10 09:03:01,067 DEBUG Exit  <<< PME.Adapter.RmmAdapter.FillRmmData()
[13] 2026-03-10 09:03:01,067 OFF   GetAdaptedStartScanResponse => Scan result numbers: 16 installed patches, 3 missing patches
[13] 2026-03-10 09:03:01,067 DEBUG Enter >>> PME.Adapter.RmmAdapter.SaveXmlFile(outputFileName = "C:\PROGRA~2\ADVANC~1\scans\PatchMan_79903328")
[13] 2026-03-10 09:03:01,069 DEBUG Exit  <<< PME.Adapter.RmmAdapter.SaveXmlFile(outputFileName = "C:\PROGRA~2\ADVANC~1\scans\PatchMan_79903328")
[13] 2026-03-10 09:03:01,069 DEBUG Enter >>> PME.Adapter.RmmAdapter.SaveJsonFile(outputFileName = "C:\PROGRA~2\ADVANC~1\scans\PatchMan_79903328.json")
[13] 2026-03-10 09:03:01,091 DEBUG Exit  <<< PME.Adapter.RmmAdapter.SaveJsonFile(outputFileName = "C:\PROGRA~2\ADVANC~1\scans\PatchMan_79903328.json")
[13] 2026-03-10 09:03:01,091 DEBUG Exit  <<< PME.Adapter.RmmAdapter.GetAdaptedStartScanResponse()
[13] 2026-03-10 09:03:01,091 DEBUG Exit  <<< PME.Adapter.RmmAdapter.AdaptResponse()
[13] 2026-03-10 09:03:01,091 DEBUG Exit  <<< PME.RpcServerApiWrapper.PmeRpcServerApi.AdaptResponse()
[13] 2026-03-10 09:03:01,093 DEBUG Exit  <<< PME.RpcServerApiWrapper.PmeRpcServerApi.Execute("1", "Pme.StartScan")
[10] 2026-03-10 11:00:52,412 DEBUG Enter >>> PME.RpcServerApiWrapper.PmeRpcServerApi.Execute("1", "Pme.Version")
[10] 2026-03-10 11:00:52,415 INFO  PME 2.13.12.5630, Request Handler Agent 2.13.11.5117, File Cache Service Agent 2.13.11.5117, WUA 1451.2512.12012.1
[10] 2026-03-10 11:00:52,442 DEBUG Enter >>> PME.RpcServerApiWrapper.PmeRpcServerApi.AdaptResponse()
[10] 2026-03-10 11:00:52,442 DEBUG Adapter.AdaptResponse => using default Adapter. Params: 0
[10] 2026-03-10 11:00:52,443 DEBUG Enter >>> PME.Adapter.RmmAdapter.AdaptResponse()
[10] 2026-03-10 11:00:52,443 DEBUG Exit  <<< PME.Adapter.RmmAdapter.AdaptResponse()
[10] 2026-03-10 11:00:52,443 DEBUG Exit  <<< PME.RpcServerApiWrapper.PmeRpcServerApi.AdaptResponse()
[10] 2026-03-10 11:00:52,443 DEBUG Exit  <<< PME.RpcServerApiWrapper.PmeRpcServerApi.Execute("1", "Pme.Version")
[10] 2026-03-10 11:00:52,468 DEBUG Enter >>> PME.RpcServerApiWrapper.PmeRpcServerApi.Execute("1", "Pme.GetLatestVersion")
[10] 2026-03-10 11:00:52,470 INFO  PME 2.13.12.5630, Request Handler Agent 2.13.11.5117, File Cache Service Agent 2.13.11.5117, WUA 1451.2512.12012.1
[10] 2026-03-10 11:00:52,485 DEBUG Enter >>> PME.RpcServerApiWrapper.PmeRpcServerApi.AdaptResponse()
[10] 2026-03-10 11:00:52,486 DEBUG Adapter.AdaptResponse => using default Adapter. Params: 0
[10] 2026-03-10 11:00:52,486 DEBUG Enter >>> PME.Adapter.RmmAdapter.AdaptResponse()
[10] 2026-03-10 11:00:52,486 DEBUG Exit  <<< PME.Adapter.RmmAdapter.AdaptResponse()
[10] 2026-03-10 11:00:52,486 DEBUG Exit  <<< PME.RpcServerApiWrapper.PmeRpcServerApi.AdaptResponse()
[10] 2026-03-10 11:00:52,486 DEBUG Exit  <<< PME.RpcServerApiWrapper.PmeRpcServerApi.Execute("1", "Pme.GetLatestVersion")
[10] 2026-03-10 11:00:52,512 DEBUG Enter >>> PME.RpcServerApiWrapper.PmeRpcServerApi.Execute("1", "Pme.StartScan")
[10] 2026-03-10 11:00:52,513 INFO  PME 2.13.12.5630, Request Handler Agent 2.13.11.5117, File Cache Service Agent 2.13.11.5117, WUA 1451.2512.12012.1
[10] 2026-03-10 11:00:52,516 DEBUG PME.RpcServerApiWrapper.PmeRpcServerApi.StartScan => parameters:
[10] 2026-03-10 11:00:52,517 DEBUG 	outputFileName=C:\PROGRA~2\ADVANC~1\scans\PatchMan_87059500
[10] 2026-03-10 11:01:24,632 INFO  PME.RpcServerApiWrapper.PmeRpcServerApi.Execute => submitting to Perun is not enabled (feature flag check)
[10] 2026-03-10 11:01:24,632 DEBUG Enter >>> PME.RpcServerApiWrapper.PmeRpcServerApi.AdaptResponse()
[10] 2026-03-10 11:01:24,632 DEBUG Adapter.AdaptResponse => using default Adapter. Params: 1
[10] 2026-03-10 11:01:24,633 DEBUG Enter >>> PME.Adapter.RmmAdapter.AdaptResponse()
[10] 2026-03-10 11:01:24,633 DEBUG Enter >>> PME.Adapter.RmmAdapter.GetAdaptedStartScanResponse()
[10] 2026-03-10 11:01:24,634 DEBUG Enter >>> PME.Adapter.RmmAdapter.GetOutputFileNameFromParams()
[10] 2026-03-10 11:01:24,634 DEBUG Exit  <<< PME.Adapter.RmmAdapter.GetOutputFileNameFromParams(), returns "C:\PROGRA~2\ADVANC~1\scans\PatchMan_87059500"
[10] 2026-03-10 11:01:24,634 DEBUG Enter >>> PME.Adapter.RmmAdapter.GetStartScanRmmDataSkeleton()
[10] 2026-03-10 11:01:24,634 DEBUG Enter >>> PME.Adapter.RmmAdapter.GetLocalIpAddress()
[10] 2026-03-10 11:01:24,637 DEBUG Exit  <<< PME.Adapter.RmmAdapter.GetLocalIpAddress(), returns "169.254.83.107"
[10] 2026-03-10 11:01:24,637 DEBUG Exit  <<< PME.Adapter.RmmAdapter.GetStartScanRmmDataSkeleton()
[10] 2026-03-10 11:01:24,637 DEBUG Enter >>> PME.Adapter.RmmAdapter.FillRmmData()
[10] 2026-03-10 11:01:24,638 DEBUG Enter >>> PME.Adapter.RmmAdapter.CreateListOfHotfixesAndMissingHotfixes()
[10] 2026-03-10 11:01:24,638 DEBUG Exit  <<< PME.Adapter.RmmAdapter.CreateListOfHotfixesAndMissingHotfixes()
[10] 2026-03-10 11:01:24,638 DEBUG Enter >>> PME.Adapter.RmmAdapter.GetProducts()
[10] 2026-03-10 11:01:24,656 DEBUG Exit  <<< PME.Adapter.RmmAdapter.GetProducts()
[10] 2026-03-10 11:01:24,656 DEBUG Enter >>> PME.Adapter.RmmAdapter.GetProducts()
[10] 2026-03-10 11:01:24,657 DEBUG Exit  <<< PME.Adapter.RmmAdapter.GetProducts()
[10] 2026-03-10 11:01:24,657 DEBUG Exit  <<< PME.Adapter.RmmAdapter.FillRmmData()
[10] 2026-03-10 11:01:24,658 OFF   GetAdaptedStartScanResponse => Scan result numbers: 16 installed patches, 3 missing patches
[10] 2026-03-10 11:01:24,658 DEBUG Enter >>> PME.Adapter.RmmAdapter.SaveXmlFile(outputFileName = "C:\PROGRA~2\ADVANC~1\scans\PatchMan_87059500")
[10] 2026-03-10 11:01:24,659 DEBUG Exit  <<< PME.Adapter.RmmAdapter.SaveXmlFile(outputFileName = "C:\PROGRA~2\ADVANC~1\scans\PatchMan_87059500")
[10] 2026-03-10 11:01:24,660 DEBUG Enter >>> PME.Adapter.RmmAdapter.SaveJsonFile(outputFileName = "C:\PROGRA~2\ADVANC~1\scans\PatchMan_87059500.json")
[10] 2026-03-10 11:01:24,669 DEBUG Exit  <<< PME.Adapter.RmmAdapter.SaveJsonFile(outputFileName = "C:\PROGRA~2\ADVANC~1\scans\PatchMan_87059500.json")
[10] 2026-03-10 11:01:24,669 DEBUG Exit  <<< PME.Adapter.RmmAdapter.GetAdaptedStartScanResponse()
[10] 2026-03-10 11:01:24,670 DEBUG Exit  <<< PME.Adapter.RmmAdapter.AdaptResponse()
[10] 2026-03-10 11:01:24,670 DEBUG Exit  <<< PME.RpcServerApiWrapper.PmeRpcServerApi.AdaptResponse()
[10] 2026-03-10 11:01:24,670 DEBUG Exit  <<< PME.RpcServerApiWrapper.PmeRpcServerApi.Execute("1", "Pme.StartScan")
[4] 2026-03-11 09:08:56,041 DEBUG Enter >>> PME.RpcServerApiWrapper.PmeRpcServerApi.Execute("1", "Pme.Version")
[4] 2026-03-11 09:08:56,063 INFO  PME 2.13.12.5630, Request Handler Agent 2.13.11.5117, File Cache Service Agent 2.13.11.5117, WUA 1451.2601.23012.0
[4] 2026-03-11 09:08:56,083 DEBUG Enter >>> PME.RpcServerApiWrapper.PmeRpcServerApi.AdaptResponse()
[4] 2026-03-11 09:08:56,094 DEBUG Adapter.AdaptResponse => using default Adapter. Params: 0
[4] 2026-03-11 09:08:56,094 DEBUG Enter >>> PME.Adapter.RmmAdapter.AdaptResponse()
[4] 2026-03-11 09:08:56,094 DEBUG Exit  <<< PME.Adapter.RmmAdapter.AdaptResponse()
[4] 2026-03-11 09:08:56,094 DEBUG Exit  <<< PME.RpcServerApiWrapper.PmeRpcServerApi.AdaptResponse()
[4] 2026-03-11 09:08:56,094 DEBUG Exit  <<< PME.RpcServerApiWrapper.PmeRpcServerApi.Execute("1", "Pme.Version")
[4] 2026-03-11 09:08:56,188 DEBUG Enter >>> PME.RpcServerApiWrapper.PmeRpcServerApi.Execute("1", "Pme.GetLatestVersion")
[4] 2026-03-11 09:08:56,188 INFO  PME 2.13.12.5630, Request Handler Agent 2.13.11.5117, File Cache Service Agent 2.13.11.5117, WUA 1451.2601.23012.0
[4] 2026-03-11 09:08:56,628 DEBUG Enter >>> PME.RpcServerApiWrapper.PmeRpcServerApi.AdaptResponse()
[4] 2026-03-11 09:08:56,628 DEBUG Adapter.AdaptResponse => using default Adapter. Params: 0
[4] 2026-03-11 09:08:56,628 DEBUG Enter >>> PME.Adapter.RmmAdapter.AdaptResponse()
[4] 2026-03-11 09:08:56,628 DEBUG Exit  <<< PME.Adapter.RmmAdapter.AdaptResponse()
[4] 2026-03-11 09:08:56,628 DEBUG Exit  <<< PME.RpcServerApiWrapper.PmeRpcServerApi.AdaptResponse()
[4] 2026-03-11 09:08:56,628 DEBUG Exit  <<< PME.RpcServerApiWrapper.PmeRpcServerApi.Execute("1", "Pme.GetLatestVersion")
[RequestHandlerAgentThread] 2026-03-11 09:09:03,703 DEBUG Enter >>> PME.RpcServerApiWrapper.PmeRpcServerApi.Execute("c0b11e64-8649-4cb8-8b0a-8d88a9b519f8", "Pme.StopAllScansAndRemediationActions")
[RequestHandlerAgentThread] 2026-03-11 09:09:03,715 INFO  PME 2.13.12.5630, Request Handler Agent 2.13.11.5117, File Cache Service Agent 2.13.11.5117, WUA 1451.2601.23012.0
[RequestHandlerAgentThread] 2026-03-11 09:09:03,716 DEBUG Enter >>> PME.RpcServerApiWrapper.PmeRpcServerApi.AdaptResponse()
[RequestHandlerAgentThread] 2026-03-11 09:09:03,716 DEBUG Adapter.AdaptResponse => using default Adapter. Params: 0
[RequestHandlerAgentThread] 2026-03-11 09:09:03,716 DEBUG Enter >>> PME.Adapter.RmmAdapter.AdaptResponse()
[RequestHandlerAgentThread] 2026-03-11 09:09:03,716 DEBUG Exit  <<< PME.Adapter.RmmAdapter.AdaptResponse()
[RequestHandlerAgentThread] 2026-03-11 09:09:03,716 DEBUG Exit  <<< PME.RpcServerApiWrapper.PmeRpcServerApi.AdaptResponse()
[RequestHandlerAgentThread] 2026-03-11 09:09:03,716 DEBUG Exit  <<< PME.RpcServerApiWrapper.PmeRpcServerApi.Execute("c0b11e64-8649-4cb8-8b0a-8d88a9b519f8", "Pme.StopAllScansAndRemediationActions")
[4] 2026-03-11 09:09:40,254 DEBUG Enter >>> PME.RpcServerApiWrapper.PmeRpcServerApi.Execute("1", "Pme.Install")
[4] 2026-03-11 09:09:40,282 INFO  PME 2.13.13.5640, Request Handler Agent 2.13.11.5117, File Cache Service Agent 2.13.11.5117, WUA 1451.2601.23012.0
[4] 2026-03-11 09:09:40,392 INFO  PME.RpcServerApiWrapper.PmeRpcServerApi.StartActions => Set 'InstallationTimeoutInMinutes' by config file to 180
[4] 2026-03-11 09:10:01,606 DEBUG Enter >>> PME.RpcServerApiWrapper.PmeRpcServerApi.AdaptResponse()
[4] 2026-03-11 09:10:01,610 DEBUG Adapter.AdaptResponse => using default Adapter. Params: 1
[4] 2026-03-11 09:10:01,614 DEBUG Enter >>> PME.Adapter.RmmAdapter.AdaptResponse()
[4] 2026-03-11 09:10:01,615 DEBUG Enter >>> PME.Adapter.RmmAdapter.GetAdaptedStartActionsResult()
[4] 2026-03-11 09:10:01,617 DEBUG Enter >>> PME.Adapter.RmmAdapter.GetOutputFileNameFromParams()
[4] 2026-03-11 09:10:01,617 DEBUG Exit  <<< PME.Adapter.RmmAdapter.GetOutputFileNameFromParams(), returns ""
[4] 2026-03-11 09:10:01,618 DEBUG Enter >>> PME.Adapter.RmmAdapter.GenerateOutputFileName()
[4] 2026-03-11 09:10:01,619 DEBUG Enter >>> PME.Adapter.RmmAdapter.GetOutputFilePath()
[4] 2026-03-11 09:10:01,620 DEBUG Exit  <<< PME.Adapter.RmmAdapter.GetOutputFilePath(), returns "C:\ProgramData\MspPlatform\PME\data"
[4] 2026-03-11 09:10:01,620 DEBUG Exit  <<< PME.Adapter.RmmAdapter.GenerateOutputFileName(), returns "C:\ProgramData\MspPlatform\PME\data\Pme.Install_20260311091001_1.xml"
[4] 2026-03-11 09:10:01,621 DEBUG Enter >>> PME.Adapter.RmmAdapter.GetStartActionRmmDataSkeleton()
[4] 2026-03-11 09:10:01,621 DEBUG Exit  <<< PME.Adapter.RmmAdapter.GetStartActionRmmDataSkeleton()
[4] 2026-03-11 09:10:01,670 DEBUG Enter >>> PME.Adapter.RmmAdapter.SaveXmlFile(outputFileName = "C:\ProgramData\MspPlatform\PME\data\Pme.Install_20260311091001_1.xml")
[4] 2026-03-11 09:10:01,716 DEBUG Exit  <<< PME.Adapter.RmmAdapter.SaveXmlFile(outputFileName = "C:\ProgramData\MspPlatform\PME\data\Pme.Install_20260311091001_1.xml")
[4] 2026-03-11 09:10:01,716 DEBUG Exit  <<< PME.Adapter.RmmAdapter.GetAdaptedStartActionsResult()
[4] 2026-03-11 09:10:01,717 DEBUG Exit  <<< PME.Adapter.RmmAdapter.AdaptResponse()
[4] 2026-03-11 09:10:01,717 DEBUG Exit  <<< PME.RpcServerApiWrapper.PmeRpcServerApi.AdaptResponse()
[4] 2026-03-11 09:10:01,717 DEBUG Exit  <<< PME.RpcServerApiWrapper.PmeRpcServerApi.Execute("1", "Pme.Install")
[9] 2026-03-11 09:10:53,926 DEBUG Enter >>> PME.RpcServerApiWrapper.PmeRpcServerApi.Execute("1", "Pme.Version")
[9] 2026-03-11 09:10:53,926 INFO  PME 2.13.13.5640, Request Handler Agent 2.13.11.5117, File Cache Service Agent 2.13.11.5117, WUA 1451.2601.23012.0
[9] 2026-03-11 09:10:53,926 DEBUG Enter >>> PME.RpcServerApiWrapper.PmeRpcServerApi.AdaptResponse()
[9] 2026-03-11 09:10:53,926 DEBUG Adapter.AdaptResponse => using default Adapter. Params: 0
[9] 2026-03-11 09:10:53,935 DEBUG Enter >>> PME.Adapter.RmmAdapter.AdaptResponse()
[9] 2026-03-11 09:10:53,935 DEBUG Exit  <<< PME.Adapter.RmmAdapter.AdaptResponse()
[9] 2026-03-11 09:10:53,935 DEBUG Exit  <<< PME.RpcServerApiWrapper.PmeRpcServerApi.AdaptResponse()
[9] 2026-03-11 09:10:53,935 DEBUG Exit  <<< PME.RpcServerApiWrapper.PmeRpcServerApi.Execute("1", "Pme.Version")
[9] 2026-03-11 09:10:53,957 DEBUG Enter >>> PME.RpcServerApiWrapper.PmeRpcServerApi.Execute("1", "Pme.GetLatestVersion")
[9] 2026-03-11 09:10:53,957 INFO  PME 2.13.13.5640, Request Handler Agent 2.13.11.5117, File Cache Service Agent 2.13.11.5117, WUA 1451.2601.23012.0
[9] 2026-03-11 09:10:54,073 DEBUG Enter >>> PME.RpcServerApiWrapper.PmeRpcServerApi.AdaptResponse()
[9] 2026-03-11 09:10:54,073 DEBUG Adapter.AdaptResponse => using default Adapter. Params: 0
[9] 2026-03-11 09:10:54,073 DEBUG Enter >>> PME.Adapter.RmmAdapter.AdaptResponse()
[9] 2026-03-11 09:10:54,073 DEBUG Exit  <<< PME.Adapter.RmmAdapter.AdaptResponse()
[9] 2026-03-11 09:10:54,073 DEBUG Exit  <<< PME.RpcServerApiWrapper.PmeRpcServerApi.AdaptResponse()
[9] 2026-03-11 09:10:54,078 DEBUG Exit  <<< PME.RpcServerApiWrapper.PmeRpcServerApi.Execute("1", "Pme.GetLatestVersion")
[9] 2026-03-11 09:10:54,105 DEBUG Enter >>> PME.RpcServerApiWrapper.PmeRpcServerApi.Execute("1", "Pme.StartScan")
[9] 2026-03-11 09:10:54,105 INFO  PME 2.13.13.5640, Request Handler Agent 2.13.11.5117, File Cache Service Agent 2.13.11.5117, WUA 1451.2601.23012.0
[9] 2026-03-11 09:10:54,105 DEBUG PME.RpcServerApiWrapper.PmeRpcServerApi.StartScan => parameters:
[9] 2026-03-11 09:10:54,115 DEBUG 	outputFileName=C:\PROGRA~2\ADVANC~1\scans\PatchMan_68704093
[9] 2026-03-11 09:12:26,126 INFO  PME.RpcServerApiWrapper.PmeRpcServerApi.Execute => submitting to Perun is not enabled (feature flag check)
[9] 2026-03-11 09:12:26,126 DEBUG Enter >>> PME.RpcServerApiWrapper.PmeRpcServerApi.AdaptResponse()
[9] 2026-03-11 09:12:26,126 DEBUG Adapter.AdaptResponse => using default Adapter. Params: 1
[9] 2026-03-11 09:12:26,126 DEBUG Enter >>> PME.Adapter.RmmAdapter.AdaptResponse()
[9] 2026-03-11 09:12:26,132 DEBUG Enter >>> PME.Adapter.RmmAdapter.GetAdaptedStartScanResponse()
[9] 2026-03-11 09:12:26,132 DEBUG Enter >>> PME.Adapter.RmmAdapter.GetOutputFileNameFromParams()
[9] 2026-03-11 09:12:26,132 DEBUG Exit  <<< PME.Adapter.RmmAdapter.GetOutputFileNameFromParams(), returns "C:\PROGRA~2\ADVANC~1\scans\PatchMan_68704093"
[9] 2026-03-11 09:12:26,136 DEBUG Enter >>> PME.Adapter.RmmAdapter.GetStartScanRmmDataSkeleton()
[9] 2026-03-11 09:12:26,136 DEBUG Enter >>> PME.Adapter.RmmAdapter.GetLocalIpAddress()
[9] 2026-03-11 09:12:26,147 DEBUG Exit  <<< PME.Adapter.RmmAdapter.GetLocalIpAddress(), returns "100.77.168.80"
[9] 2026-03-11 09:12:26,147 DEBUG Exit  <<< PME.Adapter.RmmAdapter.GetStartScanRmmDataSkeleton()
[9] 2026-03-11 09:12:26,147 DEBUG Enter >>> PME.Adapter.RmmAdapter.FillRmmData()
[9] 2026-03-11 09:12:26,147 DEBUG Enter >>> PME.Adapter.RmmAdapter.CreateListOfHotfixesAndMissingHotfixes()
[9] 2026-03-11 09:12:26,147 DEBUG Exit  <<< PME.Adapter.RmmAdapter.CreateListOfHotfixesAndMissingHotfixes()
[9] 2026-03-11 09:12:26,154 DEBUG Enter >>> PME.Adapter.RmmAdapter.GetProducts()
[9] 2026-03-11 09:12:26,163 DEBUG Exit  <<< PME.Adapter.RmmAdapter.GetProducts()
[9] 2026-03-11 09:12:26,163 DEBUG Enter >>> PME.Adapter.RmmAdapter.GetProducts()
[9] 2026-03-11 09:12:26,165 DEBUG Exit  <<< PME.Adapter.RmmAdapter.GetProducts()
[9] 2026-03-11 09:12:26,167 DEBUG Exit  <<< PME.Adapter.RmmAdapter.FillRmmData()
[9] 2026-03-11 09:12:26,167 OFF   GetAdaptedStartScanResponse => Scan result numbers: 11 installed patches, 4 missing patches
[9] 2026-03-11 09:12:26,167 DEBUG Enter >>> PME.Adapter.RmmAdapter.SaveXmlFile(outputFileName = "C:\PROGRA~2\ADVANC~1\scans\PatchMan_68704093")
[9] 2026-03-11 09:12:26,190 DEBUG Exit  <<< PME.Adapter.RmmAdapter.SaveXmlFile(outputFileName = "C:\PROGRA~2\ADVANC~1\scans\PatchMan_68704093")
[9] 2026-03-11 09:12:26,190 DEBUG Enter >>> PME.Adapter.RmmAdapter.SaveJsonFile(outputFileName = "C:\PROGRA~2\ADVANC~1\scans\PatchMan_68704093.json")
[9] 2026-03-11 09:12:26,210 DEBUG Exit  <<< PME.Adapter.RmmAdapter.SaveJsonFile(outputFileName = "C:\PROGRA~2\ADVANC~1\scans\PatchMan_68704093.json")
[9] 2026-03-11 09:12:26,210 DEBUG Exit  <<< PME.Adapter.RmmAdapter.GetAdaptedStartScanResponse()
[9] 2026-03-11 09:12:26,210 DEBUG Exit  <<< PME.Adapter.RmmAdapter.AdaptResponse()
[9] 2026-03-11 09:12:26,212 DEBUG Exit  <<< PME.RpcServerApiWrapper.PmeRpcServerApi.AdaptResponse()
[9] 2026-03-11 09:12:26,212 DEBUG Exit  <<< PME.RpcServerApiWrapper.PmeRpcServerApi.Execute("1", "Pme.StartScan")
[9] 2026-03-11 09:12:54,457 DEBUG Enter >>> PME.RpcServerApiWrapper.PmeRpcServerApi.Execute("1", "Pme.Version")
[9] 2026-03-11 09:12:54,457 INFO  PME 2.13.13.5640, Request Handler Agent 2.13.11.5117, File Cache Service Agent 2.13.11.5117, WUA 1451.2601.23012.0
[9] 2026-03-11 09:12:54,457 DEBUG Enter >>> PME.RpcServerApiWrapper.PmeRpcServerApi.AdaptResponse()
[9] 2026-03-11 09:12:54,457 DEBUG Adapter.AdaptResponse => using default Adapter. Params: 0
[9] 2026-03-11 09:12:54,457 DEBUG Enter >>> PME.Adapter.RmmAdapter.AdaptResponse()
[9] 2026-03-11 09:12:54,457 DEBUG Exit  <<< PME.Adapter.RmmAdapter.AdaptResponse()
[9] 2026-03-11 09:12:54,457 DEBUG Exit  <<< PME.RpcServerApiWrapper.PmeRpcServerApi.AdaptResponse()
[9] 2026-03-11 09:12:54,457 DEBUG Exit  <<< PME.RpcServerApiWrapper.PmeRpcServerApi.Execute("1", "Pme.Version")
[9] 2026-03-11 09:12:54,506 DEBUG Enter >>> PME.RpcServerApiWrapper.PmeRpcServerApi.Execute("1", "Pme.GetLatestVersion")
[9] 2026-03-11 09:12:54,508 INFO  PME 2.13.13.5640, Request Handler Agent 2.13.11.5117, File Cache Service Agent 2.13.11.5117, WUA 1451.2601.23012.0
[9] 2026-03-11 09:12:54,515 DEBUG Enter >>> PME.RpcServerApiWrapper.PmeRpcServerApi.AdaptResponse()
[9] 2026-03-11 09:12:54,515 DEBUG Adapter.AdaptResponse => using default Adapter. Params: 0
[9] 2026-03-11 09:12:54,517 DEBUG Enter >>> PME.Adapter.RmmAdapter.AdaptResponse()
[9] 2026-03-11 09:12:54,519 DEBUG Exit  <<< PME.Adapter.RmmAdapter.AdaptResponse()
[9] 2026-03-11 09:12:54,519 DEBUG Exit  <<< PME.RpcServerApiWrapper.PmeRpcServerApi.AdaptResponse()
[9] 2026-03-11 09:12:54,519 DEBUG Exit  <<< PME.RpcServerApiWrapper.PmeRpcServerApi.Execute("1", "Pme.GetLatestVersion")
[35] 2026-03-11 11:01:18,701 DEBUG Enter >>> PME.RpcServerApiWrapper.PmeRpcServerApi.Execute("1", "Pme.Version")
[35] 2026-03-11 11:01:18,701 INFO  PME 2.13.13.5640, Request Handler Agent 2.13.11.5117, File Cache Service Agent 2.13.11.5117, WUA 1451.2601.23012.0
[35] 2026-03-11 11:01:18,701 DEBUG Enter >>> PME.RpcServerApiWrapper.PmeRpcServerApi.AdaptResponse()
[35] 2026-03-11 11:01:18,710 DEBUG Adapter.AdaptResponse => using default Adapter. Params: 0
[35] 2026-03-11 11:01:18,710 DEBUG Enter >>> PME.Adapter.RmmAdapter.AdaptResponse()
[35] 2026-03-11 11:01:18,710 DEBUG Exit  <<< PME.Adapter.RmmAdapter.AdaptResponse()
[35] 2026-03-11 11:01:18,710 DEBUG Exit  <<< PME.RpcServerApiWrapper.PmeRpcServerApi.AdaptResponse()
[35] 2026-03-11 11:01:18,710 DEBUG Exit  <<< PME.RpcServerApiWrapper.PmeRpcServerApi.Execute("1", "Pme.Version")
[35] 2026-03-11 11:01:18,735 DEBUG Enter >>> PME.RpcServerApiWrapper.PmeRpcServerApi.Execute("1", "Pme.GetLatestVersion")
[35] 2026-03-11 11:01:18,735 INFO  PME 2.13.13.5640, Request Handler Agent 2.13.11.5117, File Cache Service Agent 2.13.11.5117, WUA 1451.2601.23012.0
[35] 2026-03-11 11:01:18,743 DEBUG Enter >>> PME.RpcServerApiWrapper.PmeRpcServerApi.AdaptResponse()
[35] 2026-03-11 11:01:18,743 DEBUG Adapter.AdaptResponse => using default Adapter. Params: 0
[35] 2026-03-11 11:01:18,743 DEBUG Enter >>> PME.Adapter.RmmAdapter.AdaptResponse()
[35] 2026-03-11 11:01:18,743 DEBUG Exit  <<< PME.Adapter.RmmAdapter.AdaptResponse()
[35] 2026-03-11 11:01:18,743 DEBUG Exit  <<< PME.RpcServerApiWrapper.PmeRpcServerApi.AdaptResponse()
[35] 2026-03-11 11:01:18,743 DEBUG Exit  <<< PME.RpcServerApiWrapper.PmeRpcServerApi.Execute("1", "Pme.GetLatestVersion")
[35] 2026-03-11 11:01:18,772 DEBUG Enter >>> PME.RpcServerApiWrapper.PmeRpcServerApi.Execute("1", "Pme.StartScan")
[35] 2026-03-11 11:01:18,772 INFO  PME 2.13.13.5640, Request Handler Agent 2.13.11.5117, File Cache Service Agent 2.13.11.5117, WUA 1451.2601.23012.0
[35] 2026-03-11 11:01:18,772 DEBUG PME.RpcServerApiWrapper.PmeRpcServerApi.StartScan => parameters:
[35] 2026-03-11 11:01:18,772 DEBUG 	outputFileName=C:\PROGRA~2\ADVANC~1\scans\PatchMan_75328750
[35] 2026-03-11 11:01:44,277 INFO  PME.RpcServerApiWrapper.PmeRpcServerApi.Execute => submitting to Perun is not enabled (feature flag check)
[35] 2026-03-11 11:01:44,277 DEBUG Enter >>> PME.RpcServerApiWrapper.PmeRpcServerApi.AdaptResponse()
[35] 2026-03-11 11:01:44,277 DEBUG Adapter.AdaptResponse => using default Adapter. Params: 1
[35] 2026-03-11 11:01:44,277 DEBUG Enter >>> PME.Adapter.RmmAdapter.AdaptResponse()
[35] 2026-03-11 11:01:44,277 DEBUG Enter >>> PME.Adapter.RmmAdapter.GetAdaptedStartScanResponse()
[35] 2026-03-11 11:01:44,277 DEBUG Enter >>> PME.Adapter.RmmAdapter.GetOutputFileNameFromParams()
[35] 2026-03-11 11:01:44,277 DEBUG Exit  <<< PME.Adapter.RmmAdapter.GetOutputFileNameFromParams(), returns "C:\PROGRA~2\ADVANC~1\scans\PatchMan_75328750"
[35] 2026-03-11 11:01:44,277 DEBUG Enter >>> PME.Adapter.RmmAdapter.GetStartScanRmmDataSkeleton()
[35] 2026-03-11 11:01:44,277 DEBUG Enter >>> PME.Adapter.RmmAdapter.GetLocalIpAddress()
[35] 2026-03-11 11:01:44,281 DEBUG Exit  <<< PME.Adapter.RmmAdapter.GetLocalIpAddress(), returns "100.77.168.80"
[35] 2026-03-11 11:01:44,281 DEBUG Exit  <<< PME.Adapter.RmmAdapter.GetStartScanRmmDataSkeleton()
[35] 2026-03-11 11:01:44,282 DEBUG Enter >>> PME.Adapter.RmmAdapter.FillRmmData()
[35] 2026-03-11 11:01:44,282 DEBUG Enter >>> PME.Adapter.RmmAdapter.CreateListOfHotfixesAndMissingHotfixes()
[35] 2026-03-11 11:01:44,282 DEBUG Exit  <<< PME.Adapter.RmmAdapter.CreateListOfHotfixesAndMissingHotfixes()
[35] 2026-03-11 11:01:44,282 DEBUG Enter >>> PME.Adapter.RmmAdapter.GetProducts()
[35] 2026-03-11 11:01:44,282 DEBUG Exit  <<< PME.Adapter.RmmAdapter.GetProducts()
[35] 2026-03-11 11:01:44,282 DEBUG Enter >>> PME.Adapter.RmmAdapter.GetProducts()
[35] 2026-03-11 11:01:44,282 DEBUG Exit  <<< PME.Adapter.RmmAdapter.GetProducts()
[35] 2026-03-11 11:01:44,282 DEBUG Exit  <<< PME.Adapter.RmmAdapter.FillRmmData()
[35] 2026-03-11 11:01:44,282 OFF   GetAdaptedStartScanResponse => Scan result numbers: 5 installed patches, 3 missing patches
[35] 2026-03-11 11:01:44,282 DEBUG Enter >>> PME.Adapter.RmmAdapter.SaveXmlFile(outputFileName = "C:\PROGRA~2\ADVANC~1\scans\PatchMan_75328750")
[35] 2026-03-11 11:01:44,282 DEBUG Exit  <<< PME.Adapter.RmmAdapter.SaveXmlFile(outputFileName = "C:\PROGRA~2\ADVANC~1\scans\PatchMan_75328750")
[35] 2026-03-11 11:01:44,282 DEBUG Enter >>> PME.Adapter.RmmAdapter.SaveJsonFile(outputFileName = "C:\PROGRA~2\ADVANC~1\scans\PatchMan_75328750.json")
[35] 2026-03-11 11:01:44,297 DEBUG Exit  <<< PME.Adapter.RmmAdapter.SaveJsonFile(outputFileName = "C:\PROGRA~2\ADVANC~1\scans\PatchMan_75328750.json")
[35] 2026-03-11 11:01:44,303 DEBUG Exit  <<< PME.Adapter.RmmAdapter.GetAdaptedStartScanResponse()
[35] 2026-03-11 11:01:44,303 DEBUG Exit  <<< PME.Adapter.RmmAdapter.AdaptResponse()
[35] 2026-03-11 11:01:44,303 DEBUG Exit  <<< PME.RpcServerApiWrapper.PmeRpcServerApi.AdaptResponse()
[35] 2026-03-11 11:01:44,303 DEBUG Exit  <<< PME.RpcServerApiWrapper.PmeRpcServerApi.Execute("1", "Pme.StartScan")
[71] 2026-03-12 09:42:30,448 DEBUG Enter >>> PME.RpcServerApiWrapper.PmeRpcServerApi.Execute("1", "Pme.Version")
[71] 2026-03-12 09:42:30,454 INFO  PME 2.13.13.5640, Request Handler Agent 2.13.11.5117, File Cache Service Agent 2.13.11.5117, WUA 1451.2601.23012.0
[71] 2026-03-12 09:42:30,473 DEBUG Enter >>> PME.RpcServerApiWrapper.PmeRpcServerApi.AdaptResponse()
[71] 2026-03-12 09:42:30,476 DEBUG Adapter.AdaptResponse => using default Adapter. Params: 0
[71] 2026-03-12 09:42:30,476 DEBUG Enter >>> PME.Adapter.RmmAdapter.AdaptResponse()
[71] 2026-03-12 09:42:30,476 DEBUG Exit  <<< PME.Adapter.RmmAdapter.AdaptResponse()
[71] 2026-03-12 09:42:30,476 DEBUG Exit  <<< PME.RpcServerApiWrapper.PmeRpcServerApi.AdaptResponse()
[71] 2026-03-12 09:42:30,476 DEBUG Exit  <<< PME.RpcServerApiWrapper.PmeRpcServerApi.Execute("1", "Pme.Version")
[71] 2026-03-12 09:42:30,503 DEBUG Enter >>> PME.RpcServerApiWrapper.PmeRpcServerApi.Execute("1", "Pme.GetLatestVersion")
[71] 2026-03-12 09:42:30,503 INFO  PME 2.13.13.5640, Request Handler Agent 2.13.11.5117, File Cache Service Agent 2.13.11.5117, WUA 1451.2601.23012.0
[71] 2026-03-12 09:42:30,530 DEBUG Enter >>> PME.RpcServerApiWrapper.PmeRpcServerApi.AdaptResponse()
[71] 2026-03-12 09:42:30,530 DEBUG Adapter.AdaptResponse => using default Adapter. Params: 0
[71] 2026-03-12 09:42:30,530 DEBUG Enter >>> PME.Adapter.RmmAdapter.AdaptResponse()
[71] 2026-03-12 09:42:30,530 DEBUG Exit  <<< PME.Adapter.RmmAdapter.AdaptResponse()
[71] 2026-03-12 09:42:30,530 DEBUG Exit  <<< PME.RpcServerApiWrapper.PmeRpcServerApi.AdaptResponse()
[71] 2026-03-12 09:42:30,530 DEBUG Exit  <<< PME.RpcServerApiWrapper.PmeRpcServerApi.Execute("1", "Pme.GetLatestVersion")
[71] 2026-03-12 09:42:30,763 DEBUG Enter >>> PME.RpcServerApiWrapper.PmeRpcServerApi.Execute("1", "Pme.Install")
[71] 2026-03-12 09:42:30,765 INFO  PME 2.13.13.5640, Request Handler Agent 2.13.11.5117, File Cache Service Agent 2.13.11.5117, WUA 1451.2601.23012.0
[71] 2026-03-12 09:42:30,771 INFO  PME.RpcServerApiWrapper.PmeRpcServerApi.StartActions => Set 'InstallationTimeoutInMinutes' by config file to 180
[71] 2026-03-12 10:08:14,293 DEBUG Enter >>> PME.RpcServerApiWrapper.PmeRpcServerApi.AdaptResponse()
[71] 2026-03-12 10:08:14,293 DEBUG Adapter.AdaptResponse => using default Adapter. Params: 1
[71] 2026-03-12 10:08:14,293 DEBUG Enter >>> PME.Adapter.RmmAdapter.AdaptResponse()
[71] 2026-03-12 10:08:14,293 DEBUG Enter >>> PME.Adapter.RmmAdapter.GetAdaptedStartActionsResult()
[71] 2026-03-12 10:08:14,295 DEBUG Enter >>> PME.Adapter.RmmAdapter.GetOutputFileNameFromParams()
[71] 2026-03-12 10:08:14,295 DEBUG Exit  <<< PME.Adapter.RmmAdapter.GetOutputFileNameFromParams(), returns ""
[71] 2026-03-12 10:08:14,295 DEBUG Enter >>> PME.Adapter.RmmAdapter.GenerateOutputFileName()
[71] 2026-03-12 10:08:14,295 DEBUG Enter >>> PME.Adapter.RmmAdapter.GetOutputFilePath()
[71] 2026-03-12 10:08:14,295 DEBUG Exit  <<< PME.Adapter.RmmAdapter.GetOutputFilePath(), returns "C:\ProgramData\MspPlatform\PME\data"
[71] 2026-03-12 10:08:14,295 DEBUG Exit  <<< PME.Adapter.RmmAdapter.GenerateOutputFileName(), returns "C:\ProgramData\MspPlatform\PME\data\Pme.Install_20260312100814_1.xml"
[71] 2026-03-12 10:08:14,297 DEBUG Enter >>> PME.Adapter.RmmAdapter.GetStartActionRmmDataSkeleton()
[71] 2026-03-12 10:08:14,297 DEBUG Exit  <<< PME.Adapter.RmmAdapter.GetStartActionRmmDataSkeleton()
[71] 2026-03-12 10:08:14,297 DEBUG Enter >>> PME.Adapter.RmmAdapter.SaveXmlFile(outputFileName = "C:\ProgramData\MspPlatform\PME\data\Pme.Install_20260312100814_1.xml")
[71] 2026-03-12 10:08:14,297 DEBUG Exit  <<< PME.Adapter.RmmAdapter.SaveXmlFile(outputFileName = "C:\ProgramData\MspPlatform\PME\data\Pme.Install_20260312100814_1.xml")
[71] 2026-03-12 10:08:14,297 DEBUG Exit  <<< PME.Adapter.RmmAdapter.GetAdaptedStartActionsResult()
[71] 2026-03-12 10:08:14,297 DEBUG Exit  <<< PME.Adapter.RmmAdapter.AdaptResponse()
[71] 2026-03-12 10:08:14,297 DEBUG Exit  <<< PME.RpcServerApiWrapper.PmeRpcServerApi.AdaptResponse()
[71] 2026-03-12 10:08:14,297 DEBUG Exit  <<< PME.RpcServerApiWrapper.PmeRpcServerApi.Execute("1", "Pme.Install")
[71] 2026-03-12 10:08:21,688 DEBUG Enter >>> PME.RpcServerApiWrapper.PmeRpcServerApi.Execute("1", "Pme.Version")
[71] 2026-03-12 10:08:21,699 INFO  PME 2.13.13.5640, Request Handler Agent 2.13.11.5117, File Cache Service Agent 2.13.11.5117, WUA 1451.2601.23012.0
[71] 2026-03-12 10:08:21,704 DEBUG Enter >>> PME.RpcServerApiWrapper.PmeRpcServerApi.AdaptResponse()
[71] 2026-03-12 10:08:21,704 DEBUG Adapter.AdaptResponse => using default Adapter. Params: 0
[71] 2026-03-12 10:08:21,704 DEBUG Enter >>> PME.Adapter.RmmAdapter.AdaptResponse()
[71] 2026-03-12 10:08:21,704 DEBUG Exit  <<< PME.Adapter.RmmAdapter.AdaptResponse()
[71] 2026-03-12 10:08:21,704 DEBUG Exit  <<< PME.RpcServerApiWrapper.PmeRpcServerApi.AdaptResponse()
[71] 2026-03-12 10:08:21,704 DEBUG Exit  <<< PME.RpcServerApiWrapper.PmeRpcServerApi.Execute("1", "Pme.Version")
[71] 2026-03-12 10:08:21,730 DEBUG Enter >>> PME.RpcServerApiWrapper.PmeRpcServerApi.Execute("1", "Pme.GetLatestVersion")
[71] 2026-03-12 10:08:21,730 INFO  PME 2.13.13.5640, Request Handler Agent 2.13.11.5117, File Cache Service Agent 2.13.11.5117, WUA 1451.2601.23012.0
[71] 2026-03-12 10:08:21,740 DEBUG Enter >>> PME.RpcServerApiWrapper.PmeRpcServerApi.AdaptResponse()
[71] 2026-03-12 10:08:21,740 DEBUG Adapter.AdaptResponse => using default Adapter. Params: 0
[71] 2026-03-12 10:08:21,740 DEBUG Enter >>> PME.Adapter.RmmAdapter.AdaptResponse()
[71] 2026-03-12 10:08:21,740 DEBUG Exit  <<< PME.Adapter.RmmAdapter.AdaptResponse()
[71] 2026-03-12 10:08:21,740 DEBUG Exit  <<< PME.RpcServerApiWrapper.PmeRpcServerApi.AdaptResponse()
[71] 2026-03-12 10:08:21,740 DEBUG Exit  <<< PME.RpcServerApiWrapper.PmeRpcServerApi.Execute("1", "Pme.GetLatestVersion")
[71] 2026-03-12 10:08:21,770 DEBUG Enter >>> PME.RpcServerApiWrapper.PmeRpcServerApi.Execute("1", "Pme.StartScan")
[71] 2026-03-12 10:08:21,772 INFO  PME 2.13.13.5640, Request Handler Agent 2.13.11.5117, File Cache Service Agent 2.13.11.5117, WUA 1451.2601.23012.0
[71] 2026-03-12 10:08:21,774 DEBUG PME.RpcServerApiWrapper.PmeRpcServerApi.StartScan => parameters:
[71] 2026-03-12 10:08:21,774 DEBUG 	outputFileName=C:\PROGRA~2\ADVANC~1\scans\PatchMan_158554062
[71] 2026-03-12 10:10:11,120 INFO  PME.RpcServerApiWrapper.PmeRpcServerApi.Execute => submitting to Perun is not enabled (feature flag check)
[71] 2026-03-12 10:10:11,120 DEBUG Enter >>> PME.RpcServerApiWrapper.PmeRpcServerApi.AdaptResponse()
[71] 2026-03-12 10:10:11,120 DEBUG Adapter.AdaptResponse => using default Adapter. Params: 1
[71] 2026-03-12 10:10:11,120 DEBUG Enter >>> PME.Adapter.RmmAdapter.AdaptResponse()
[71] 2026-03-12 10:10:11,120 DEBUG Enter >>> PME.Adapter.RmmAdapter.GetAdaptedStartScanResponse()
[71] 2026-03-12 10:10:11,120 DEBUG Enter >>> PME.Adapter.RmmAdapter.GetOutputFileNameFromParams()
[71] 2026-03-12 10:10:11,120 DEBUG Exit  <<< PME.Adapter.RmmAdapter.GetOutputFileNameFromParams(), returns "C:\PROGRA~2\ADVANC~1\scans\PatchMan_158554062"
[71] 2026-03-12 10:10:11,120 DEBUG Enter >>> PME.Adapter.RmmAdapter.GetStartScanRmmDataSkeleton()
[71] 2026-03-12 10:10:11,127 DEBUG Enter >>> PME.Adapter.RmmAdapter.GetLocalIpAddress()
[71] 2026-03-12 10:10:11,128 DEBUG Exit  <<< PME.Adapter.RmmAdapter.GetLocalIpAddress(), returns "100.77.168.80"
[71] 2026-03-12 10:10:11,128 DEBUG Exit  <<< PME.Adapter.RmmAdapter.GetStartScanRmmDataSkeleton()
[71] 2026-03-12 10:10:11,129 DEBUG Enter >>> PME.Adapter.RmmAdapter.FillRmmData()
[71] 2026-03-12 10:10:11,129 DEBUG Enter >>> PME.Adapter.RmmAdapter.CreateListOfHotfixesAndMissingHotfixes()
[71] 2026-03-12 10:10:11,129 DEBUG Exit  <<< PME.Adapter.RmmAdapter.CreateListOfHotfixesAndMissingHotfixes()
[71] 2026-03-12 10:10:11,129 DEBUG Enter >>> PME.Adapter.RmmAdapter.GetProducts()
[71] 2026-03-12 10:10:11,139 DEBUG Exit  <<< PME.Adapter.RmmAdapter.GetProducts()
[71] 2026-03-12 10:10:11,139 DEBUG Enter >>> PME.Adapter.RmmAdapter.GetProducts()
[71] 2026-03-12 10:10:11,143 DEBUG Exit  <<< PME.Adapter.RmmAdapter.GetProducts()
[71] 2026-03-12 10:10:11,143 DEBUG Exit  <<< PME.Adapter.RmmAdapter.FillRmmData()
[71] 2026-03-12 10:10:11,144 OFF   GetAdaptedStartScanResponse => Scan result numbers: 11 installed patches, 4 missing patches
[71] 2026-03-12 10:10:11,144 DEBUG Enter >>> PME.Adapter.RmmAdapter.SaveXmlFile(outputFileName = "C:\PROGRA~2\ADVANC~1\scans\PatchMan_158554062")
[71] 2026-03-12 10:10:11,145 DEBUG Exit  <<< PME.Adapter.RmmAdapter.SaveXmlFile(outputFileName = "C:\PROGRA~2\ADVANC~1\scans\PatchMan_158554062")
[71] 2026-03-12 10:10:11,146 DEBUG Enter >>> PME.Adapter.RmmAdapter.SaveJsonFile(outputFileName = "C:\PROGRA~2\ADVANC~1\scans\PatchMan_158554062.json")
[71] 2026-03-12 10:10:11,159 DEBUG Exit  <<< PME.Adapter.RmmAdapter.SaveJsonFile(outputFileName = "C:\PROGRA~2\ADVANC~1\scans\PatchMan_158554062.json")
[71] 2026-03-12 10:10:11,160 DEBUG Exit  <<< PME.Adapter.RmmAdapter.GetAdaptedStartScanResponse()
[71] 2026-03-12 10:10:11,160 DEBUG Exit  <<< PME.Adapter.RmmAdapter.AdaptResponse()
[71] 2026-03-12 10:10:11,160 DEBUG Exit  <<< PME.RpcServerApiWrapper.PmeRpcServerApi.AdaptResponse()
[71] 2026-03-12 10:10:11,160 DEBUG Exit  <<< PME.RpcServerApiWrapper.PmeRpcServerApi.Execute("1", "Pme.StartScan")
[71] 2026-03-12 10:10:22,261 DEBUG Enter >>> PME.RpcServerApiWrapper.PmeRpcServerApi.Execute("1", "Pme.Version")
[71] 2026-03-12 10:10:22,261 INFO  PME 2.13.13.5640, Request Handler Agent 2.13.11.5117, File Cache Service Agent 2.13.11.5117, WUA 1451.2601.23012.0
[71] 2026-03-12 10:10:22,261 DEBUG Enter >>> PME.RpcServerApiWrapper.PmeRpcServerApi.AdaptResponse()
[71] 2026-03-12 10:10:22,261 DEBUG Adapter.AdaptResponse => using default Adapter. Params: 0
[71] 2026-03-12 10:10:22,261 DEBUG Enter >>> PME.Adapter.RmmAdapter.AdaptResponse()
[71] 2026-03-12 10:10:22,261 DEBUG Exit  <<< PME.Adapter.RmmAdapter.AdaptResponse()
[71] 2026-03-12 10:10:22,261 DEBUG Exit  <<< PME.RpcServerApiWrapper.PmeRpcServerApi.AdaptResponse()
[71] 2026-03-12 10:10:22,261 DEBUG Exit  <<< PME.RpcServerApiWrapper.PmeRpcServerApi.Execute("1", "Pme.Version")
[71] 2026-03-12 10:10:22,292 DEBUG Enter >>> PME.RpcServerApiWrapper.PmeRpcServerApi.Execute("1", "Pme.GetLatestVersion")
[71] 2026-03-12 10:10:22,292 INFO  PME 2.13.13.5640, Request Handler Agent 2.13.11.5117, File Cache Service Agent 2.13.11.5117, WUA 1451.2601.23012.0
[71] 2026-03-12 10:10:22,302 DEBUG Enter >>> PME.RpcServerApiWrapper.PmeRpcServerApi.AdaptResponse()
[71] 2026-03-12 10:10:22,302 DEBUG Adapter.AdaptResponse => using default Adapter. Params: 0
[71] 2026-03-12 10:10:22,303 DEBUG Enter >>> PME.Adapter.RmmAdapter.AdaptResponse()
[71] 2026-03-12 10:10:22,303 DEBUG Exit  <<< PME.Adapter.RmmAdapter.AdaptResponse()
[71] 2026-03-12 10:10:22,303 DEBUG Exit  <<< PME.RpcServerApiWrapper.PmeRpcServerApi.AdaptResponse()
[71] 2026-03-12 10:10:22,303 DEBUG Exit  <<< PME.RpcServerApiWrapper.PmeRpcServerApi.Execute("1", "Pme.GetLatestVersion")
[60] 2026-03-12 11:01:02,634 DEBUG Enter >>> PME.RpcServerApiWrapper.PmeRpcServerApi.Execute("1", "Pme.Version")
[60] 2026-03-12 11:01:02,634 INFO  PME 2.13.13.5640, Request Handler Agent 2.13.11.5117, File Cache Service Agent 2.13.11.5117, WUA 1451.2601.23012.0
[60] 2026-03-12 11:01:02,654 DEBUG Enter >>> PME.RpcServerApiWrapper.PmeRpcServerApi.AdaptResponse()
[60] 2026-03-12 11:01:02,654 DEBUG Adapter.AdaptResponse => using default Adapter. Params: 0
[60] 2026-03-12 11:01:02,654 DEBUG Enter >>> PME.Adapter.RmmAdapter.AdaptResponse()
[60] 2026-03-12 11:01:02,654 DEBUG Exit  <<< PME.Adapter.RmmAdapter.AdaptResponse()
[60] 2026-03-12 11:01:02,654 DEBUG Exit  <<< PME.RpcServerApiWrapper.PmeRpcServerApi.AdaptResponse()
[60] 2026-03-12 11:01:02,654 DEBUG Exit  <<< PME.RpcServerApiWrapper.PmeRpcServerApi.Execute("1", "Pme.Version")
[60] 2026-03-12 11:01:02,685 DEBUG Enter >>> PME.RpcServerApiWrapper.PmeRpcServerApi.Execute("1", "Pme.GetLatestVersion")
[60] 2026-03-12 11:01:02,685 INFO  PME 2.13.13.5640, Request Handler Agent 2.13.11.5117, File Cache Service Agent 2.13.11.5117, WUA 1451.2601.23012.0
[60] 2026-03-12 11:01:02,722 DEBUG Enter >>> PME.RpcServerApiWrapper.PmeRpcServerApi.AdaptResponse()
[60] 2026-03-12 11:01:02,722 DEBUG Adapter.AdaptResponse => using default Adapter. Params: 0
[60] 2026-03-12 11:01:02,722 DEBUG Enter >>> PME.Adapter.RmmAdapter.AdaptResponse()
[60] 2026-03-12 11:01:02,722 DEBUG Exit  <<< PME.Adapter.RmmAdapter.AdaptResponse()
[60] 2026-03-12 11:01:02,722 DEBUG Exit  <<< PME.RpcServerApiWrapper.PmeRpcServerApi.AdaptResponse()
[60] 2026-03-12 11:01:02,722 DEBUG Exit  <<< PME.RpcServerApiWrapper.PmeRpcServerApi.Execute("1", "Pme.GetLatestVersion")
[60] 2026-03-12 11:01:02,753 DEBUG Enter >>> PME.RpcServerApiWrapper.PmeRpcServerApi.Execute("1", "Pme.StartScan")
[60] 2026-03-12 11:01:02,755 INFO  PME 2.13.13.5640, Request Handler Agent 2.13.11.5117, File Cache Service Agent 2.13.11.5117, WUA 1451.2601.23012.0
[60] 2026-03-12 11:01:02,757 DEBUG PME.RpcServerApiWrapper.PmeRpcServerApi.StartScan => parameters:
[60] 2026-03-12 11:01:02,757 DEBUG 	outputFileName=C:\PROGRA~2\ADVANC~1\scans\PatchMan_161715046
[60] 2026-03-12 11:01:30,462 INFO  PME.RpcServerApiWrapper.PmeRpcServerApi.Execute => submitting to Perun is not enabled (feature flag check)
[60] 2026-03-12 11:01:30,464 DEBUG Enter >>> PME.RpcServerApiWrapper.PmeRpcServerApi.AdaptResponse()
[60] 2026-03-12 11:01:30,464 DEBUG Adapter.AdaptResponse => using default Adapter. Params: 1
[60] 2026-03-12 11:01:30,464 DEBUG Enter >>> PME.Adapter.RmmAdapter.AdaptResponse()
[60] 2026-03-12 11:01:30,464 DEBUG Enter >>> PME.Adapter.RmmAdapter.GetAdaptedStartScanResponse()
[60] 2026-03-12 11:01:30,464 DEBUG Enter >>> PME.Adapter.RmmAdapter.GetOutputFileNameFromParams()
[60] 2026-03-12 11:01:30,464 DEBUG Exit  <<< PME.Adapter.RmmAdapter.GetOutputFileNameFromParams(), returns "C:\PROGRA~2\ADVANC~1\scans\PatchMan_161715046"
[60] 2026-03-12 11:01:30,464 DEBUG Enter >>> PME.Adapter.RmmAdapter.GetStartScanRmmDataSkeleton()
[60] 2026-03-12 11:01:30,464 DEBUG Enter >>> PME.Adapter.RmmAdapter.GetLocalIpAddress()
[60] 2026-03-12 11:01:30,464 DEBUG Exit  <<< PME.Adapter.RmmAdapter.GetLocalIpAddress(), returns "100.77.168.80"
[60] 2026-03-12 11:01:30,464 DEBUG Exit  <<< PME.Adapter.RmmAdapter.GetStartScanRmmDataSkeleton()
[60] 2026-03-12 11:01:30,464 DEBUG Enter >>> PME.Adapter.RmmAdapter.FillRmmData()
[60] 2026-03-12 11:01:30,464 DEBUG Enter >>> PME.Adapter.RmmAdapter.CreateListOfHotfixesAndMissingHotfixes()
[60] 2026-03-12 11:01:30,464 DEBUG Exit  <<< PME.Adapter.RmmAdapter.CreateListOfHotfixesAndMissingHotfixes()
[60] 2026-03-12 11:01:30,464 DEBUG Enter >>> PME.Adapter.RmmAdapter.GetProducts()
[60] 2026-03-12 11:01:30,484 DEBUG Exit  <<< PME.Adapter.RmmAdapter.GetProducts()
[60] 2026-03-12 11:01:30,484 DEBUG Enter >>> PME.Adapter.RmmAdapter.GetProducts()
[60] 2026-03-12 11:01:30,486 DEBUG Exit  <<< PME.Adapter.RmmAdapter.GetProducts()
[60] 2026-03-12 11:01:30,486 DEBUG Exit  <<< PME.Adapter.RmmAdapter.FillRmmData()
[60] 2026-03-12 11:01:30,486 OFF   GetAdaptedStartScanResponse => Scan result numbers: 12 installed patches, 3 missing patches
[60] 2026-03-12 11:01:30,486 DEBUG Enter >>> PME.Adapter.RmmAdapter.SaveXmlFile(outputFileName = "C:\PROGRA~2\ADVANC~1\scans\PatchMan_161715046")
[60] 2026-03-12 11:01:30,486 DEBUG Exit  <<< PME.Adapter.RmmAdapter.SaveXmlFile(outputFileName = "C:\PROGRA~2\ADVANC~1\scans\PatchMan_161715046")
[60] 2026-03-12 11:01:30,486 DEBUG Enter >>> PME.Adapter.RmmAdapter.SaveJsonFile(outputFileName = "C:\PROGRA~2\ADVANC~1\scans\PatchMan_161715046.json")
[60] 2026-03-12 11:01:30,496 DEBUG Exit  <<< PME.Adapter.RmmAdapter.SaveJsonFile(outputFileName = "C:\PROGRA~2\ADVANC~1\scans\PatchMan_161715046.json")
[60] 2026-03-12 11:01:30,496 DEBUG Exit  <<< PME.Adapter.RmmAdapter.GetAdaptedStartScanResponse()
[60] 2026-03-12 11:01:30,502 DEBUG Exit  <<< PME.Adapter.RmmAdapter.AdaptResponse()
[60] 2026-03-12 11:01:30,502 DEBUG Exit  <<< PME.RpcServerApiWrapper.PmeRpcServerApi.AdaptResponse()
[60] 2026-03-12 11:01:30,502 DEBUG Exit  <<< PME.RpcServerApiWrapper.PmeRpcServerApi.Execute("1", "Pme.StartScan")
[35] 2026-03-15 09:39:46,260 DEBUG Enter >>> PME.RpcServerApiWrapper.PmeRpcServerApi.Execute("1", "Pme.Version")
[35] 2026-03-15 09:39:46,264 INFO  PME 2.13.13.5640, Request Handler Agent 2.13.11.5117, File Cache Service Agent 2.13.11.5117, WUA 1451.2601.23012.0
[35] 2026-03-15 09:39:46,286 DEBUG Enter >>> PME.RpcServerApiWrapper.PmeRpcServerApi.AdaptResponse()
[35] 2026-03-15 09:39:46,286 DEBUG Adapter.AdaptResponse => using default Adapter. Params: 0
[35] 2026-03-15 09:39:46,286 DEBUG Enter >>> PME.Adapter.RmmAdapter.AdaptResponse()
[35] 2026-03-15 09:39:46,286 DEBUG Exit  <<< PME.Adapter.RmmAdapter.AdaptResponse()
[35] 2026-03-15 09:39:46,286 DEBUG Exit  <<< PME.RpcServerApiWrapper.PmeRpcServerApi.AdaptResponse()
[35] 2026-03-15 09:39:46,287 DEBUG Exit  <<< PME.RpcServerApiWrapper.PmeRpcServerApi.Execute("1", "Pme.Version")
[35] 2026-03-15 09:39:46,308 DEBUG Enter >>> PME.RpcServerApiWrapper.PmeRpcServerApi.Execute("1", "Pme.GetLatestVersion")
[35] 2026-03-15 09:39:46,308 INFO  PME 2.13.13.5640, Request Handler Agent 2.13.11.5117, File Cache Service Agent 2.13.11.5117, WUA 1451.2601.23012.0
[35] 2026-03-15 09:39:46,336 DEBUG Enter >>> PME.RpcServerApiWrapper.PmeRpcServerApi.AdaptResponse()
[35] 2026-03-15 09:39:46,336 DEBUG Adapter.AdaptResponse => using default Adapter. Params: 0
[35] 2026-03-15 09:39:46,336 DEBUG Enter >>> PME.Adapter.RmmAdapter.AdaptResponse()
[35] 2026-03-15 09:39:46,336 DEBUG Exit  <<< PME.Adapter.RmmAdapter.AdaptResponse()
[35] 2026-03-15 09:39:46,336 DEBUG Exit  <<< PME.RpcServerApiWrapper.PmeRpcServerApi.AdaptResponse()
[35] 2026-03-15 09:39:46,336 DEBUG Exit  <<< PME.RpcServerApiWrapper.PmeRpcServerApi.Execute("1", "Pme.GetLatestVersion")
[35] 2026-03-15 09:40:03,121 DEBUG Enter >>> PME.RpcServerApiWrapper.PmeRpcServerApi.Execute("1", "Pme.Install")
[35] 2026-03-15 09:40:03,123 INFO  PME 2.13.13.5640, Request Handler Agent 2.13.11.5117, File Cache Service Agent 2.13.11.5117, WUA 1451.2601.23012.0
[35] 2026-03-15 09:40:03,126 INFO  PME.RpcServerApiWrapper.PmeRpcServerApi.StartActions => Set 'InstallationTimeoutInMinutes' by config file to 180
[35] 2026-03-15 09:43:59,126 DEBUG Enter >>> PME.RpcServerApiWrapper.PmeRpcServerApi.AdaptResponse()
[35] 2026-03-15 09:43:59,127 DEBUG Adapter.AdaptResponse => using default Adapter. Params: 1
[35] 2026-03-15 09:43:59,127 DEBUG Enter >>> PME.Adapter.RmmAdapter.AdaptResponse()
[35] 2026-03-15 09:43:59,127 DEBUG Enter >>> PME.Adapter.RmmAdapter.GetAdaptedStartActionsResult()
[35] 2026-03-15 09:43:59,127 DEBUG Enter >>> PME.Adapter.RmmAdapter.GetOutputFileNameFromParams()
[35] 2026-03-15 09:43:59,129 DEBUG Exit  <<< PME.Adapter.RmmAdapter.GetOutputFileNameFromParams(), returns ""
[35] 2026-03-15 09:43:59,129 DEBUG Enter >>> PME.Adapter.RmmAdapter.GenerateOutputFileName()
[35] 2026-03-15 09:43:59,129 DEBUG Enter >>> PME.Adapter.RmmAdapter.GetOutputFilePath()
[35] 2026-03-15 09:43:59,129 DEBUG Exit  <<< PME.Adapter.RmmAdapter.GetOutputFilePath(), returns "C:\ProgramData\MspPlatform\PME\data"
[35] 2026-03-15 09:43:59,130 DEBUG Exit  <<< PME.Adapter.RmmAdapter.GenerateOutputFileName(), returns "C:\ProgramData\MspPlatform\PME\data\Pme.Install_20260315094359_1.xml"
[35] 2026-03-15 09:43:59,130 DEBUG Enter >>> PME.Adapter.RmmAdapter.GetStartActionRmmDataSkeleton()
[35] 2026-03-15 09:43:59,130 DEBUG Exit  <<< PME.Adapter.RmmAdapter.GetStartActionRmmDataSkeleton()
[35] 2026-03-15 09:43:59,131 DEBUG Enter >>> PME.Adapter.RmmAdapter.SaveXmlFile(outputFileName = "C:\ProgramData\MspPlatform\PME\data\Pme.Install_20260315094359_1.xml")
[35] 2026-03-15 09:43:59,133 DEBUG Exit  <<< PME.Adapter.RmmAdapter.SaveXmlFile(outputFileName = "C:\ProgramData\MspPlatform\PME\data\Pme.Install_20260315094359_1.xml")
[35] 2026-03-15 09:43:59,133 DEBUG Exit  <<< PME.Adapter.RmmAdapter.GetAdaptedStartActionsResult()
[35] 2026-03-15 09:43:59,134 DEBUG Exit  <<< PME.Adapter.RmmAdapter.AdaptResponse()
[35] 2026-03-15 09:43:59,134 DEBUG Exit  <<< PME.RpcServerApiWrapper.PmeRpcServerApi.AdaptResponse()
[35] 2026-03-15 09:43:59,134 DEBUG Exit  <<< PME.RpcServerApiWrapper.PmeRpcServerApi.Execute("1", "Pme.Install")
[55] 2026-03-15 09:44:50,803 DEBUG Enter >>> PME.RpcServerApiWrapper.PmeRpcServerApi.Execute("1", "Pme.Version")
[55] 2026-03-15 09:44:50,805 INFO  PME 2.13.13.5640, Request Handler Agent 2.13.11.5117, File Cache Service Agent 2.13.11.5117, WUA 1451.2601.23012.0
[55] 2026-03-15 09:44:50,806 DEBUG Enter >>> PME.RpcServerApiWrapper.PmeRpcServerApi.AdaptResponse()
[55] 2026-03-15 09:44:50,806 DEBUG Adapter.AdaptResponse => using default Adapter. Params: 0
[55] 2026-03-15 09:44:50,807 DEBUG Enter >>> PME.Adapter.RmmAdapter.AdaptResponse()
[55] 2026-03-15 09:44:50,807 DEBUG Exit  <<< PME.Adapter.RmmAdapter.AdaptResponse()
[55] 2026-03-15 09:44:50,807 DEBUG Exit  <<< PME.RpcServerApiWrapper.PmeRpcServerApi.AdaptResponse()
[55] 2026-03-15 09:44:50,807 DEBUG Exit  <<< PME.RpcServerApiWrapper.PmeRpcServerApi.Execute("1", "Pme.Version")
[55] 2026-03-15 09:44:50,832 DEBUG Enter >>> PME.RpcServerApiWrapper.PmeRpcServerApi.Execute("1", "Pme.GetLatestVersion")
[55] 2026-03-15 09:44:50,832 INFO  PME 2.13.13.5640, Request Handler Agent 2.13.11.5117, File Cache Service Agent 2.13.11.5117, WUA 1451.2601.23012.0
[55] 2026-03-15 09:44:50,838 DEBUG Enter >>> PME.RpcServerApiWrapper.PmeRpcServerApi.AdaptResponse()
[55] 2026-03-15 09:44:50,839 DEBUG Adapter.AdaptResponse => using default Adapter. Params: 0
[55] 2026-03-15 09:44:50,839 DEBUG Enter >>> PME.Adapter.RmmAdapter.AdaptResponse()
[55] 2026-03-15 09:44:50,839 DEBUG Exit  <<< PME.Adapter.RmmAdapter.AdaptResponse()
[55] 2026-03-15 09:44:50,839 DEBUG Exit  <<< PME.RpcServerApiWrapper.PmeRpcServerApi.AdaptResponse()
[55] 2026-03-15 09:44:50,839 DEBUG Exit  <<< PME.RpcServerApiWrapper.PmeRpcServerApi.Execute("1", "Pme.GetLatestVersion")
[55] 2026-03-15 09:44:50,870 DEBUG Enter >>> PME.RpcServerApiWrapper.PmeRpcServerApi.Execute("1", "Pme.StartScan")
[55] 2026-03-15 09:44:50,871 INFO  PME 2.13.13.5640, Request Handler Agent 2.13.11.5117, File Cache Service Agent 2.13.11.5117, WUA 1451.2601.23012.0
[55] 2026-03-15 09:44:50,873 DEBUG PME.RpcServerApiWrapper.PmeRpcServerApi.StartScan => parameters:
[55] 2026-03-15 09:44:50,873 DEBUG 	outputFileName=C:\PROGRA~2\ADVANC~1\scans\PatchMan_416345343
[55] 2026-03-15 09:45:32,008 INFO  PME.RpcServerApiWrapper.PmeRpcServerApi.Execute => submitting to Perun is not enabled (feature flag check)
[55] 2026-03-15 09:45:32,009 DEBUG Enter >>> PME.RpcServerApiWrapper.PmeRpcServerApi.AdaptResponse()
[55] 2026-03-15 09:45:32,009 DEBUG Adapter.AdaptResponse => using default Adapter. Params: 1
[55] 2026-03-15 09:45:32,009 DEBUG Enter >>> PME.Adapter.RmmAdapter.AdaptResponse()
[55] 2026-03-15 09:45:32,009 DEBUG Enter >>> PME.Adapter.RmmAdapter.GetAdaptedStartScanResponse()
[55] 2026-03-15 09:45:32,009 DEBUG Enter >>> PME.Adapter.RmmAdapter.GetOutputFileNameFromParams()
[55] 2026-03-15 09:45:32,009 DEBUG Exit  <<< PME.Adapter.RmmAdapter.GetOutputFileNameFromParams(), returns "C:\PROGRA~2\ADVANC~1\scans\PatchMan_416345343"
[55] 2026-03-15 09:45:32,009 DEBUG Enter >>> PME.Adapter.RmmAdapter.GetStartScanRmmDataSkeleton()
[55] 2026-03-15 09:45:32,009 DEBUG Enter >>> PME.Adapter.RmmAdapter.GetLocalIpAddress()
[55] 2026-03-15 09:45:32,012 DEBUG Exit  <<< PME.Adapter.RmmAdapter.GetLocalIpAddress(), returns "100.77.168.80"
[55] 2026-03-15 09:45:32,012 DEBUG Exit  <<< PME.Adapter.RmmAdapter.GetStartScanRmmDataSkeleton()
[55] 2026-03-15 09:45:32,012 DEBUG Enter >>> PME.Adapter.RmmAdapter.FillRmmData()
[55] 2026-03-15 09:45:32,012 DEBUG Enter >>> PME.Adapter.RmmAdapter.CreateListOfHotfixesAndMissingHotfixes()
[55] 2026-03-15 09:45:32,012 DEBUG Exit  <<< PME.Adapter.RmmAdapter.CreateListOfHotfixesAndMissingHotfixes()
[55] 2026-03-15 09:45:32,012 DEBUG Enter >>> PME.Adapter.RmmAdapter.GetProducts()
[55] 2026-03-15 09:45:32,024 DEBUG Exit  <<< PME.Adapter.RmmAdapter.GetProducts()
[55] 2026-03-15 09:45:32,024 DEBUG Enter >>> PME.Adapter.RmmAdapter.GetProducts()
[55] 2026-03-15 09:45:32,026 DEBUG Exit  <<< PME.Adapter.RmmAdapter.GetProducts()
[55] 2026-03-15 09:45:32,026 DEBUG Exit  <<< PME.Adapter.RmmAdapter.FillRmmData()
[55] 2026-03-15 09:45:32,026 OFF   GetAdaptedStartScanResponse => Scan result numbers: 13 installed patches, 2 missing patches
[55] 2026-03-15 09:45:32,027 DEBUG Enter >>> PME.Adapter.RmmAdapter.SaveXmlFile(outputFileName = "C:\PROGRA~2\ADVANC~1\scans\PatchMan_416345343")
[55] 2026-03-15 09:45:32,027 DEBUG Exit  <<< PME.Adapter.RmmAdapter.SaveXmlFile(outputFileName = "C:\PROGRA~2\ADVANC~1\scans\PatchMan_416345343")
[55] 2026-03-15 09:45:32,029 DEBUG Enter >>> PME.Adapter.RmmAdapter.SaveJsonFile(outputFileName = "C:\PROGRA~2\ADVANC~1\scans\PatchMan_416345343.json")
[55] 2026-03-15 09:45:32,062 DEBUG Exit  <<< PME.Adapter.RmmAdapter.SaveJsonFile(outputFileName = "C:\PROGRA~2\ADVANC~1\scans\PatchMan_416345343.json")
[55] 2026-03-15 09:45:32,062 DEBUG Exit  <<< PME.Adapter.RmmAdapter.GetAdaptedStartScanResponse()
[55] 2026-03-15 09:45:32,062 DEBUG Exit  <<< PME.Adapter.RmmAdapter.AdaptResponse()
[55] 2026-03-15 09:45:32,064 DEBUG Exit  <<< PME.RpcServerApiWrapper.PmeRpcServerApi.AdaptResponse()
[55] 2026-03-15 09:45:32,064 DEBUG Exit  <<< PME.RpcServerApiWrapper.PmeRpcServerApi.Execute("1", "Pme.StartScan")
[55] 2026-03-15 09:45:51,045 DEBUG Enter >>> PME.RpcServerApiWrapper.PmeRpcServerApi.Execute("1", "Pme.Version")
[55] 2026-03-15 09:45:51,046 INFO  PME 2.13.13.5640, Request Handler Agent 2.13.11.5117, File Cache Service Agent 2.13.11.5117, WUA 1451.2601.23012.0
[55] 2026-03-15 09:45:51,048 DEBUG Enter >>> PME.RpcServerApiWrapper.PmeRpcServerApi.AdaptResponse()
[55] 2026-03-15 09:45:51,048 DEBUG Adapter.AdaptResponse => using default Adapter. Params: 0
[55] 2026-03-15 09:45:51,048 DEBUG Enter >>> PME.Adapter.RmmAdapter.AdaptResponse()
[55] 2026-03-15 09:45:51,048 DEBUG Exit  <<< PME.Adapter.RmmAdapter.AdaptResponse()
[55] 2026-03-15 09:45:51,049 DEBUG Exit  <<< PME.RpcServerApiWrapper.PmeRpcServerApi.AdaptResponse()
[55] 2026-03-15 09:45:51,049 DEBUG Exit  <<< PME.RpcServerApiWrapper.PmeRpcServerApi.Execute("1", "Pme.Version")
[55] 2026-03-15 09:45:51,079 DEBUG Enter >>> PME.RpcServerApiWrapper.PmeRpcServerApi.Execute("1", "Pme.GetLatestVersion")
[55] 2026-03-15 09:45:51,080 INFO  PME 2.13.13.5640, Request Handler Agent 2.13.11.5117, File Cache Service Agent 2.13.11.5117, WUA 1451.2601.23012.0
[55] 2026-03-15 09:45:51,088 DEBUG Enter >>> PME.RpcServerApiWrapper.PmeRpcServerApi.AdaptResponse()
[55] 2026-03-15 09:45:51,088 DEBUG Adapter.AdaptResponse => using default Adapter. Params: 0
[55] 2026-03-15 09:45:51,089 DEBUG Enter >>> PME.Adapter.RmmAdapter.AdaptResponse()
[55] 2026-03-15 09:45:51,089 DEBUG Exit  <<< PME.Adapter.RmmAdapter.AdaptResponse()
[55] 2026-03-15 09:45:51,089 DEBUG Exit  <<< PME.RpcServerApiWrapper.PmeRpcServerApi.AdaptResponse()
[55] 2026-03-15 09:45:51,089 DEBUG Exit  <<< PME.RpcServerApiWrapper.PmeRpcServerApi.Execute("1", "Pme.GetLatestVersion")
[64] 2026-03-15 11:01:12,983 DEBUG Enter >>> PME.RpcServerApiWrapper.PmeRpcServerApi.Execute("1", "Pme.Version")
[64] 2026-03-15 11:01:12,985 INFO  PME 2.13.13.5640, Request Handler Agent 2.13.11.5117, File Cache Service Agent 2.13.11.5117, WUA 1451.2601.23012.0
[64] 2026-03-15 11:01:12,997 DEBUG Enter >>> PME.RpcServerApiWrapper.PmeRpcServerApi.AdaptResponse()
[64] 2026-03-15 11:01:12,997 DEBUG Adapter.AdaptResponse => using default Adapter. Params: 0
[64] 2026-03-15 11:01:12,997 DEBUG Enter >>> PME.Adapter.RmmAdapter.AdaptResponse()
[64] 2026-03-15 11:01:13,001 DEBUG Exit  <<< PME.Adapter.RmmAdapter.AdaptResponse()
[64] 2026-03-15 11:01:13,001 DEBUG Exit  <<< PME.RpcServerApiWrapper.PmeRpcServerApi.AdaptResponse()
[64] 2026-03-15 11:01:13,001 DEBUG Exit  <<< PME.RpcServerApiWrapper.PmeRpcServerApi.Execute("1", "Pme.Version")
[64] 2026-03-15 11:01:13,024 DEBUG Enter >>> PME.RpcServerApiWrapper.PmeRpcServerApi.Execute("1", "Pme.GetLatestVersion")
[64] 2026-03-15 11:01:13,024 INFO  PME 2.13.13.5640, Request Handler Agent 2.13.11.5117, File Cache Service Agent 2.13.11.5117, WUA 1451.2601.23012.0
[64] 2026-03-15 11:01:13,048 DEBUG Enter >>> PME.RpcServerApiWrapper.PmeRpcServerApi.AdaptResponse()
[64] 2026-03-15 11:01:13,048 DEBUG Adapter.AdaptResponse => using default Adapter. Params: 0
[64] 2026-03-15 11:01:13,048 DEBUG Enter >>> PME.Adapter.RmmAdapter.AdaptResponse()
[64] 2026-03-15 11:01:13,048 DEBUG Exit  <<< PME.Adapter.RmmAdapter.AdaptResponse()
[64] 2026-03-15 11:01:13,048 DEBUG Exit  <<< PME.RpcServerApiWrapper.PmeRpcServerApi.AdaptResponse()
[64] 2026-03-15 11:01:13,048 DEBUG Exit  <<< PME.RpcServerApiWrapper.PmeRpcServerApi.Execute("1", "Pme.GetLatestVersion")
[64] 2026-03-15 11:01:13,071 DEBUG Enter >>> PME.RpcServerApiWrapper.PmeRpcServerApi.Execute("1", "Pme.StartScan")
[64] 2026-03-15 11:01:13,080 INFO  PME 2.13.13.5640, Request Handler Agent 2.13.11.5117, File Cache Service Agent 2.13.11.5117, WUA 1451.2601.23012.0
[64] 2026-03-15 11:01:13,082 DEBUG PME.RpcServerApiWrapper.PmeRpcServerApi.StartScan => parameters:
[64] 2026-03-15 11:01:13,082 DEBUG 	outputFileName=C:\PROGRA~2\ADVANC~1\scans\PatchMan_420927562
[64] 2026-03-15 11:02:31,064 INFO  PME.RpcServerApiWrapper.PmeRpcServerApi.Execute => submitting to Perun is not enabled (feature flag check)
[64] 2026-03-15 11:02:31,064 DEBUG Enter >>> PME.RpcServerApiWrapper.PmeRpcServerApi.AdaptResponse()
[64] 2026-03-15 11:02:31,064 DEBUG Adapter.AdaptResponse => using default Adapter. Params: 1
[64] 2026-03-15 11:02:31,065 DEBUG Enter >>> PME.Adapter.RmmAdapter.AdaptResponse()
[64] 2026-03-15 11:02:31,065 DEBUG Enter >>> PME.Adapter.RmmAdapter.GetAdaptedStartScanResponse()
[64] 2026-03-15 11:02:31,065 DEBUG Enter >>> PME.Adapter.RmmAdapter.GetOutputFileNameFromParams()
[64] 2026-03-15 11:02:31,066 DEBUG Exit  <<< PME.Adapter.RmmAdapter.GetOutputFileNameFromParams(), returns "C:\PROGRA~2\ADVANC~1\scans\PatchMan_420927562"
[64] 2026-03-15 11:02:31,066 DEBUG Enter >>> PME.Adapter.RmmAdapter.GetStartScanRmmDataSkeleton()
[64] 2026-03-15 11:02:31,066 DEBUG Enter >>> PME.Adapter.RmmAdapter.GetLocalIpAddress()
[64] 2026-03-15 11:02:31,067 DEBUG Exit  <<< PME.Adapter.RmmAdapter.GetLocalIpAddress(), returns "100.77.168.80"
[64] 2026-03-15 11:02:31,067 DEBUG Exit  <<< PME.Adapter.RmmAdapter.GetStartScanRmmDataSkeleton()
[64] 2026-03-15 11:02:31,069 DEBUG Enter >>> PME.Adapter.RmmAdapter.FillRmmData()
[64] 2026-03-15 11:02:31,069 DEBUG Enter >>> PME.Adapter.RmmAdapter.CreateListOfHotfixesAndMissingHotfixes()
[64] 2026-03-15 11:02:31,069 DEBUG Exit  <<< PME.Adapter.RmmAdapter.CreateListOfHotfixesAndMissingHotfixes()
[64] 2026-03-15 11:02:31,069 DEBUG Enter >>> PME.Adapter.RmmAdapter.GetProducts()
[64] 2026-03-15 11:02:31,116 DEBUG Exit  <<< PME.Adapter.RmmAdapter.GetProducts()
[64] 2026-03-15 11:02:31,116 DEBUG Enter >>> PME.Adapter.RmmAdapter.GetProducts()
[64] 2026-03-15 11:02:31,129 DEBUG Exit  <<< PME.Adapter.RmmAdapter.GetProducts()
[64] 2026-03-15 11:02:31,129 DEBUG Exit  <<< PME.Adapter.RmmAdapter.FillRmmData()
[64] 2026-03-15 11:02:31,129 OFF   GetAdaptedStartScanResponse => Scan result numbers: 13 installed patches, 2 missing patches
[64] 2026-03-15 11:02:31,129 DEBUG Enter >>> PME.Adapter.RmmAdapter.SaveXmlFile(outputFileName = "C:\PROGRA~2\ADVANC~1\scans\PatchMan_420927562")
[64] 2026-03-15 11:02:31,131 DEBUG Exit  <<< PME.Adapter.RmmAdapter.SaveXmlFile(outputFileName = "C:\PROGRA~2\ADVANC~1\scans\PatchMan_420927562")
[64] 2026-03-15 11:02:31,131 DEBUG Enter >>> PME.Adapter.RmmAdapter.SaveJsonFile(outputFileName = "C:\PROGRA~2\ADVANC~1\scans\PatchMan_420927562.json")
[64] 2026-03-15 11:02:31,148 DEBUG Exit  <<< PME.Adapter.RmmAdapter.SaveJsonFile(outputFileName = "C:\PROGRA~2\ADVANC~1\scans\PatchMan_420927562.json")
[64] 2026-03-15 11:02:31,149 DEBUG Exit  <<< PME.Adapter.RmmAdapter.GetAdaptedStartScanResponse()
[64] 2026-03-15 11:02:31,149 DEBUG Exit  <<< PME.Adapter.RmmAdapter.AdaptResponse()
[64] 2026-03-15 11:02:31,149 DEBUG Exit  <<< PME.RpcServerApiWrapper.PmeRpcServerApi.AdaptResponse()
[64] 2026-03-15 11:02:31,149 DEBUG Exit  <<< PME.RpcServerApiWrapper.PmeRpcServerApi.Execute("1", "Pme.StartScan")
[37] 2026-03-16 09:06:06,176 DEBUG Enter >>> PME.RpcServerApiWrapper.PmeRpcServerApi.Execute("1", "Pme.Version")
[37] 2026-03-16 09:06:06,179 INFO  PME 2.13.13.5640, Request Handler Agent 2.13.11.5117, File Cache Service Agent 2.13.11.5117, WUA 1451.2601.23012.0
[37] 2026-03-16 09:06:06,183 DEBUG Enter >>> PME.RpcServerApiWrapper.PmeRpcServerApi.AdaptResponse()
[37] 2026-03-16 09:06:06,183 DEBUG Adapter.AdaptResponse => using default Adapter. Params: 0
[37] 2026-03-16 09:06:06,184 DEBUG Enter >>> PME.Adapter.RmmAdapter.AdaptResponse()
[37] 2026-03-16 09:06:06,184 DEBUG Exit  <<< PME.Adapter.RmmAdapter.AdaptResponse()
[37] 2026-03-16 09:06:06,184 DEBUG Exit  <<< PME.RpcServerApiWrapper.PmeRpcServerApi.AdaptResponse()
[37] 2026-03-16 09:06:06,184 DEBUG Exit  <<< PME.RpcServerApiWrapper.PmeRpcServerApi.Execute("1", "Pme.Version")
[37] 2026-03-16 09:06:06,214 DEBUG Enter >>> PME.RpcServerApiWrapper.PmeRpcServerApi.Execute("1", "Pme.GetLatestVersion")
[37] 2026-03-16 09:06:06,215 INFO  PME 2.13.13.5640, Request Handler Agent 2.13.11.5117, File Cache Service Agent 2.13.11.5117, WUA 1451.2601.23012.0
[37] 2026-03-16 09:06:06,235 DEBUG Enter >>> PME.RpcServerApiWrapper.PmeRpcServerApi.AdaptResponse()
[37] 2026-03-16 09:06:06,235 DEBUG Adapter.AdaptResponse => using default Adapter. Params: 0
[37] 2026-03-16 09:06:06,236 DEBUG Enter >>> PME.Adapter.RmmAdapter.AdaptResponse()
[37] 2026-03-16 09:06:06,236 DEBUG Exit  <<< PME.Adapter.RmmAdapter.AdaptResponse()
[37] 2026-03-16 09:06:06,236 DEBUG Exit  <<< PME.RpcServerApiWrapper.PmeRpcServerApi.AdaptResponse()
[37] 2026-03-16 09:06:06,236 DEBUG Exit  <<< PME.RpcServerApiWrapper.PmeRpcServerApi.Execute("1", "Pme.GetLatestVersion")
[37] 2026-03-16 09:06:24,663 DEBUG Enter >>> PME.RpcServerApiWrapper.PmeRpcServerApi.Execute("1", "Pme.Install")
[37] 2026-03-16 09:06:24,665 INFO  PME 2.13.13.5640, Request Handler Agent 2.13.11.5117, File Cache Service Agent 2.13.11.5117, WUA 1451.2601.23012.0
[37] 2026-03-16 09:06:24,670 INFO  PME.RpcServerApiWrapper.PmeRpcServerApi.StartActions => Set 'InstallationTimeoutInMinutes' by config file to 180
[37] 2026-03-16 09:06:55,759 DEBUG Enter >>> PME.RpcServerApiWrapper.PmeRpcServerApi.AdaptResponse()
[37] 2026-03-16 09:06:55,759 DEBUG Adapter.AdaptResponse => using default Adapter. Params: 1
[37] 2026-03-16 09:06:55,759 DEBUG Enter >>> PME.Adapter.RmmAdapter.AdaptResponse()
[37] 2026-03-16 09:06:55,759 DEBUG Enter >>> PME.Adapter.RmmAdapter.GetAdaptedStartActionsResult()
[37] 2026-03-16 09:06:55,759 DEBUG Enter >>> PME.Adapter.RmmAdapter.GetOutputFileNameFromParams()
[37] 2026-03-16 09:06:55,760 DEBUG Exit  <<< PME.Adapter.RmmAdapter.GetOutputFileNameFromParams(), returns ""
[37] 2026-03-16 09:06:55,760 DEBUG Enter >>> PME.Adapter.RmmAdapter.GenerateOutputFileName()
[37] 2026-03-16 09:06:55,760 DEBUG Enter >>> PME.Adapter.RmmAdapter.GetOutputFilePath()
[37] 2026-03-16 09:06:55,761 DEBUG Exit  <<< PME.Adapter.RmmAdapter.GetOutputFilePath(), returns "C:\ProgramData\MspPlatform\PME\data"
[37] 2026-03-16 09:06:55,761 DEBUG Exit  <<< PME.Adapter.RmmAdapter.GenerateOutputFileName(), returns "C:\ProgramData\MspPlatform\PME\data\Pme.Install_20260316090655_1.xml"
[37] 2026-03-16 09:06:55,761 DEBUG Enter >>> PME.Adapter.RmmAdapter.GetStartActionRmmDataSkeleton()
[37] 2026-03-16 09:06:55,761 DEBUG Exit  <<< PME.Adapter.RmmAdapter.GetStartActionRmmDataSkeleton()
[37] 2026-03-16 09:06:55,761 DEBUG Enter >>> PME.Adapter.RmmAdapter.SaveXmlFile(outputFileName = "C:\ProgramData\MspPlatform\PME\data\Pme.Install_20260316090655_1.xml")
[37] 2026-03-16 09:06:55,763 DEBUG Exit  <<< PME.Adapter.RmmAdapter.SaveXmlFile(outputFileName = "C:\ProgramData\MspPlatform\PME\data\Pme.Install_20260316090655_1.xml")
[37] 2026-03-16 09:06:55,764 DEBUG Exit  <<< PME.Adapter.RmmAdapter.GetAdaptedStartActionsResult()
[37] 2026-03-16 09:06:55,764 DEBUG Exit  <<< PME.Adapter.RmmAdapter.AdaptResponse()
[37] 2026-03-16 09:06:55,764 DEBUG Exit  <<< PME.RpcServerApiWrapper.PmeRpcServerApi.AdaptResponse()
[37] 2026-03-16 09:06:55,765 DEBUG Exit  <<< PME.RpcServerApiWrapper.PmeRpcServerApi.Execute("1", "Pme.Install")
[37] 2026-03-16 09:07:09,283 DEBUG Enter >>> PME.RpcServerApiWrapper.PmeRpcServerApi.Execute("1", "Pme.Version")
[37] 2026-03-16 09:07:09,285 INFO  PME 2.13.13.5640, Request Handler Agent 2.13.11.5117, File Cache Service Agent 2.13.11.5117, WUA 1451.2601.23012.0
[37] 2026-03-16 09:07:09,286 DEBUG Enter >>> PME.RpcServerApiWrapper.PmeRpcServerApi.AdaptResponse()
[37] 2026-03-16 09:07:09,286 DEBUG Adapter.AdaptResponse => using default Adapter. Params: 0
[37] 2026-03-16 09:07:09,287 DEBUG Enter >>> PME.Adapter.RmmAdapter.AdaptResponse()
[37] 2026-03-16 09:07:09,287 DEBUG Exit  <<< PME.Adapter.RmmAdapter.AdaptResponse()
[37] 2026-03-16 09:07:09,287 DEBUG Exit  <<< PME.RpcServerApiWrapper.PmeRpcServerApi.AdaptResponse()
[37] 2026-03-16 09:07:09,287 DEBUG Exit  <<< PME.RpcServerApiWrapper.PmeRpcServerApi.Execute("1", "Pme.Version")
[37] 2026-03-16 09:07:09,313 DEBUG Enter >>> PME.RpcServerApiWrapper.PmeRpcServerApi.Execute("1", "Pme.GetLatestVersion")
[37] 2026-03-16 09:07:09,314 INFO  PME 2.13.13.5640, Request Handler Agent 2.13.11.5117, File Cache Service Agent 2.13.11.5117, WUA 1451.2601.23012.0
[37] 2026-03-16 09:07:09,319 DEBUG Enter >>> PME.RpcServerApiWrapper.PmeRpcServerApi.AdaptResponse()
[37] 2026-03-16 09:07:09,320 DEBUG Adapter.AdaptResponse => using default Adapter. Params: 0
[37] 2026-03-16 09:07:09,320 DEBUG Enter >>> PME.Adapter.RmmAdapter.AdaptResponse()
[37] 2026-03-16 09:07:09,320 DEBUG Exit  <<< PME.Adapter.RmmAdapter.AdaptResponse()
[37] 2026-03-16 09:07:09,320 DEBUG Exit  <<< PME.RpcServerApiWrapper.PmeRpcServerApi.AdaptResponse()
[37] 2026-03-16 09:07:09,320 DEBUG Exit  <<< PME.RpcServerApiWrapper.PmeRpcServerApi.Execute("1", "Pme.GetLatestVersion")
[37] 2026-03-16 09:07:09,346 DEBUG Enter >>> PME.RpcServerApiWrapper.PmeRpcServerApi.Execute("1", "Pme.StartScan")
[37] 2026-03-16 09:07:09,348 INFO  PME 2.13.13.5640, Request Handler Agent 2.13.11.5117, File Cache Service Agent 2.13.11.5117, WUA 1451.2601.23012.0
[37] 2026-03-16 09:07:09,351 DEBUG PME.RpcServerApiWrapper.PmeRpcServerApi.StartScan => parameters:
[37] 2026-03-16 09:07:09,351 DEBUG 	outputFileName=C:\PROGRA~2\ADVANC~1\scans\PatchMan_500485171
[37] 2026-03-16 09:08:31,981 INFO  PME.RpcServerApiWrapper.PmeRpcServerApi.Execute => submitting to Perun is not enabled (feature flag check)
[37] 2026-03-16 09:08:31,981 DEBUG Enter >>> PME.RpcServerApiWrapper.PmeRpcServerApi.AdaptResponse()
[37] 2026-03-16 09:08:31,981 DEBUG Adapter.AdaptResponse => using default Adapter. Params: 1
[37] 2026-03-16 09:08:31,981 DEBUG Enter >>> PME.Adapter.RmmAdapter.AdaptResponse()
[37] 2026-03-16 09:08:31,981 DEBUG Enter >>> PME.Adapter.RmmAdapter.GetAdaptedStartScanResponse()
[37] 2026-03-16 09:08:31,982 DEBUG Enter >>> PME.Adapter.RmmAdapter.GetOutputFileNameFromParams()
[37] 2026-03-16 09:08:31,982 DEBUG Exit  <<< PME.Adapter.RmmAdapter.GetOutputFileNameFromParams(), returns "C:\PROGRA~2\ADVANC~1\scans\PatchMan_500485171"
[37] 2026-03-16 09:08:31,982 DEBUG Enter >>> PME.Adapter.RmmAdapter.GetStartScanRmmDataSkeleton()
[37] 2026-03-16 09:08:31,982 DEBUG Enter >>> PME.Adapter.RmmAdapter.GetLocalIpAddress()
[37] 2026-03-16 09:08:31,983 DEBUG Exit  <<< PME.Adapter.RmmAdapter.GetLocalIpAddress(), returns "100.77.168.80"
[37] 2026-03-16 09:08:31,983 DEBUG Exit  <<< PME.Adapter.RmmAdapter.GetStartScanRmmDataSkeleton()
[37] 2026-03-16 09:08:31,983 DEBUG Enter >>> PME.Adapter.RmmAdapter.FillRmmData()
[37] 2026-03-16 09:08:31,984 DEBUG Enter >>> PME.Adapter.RmmAdapter.CreateListOfHotfixesAndMissingHotfixes()
[37] 2026-03-16 09:08:31,984 DEBUG Exit  <<< PME.Adapter.RmmAdapter.CreateListOfHotfixesAndMissingHotfixes()
[37] 2026-03-16 09:08:31,984 DEBUG Enter >>> PME.Adapter.RmmAdapter.GetProducts()
[37] 2026-03-16 09:08:32,012 DEBUG Exit  <<< PME.Adapter.RmmAdapter.GetProducts()
[37] 2026-03-16 09:08:32,012 DEBUG Enter >>> PME.Adapter.RmmAdapter.GetProducts()
[37] 2026-03-16 09:08:32,013 DEBUG Exit  <<< PME.Adapter.RmmAdapter.GetProducts()
[37] 2026-03-16 09:08:32,013 DEBUG Exit  <<< PME.Adapter.RmmAdapter.FillRmmData()
[37] 2026-03-16 09:08:32,013 OFF   GetAdaptedStartScanResponse => Scan result numbers: 13 installed patches, 2 missing patches
[37] 2026-03-16 09:08:32,014 DEBUG Enter >>> PME.Adapter.RmmAdapter.SaveXmlFile(outputFileName = "C:\PROGRA~2\ADVANC~1\scans\PatchMan_500485171")
[37] 2026-03-16 09:08:32,014 DEBUG Exit  <<< PME.Adapter.RmmAdapter.SaveXmlFile(outputFileName = "C:\PROGRA~2\ADVANC~1\scans\PatchMan_500485171")
[37] 2026-03-16 09:08:32,015 DEBUG Enter >>> PME.Adapter.RmmAdapter.SaveJsonFile(outputFileName = "C:\PROGRA~2\ADVANC~1\scans\PatchMan_500485171.json")
[37] 2026-03-16 09:08:32,029 DEBUG Exit  <<< PME.Adapter.RmmAdapter.SaveJsonFile(outputFileName = "C:\PROGRA~2\ADVANC~1\scans\PatchMan_500485171.json")
[37] 2026-03-16 09:08:32,029 DEBUG Exit  <<< PME.Adapter.RmmAdapter.GetAdaptedStartScanResponse()
[37] 2026-03-16 09:08:32,029 DEBUG Exit  <<< PME.Adapter.RmmAdapter.AdaptResponse()
[37] 2026-03-16 09:08:32,030 DEBUG Exit  <<< PME.RpcServerApiWrapper.PmeRpcServerApi.AdaptResponse()
[37] 2026-03-16 09:08:32,030 DEBUG Exit  <<< PME.RpcServerApiWrapper.PmeRpcServerApi.Execute("1", "Pme.StartScan")
[37] 2026-03-16 09:09:09,869 DEBUG Enter >>> PME.RpcServerApiWrapper.PmeRpcServerApi.Execute("1", "Pme.Version")
[37] 2026-03-16 09:09:09,869 INFO  PME 2.13.13.5640, Request Handler Agent 2.13.11.5117, File Cache Service Agent 2.13.11.5117, WUA 1451.2601.23012.0
[37] 2026-03-16 09:09:09,871 DEBUG Enter >>> PME.RpcServerApiWrapper.PmeRpcServerApi.AdaptResponse()
[37] 2026-03-16 09:09:09,872 DEBUG Adapter.AdaptResponse => using default Adapter. Params: 0
[37] 2026-03-16 09:09:09,872 DEBUG Enter >>> PME.Adapter.RmmAdapter.AdaptResponse()
[37] 2026-03-16 09:09:09,872 DEBUG Exit  <<< PME.Adapter.RmmAdapter.AdaptResponse()
[37] 2026-03-16 09:09:09,873 DEBUG Exit  <<< PME.RpcServerApiWrapper.PmeRpcServerApi.AdaptResponse()
[37] 2026-03-16 09:09:09,873 DEBUG Exit  <<< PME.RpcServerApiWrapper.PmeRpcServerApi.Execute("1", "Pme.Version")
[37] 2026-03-16 09:09:09,901 DEBUG Enter >>> PME.RpcServerApiWrapper.PmeRpcServerApi.Execute("1", "Pme.GetLatestVersion")
[37] 2026-03-16 09:09:09,902 INFO  PME 2.13.13.5640, Request Handler Agent 2.13.11.5117, File Cache Service Agent 2.13.11.5117, WUA 1451.2601.23012.0
[37] 2026-03-16 09:09:09,909 DEBUG Enter >>> PME.RpcServerApiWrapper.PmeRpcServerApi.AdaptResponse()
[37] 2026-03-16 09:09:09,909 DEBUG Adapter.AdaptResponse => using default Adapter. Params: 0
[37] 2026-03-16 09:09:09,909 DEBUG Enter >>> PME.Adapter.RmmAdapter.AdaptResponse()
[37] 2026-03-16 09:09:09,910 DEBUG Exit  <<< PME.Adapter.RmmAdapter.AdaptResponse()
[37] 2026-03-16 09:09:09,910 DEBUG Exit  <<< PME.RpcServerApiWrapper.PmeRpcServerApi.AdaptResponse()
[37] 2026-03-16 09:09:09,910 DEBUG Exit  <<< PME.RpcServerApiWrapper.PmeRpcServerApi.Execute("1", "Pme.GetLatestVersion")
[59] 2026-03-16 11:00:56,785 DEBUG Enter >>> PME.RpcServerApiWrapper.PmeRpcServerApi.Execute("1", "Pme.Version")
[59] 2026-03-16 11:00:56,788 INFO  PME 2.13.13.5640, Request Handler Agent 2.13.11.5117, File Cache Service Agent 2.13.11.5117, WUA 1451.2601.23012.0
[59] 2026-03-16 11:00:56,797 DEBUG Enter >>> PME.RpcServerApiWrapper.PmeRpcServerApi.AdaptResponse()
[59] 2026-03-16 11:00:56,797 DEBUG Adapter.AdaptResponse => using default Adapter. Params: 0
[59] 2026-03-16 11:00:56,797 DEBUG Enter >>> PME.Adapter.RmmAdapter.AdaptResponse()
[59] 2026-03-16 11:00:56,797 DEBUG Exit  <<< PME.Adapter.RmmAdapter.AdaptResponse()
[59] 2026-03-16 11:00:56,797 DEBUG Exit  <<< PME.RpcServerApiWrapper.PmeRpcServerApi.AdaptResponse()
[59] 2026-03-16 11:00:56,798 DEBUG Exit  <<< PME.RpcServerApiWrapper.PmeRpcServerApi.Execute("1", "Pme.Version")
[59] 2026-03-16 11:00:56,828 DEBUG Enter >>> PME.RpcServerApiWrapper.PmeRpcServerApi.Execute("1", "Pme.GetLatestVersion")
[59] 2026-03-16 11:00:56,829 INFO  PME 2.13.13.5640, Request Handler Agent 2.13.11.5117, File Cache Service Agent 2.13.11.5117, WUA 1451.2601.23012.0
[59] 2026-03-16 11:00:56,845 DEBUG Enter >>> PME.RpcServerApiWrapper.PmeRpcServerApi.AdaptResponse()
[59] 2026-03-16 11:00:56,845 DEBUG Adapter.AdaptResponse => using default Adapter. Params: 0
[59] 2026-03-16 11:00:56,845 DEBUG Enter >>> PME.Adapter.RmmAdapter.AdaptResponse()
[59] 2026-03-16 11:00:56,845 DEBUG Exit  <<< PME.Adapter.RmmAdapter.AdaptResponse()
[59] 2026-03-16 11:00:56,846 DEBUG Exit  <<< PME.RpcServerApiWrapper.PmeRpcServerApi.AdaptResponse()
[59] 2026-03-16 11:00:56,846 DEBUG Exit  <<< PME.RpcServerApiWrapper.PmeRpcServerApi.Execute("1", "Pme.GetLatestVersion")
[59] 2026-03-16 11:00:56,876 DEBUG Enter >>> PME.RpcServerApiWrapper.PmeRpcServerApi.Execute("1", "Pme.StartScan")
[59] 2026-03-16 11:00:56,877 INFO  PME 2.13.13.5640, Request Handler Agent 2.13.11.5117, File Cache Service Agent 2.13.11.5117, WUA 1451.2601.23012.0
[59] 2026-03-16 11:00:56,880 DEBUG PME.RpcServerApiWrapper.PmeRpcServerApi.StartScan => parameters:
[59] 2026-03-16 11:00:56,881 DEBUG 	outputFileName=C:\PROGRA~2\ADVANC~1\scans\PatchMan_507312703
[59] 2026-03-16 11:01:39,054 INFO  PME.RpcServerApiWrapper.PmeRpcServerApi.Execute => submitting to Perun is not enabled (feature flag check)
[59] 2026-03-16 11:01:39,054 DEBUG Enter >>> PME.RpcServerApiWrapper.PmeRpcServerApi.AdaptResponse()
[59] 2026-03-16 11:01:39,054 DEBUG Adapter.AdaptResponse => using default Adapter. Params: 1
[59] 2026-03-16 11:01:39,054 DEBUG Enter >>> PME.Adapter.RmmAdapter.AdaptResponse()
[59] 2026-03-16 11:01:39,054 DEBUG Enter >>> PME.Adapter.RmmAdapter.GetAdaptedStartScanResponse()
[59] 2026-03-16 11:01:39,054 DEBUG Enter >>> PME.Adapter.RmmAdapter.GetOutputFileNameFromParams()
[59] 2026-03-16 11:01:39,055 DEBUG Exit  <<< PME.Adapter.RmmAdapter.GetOutputFileNameFromParams(), returns "C:\PROGRA~2\ADVANC~1\scans\PatchMan_507312703"
[59] 2026-03-16 11:01:39,055 DEBUG Enter >>> PME.Adapter.RmmAdapter.GetStartScanRmmDataSkeleton()
[59] 2026-03-16 11:01:39,055 DEBUG Enter >>> PME.Adapter.RmmAdapter.GetLocalIpAddress()
[59] 2026-03-16 11:01:39,056 DEBUG Exit  <<< PME.Adapter.RmmAdapter.GetLocalIpAddress(), returns "100.77.168.80"
[59] 2026-03-16 11:01:39,056 DEBUG Exit  <<< PME.Adapter.RmmAdapter.GetStartScanRmmDataSkeleton()
[59] 2026-03-16 11:01:39,056 DEBUG Enter >>> PME.Adapter.RmmAdapter.FillRmmData()
[59] 2026-03-16 11:01:39,056 DEBUG Enter >>> PME.Adapter.RmmAdapter.CreateListOfHotfixesAndMissingHotfixes()
[59] 2026-03-16 11:01:39,056 DEBUG Exit  <<< PME.Adapter.RmmAdapter.CreateListOfHotfixesAndMissingHotfixes()
[59] 2026-03-16 11:01:39,056 DEBUG Enter >>> PME.Adapter.RmmAdapter.GetProducts()
[59] 2026-03-16 11:01:39,062 DEBUG Exit  <<< PME.Adapter.RmmAdapter.GetProducts()
[59] 2026-03-16 11:01:39,062 DEBUG Enter >>> PME.Adapter.RmmAdapter.GetProducts()
[59] 2026-03-16 11:01:39,063 DEBUG Exit  <<< PME.Adapter.RmmAdapter.GetProducts()
[59] 2026-03-16 11:01:39,063 DEBUG Exit  <<< PME.Adapter.RmmAdapter.FillRmmData()
[59] 2026-03-16 11:01:39,063 OFF   GetAdaptedStartScanResponse => Scan result numbers: 13 installed patches, 2 missing patches
[59] 2026-03-16 11:01:39,063 DEBUG Enter >>> PME.Adapter.RmmAdapter.SaveXmlFile(outputFileName = "C:\PROGRA~2\ADVANC~1\scans\PatchMan_507312703")
[59] 2026-03-16 11:01:39,064 DEBUG Exit  <<< PME.Adapter.RmmAdapter.SaveXmlFile(outputFileName = "C:\PROGRA~2\ADVANC~1\scans\PatchMan_507312703")
[59] 2026-03-16 11:01:39,064 DEBUG Enter >>> PME.Adapter.RmmAdapter.SaveJsonFile(outputFileName = "C:\PROGRA~2\ADVANC~1\scans\PatchMan_507312703.json")
[59] 2026-03-16 11:01:39,071 DEBUG Exit  <<< PME.Adapter.RmmAdapter.SaveJsonFile(outputFileName = "C:\PROGRA~2\ADVANC~1\scans\PatchMan_507312703.json")
[59] 2026-03-16 11:01:39,071 DEBUG Exit  <<< PME.Adapter.RmmAdapter.GetAdaptedStartScanResponse()
[59] 2026-03-16 11:01:39,072 DEBUG Exit  <<< PME.Adapter.RmmAdapter.AdaptResponse()
[59] 2026-03-16 11:01:39,072 DEBUG Exit  <<< PME.RpcServerApiWrapper.PmeRpcServerApi.AdaptResponse()
[59] 2026-03-16 11:01:39,072 DEBUG Exit  <<< PME.RpcServerApiWrapper.PmeRpcServerApi.Execute("1", "Pme.StartScan")
[22] 2026-03-17 04:36:29,702 DEBUG Enter >>> PME.RpcServerApiWrapper.PmeRpcServerApi.Execute("1", "Pme.Version")
[22] 2026-03-17 04:36:29,707 INFO  PME 2.13.13.5640, Request Handler Agent 2.13.11.5117, File Cache Service Agent 2.13.11.5117, WUA 1451.2601.23012.0
[22] 2026-03-17 04:36:29,713 DEBUG Enter >>> PME.RpcServerApiWrapper.PmeRpcServerApi.AdaptResponse()
[22] 2026-03-17 04:36:29,713 DEBUG Adapter.AdaptResponse => using default Adapter. Params: 0
[22] 2026-03-17 04:36:29,714 DEBUG Enter >>> PME.Adapter.RmmAdapter.AdaptResponse()
[22] 2026-03-17 04:36:29,714 DEBUG Exit  <<< PME.Adapter.RmmAdapter.AdaptResponse()
[22] 2026-03-17 04:36:29,715 DEBUG Exit  <<< PME.RpcServerApiWrapper.PmeRpcServerApi.AdaptResponse()
[22] 2026-03-17 04:36:29,716 DEBUG Exit  <<< PME.RpcServerApiWrapper.PmeRpcServerApi.Execute("1", "Pme.Version")
[22] 2026-03-17 04:36:29,800 DEBUG Enter >>> PME.RpcServerApiWrapper.PmeRpcServerApi.Execute("1", "Pme.GetLatestVersion")
[22] 2026-03-17 04:36:29,802 INFO  PME 2.13.13.5640, Request Handler Agent 2.13.11.5117, File Cache Service Agent 2.13.11.5117, WUA 1451.2601.23012.0
[22] 2026-03-17 04:36:29,824 DEBUG Enter >>> PME.RpcServerApiWrapper.PmeRpcServerApi.AdaptResponse()
[22] 2026-03-17 04:36:29,825 DEBUG Adapter.AdaptResponse => using default Adapter. Params: 0
[22] 2026-03-17 04:36:29,825 DEBUG Enter >>> PME.Adapter.RmmAdapter.AdaptResponse()
[22] 2026-03-17 04:36:29,825 DEBUG Exit  <<< PME.Adapter.RmmAdapter.AdaptResponse()
[22] 2026-03-17 04:36:29,825 DEBUG Exit  <<< PME.RpcServerApiWrapper.PmeRpcServerApi.AdaptResponse()
[22] 2026-03-17 04:36:29,826 DEBUG Exit  <<< PME.RpcServerApiWrapper.PmeRpcServerApi.Execute("1", "Pme.GetLatestVersion")
[22] 2026-03-17 09:09:06,800 DEBUG Enter >>> PME.RpcServerApiWrapper.PmeRpcServerApi.Execute("1", "Pme.Version")
[22] 2026-03-17 09:09:06,803 INFO  PME 2.13.13.5640, Request Handler Agent 2.13.11.5117, File Cache Service Agent 2.13.11.5117, WUA 1451.2601.23012.0
[22] 2026-03-17 09:09:06,807 DEBUG Enter >>> PME.RpcServerApiWrapper.PmeRpcServerApi.AdaptResponse()
[22] 2026-03-17 09:09:06,807 DEBUG Adapter.AdaptResponse => using default Adapter. Params: 0
[22] 2026-03-17 09:09:06,808 DEBUG Enter >>> PME.Adapter.RmmAdapter.AdaptResponse()
[22] 2026-03-17 09:09:06,809 DEBUG Exit  <<< PME.Adapter.RmmAdapter.AdaptResponse()
[22] 2026-03-17 09:09:06,809 DEBUG Exit  <<< PME.RpcServerApiWrapper.PmeRpcServerApi.AdaptResponse()
[22] 2026-03-17 09:09:06,810 DEBUG Exit  <<< PME.RpcServerApiWrapper.PmeRpcServerApi.Execute("1", "Pme.Version")
[22] 2026-03-17 09:09:06,889 DEBUG Enter >>> PME.RpcServerApiWrapper.PmeRpcServerApi.Execute("1", "Pme.GetLatestVersion")
[22] 2026-03-17 09:09:06,893 INFO  PME 2.13.13.5640, Request Handler Agent 2.13.11.5117, File Cache Service Agent 2.13.11.5117, WUA 1451.2601.23012.0
[22] 2026-03-17 09:09:06,907 DEBUG Enter >>> PME.RpcServerApiWrapper.PmeRpcServerApi.AdaptResponse()
[22] 2026-03-17 09:09:06,907 DEBUG Adapter.AdaptResponse => using default Adapter. Params: 0
[22] 2026-03-17 09:09:06,907 DEBUG Enter >>> PME.Adapter.RmmAdapter.AdaptResponse()
[22] 2026-03-17 09:09:06,909 DEBUG Exit  <<< PME.Adapter.RmmAdapter.AdaptResponse()
[22] 2026-03-17 09:09:06,909 DEBUG Exit  <<< PME.RpcServerApiWrapper.PmeRpcServerApi.AdaptResponse()
[22] 2026-03-17 09:09:06,910 DEBUG Exit  <<< PME.RpcServerApiWrapper.PmeRpcServerApi.Execute("1", "Pme.GetLatestVersion")
[22] 2026-03-17 09:09:07,373 DEBUG Enter >>> PME.RpcServerApiWrapper.PmeRpcServerApi.Execute("1", "Pme.Install")
[22] 2026-03-17 09:09:07,379 INFO  PME 2.13.13.5640, Request Handler Agent 2.13.11.5117, File Cache Service Agent 2.13.11.5117, WUA 1451.2601.23012.0
[22] 2026-03-17 09:09:07,388 INFO  PME.RpcServerApiWrapper.PmeRpcServerApi.StartActions => Set 'InstallationTimeoutInMinutes' by config file to 180
[22] 2026-03-17 09:10:43,787 DEBUG Enter >>> PME.RpcServerApiWrapper.PmeRpcServerApi.AdaptResponse()
[22] 2026-03-17 09:10:43,787 DEBUG Adapter.AdaptResponse => using default Adapter. Params: 1
[22] 2026-03-17 09:10:43,787 DEBUG Enter >>> PME.Adapter.RmmAdapter.AdaptResponse()
[22] 2026-03-17 09:10:43,788 DEBUG Enter >>> PME.Adapter.RmmAdapter.GetAdaptedStartActionsResult()
[22] 2026-03-17 09:10:43,788 DEBUG Enter >>> PME.Adapter.RmmAdapter.GetOutputFileNameFromParams()
[22] 2026-03-17 09:10:43,788 DEBUG Exit  <<< PME.Adapter.RmmAdapter.GetOutputFileNameFromParams(), returns ""
[22] 2026-03-17 09:10:43,788 DEBUG Enter >>> PME.Adapter.RmmAdapter.GenerateOutputFileName()
[22] 2026-03-17 09:10:43,788 DEBUG Enter >>> PME.Adapter.RmmAdapter.GetOutputFilePath()
[22] 2026-03-17 09:10:43,790 DEBUG Exit  <<< PME.Adapter.RmmAdapter.GetOutputFilePath(), returns "C:\ProgramData\MspPlatform\PME\data"
[22] 2026-03-17 09:10:43,790 DEBUG Exit  <<< PME.Adapter.RmmAdapter.GenerateOutputFileName(), returns "C:\ProgramData\MspPlatform\PME\data\Pme.Install_20260317091043_1.xml"
[22] 2026-03-17 09:10:43,790 DEBUG Enter >>> PME.Adapter.RmmAdapter.GetStartActionRmmDataSkeleton()
[22] 2026-03-17 09:10:43,791 DEBUG Exit  <<< PME.Adapter.RmmAdapter.GetStartActionRmmDataSkeleton()
[22] 2026-03-17 09:10:43,792 DEBUG Enter >>> PME.Adapter.RmmAdapter.SaveXmlFile(outputFileName = "C:\ProgramData\MspPlatform\PME\data\Pme.Install_20260317091043_1.xml")
[22] 2026-03-17 09:10:43,794 DEBUG Exit  <<< PME.Adapter.RmmAdapter.SaveXmlFile(outputFileName = "C:\ProgramData\MspPlatform\PME\data\Pme.Install_20260317091043_1.xml")
[22] 2026-03-17 09:10:43,794 DEBUG Exit  <<< PME.Adapter.RmmAdapter.GetAdaptedStartActionsResult()
[22] 2026-03-17 09:10:43,795 DEBUG Exit  <<< PME.Adapter.RmmAdapter.AdaptResponse()
[22] 2026-03-17 09:10:43,795 DEBUG Exit  <<< PME.RpcServerApiWrapper.PmeRpcServerApi.AdaptResponse()
[22] 2026-03-17 09:10:43,795 DEBUG Exit  <<< PME.RpcServerApiWrapper.PmeRpcServerApi.Execute("1", "Pme.Install")
[22] 2026-03-17 09:11:09,591 DEBUG Enter >>> PME.RpcServerApiWrapper.PmeRpcServerApi.Execute("1", "Pme.Version")
[22] 2026-03-17 09:11:09,594 INFO  PME 2.13.13.5640, Request Handler Agent 2.13.11.5117, File Cache Service Agent 2.13.11.5117, WUA 1451.2601.23012.0
[22] 2026-03-17 09:11:09,600 DEBUG Enter >>> PME.RpcServerApiWrapper.PmeRpcServerApi.AdaptResponse()
[22] 2026-03-17 09:11:09,601 DEBUG Adapter.AdaptResponse => using default Adapter. Params: 0
[22] 2026-03-17 09:11:09,603 DEBUG Enter >>> PME.Adapter.RmmAdapter.AdaptResponse()
[22] 2026-03-17 09:11:09,604 DEBUG Exit  <<< PME.Adapter.RmmAdapter.AdaptResponse()
[22] 2026-03-17 09:11:09,605 DEBUG Exit  <<< PME.RpcServerApiWrapper.PmeRpcServerApi.AdaptResponse()
[22] 2026-03-17 09:11:09,606 DEBUG Exit  <<< PME.RpcServerApiWrapper.PmeRpcServerApi.Execute("1", "Pme.Version")
[22] 2026-03-17 09:11:09,669 DEBUG Enter >>> PME.RpcServerApiWrapper.PmeRpcServerApi.Execute("1", "Pme.GetLatestVersion")
[22] 2026-03-17 09:11:09,672 INFO  PME 2.13.13.5640, Request Handler Agent 2.13.11.5117, File Cache Service Agent 2.13.11.5117, WUA 1451.2601.23012.0
[22] 2026-03-17 09:11:09,690 DEBUG Enter >>> PME.RpcServerApiWrapper.PmeRpcServerApi.AdaptResponse()
[22] 2026-03-17 09:11:09,691 DEBUG Adapter.AdaptResponse => using default Adapter. Params: 0
[22] 2026-03-17 09:11:09,691 DEBUG Enter >>> PME.Adapter.RmmAdapter.AdaptResponse()
[22] 2026-03-17 09:11:09,691 DEBUG Exit  <<< PME.Adapter.RmmAdapter.AdaptResponse()
[22] 2026-03-17 09:11:09,692 DEBUG Exit  <<< PME.RpcServerApiWrapper.PmeRpcServerApi.AdaptResponse()
[22] 2026-03-17 09:11:09,692 DEBUG Exit  <<< PME.RpcServerApiWrapper.PmeRpcServerApi.Execute("1", "Pme.GetLatestVersion")
[22] 2026-03-17 09:11:09,739 DEBUG Enter >>> PME.RpcServerApiWrapper.PmeRpcServerApi.Execute("1", "Pme.StartScan")
[22] 2026-03-17 09:11:09,743 INFO  PME 2.13.13.5640, Request Handler Agent 2.13.11.5117, File Cache Service Agent 2.13.11.5117, WUA 1451.2601.23012.0
[22] 2026-03-17 09:11:09,750 DEBUG PME.RpcServerApiWrapper.PmeRpcServerApi.StartScan => parameters:
[22] 2026-03-17 09:11:09,750 DEBUG 	outputFileName=C:\PROGRA~2\ADVANC~1\scans\PatchMan_587125546
[22] 2026-03-17 09:27:02,873 INFO  PME.RpcServerApiWrapper.PmeRpcServerApi.Execute => submitting to Perun is not enabled (feature flag check)
[22] 2026-03-17 09:27:02,874 DEBUG Enter >>> PME.RpcServerApiWrapper.PmeRpcServerApi.AdaptResponse()
[22] 2026-03-17 09:27:02,874 DEBUG Adapter.AdaptResponse => using default Adapter. Params: 1
[22] 2026-03-17 09:27:02,874 DEBUG Enter >>> PME.Adapter.RmmAdapter.AdaptResponse()
[22] 2026-03-17 09:27:02,875 DEBUG Enter >>> PME.Adapter.RmmAdapter.GetAdaptedStartScanResponse()
[22] 2026-03-17 09:27:02,876 DEBUG Enter >>> PME.Adapter.RmmAdapter.GetOutputFileNameFromParams()
[22] 2026-03-17 09:27:02,876 DEBUG Exit  <<< PME.Adapter.RmmAdapter.GetOutputFileNameFromParams(), returns "C:\PROGRA~2\ADVANC~1\scans\PatchMan_587125546"
[22] 2026-03-17 09:27:02,877 DEBUG Enter >>> PME.Adapter.RmmAdapter.GetStartScanRmmDataSkeleton()
[22] 2026-03-17 09:27:02,878 DEBUG Enter >>> PME.Adapter.RmmAdapter.GetLocalIpAddress()
[22] 2026-03-17 09:27:02,880 DEBUG Exit  <<< PME.Adapter.RmmAdapter.GetLocalIpAddress(), returns "100.77.168.80"
[22] 2026-03-17 09:27:02,880 DEBUG Exit  <<< PME.Adapter.RmmAdapter.GetStartScanRmmDataSkeleton()
[22] 2026-03-17 09:27:02,880 DEBUG Enter >>> PME.Adapter.RmmAdapter.FillRmmData()
[22] 2026-03-17 09:27:02,882 DEBUG Enter >>> PME.Adapter.RmmAdapter.CreateListOfHotfixesAndMissingHotfixes()
[22] 2026-03-17 09:27:02,882 DEBUG Exit  <<< PME.Adapter.RmmAdapter.CreateListOfHotfixesAndMissingHotfixes()
[22] 2026-03-17 09:27:02,883 DEBUG Enter >>> PME.Adapter.RmmAdapter.GetProducts()
[22] 2026-03-17 09:27:02,902 DEBUG Exit  <<< PME.Adapter.RmmAdapter.GetProducts()
[22] 2026-03-17 09:27:02,903 DEBUG Enter >>> PME.Adapter.RmmAdapter.GetProducts()
[22] 2026-03-17 09:27:02,907 DEBUG Exit  <<< PME.Adapter.RmmAdapter.GetProducts()
[22] 2026-03-17 09:27:02,908 DEBUG Exit  <<< PME.Adapter.RmmAdapter.FillRmmData()
[22] 2026-03-17 09:27:02,909 OFF   GetAdaptedStartScanResponse => Scan result numbers: 12 installed patches, 3 missing patches
[22] 2026-03-17 09:27:02,909 DEBUG Enter >>> PME.Adapter.RmmAdapter.SaveXmlFile(outputFileName = "C:\PROGRA~2\ADVANC~1\scans\PatchMan_587125546")
[22] 2026-03-17 09:27:02,911 DEBUG Exit  <<< PME.Adapter.RmmAdapter.SaveXmlFile(outputFileName = "C:\PROGRA~2\ADVANC~1\scans\PatchMan_587125546")
[22] 2026-03-17 09:27:02,912 DEBUG Enter >>> PME.Adapter.RmmAdapter.SaveJsonFile(outputFileName = "C:\PROGRA~2\ADVANC~1\scans\PatchMan_587125546.json")
[22] 2026-03-17 09:27:02,973 DEBUG Exit  <<< PME.Adapter.RmmAdapter.SaveJsonFile(outputFileName = "C:\PROGRA~2\ADVANC~1\scans\PatchMan_587125546.json")
[22] 2026-03-17 09:27:02,973 DEBUG Exit  <<< PME.Adapter.RmmAdapter.GetAdaptedStartScanResponse()
[22] 2026-03-17 09:27:02,974 DEBUG Exit  <<< PME.Adapter.RmmAdapter.AdaptResponse()
[22] 2026-03-17 09:27:02,974 DEBUG Exit  <<< PME.RpcServerApiWrapper.PmeRpcServerApi.AdaptResponse()
[22] 2026-03-17 09:27:02,974 DEBUG Exit  <<< PME.RpcServerApiWrapper.PmeRpcServerApi.Execute("1", "Pme.StartScan")
[72] 2026-03-17 11:03:03,153 DEBUG Enter >>> PME.RpcServerApiWrapper.PmeRpcServerApi.Execute("1", "Pme.Version")
[72] 2026-03-17 11:03:03,155 INFO  PME 2.13.13.5640, Request Handler Agent 2.13.11.5117, File Cache Service Agent 2.13.11.5117, WUA 1451.2601.23012.0
[72] 2026-03-17 11:04:01,479 DEBUG Enter >>> PME.RpcServerApiWrapper.PmeRpcServerApi.AdaptResponse()
[72] 2026-03-17 11:04:01,939 DEBUG Adapter.AdaptResponse => using default Adapter. Params: 0
[72] 2026-03-17 11:04:01,939 DEBUG Enter >>> PME.Adapter.RmmAdapter.AdaptResponse()
[72] 2026-03-17 11:04:01,941 DEBUG Exit  <<< PME.Adapter.RmmAdapter.AdaptResponse()
[72] 2026-03-17 11:04:01,941 DEBUG Exit  <<< PME.RpcServerApiWrapper.PmeRpcServerApi.AdaptResponse()
[72] 2026-03-17 11:04:01,942 DEBUG Exit  <<< PME.RpcServerApiWrapper.PmeRpcServerApi.Execute("1", "Pme.Version")
[72] 2026-03-17 11:04:02,051 DEBUG Enter >>> PME.RpcServerApiWrapper.PmeRpcServerApi.Execute("1", "Pme.GetLatestVersion")
[72] 2026-03-17 11:04:02,053 INFO  PME 2.13.13.5640, Request Handler Agent 2.13.11.5117, File Cache Service Agent 2.13.11.5117, WUA 1451.2601.23012.0
[72] 2026-03-17 11:04:02,071 DEBUG Enter >>> PME.RpcServerApiWrapper.PmeRpcServerApi.AdaptResponse()
[72] 2026-03-17 11:04:02,072 DEBUG Adapter.AdaptResponse => using default Adapter. Params: 0
[72] 2026-03-17 11:04:02,073 DEBUG Enter >>> PME.Adapter.RmmAdapter.AdaptResponse()
[72] 2026-03-17 11:04:02,074 DEBUG Exit  <<< PME.Adapter.RmmAdapter.AdaptResponse()
[72] 2026-03-17 11:04:02,075 DEBUG Exit  <<< PME.RpcServerApiWrapper.PmeRpcServerApi.AdaptResponse()
[72] 2026-03-17 11:04:02,076 DEBUG Exit  <<< PME.RpcServerApiWrapper.PmeRpcServerApi.Execute("1", "Pme.GetLatestVersion")
[72] 2026-03-17 11:04:02,162 DEBUG Enter >>> PME.RpcServerApiWrapper.PmeRpcServerApi.Execute("1", "Pme.StartScan")
[72] 2026-03-17 11:04:02,168 INFO  PME 2.13.13.5640, Request Handler Agent 2.13.11.5117, File Cache Service Agent 2.13.11.5117, WUA 1451.2601.23012.0
[72] 2026-03-17 11:04:02,179 DEBUG PME.RpcServerApiWrapper.PmeRpcServerApi.StartScan => parameters:
[72] 2026-03-17 11:04:02,180 DEBUG 	outputFileName=C:\PROGRA~2\ADVANC~1\scans\PatchMan_593897953
[72] 2026-03-17 11:28:35,121 INFO  PME.RpcServerApiWrapper.PmeRpcServerApi.Execute => submitting to Perun is not enabled (feature flag check)
[72] 2026-03-17 11:28:35,122 DEBUG Enter >>> PME.RpcServerApiWrapper.PmeRpcServerApi.AdaptResponse()
[72] 2026-03-17 11:28:35,122 DEBUG Adapter.AdaptResponse => using default Adapter. Params: 1
[72] 2026-03-17 11:28:35,123 DEBUG Enter >>> PME.Adapter.RmmAdapter.AdaptResponse()
[72] 2026-03-17 11:28:35,123 DEBUG Enter >>> PME.Adapter.RmmAdapter.GetAdaptedStartScanResponse()
[72] 2026-03-17 11:28:35,124 DEBUG Enter >>> PME.Adapter.RmmAdapter.GetOutputFileNameFromParams()
[72] 2026-03-17 11:28:35,125 DEBUG Exit  <<< PME.Adapter.RmmAdapter.GetOutputFileNameFromParams(), returns "C:\PROGRA~2\ADVANC~1\scans\PatchMan_593897953"
[72] 2026-03-17 11:28:35,126 DEBUG Enter >>> PME.Adapter.RmmAdapter.GetStartScanRmmDataSkeleton()
[72] 2026-03-17 11:28:35,126 DEBUG Enter >>> PME.Adapter.RmmAdapter.GetLocalIpAddress()
[72] 2026-03-17 11:28:35,128 DEBUG Exit  <<< PME.Adapter.RmmAdapter.GetLocalIpAddress(), returns "100.77.168.80"
[72] 2026-03-17 11:28:35,129 DEBUG Exit  <<< PME.Adapter.RmmAdapter.GetStartScanRmmDataSkeleton()
[72] 2026-03-17 11:28:35,129 DEBUG Enter >>> PME.Adapter.RmmAdapter.FillRmmData()
[72] 2026-03-17 11:28:35,130 DEBUG Enter >>> PME.Adapter.RmmAdapter.CreateListOfHotfixesAndMissingHotfixes()
[72] 2026-03-17 11:28:35,131 DEBUG Exit  <<< PME.Adapter.RmmAdapter.CreateListOfHotfixesAndMissingHotfixes()
[72] 2026-03-17 11:28:35,131 DEBUG Enter >>> PME.Adapter.RmmAdapter.GetProducts()
[72] 2026-03-17 11:28:35,149 DEBUG Exit  <<< PME.Adapter.RmmAdapter.GetProducts()
[72] 2026-03-17 11:28:35,150 DEBUG Enter >>> PME.Adapter.RmmAdapter.GetProducts()
[72] 2026-03-17 11:28:35,155 DEBUG Exit  <<< PME.Adapter.RmmAdapter.GetProducts()
[72] 2026-03-17 11:28:35,155 DEBUG Exit  <<< PME.Adapter.RmmAdapter.FillRmmData()
[72] 2026-03-17 11:28:35,156 OFF   GetAdaptedStartScanResponse => Scan result numbers: 12 installed patches, 3 missing patches
[72] 2026-03-17 11:28:35,156 DEBUG Enter >>> PME.Adapter.RmmAdapter.SaveXmlFile(outputFileName = "C:\PROGRA~2\ADVANC~1\scans\PatchMan_593897953")
[72] 2026-03-17 11:28:35,158 DEBUG Exit  <<< PME.Adapter.RmmAdapter.SaveXmlFile(outputFileName = "C:\PROGRA~2\ADVANC~1\scans\PatchMan_593897953")
[72] 2026-03-17 11:28:35,160 DEBUG Enter >>> PME.Adapter.RmmAdapter.SaveJsonFile(outputFileName = "C:\PROGRA~2\ADVANC~1\scans\PatchMan_593897953.json")
[72] 2026-03-17 11:28:35,196 DEBUG Exit  <<< PME.Adapter.RmmAdapter.SaveJsonFile(outputFileName = "C:\PROGRA~2\ADVANC~1\scans\PatchMan_593897953.json")
[72] 2026-03-17 11:28:35,197 DEBUG Exit  <<< PME.Adapter.RmmAdapter.GetAdaptedStartScanResponse()
[72] 2026-03-17 11:28:35,197 DEBUG Exit  <<< PME.Adapter.RmmAdapter.AdaptResponse()
[72] 2026-03-17 11:28:35,198 DEBUG Exit  <<< PME.RpcServerApiWrapper.PmeRpcServerApi.AdaptResponse()
[72] 2026-03-17 11:28:35,199 DEBUG Exit  <<< PME.RpcServerApiWrapper.PmeRpcServerApi.Execute("1", "Pme.StartScan")
[65] 2026-03-19 09:40:03,886 DEBUG Enter >>> PME.RpcServerApiWrapper.PmeRpcServerApi.Execute("1", "Pme.Version")
[65] 2026-03-19 09:40:03,890 INFO  PME 2.13.13.5640, Request Handler Agent 2.13.11.5117, File Cache Service Agent 2.13.11.5117, WUA 1451.2601.23012.0
[65] 2026-03-19 09:40:03,900 DEBUG Enter >>> PME.RpcServerApiWrapper.PmeRpcServerApi.AdaptResponse()
[65] 2026-03-19 09:40:03,900 DEBUG Adapter.AdaptResponse => using default Adapter. Params: 0
[65] 2026-03-19 09:40:03,900 DEBUG Enter >>> PME.Adapter.RmmAdapter.AdaptResponse()
[65] 2026-03-19 09:40:03,901 DEBUG Exit  <<< PME.Adapter.RmmAdapter.AdaptResponse()
[65] 2026-03-19 09:40:03,901 DEBUG Exit  <<< PME.RpcServerApiWrapper.PmeRpcServerApi.AdaptResponse()
[65] 2026-03-19 09:40:03,902 DEBUG Exit  <<< PME.RpcServerApiWrapper.PmeRpcServerApi.Execute("1", "Pme.Version")
[65] 2026-03-19 09:40:03,935 DEBUG Enter >>> PME.RpcServerApiWrapper.PmeRpcServerApi.Execute("1", "Pme.GetLatestVersion")
[65] 2026-03-19 09:40:03,938 INFO  PME 2.13.13.5640, Request Handler Agent 2.13.11.5117, File Cache Service Agent 2.13.11.5117, WUA 1451.2601.23012.0
[65] 2026-03-19 09:40:03,950 DEBUG Enter >>> PME.RpcServerApiWrapper.PmeRpcServerApi.AdaptResponse()
[65] 2026-03-19 09:40:03,950 DEBUG Adapter.AdaptResponse => using default Adapter. Params: 0
[65] 2026-03-19 09:40:03,950 DEBUG Enter >>> PME.Adapter.RmmAdapter.AdaptResponse()
[65] 2026-03-19 09:40:03,950 DEBUG Exit  <<< PME.Adapter.RmmAdapter.AdaptResponse()
[65] 2026-03-19 09:40:03,951 DEBUG Exit  <<< PME.RpcServerApiWrapper.PmeRpcServerApi.AdaptResponse()
[65] 2026-03-19 09:40:03,951 DEBUG Exit  <<< PME.RpcServerApiWrapper.PmeRpcServerApi.Execute("1", "Pme.GetLatestVersion")
[65] 2026-03-19 09:40:04,216 DEBUG Enter >>> PME.RpcServerApiWrapper.PmeRpcServerApi.Execute("1", "Pme.Install")
[65] 2026-03-19 09:40:04,218 INFO  PME 2.13.13.5640, Request Handler Agent 2.13.11.5117, File Cache Service Agent 2.13.11.5117, WUA 1451.2601.23012.0
[65] 2026-03-19 09:40:04,225 INFO  PME.RpcServerApiWrapper.PmeRpcServerApi.StartActions => Set 'InstallationTimeoutInMinutes' by config file to 180
[65] 2026-03-19 09:41:25,755 DEBUG Enter >>> PME.RpcServerApiWrapper.PmeRpcServerApi.AdaptResponse()
[65] 2026-03-19 09:41:25,755 DEBUG Adapter.AdaptResponse => using default Adapter. Params: 1
[65] 2026-03-19 09:41:25,755 DEBUG Enter >>> PME.Adapter.RmmAdapter.AdaptResponse()
[65] 2026-03-19 09:41:25,757 DEBUG Enter >>> PME.Adapter.RmmAdapter.GetAdaptedStartActionsResult()
[65] 2026-03-19 09:41:25,757 DEBUG Enter >>> PME.Adapter.RmmAdapter.GetOutputFileNameFromParams()
[65] 2026-03-19 09:41:25,757 DEBUG Exit  <<< PME.Adapter.RmmAdapter.GetOutputFileNameFromParams(), returns ""
[65] 2026-03-19 09:41:25,757 DEBUG Enter >>> PME.Adapter.RmmAdapter.GenerateOutputFileName()
[65] 2026-03-19 09:41:25,757 DEBUG Enter >>> PME.Adapter.RmmAdapter.GetOutputFilePath()
[65] 2026-03-19 09:41:25,758 DEBUG Exit  <<< PME.Adapter.RmmAdapter.GetOutputFilePath(), returns "C:\ProgramData\MspPlatform\PME\data"
[65] 2026-03-19 09:41:25,758 DEBUG Exit  <<< PME.Adapter.RmmAdapter.GenerateOutputFileName(), returns "C:\ProgramData\MspPlatform\PME\data\Pme.Install_20260319094125_1.xml"
[65] 2026-03-19 09:41:25,758 DEBUG Enter >>> PME.Adapter.RmmAdapter.GetStartActionRmmDataSkeleton()
[65] 2026-03-19 09:41:25,759 DEBUG Exit  <<< PME.Adapter.RmmAdapter.GetStartActionRmmDataSkeleton()
[65] 2026-03-19 09:41:25,759 DEBUG Enter >>> PME.Adapter.RmmAdapter.SaveXmlFile(outputFileName = "C:\ProgramData\MspPlatform\PME\data\Pme.Install_20260319094125_1.xml")
[65] 2026-03-19 09:41:25,760 DEBUG Exit  <<< PME.Adapter.RmmAdapter.SaveXmlFile(outputFileName = "C:\ProgramData\MspPlatform\PME\data\Pme.Install_20260319094125_1.xml")
[65] 2026-03-19 09:41:25,760 DEBUG Exit  <<< PME.Adapter.RmmAdapter.GetAdaptedStartActionsResult()
[65] 2026-03-19 09:41:25,760 DEBUG Exit  <<< PME.Adapter.RmmAdapter.AdaptResponse()
[65] 2026-03-19 09:41:25,761 DEBUG Exit  <<< PME.RpcServerApiWrapper.PmeRpcServerApi.AdaptResponse()
[65] 2026-03-19 09:41:25,761 DEBUG Exit  <<< PME.RpcServerApiWrapper.PmeRpcServerApi.Execute("1", "Pme.Install")
[65] 2026-03-19 09:42:05,835 DEBUG Enter >>> PME.RpcServerApiWrapper.PmeRpcServerApi.Execute("1", "Pme.Version")
[65] 2026-03-19 09:42:05,838 INFO  PME 2.13.13.5640, Request Handler Agent 2.13.11.5117, File Cache Service Agent 2.13.11.5117, WUA 1451.2601.23012.0
[65] 2026-03-19 09:42:05,841 DEBUG Enter >>> PME.RpcServerApiWrapper.PmeRpcServerApi.AdaptResponse()
[65] 2026-03-19 09:42:05,842 DEBUG Adapter.AdaptResponse => using default Adapter. Params: 0
[65] 2026-03-19 09:42:05,842 DEBUG Enter >>> PME.Adapter.RmmAdapter.AdaptResponse()
[65] 2026-03-19 09:42:05,842 DEBUG Exit  <<< PME.Adapter.RmmAdapter.AdaptResponse()
[65] 2026-03-19 09:42:05,842 DEBUG Exit  <<< PME.RpcServerApiWrapper.PmeRpcServerApi.AdaptResponse()
[65] 2026-03-19 09:42:05,844 DEBUG Exit  <<< PME.RpcServerApiWrapper.PmeRpcServerApi.Execute("1", "Pme.Version")
[65] 2026-03-19 09:42:05,903 DEBUG Enter >>> PME.RpcServerApiWrapper.PmeRpcServerApi.Execute("1", "Pme.GetLatestVersion")
[65] 2026-03-19 09:42:05,906 INFO  PME 2.13.13.5640, Request Handler Agent 2.13.11.5117, File Cache Service Agent 2.13.11.5117, WUA 1451.2601.23012.0
[65] 2026-03-19 09:42:05,923 DEBUG Enter >>> PME.RpcServerApiWrapper.PmeRpcServerApi.AdaptResponse()
[65] 2026-03-19 09:42:05,924 DEBUG Adapter.AdaptResponse => using default Adapter. Params: 0
[65] 2026-03-19 09:42:05,924 DEBUG Enter >>> PME.Adapter.RmmAdapter.AdaptResponse()
[65] 2026-03-19 09:42:05,924 DEBUG Exit  <<< PME.Adapter.RmmAdapter.AdaptResponse()
[65] 2026-03-19 09:42:05,925 DEBUG Exit  <<< PME.RpcServerApiWrapper.PmeRpcServerApi.AdaptResponse()
[65] 2026-03-19 09:42:05,925 DEBUG Exit  <<< PME.RpcServerApiWrapper.PmeRpcServerApi.Execute("1", "Pme.GetLatestVersion")
[65] 2026-03-19 09:42:05,979 DEBUG Enter >>> PME.RpcServerApiWrapper.PmeRpcServerApi.Execute("1", "Pme.StartScan")
[65] 2026-03-19 09:42:05,982 INFO  PME 2.13.13.5640, Request Handler Agent 2.13.11.5117, File Cache Service Agent 2.13.11.5117, WUA 1451.2601.23012.0
[65] 2026-03-19 09:42:05,986 DEBUG PME.RpcServerApiWrapper.PmeRpcServerApi.StartScan => parameters:
[65] 2026-03-19 09:42:05,986 DEBUG 	outputFileName=C:\PROGRA~2\ADVANC~1\scans\PatchMan_761781781
[65] 2026-03-19 09:44:02,351 INFO  PME.RpcServerApiWrapper.PmeRpcServerApi.Execute => submitting to Perun is not enabled (feature flag check)
[65] 2026-03-19 09:44:02,353 DEBUG Enter >>> PME.RpcServerApiWrapper.PmeRpcServerApi.AdaptResponse()
[65] 2026-03-19 09:44:02,354 DEBUG Adapter.AdaptResponse => using default Adapter. Params: 1
[65] 2026-03-19 09:44:02,356 DEBUG Enter >>> PME.Adapter.RmmAdapter.AdaptResponse()
[65] 2026-03-19 09:44:02,357 DEBUG Enter >>> PME.Adapter.RmmAdapter.GetAdaptedStartScanResponse()
[65] 2026-03-19 09:44:02,357 DEBUG Enter >>> PME.Adapter.RmmAdapter.GetOutputFileNameFromParams()
[65] 2026-03-19 09:44:02,357 DEBUG Exit  <<< PME.Adapter.RmmAdapter.GetOutputFileNameFromParams(), returns "C:\PROGRA~2\ADVANC~1\scans\PatchMan_761781781"
[65] 2026-03-19 09:44:02,359 DEBUG Enter >>> PME.Adapter.RmmAdapter.GetStartScanRmmDataSkeleton()
[65] 2026-03-19 09:44:02,359 DEBUG Enter >>> PME.Adapter.RmmAdapter.GetLocalIpAddress()
[65] 2026-03-19 09:44:02,361 DEBUG Exit  <<< PME.Adapter.RmmAdapter.GetLocalIpAddress(), returns "100.77.168.80"
[65] 2026-03-19 09:44:02,362 DEBUG Exit  <<< PME.Adapter.RmmAdapter.GetStartScanRmmDataSkeleton()
[65] 2026-03-19 09:44:02,363 DEBUG Enter >>> PME.Adapter.RmmAdapter.FillRmmData()
[65] 2026-03-19 09:44:02,364 DEBUG Enter >>> PME.Adapter.RmmAdapter.CreateListOfHotfixesAndMissingHotfixes()
[65] 2026-03-19 09:44:02,364 DEBUG Exit  <<< PME.Adapter.RmmAdapter.CreateListOfHotfixesAndMissingHotfixes()
[65] 2026-03-19 09:44:02,364 DEBUG Enter >>> PME.Adapter.RmmAdapter.GetProducts()
[65] 2026-03-19 09:44:02,380 DEBUG Exit  <<< PME.Adapter.RmmAdapter.GetProducts()
[65] 2026-03-19 09:44:02,381 DEBUG Enter >>> PME.Adapter.RmmAdapter.GetProducts()
[65] 2026-03-19 09:44:02,384 DEBUG Exit  <<< PME.Adapter.RmmAdapter.GetProducts()
[65] 2026-03-19 09:44:02,384 DEBUG Exit  <<< PME.Adapter.RmmAdapter.FillRmmData()
[65] 2026-03-19 09:44:02,385 OFF   GetAdaptedStartScanResponse => Scan result numbers: 13 installed patches, 3 missing patches
[65] 2026-03-19 09:44:02,385 DEBUG Enter >>> PME.Adapter.RmmAdapter.SaveXmlFile(outputFileName = "C:\PROGRA~2\ADVANC~1\scans\PatchMan_761781781")
[65] 2026-03-19 09:44:02,391 DEBUG Exit  <<< PME.Adapter.RmmAdapter.SaveXmlFile(outputFileName = "C:\PROGRA~2\ADVANC~1\scans\PatchMan_761781781")
[65] 2026-03-19 09:44:02,393 DEBUG Enter >>> PME.Adapter.RmmAdapter.SaveJsonFile(outputFileName = "C:\PROGRA~2\ADVANC~1\scans\PatchMan_761781781.json")
[65] 2026-03-19 09:44:02,433 DEBUG Exit  <<< PME.Adapter.RmmAdapter.SaveJsonFile(outputFileName = "C:\PROGRA~2\ADVANC~1\scans\PatchMan_761781781.json")
[65] 2026-03-19 09:44:02,433 DEBUG Exit  <<< PME.Adapter.RmmAdapter.GetAdaptedStartScanResponse()
[65] 2026-03-19 09:44:02,434 DEBUG Exit  <<< PME.Adapter.RmmAdapter.AdaptResponse()
[65] 2026-03-19 09:44:02,435 DEBUG Exit  <<< PME.RpcServerApiWrapper.PmeRpcServerApi.AdaptResponse()
[65] 2026-03-19 09:44:02,435 DEBUG Exit  <<< PME.RpcServerApiWrapper.PmeRpcServerApi.Execute("1", "Pme.StartScan")
[65] 2026-03-19 09:44:06,572 DEBUG Enter >>> PME.RpcServerApiWrapper.PmeRpcServerApi.Execute("1", "Pme.Version")
[65] 2026-03-19 09:44:06,574 INFO  PME 2.13.13.5640, Request Handler Agent 2.13.11.5117, File Cache Service Agent 2.13.11.5117, WUA 1451.2601.23012.0
[65] 2026-03-19 09:44:06,578 DEBUG Enter >>> PME.RpcServerApiWrapper.PmeRpcServerApi.AdaptResponse()
[65] 2026-03-19 09:44:06,579 DEBUG Adapter.AdaptResponse => using default Adapter. Params: 0
[65] 2026-03-19 09:44:06,580 DEBUG Enter >>> PME.Adapter.RmmAdapter.AdaptResponse()
[65] 2026-03-19 09:44:06,580 DEBUG Exit  <<< PME.Adapter.RmmAdapter.AdaptResponse()
[65] 2026-03-19 09:44:06,581 DEBUG Exit  <<< PME.RpcServerApiWrapper.PmeRpcServerApi.AdaptResponse()
[65] 2026-03-19 09:44:06,581 DEBUG Exit  <<< PME.RpcServerApiWrapper.PmeRpcServerApi.Execute("1", "Pme.Version")
[65] 2026-03-19 09:44:06,657 DEBUG Enter >>> PME.RpcServerApiWrapper.PmeRpcServerApi.Execute("1", "Pme.GetLatestVersion")
[65] 2026-03-19 09:44:06,662 INFO  PME 2.13.13.5640, Request Handler Agent 2.13.11.5117, File Cache Service Agent 2.13.11.5117, WUA 1451.2601.23012.0
[65] 2026-03-19 09:44:06,678 DEBUG Enter >>> PME.RpcServerApiWrapper.PmeRpcServerApi.AdaptResponse()
[65] 2026-03-19 09:44:06,678 DEBUG Adapter.AdaptResponse => using default Adapter. Params: 0
[65] 2026-03-19 09:44:06,679 DEBUG Enter >>> PME.Adapter.RmmAdapter.AdaptResponse()
[65] 2026-03-19 09:44:06,679 DEBUG Exit  <<< PME.Adapter.RmmAdapter.AdaptResponse()
[65] 2026-03-19 09:44:06,679 DEBUG Exit  <<< PME.RpcServerApiWrapper.PmeRpcServerApi.AdaptResponse()
[65] 2026-03-19 09:44:06,679 DEBUG Exit  <<< PME.RpcServerApiWrapper.PmeRpcServerApi.Execute("1", "Pme.GetLatestVersion")
[39] 2026-03-22 15:00:33,402 DEBUG Enter >>> PME.RpcServerApiWrapper.PmeRpcServerApi.Execute("1", "Pme.Version")
[39] 2026-03-22 15:00:33,407 INFO  PME 2.13.13.5640, Request Handler Agent 2.13.11.5117, File Cache Service Agent 2.13.11.5117, WUA 1451.2601.23012.0
[39] 2026-03-22 15:00:33,419 DEBUG Enter >>> PME.RpcServerApiWrapper.PmeRpcServerApi.AdaptResponse()
[39] 2026-03-22 15:00:33,419 DEBUG Adapter.AdaptResponse => using default Adapter. Params: 0
[39] 2026-03-22 15:00:33,419 DEBUG Enter >>> PME.Adapter.RmmAdapter.AdaptResponse()
[39] 2026-03-22 15:00:33,419 DEBUG Exit  <<< PME.Adapter.RmmAdapter.AdaptResponse()
[39] 2026-03-22 15:00:33,419 DEBUG Exit  <<< PME.RpcServerApiWrapper.PmeRpcServerApi.AdaptResponse()
[39] 2026-03-22 15:00:33,420 DEBUG Exit  <<< PME.RpcServerApiWrapper.PmeRpcServerApi.Execute("1", "Pme.Version")
[39] 2026-03-22 15:00:33,453 DEBUG Enter >>> PME.RpcServerApiWrapper.PmeRpcServerApi.Execute("1", "Pme.GetLatestVersion")
[39] 2026-03-22 15:00:33,455 INFO  PME 2.13.13.5640, Request Handler Agent 2.13.11.5117, File Cache Service Agent 2.13.11.5117, WUA 1451.2601.23012.0
[39] 2026-03-22 15:00:33,466 DEBUG Enter >>> PME.RpcServerApiWrapper.PmeRpcServerApi.AdaptResponse()
[39] 2026-03-22 15:00:33,468 DEBUG Adapter.AdaptResponse => using default Adapter. Params: 0
[39] 2026-03-22 15:00:33,468 DEBUG Enter >>> PME.Adapter.RmmAdapter.AdaptResponse()
[39] 2026-03-22 15:00:33,468 DEBUG Exit  <<< PME.Adapter.RmmAdapter.AdaptResponse()
[39] 2026-03-22 15:00:33,469 DEBUG Exit  <<< PME.RpcServerApiWrapper.PmeRpcServerApi.AdaptResponse()
[39] 2026-03-22 15:00:33,469 DEBUG Exit  <<< PME.RpcServerApiWrapper.PmeRpcServerApi.Execute("1", "Pme.GetLatestVersion")
[39] 2026-03-22 15:00:33,498 DEBUG Enter >>> PME.RpcServerApiWrapper.PmeRpcServerApi.Execute("1", "Pme.StartScan")
[39] 2026-03-22 15:00:33,500 INFO  PME 2.13.13.5640, Request Handler Agent 2.13.11.5117, File Cache Service Agent 2.13.11.5117, WUA 1451.2601.23012.0
[39] 2026-03-22 15:00:33,504 DEBUG PME.RpcServerApiWrapper.PmeRpcServerApi.StartScan => parameters:
[39] 2026-03-22 15:00:33,504 DEBUG 	outputFileName=C:\PROGRA~2\ADVANC~1\scans\PatchMan_1040089328
[65] 2026-03-23 15:32:33,698 DEBUG Enter >>> PME.RpcServerApiWrapper.PmeRpcServerApi.Execute("1", "Pme.StopAllScans")
[65] 2026-03-23 15:32:33,700 INFO  PME 2.13.13.5640, Request Handler Agent 2.13.11.5117, File Cache Service Agent 2.13.11.5117, WUA 1451.2601.23012.0
[65] 2026-03-23 15:32:33,710 DEBUG Enter >>> PME.RpcServerApiWrapper.PmeRpcServerApi.AdaptResponse()
[65] 2026-03-23 15:32:33,710 DEBUG Adapter.AdaptResponse => using default Adapter. Params: 0
[65] 2026-03-23 15:32:33,710 DEBUG Enter >>> PME.Adapter.RmmAdapter.AdaptResponse()
[65] 2026-03-23 15:32:33,710 DEBUG Exit  <<< PME.Adapter.RmmAdapter.AdaptResponse()
[65] 2026-03-23 15:32:33,711 DEBUG Exit  <<< PME.RpcServerApiWrapper.PmeRpcServerApi.AdaptResponse()
[65] 2026-03-23 15:32:33,711 DEBUG Exit  <<< PME.RpcServerApiWrapper.PmeRpcServerApi.Execute("1", "Pme.StopAllScans")
[65] 2026-03-23 15:32:33,719 DEBUG Enter >>> PME.RpcServerApiWrapper.PmeRpcServerApi.Execute("1", "Pme.StopAllRemediationActions")
[65] 2026-03-23 15:32:33,720 INFO  PME 2.13.13.5640, Request Handler Agent 2.13.11.5117, File Cache Service Agent 2.13.11.5117, WUA 1451.2601.23012.0
[65] 2026-03-23 15:32:33,721 DEBUG Enter >>> PME.RpcServerApiWrapper.PmeRpcServerApi.AdaptResponse()
[65] 2026-03-23 15:32:33,722 DEBUG Adapter.AdaptResponse => using default Adapter. Params: 0
[65] 2026-03-23 15:32:33,722 DEBUG Enter >>> PME.Adapter.RmmAdapter.AdaptResponse()
[65] 2026-03-23 15:32:33,722 DEBUG Exit  <<< PME.Adapter.RmmAdapter.AdaptResponse()
[65] 2026-03-23 15:32:33,722 DEBUG Exit  <<< PME.RpcServerApiWrapper.PmeRpcServerApi.AdaptResponse()
[65] 2026-03-23 15:32:33,722 DEBUG Exit  <<< PME.RpcServerApiWrapper.PmeRpcServerApi.Execute("1", "Pme.StopAllRemediationActions")
[39] 2026-03-25 09:44:00,991 ERROR Error when processing request 1, method Pme.StartScan
System.OperationCanceledException: The operation was canceled.
   at PME.QueryManager.Program.StartScan(StartScanParameters parameters)
   at PME.RpcServerApiWrapper.PmeRpcServerApi.Execute(JsonRpc20Request request)
[39] 2026-03-25 09:44:00,996 DEBUG Enter >>> PME.RpcServerApiWrapper.PmeRpcServerApi.AdaptResponse()
[39] 2026-03-25 09:44:00,997 DEBUG Adapter.AdaptResponse => using default Adapter. Params: 1
[39] 2026-03-25 09:44:00,998 DEBUG Enter >>> PME.Adapter.RmmAdapter.AdaptResponse()
[39] 2026-03-25 09:44:00,998 DEBUG Enter >>> PME.Adapter.RmmAdapter.GetAdaptedStartScanResponse()
[39] 2026-03-25 09:44:00,999 DEBUG Enter >>> PME.Adapter.RmmAdapter.GetOutputFileNameFromParams()
[39] 2026-03-25 09:44:00,999 DEBUG Exit  <<< PME.Adapter.RmmAdapter.GetOutputFileNameFromParams(), returns "C:\PROGRA~2\ADVANC~1\scans\PatchMan_1040089328"
[39] 2026-03-25 09:44:00,999 DEBUG Enter >>> PME.Adapter.RmmAdapter.GetStartScanRmmDataSkeleton()
[39] 2026-03-25 09:44:00,999 DEBUG Enter >>> PME.Adapter.RmmAdapter.GetLocalIpAddress()
[39] 2026-03-25 09:44:01,000 DEBUG Exit  <<< PME.Adapter.RmmAdapter.GetLocalIpAddress(), returns "169.254.83.107"
[39] 2026-03-25 09:44:01,002 DEBUG Exit  <<< PME.Adapter.RmmAdapter.GetStartScanRmmDataSkeleton()
[39] 2026-03-25 09:44:01,003 DEBUG Enter >>> PME.Adapter.RmmAdapter.ProcessResponseError()
[39] 2026-03-25 09:44:01,004 DEBUG Exit <<< PME.Adapter.RmmAdapter.ProcessResponseError()
[39] 2026-03-25 09:44:01,004 DEBUG Enter >>> PME.Adapter.RmmAdapter.SaveXmlFile(outputFileName = "C:\PROGRA~2\ADVANC~1\scans\PatchMan_1040089328")
[39] 2026-03-25 09:44:01,007 DEBUG Exit  <<< PME.Adapter.RmmAdapter.SaveXmlFile(outputFileName = "C:\PROGRA~2\ADVANC~1\scans\PatchMan_1040089328")
[39] 2026-03-25 09:44:01,007 DEBUG Enter >>> PME.Adapter.RmmAdapter.SaveJsonFile(outputFileName = "C:\PROGRA~2\ADVANC~1\scans\PatchMan_1040089328.json")
[39] 2026-03-25 09:44:01,011 DEBUG Exit  <<< PME.Adapter.RmmAdapter.SaveJsonFile(outputFileName = "C:\PROGRA~2\ADVANC~1\scans\PatchMan_1040089328.json")
[39] 2026-03-25 09:44:01,011 DEBUG Exit  <<< PME.Adapter.RmmAdapter.GetAdaptedStartScanResponse()
[39] 2026-03-25 09:44:01,012 DEBUG Exit  <<< PME.Adapter.RmmAdapter.AdaptResponse()
[39] 2026-03-25 09:44:01,012 DEBUG Exit  <<< PME.RpcServerApiWrapper.PmeRpcServerApi.AdaptResponse()
[39] 2026-03-25 09:44:01,012 DEBUG Exit  <<< PME.RpcServerApiWrapper.PmeRpcServerApi.Execute("1", "Pme.StartScan")
[39] 2026-03-25 09:43:59,459 DEBUG Enter >>> PME.RpcServerApiWrapper.PmeRpcServerApi.Execute("1", "Pme.Version")
[39] 2026-03-25 09:43:59,462 INFO  PME 2.13.13.5640, Request Handler Agent 2.13.11.5117, File Cache Service Agent 2.13.11.5117, WUA 1451.2601.23012.0
[39] 2026-03-25 09:43:59,471 DEBUG Enter >>> PME.RpcServerApiWrapper.PmeRpcServerApi.AdaptResponse()
[39] 2026-03-25 09:43:59,471 DEBUG Adapter.AdaptResponse => using default Adapter. Params: 0
[39] 2026-03-25 09:43:59,472 DEBUG Enter >>> PME.Adapter.RmmAdapter.AdaptResponse()
[39] 2026-03-25 09:43:59,472 DEBUG Exit  <<< PME.Adapter.RmmAdapter.AdaptResponse()
[39] 2026-03-25 09:43:59,472 DEBUG Exit  <<< PME.RpcServerApiWrapper.PmeRpcServerApi.AdaptResponse()
[39] 2026-03-25 09:43:59,472 DEBUG Exit  <<< PME.RpcServerApiWrapper.PmeRpcServerApi.Execute("1", "Pme.Version")
[39] 2026-03-25 09:43:59,506 DEBUG Enter >>> PME.RpcServerApiWrapper.PmeRpcServerApi.Execute("1", "Pme.GetLatestVersion")
[39] 2026-03-25 09:43:59,507 INFO  PME 2.13.13.5640, Request Handler Agent 2.13.11.5117, File Cache Service Agent 2.13.11.5117, WUA 1451.2601.23012.0
[39] 2026-03-25 09:43:59,517 DEBUG Enter >>> PME.RpcServerApiWrapper.PmeRpcServerApi.AdaptResponse()
[39] 2026-03-25 09:43:59,517 DEBUG Adapter.AdaptResponse => using default Adapter. Params: 0
[39] 2026-03-25 09:43:59,517 DEBUG Enter >>> PME.Adapter.RmmAdapter.AdaptResponse()
[39] 2026-03-25 09:43:59,517 DEBUG Exit  <<< PME.Adapter.RmmAdapter.AdaptResponse()
[39] 2026-03-25 09:43:59,518 DEBUG Exit  <<< PME.RpcServerApiWrapper.PmeRpcServerApi.AdaptResponse()
[39] 2026-03-25 09:43:59,518 DEBUG Exit  <<< PME.RpcServerApiWrapper.PmeRpcServerApi.Execute("1", "Pme.GetLatestVersion")
[39] 2026-03-25 09:43:59,551 DEBUG Enter >>> PME.RpcServerApiWrapper.PmeRpcServerApi.Execute("1", "Pme.StartScan")
[39] 2026-03-25 09:43:59,553 INFO  PME 2.13.13.5640, Request Handler Agent 2.13.11.5117, File Cache Service Agent 2.13.11.5117, WUA 1451.2601.23012.0
[39] 2026-03-25 09:43:59,556 DEBUG PME.RpcServerApiWrapper.PmeRpcServerApi.StartScan => parameters:
[39] 2026-03-25 09:43:59,556 DEBUG 	outputFileName=C:\PROGRA~2\ADVANC~1\scans\PatchMan_1280305312
[39] 2026-03-25 09:45:50,870 INFO  PME.RpcServerApiWrapper.PmeRpcServerApi.Execute => submitting to Perun is not enabled (feature flag check)
[39] 2026-03-25 09:45:50,871 DEBUG Enter >>> PME.RpcServerApiWrapper.PmeRpcServerApi.AdaptResponse()
[39] 2026-03-25 09:45:50,871 DEBUG Adapter.AdaptResponse => using default Adapter. Params: 1
[39] 2026-03-25 09:45:50,871 DEBUG Enter >>> PME.Adapter.RmmAdapter.AdaptResponse()
[39] 2026-03-25 09:45:50,872 DEBUG Enter >>> PME.Adapter.RmmAdapter.GetAdaptedStartScanResponse()
[39] 2026-03-25 09:45:50,872 DEBUG Enter >>> PME.Adapter.RmmAdapter.GetOutputFileNameFromParams()
[39] 2026-03-25 09:45:50,872 DEBUG Exit  <<< PME.Adapter.RmmAdapter.GetOutputFileNameFromParams(), returns "C:\PROGRA~2\ADVANC~1\scans\PatchMan_1280305312"
[39] 2026-03-25 09:45:50,872 DEBUG Enter >>> PME.Adapter.RmmAdapter.GetStartScanRmmDataSkeleton()
[39] 2026-03-25 09:45:50,873 DEBUG Enter >>> PME.Adapter.RmmAdapter.GetLocalIpAddress()
[39] 2026-03-25 09:45:50,874 DEBUG Exit  <<< PME.Adapter.RmmAdapter.GetLocalIpAddress(), returns "169.254.83.107"
[39] 2026-03-25 09:45:50,874 DEBUG Exit  <<< PME.Adapter.RmmAdapter.GetStartScanRmmDataSkeleton()
[39] 2026-03-25 09:45:50,874 DEBUG Enter >>> PME.Adapter.RmmAdapter.FillRmmData()
[39] 2026-03-25 09:45:50,874 DEBUG Enter >>> PME.Adapter.RmmAdapter.CreateListOfHotfixesAndMissingHotfixes()
[39] 2026-03-25 09:45:50,875 DEBUG Exit  <<< PME.Adapter.RmmAdapter.CreateListOfHotfixesAndMissingHotfixes()
[39] 2026-03-25 09:45:50,876 DEBUG Enter >>> PME.Adapter.RmmAdapter.GetProducts()
[39] 2026-03-25 09:45:50,918 DEBUG Exit  <<< PME.Adapter.RmmAdapter.GetProducts()
[39] 2026-03-25 09:45:50,918 DEBUG Enter >>> PME.Adapter.RmmAdapter.GetProducts()
[39] 2026-03-25 09:45:50,923 DEBUG Exit  <<< PME.Adapter.RmmAdapter.GetProducts()
[39] 2026-03-25 09:45:50,923 DEBUG Exit  <<< PME.Adapter.RmmAdapter.FillRmmData()
[39] 2026-03-25 09:45:50,923 OFF   GetAdaptedStartScanResponse => Scan result numbers: 12 installed patches, 7 missing patches
[39] 2026-03-25 09:45:50,923 DEBUG Enter >>> PME.Adapter.RmmAdapter.SaveXmlFile(outputFileName = "C:\PROGRA~2\ADVANC~1\scans\PatchMan_1280305312")
[39] 2026-03-25 09:45:50,926 DEBUG Exit  <<< PME.Adapter.RmmAdapter.SaveXmlFile(outputFileName = "C:\PROGRA~2\ADVANC~1\scans\PatchMan_1280305312")
[39] 2026-03-25 09:45:50,926 DEBUG Enter >>> PME.Adapter.RmmAdapter.SaveJsonFile(outputFileName = "C:\PROGRA~2\ADVANC~1\scans\PatchMan_1280305312.json")
[39] 2026-03-25 09:45:50,942 DEBUG Exit  <<< PME.Adapter.RmmAdapter.SaveJsonFile(outputFileName = "C:\PROGRA~2\ADVANC~1\scans\PatchMan_1280305312.json")
[39] 2026-03-25 09:45:50,943 DEBUG Exit  <<< PME.Adapter.RmmAdapter.GetAdaptedStartScanResponse()
[39] 2026-03-25 09:45:50,943 DEBUG Exit  <<< PME.Adapter.RmmAdapter.AdaptResponse()
[39] 2026-03-25 09:45:50,943 DEBUG Exit  <<< PME.RpcServerApiWrapper.PmeRpcServerApi.AdaptResponse()
[39] 2026-03-25 09:45:50,944 DEBUG Exit  <<< PME.RpcServerApiWrapper.PmeRpcServerApi.Execute("1", "Pme.StartScan")
[39] 2026-03-25 09:46:00,298 DEBUG Enter >>> PME.RpcServerApiWrapper.PmeRpcServerApi.Execute("1", "Pme.Version")
[39] 2026-03-25 09:46:00,301 INFO  PME 2.13.13.5640, Request Handler Agent 2.13.11.5117, File Cache Service Agent 2.13.11.5117, WUA 1451.2601.23012.0
[39] 2026-03-25 09:46:00,303 DEBUG Enter >>> PME.RpcServerApiWrapper.PmeRpcServerApi.AdaptResponse()
[39] 2026-03-25 09:46:00,303 DEBUG Adapter.AdaptResponse => using default Adapter. Params: 0
[39] 2026-03-25 09:46:00,303 DEBUG Enter >>> PME.Adapter.RmmAdapter.AdaptResponse()
[39] 2026-03-25 09:46:00,304 DEBUG Exit  <<< PME.Adapter.RmmAdapter.AdaptResponse()
[39] 2026-03-25 09:46:00,304 DEBUG Exit  <<< PME.RpcServerApiWrapper.PmeRpcServerApi.AdaptResponse()
[39] 2026-03-25 09:46:00,305 DEBUG Exit  <<< PME.RpcServerApiWrapper.PmeRpcServerApi.Execute("1", "Pme.Version")
[39] 2026-03-25 09:46:00,367 DEBUG Enter >>> PME.RpcServerApiWrapper.PmeRpcServerApi.Execute("1", "Pme.GetLatestVersion")
[39] 2026-03-25 09:46:00,370 INFO  PME 2.13.13.5640, Request Handler Agent 2.13.11.5117, File Cache Service Agent 2.13.11.5117, WUA 1451.2601.23012.0
[39] 2026-03-25 09:46:00,382 DEBUG Enter >>> PME.RpcServerApiWrapper.PmeRpcServerApi.AdaptResponse()
[39] 2026-03-25 09:46:00,382 DEBUG Adapter.AdaptResponse => using default Adapter. Params: 0
[39] 2026-03-25 09:46:00,382 DEBUG Enter >>> PME.Adapter.RmmAdapter.AdaptResponse()
[39] 2026-03-25 09:46:00,382 DEBUG Exit  <<< PME.Adapter.RmmAdapter.AdaptResponse()
[39] 2026-03-25 09:46:00,384 DEBUG Exit  <<< PME.RpcServerApiWrapper.PmeRpcServerApi.AdaptResponse()
[39] 2026-03-25 09:46:00,384 DEBUG Exit  <<< PME.RpcServerApiWrapper.PmeRpcServerApi.Execute("1", "Pme.GetLatestVersion")
[39] 2026-03-25 09:46:00,645 DEBUG Enter >>> PME.RpcServerApiWrapper.PmeRpcServerApi.Execute("1", "Pme.Install")
[39] 2026-03-25 09:46:00,647 INFO  PME 2.13.13.5640, Request Handler Agent 2.13.11.5117, File Cache Service Agent 2.13.11.5117, WUA 1451.2601.23012.0
[39] 2026-03-25 09:46:00,651 INFO  PME.RpcServerApiWrapper.PmeRpcServerApi.StartActions => Set 'InstallationTimeoutInMinutes' by config file to 180
[39] 2026-03-25 09:46:47,580 DEBUG Enter >>> PME.RpcServerApiWrapper.PmeRpcServerApi.AdaptResponse()
[39] 2026-03-25 09:46:47,580 DEBUG Adapter.AdaptResponse => using default Adapter. Params: 1
[39] 2026-03-25 09:46:47,580 DEBUG Enter >>> PME.Adapter.RmmAdapter.AdaptResponse()
[39] 2026-03-25 09:46:47,581 DEBUG Enter >>> PME.Adapter.RmmAdapter.GetAdaptedStartActionsResult()
[39] 2026-03-25 09:46:47,581 DEBUG Enter >>> PME.Adapter.RmmAdapter.GetOutputFileNameFromParams()
[39] 2026-03-25 09:46:47,582 DEBUG Exit  <<< PME.Adapter.RmmAdapter.GetOutputFileNameFromParams(), returns ""
[39] 2026-03-25 09:46:47,582 DEBUG Enter >>> PME.Adapter.RmmAdapter.GenerateOutputFileName()
[39] 2026-03-25 09:46:47,582 DEBUG Enter >>> PME.Adapter.RmmAdapter.GetOutputFilePath()
[39] 2026-03-25 09:46:47,583 DEBUG Exit  <<< PME.Adapter.RmmAdapter.GetOutputFilePath(), returns "C:\ProgramData\MspPlatform\PME\data"
[39] 2026-03-25 09:46:47,583 DEBUG Exit  <<< PME.Adapter.RmmAdapter.GenerateOutputFileName(), returns "C:\ProgramData\MspPlatform\PME\data\Pme.Install_20260325094647_1.xml"
[39] 2026-03-25 09:46:47,583 DEBUG Enter >>> PME.Adapter.RmmAdapter.GetStartActionRmmDataSkeleton()
[39] 2026-03-25 09:46:47,584 DEBUG Exit  <<< PME.Adapter.RmmAdapter.GetStartActionRmmDataSkeleton()
[39] 2026-03-25 09:46:47,584 DEBUG Enter >>> PME.Adapter.RmmAdapter.SaveXmlFile(outputFileName = "C:\ProgramData\MspPlatform\PME\data\Pme.Install_20260325094647_1.xml")
[39] 2026-03-25 09:46:47,585 DEBUG Exit  <<< PME.Adapter.RmmAdapter.SaveXmlFile(outputFileName = "C:\ProgramData\MspPlatform\PME\data\Pme.Install_20260325094647_1.xml")
[39] 2026-03-25 09:46:47,587 DEBUG Exit  <<< PME.Adapter.RmmAdapter.GetAdaptedStartActionsResult()
[39] 2026-03-25 09:46:47,587 DEBUG Exit  <<< PME.Adapter.RmmAdapter.AdaptResponse()
[39] 2026-03-25 09:46:47,588 DEBUG Exit  <<< PME.RpcServerApiWrapper.PmeRpcServerApi.AdaptResponse()
[39] 2026-03-25 09:46:47,589 DEBUG Exit  <<< PME.RpcServerApiWrapper.PmeRpcServerApi.Execute("1", "Pme.Install")
[51] 2026-03-25 09:48:11,221 DEBUG Enter >>> PME.RpcServerApiWrapper.PmeRpcServerApi.Execute("1", "Pme.Version")
[51] 2026-03-25 09:48:11,224 INFO  PME 2.13.13.5640, Request Handler Agent 2.13.11.5117, File Cache Service Agent 2.13.11.5117, WUA 1451.2601.23012.0
[51] 2026-03-25 09:48:11,228 DEBUG Enter >>> PME.RpcServerApiWrapper.PmeRpcServerApi.AdaptResponse()
[51] 2026-03-25 09:48:11,229 DEBUG Adapter.AdaptResponse => using default Adapter. Params: 0
[51] 2026-03-25 09:48:11,229 DEBUG Enter >>> PME.Adapter.RmmAdapter.AdaptResponse()
[51] 2026-03-25 09:48:11,230 DEBUG Exit  <<< PME.Adapter.RmmAdapter.AdaptResponse()
[51] 2026-03-25 09:48:11,230 DEBUG Exit  <<< PME.RpcServerApiWrapper.PmeRpcServerApi.AdaptResponse()
[51] 2026-03-25 09:48:11,230 DEBUG Exit  <<< PME.RpcServerApiWrapper.PmeRpcServerApi.Execute("1", "Pme.Version")
[51] 2026-03-25 09:48:11,292 DEBUG Enter >>> PME.RpcServerApiWrapper.PmeRpcServerApi.Execute("1", "Pme.GetLatestVersion")
[51] 2026-03-25 09:48:11,295 INFO  PME 2.13.13.5640, Request Handler Agent 2.13.11.5117, File Cache Service Agent 2.13.11.5117, WUA 1451.2601.23012.0
[51] 2026-03-25 09:48:11,311 DEBUG Enter >>> PME.RpcServerApiWrapper.PmeRpcServerApi.AdaptResponse()
[51] 2026-03-25 09:48:11,312 DEBUG Adapter.AdaptResponse => using default Adapter. Params: 0
[51] 2026-03-25 09:48:11,312 DEBUG Enter >>> PME.Adapter.RmmAdapter.AdaptResponse()
[51] 2026-03-25 09:48:11,312 DEBUG Exit  <<< PME.Adapter.RmmAdapter.AdaptResponse()
[51] 2026-03-25 09:48:11,314 DEBUG Exit  <<< PME.RpcServerApiWrapper.PmeRpcServerApi.AdaptResponse()
[51] 2026-03-25 09:48:11,314 DEBUG Exit  <<< PME.RpcServerApiWrapper.PmeRpcServerApi.Execute("1", "Pme.GetLatestVersion")
[51] 2026-03-25 09:48:11,382 DEBUG Enter >>> PME.RpcServerApiWrapper.PmeRpcServerApi.Execute("1", "Pme.StartScan")
[51] 2026-03-25 09:48:11,386 INFO  PME 2.13.13.5640, Request Handler Agent 2.13.11.5117, File Cache Service Agent 2.13.11.5117, WUA 1451.2601.23012.0
[51] 2026-03-25 09:48:11,393 DEBUG PME.RpcServerApiWrapper.PmeRpcServerApi.StartScan => parameters:
[51] 2026-03-25 09:48:11,393 DEBUG 	outputFileName=C:\PROGRA~2\ADVANC~1\scans\PatchMan_1280557109
[51] 2026-03-25 09:49:00,646 INFO  PME.RpcServerApiWrapper.PmeRpcServerApi.Execute => submitting to Perun is not enabled (feature flag check)
[51] 2026-03-25 09:49:00,647 DEBUG Enter >>> PME.RpcServerApiWrapper.PmeRpcServerApi.AdaptResponse()
[51] 2026-03-25 09:49:00,647 DEBUG Adapter.AdaptResponse => using default Adapter. Params: 1
[51] 2026-03-25 09:49:00,648 DEBUG Enter >>> PME.Adapter.RmmAdapter.AdaptResponse()
[51] 2026-03-25 09:49:00,648 DEBUG Enter >>> PME.Adapter.RmmAdapter.GetAdaptedStartScanResponse()
[51] 2026-03-25 09:49:00,649 DEBUG Enter >>> PME.Adapter.RmmAdapter.GetOutputFileNameFromParams()
[51] 2026-03-25 09:49:00,649 DEBUG Exit  <<< PME.Adapter.RmmAdapter.GetOutputFileNameFromParams(), returns "C:\PROGRA~2\ADVANC~1\scans\PatchMan_1280557109"
[51] 2026-03-25 09:49:00,651 DEBUG Enter >>> PME.Adapter.RmmAdapter.GetStartScanRmmDataSkeleton()
[51] 2026-03-25 09:49:00,651 DEBUG Enter >>> PME.Adapter.RmmAdapter.GetLocalIpAddress()
[51] 2026-03-25 09:49:00,653 DEBUG Exit  <<< PME.Adapter.RmmAdapter.GetLocalIpAddress(), returns "169.254.83.107"
[51] 2026-03-25 09:49:00,656 DEBUG Exit  <<< PME.Adapter.RmmAdapter.GetStartScanRmmDataSkeleton()
[51] 2026-03-25 09:49:00,657 DEBUG Enter >>> PME.Adapter.RmmAdapter.FillRmmData()
[51] 2026-03-25 09:49:00,658 DEBUG Enter >>> PME.Adapter.RmmAdapter.CreateListOfHotfixesAndMissingHotfixes()
[51] 2026-03-25 09:49:00,658 DEBUG Exit  <<< PME.Adapter.RmmAdapter.CreateListOfHotfixesAndMissingHotfixes()
[51] 2026-03-25 09:49:00,659 DEBUG Enter >>> PME.Adapter.RmmAdapter.GetProducts()
[51] 2026-03-25 09:49:00,675 DEBUG Exit  <<< PME.Adapter.RmmAdapter.GetProducts()
[51] 2026-03-25 09:49:00,676 DEBUG Enter >>> PME.Adapter.RmmAdapter.GetProducts()
[51] 2026-03-25 09:49:00,683 DEBUG Exit  <<< PME.Adapter.RmmAdapter.GetProducts()
[51] 2026-03-25 09:49:00,684 DEBUG Exit  <<< PME.Adapter.RmmAdapter.FillRmmData()
[51] 2026-03-25 09:49:00,684 OFF   GetAdaptedStartScanResponse => Scan result numbers: 12 installed patches, 6 missing patches
[51] 2026-03-25 09:49:00,685 DEBUG Enter >>> PME.Adapter.RmmAdapter.SaveXmlFile(outputFileName = "C:\PROGRA~2\ADVANC~1\scans\PatchMan_1280557109")
[51] 2026-03-25 09:49:00,686 DEBUG Exit  <<< PME.Adapter.RmmAdapter.SaveXmlFile(outputFileName = "C:\PROGRA~2\ADVANC~1\scans\PatchMan_1280557109")
[51] 2026-03-25 09:49:00,688 DEBUG Enter >>> PME.Adapter.RmmAdapter.SaveJsonFile(outputFileName = "C:\PROGRA~2\ADVANC~1\scans\PatchMan_1280557109.json")
[51] 2026-03-25 09:49:00,713 DEBUG Exit  <<< PME.Adapter.RmmAdapter.SaveJsonFile(outputFileName = "C:\PROGRA~2\ADVANC~1\scans\PatchMan_1280557109.json")
[51] 2026-03-25 09:49:00,714 DEBUG Exit  <<< PME.Adapter.RmmAdapter.GetAdaptedStartScanResponse()
[51] 2026-03-25 09:49:00,714 DEBUG Exit  <<< PME.Adapter.RmmAdapter.AdaptResponse()
[51] 2026-03-25 09:49:00,715 DEBUG Exit  <<< PME.RpcServerApiWrapper.PmeRpcServerApi.AdaptResponse()
[51] 2026-03-25 09:49:00,716 DEBUG Exit  <<< PME.RpcServerApiWrapper.PmeRpcServerApi.Execute("1", "Pme.StartScan")
[51] 2026-03-25 09:49:11,631 DEBUG Enter >>> PME.RpcServerApiWrapper.PmeRpcServerApi.Execute("1", "Pme.Version")
[51] 2026-03-25 09:49:11,634 INFO  PME 2.13.13.5640, Request Handler Agent 2.13.11.5117, File Cache Service Agent 2.13.11.5117, WUA 1451.2601.23012.0
[51] 2026-03-25 09:49:11,638 DEBUG Enter >>> PME.RpcServerApiWrapper.PmeRpcServerApi.AdaptResponse()
[51] 2026-03-25 09:49:11,638 DEBUG Adapter.AdaptResponse => using default Adapter. Params: 0
[51] 2026-03-25 09:49:11,639 DEBUG Enter >>> PME.Adapter.RmmAdapter.AdaptResponse()
[51] 2026-03-25 09:49:11,639 DEBUG Exit  <<< PME.Adapter.RmmAdapter.AdaptResponse()
[51] 2026-03-25 09:49:11,639 DEBUG Exit  <<< PME.RpcServerApiWrapper.PmeRpcServerApi.AdaptResponse()
[51] 2026-03-25 09:49:11,639 DEBUG Exit  <<< PME.RpcServerApiWrapper.PmeRpcServerApi.Execute("1", "Pme.Version")
[51] 2026-03-25 09:49:11,700 DEBUG Enter >>> PME.RpcServerApiWrapper.PmeRpcServerApi.Execute("1", "Pme.GetLatestVersion")
[51] 2026-03-25 09:49:11,704 INFO  PME 2.13.13.5640, Request Handler Agent 2.13.11.5117, File Cache Service Agent 2.13.11.5117, WUA 1451.2601.23012.0
[51] 2026-03-25 09:49:11,723 DEBUG Enter >>> PME.RpcServerApiWrapper.PmeRpcServerApi.AdaptResponse()
[51] 2026-03-25 09:49:11,724 DEBUG Adapter.AdaptResponse => using default Adapter. Params: 0
[51] 2026-03-25 09:49:11,724 DEBUG Enter >>> PME.Adapter.RmmAdapter.AdaptResponse()
[51] 2026-03-25 09:49:11,724 DEBUG Exit  <<< PME.Adapter.RmmAdapter.AdaptResponse()
[51] 2026-03-25 09:49:11,725 DEBUG Exit  <<< PME.RpcServerApiWrapper.PmeRpcServerApi.AdaptResponse()
[51] 2026-03-25 09:49:11,725 DEBUG Exit  <<< PME.RpcServerApiWrapper.PmeRpcServerApi.Execute("1", "Pme.GetLatestVersion")
[56] 2026-03-25 14:31:39,476 DEBUG Enter >>> PME.RpcServerApiWrapper.PmeRpcServerApi.Execute("1", "Pme.Version")
[56] 2026-03-25 14:31:39,479 INFO  PME 2.13.13.5640, Request Handler Agent 2.13.11.5117, File Cache Service Agent 2.13.11.5117, WUA 1451.2601.23012.0
[56] 2026-03-25 14:31:39,482 DEBUG Enter >>> PME.RpcServerApiWrapper.PmeRpcServerApi.AdaptResponse()
[56] 2026-03-25 14:31:39,482 DEBUG Adapter.AdaptResponse => using default Adapter. Params: 0
[56] 2026-03-25 14:31:39,482 DEBUG Enter >>> PME.Adapter.RmmAdapter.AdaptResponse()
[56] 2026-03-25 14:31:39,482 DEBUG Exit  <<< PME.Adapter.RmmAdapter.AdaptResponse()
[56] 2026-03-25 14:31:39,483 DEBUG Exit  <<< PME.RpcServerApiWrapper.PmeRpcServerApi.AdaptResponse()
[56] 2026-03-25 14:31:39,483 DEBUG Exit  <<< PME.RpcServerApiWrapper.PmeRpcServerApi.Execute("1", "Pme.Version")
[56] 2026-03-25 14:31:39,525 DEBUG Enter >>> PME.RpcServerApiWrapper.PmeRpcServerApi.Execute("1", "Pme.GetLatestVersion")
[56] 2026-03-25 14:31:39,527 INFO  PME 2.13.13.5640, Request Handler Agent 2.13.11.5117, File Cache Service Agent 2.13.11.5117, WUA 1451.2601.23012.0
[56] 2026-03-25 14:31:39,540 DEBUG Enter >>> PME.RpcServerApiWrapper.PmeRpcServerApi.AdaptResponse()
[56] 2026-03-25 14:31:39,540 DEBUG Adapter.AdaptResponse => using default Adapter. Params: 0
[56] 2026-03-25 14:31:39,541 DEBUG Enter >>> PME.Adapter.RmmAdapter.AdaptResponse()
[56] 2026-03-25 14:31:39,541 DEBUG Exit  <<< PME.Adapter.RmmAdapter.AdaptResponse()
[56] 2026-03-25 14:31:39,541 DEBUG Exit  <<< PME.RpcServerApiWrapper.PmeRpcServerApi.AdaptResponse()
[56] 2026-03-25 14:31:39,542 DEBUG Exit  <<< PME.RpcServerApiWrapper.PmeRpcServerApi.Execute("1", "Pme.GetLatestVersion")
[56] 2026-03-25 14:31:39,592 DEBUG Enter >>> PME.RpcServerApiWrapper.PmeRpcServerApi.Execute("1", "Pme.StartScan")
[56] 2026-03-25 14:31:39,593 INFO  PME 2.13.13.5640, Request Handler Agent 2.13.11.5117, File Cache Service Agent 2.13.11.5117, WUA 1451.2601.23012.0
[56] 2026-03-25 14:31:39,599 DEBUG PME.RpcServerApiWrapper.PmeRpcServerApi.StartScan => parameters:
[56] 2026-03-25 14:31:39,599 DEBUG 	outputFileName=C:\PROGRA~2\ADVANC~1\scans\PatchMan_1297565343
[56] 2026-03-25 14:33:05,855 INFO  PME.RpcServerApiWrapper.PmeRpcServerApi.Execute => submitting to Perun is not enabled (feature flag check)
[56] 2026-03-25 14:33:05,856 DEBUG Enter >>> PME.RpcServerApiWrapper.PmeRpcServerApi.AdaptResponse()
[56] 2026-03-25 14:33:05,856 DEBUG Adapter.AdaptResponse => using default Adapter. Params: 1
[56] 2026-03-25 14:33:05,857 DEBUG Enter >>> PME.Adapter.RmmAdapter.AdaptResponse()
[56] 2026-03-25 14:33:05,857 DEBUG Enter >>> PME.Adapter.RmmAdapter.GetAdaptedStartScanResponse()
[56] 2026-03-25 14:33:05,857 DEBUG Enter >>> PME.Adapter.RmmAdapter.GetOutputFileNameFromParams()
[56] 2026-03-25 14:33:05,857 DEBUG Exit  <<< PME.Adapter.RmmAdapter.GetOutputFileNameFromParams(), returns "C:\PROGRA~2\ADVANC~1\scans\PatchMan_1297565343"
[56] 2026-03-25 14:33:05,858 DEBUG Enter >>> PME.Adapter.RmmAdapter.GetStartScanRmmDataSkeleton()
[56] 2026-03-25 14:33:05,858 DEBUG Enter >>> PME.Adapter.RmmAdapter.GetLocalIpAddress()
[56] 2026-03-25 14:33:05,859 DEBUG Exit  <<< PME.Adapter.RmmAdapter.GetLocalIpAddress(), returns "169.254.83.107"
[56] 2026-03-25 14:33:05,860 DEBUG Exit  <<< PME.Adapter.RmmAdapter.GetStartScanRmmDataSkeleton()
[56] 2026-03-25 14:33:05,860 DEBUG Enter >>> PME.Adapter.RmmAdapter.FillRmmData()
[56] 2026-03-25 14:33:05,862 DEBUG Enter >>> PME.Adapter.RmmAdapter.CreateListOfHotfixesAndMissingHotfixes()
[56] 2026-03-25 14:33:05,863 DEBUG Exit  <<< PME.Adapter.RmmAdapter.CreateListOfHotfixesAndMissingHotfixes()
[56] 2026-03-25 14:33:05,863 DEBUG Enter >>> PME.Adapter.RmmAdapter.GetProducts()
[56] 2026-03-25 14:33:05,873 DEBUG Exit  <<< PME.Adapter.RmmAdapter.GetProducts()
[56] 2026-03-25 14:33:05,873 DEBUG Enter >>> PME.Adapter.RmmAdapter.GetProducts()
[56] 2026-03-25 14:33:05,879 DEBUG Exit  <<< PME.Adapter.RmmAdapter.GetProducts()
[56] 2026-03-25 14:33:05,880 DEBUG Exit  <<< PME.Adapter.RmmAdapter.FillRmmData()
[56] 2026-03-25 14:33:05,880 OFF   GetAdaptedStartScanResponse => Scan result numbers: 12 installed patches, 6 missing patches
[56] 2026-03-25 14:33:05,881 DEBUG Enter >>> PME.Adapter.RmmAdapter.SaveXmlFile(outputFileName = "C:\PROGRA~2\ADVANC~1\scans\PatchMan_1297565343")
[56] 2026-03-25 14:33:05,883 DEBUG Exit  <<< PME.Adapter.RmmAdapter.SaveXmlFile(outputFileName = "C:\PROGRA~2\ADVANC~1\scans\PatchMan_1297565343")
[56] 2026-03-25 14:33:05,883 DEBUG Enter >>> PME.Adapter.RmmAdapter.SaveJsonFile(outputFileName = "C:\PROGRA~2\ADVANC~1\scans\PatchMan_1297565343.json")
[56] 2026-03-25 14:33:05,902 DEBUG Exit  <<< PME.Adapter.RmmAdapter.SaveJsonFile(outputFileName = "C:\PROGRA~2\ADVANC~1\scans\PatchMan_1297565343.json")
[56] 2026-03-25 14:33:05,902 DEBUG Exit  <<< PME.Adapter.RmmAdapter.GetAdaptedStartScanResponse()
[56] 2026-03-25 14:33:05,903 DEBUG Exit  <<< PME.Adapter.RmmAdapter.AdaptResponse()
[56] 2026-03-25 14:33:05,903 DEBUG Exit  <<< PME.RpcServerApiWrapper.PmeRpcServerApi.AdaptResponse()
[56] 2026-03-25 14:33:05,903 DEBUG Exit  <<< PME.RpcServerApiWrapper.PmeRpcServerApi.Execute("1", "Pme.StartScan")
[14] 2026-03-26 09:01:54,522 DEBUG Enter >>> PME.RpcServerApiWrapper.PmeRpcServerApi.Execute("1", "Pme.Version")
[14] 2026-03-26 09:01:54,526 INFO  PME 2.13.13.5640, Request Handler Agent 2.13.11.5117, File Cache Service Agent 2.13.11.5117, WUA 1451.2601.23012.0
[14] 2026-03-26 09:01:54,530 DEBUG Enter >>> PME.RpcServerApiWrapper.PmeRpcServerApi.AdaptResponse()
[14] 2026-03-26 09:01:54,531 DEBUG Adapter.AdaptResponse => using default Adapter. Params: 0
[14] 2026-03-26 09:01:54,532 DEBUG Enter >>> PME.Adapter.RmmAdapter.AdaptResponse()
[14] 2026-03-26 09:01:54,532 DEBUG Exit  <<< PME.Adapter.RmmAdapter.AdaptResponse()
[14] 2026-03-26 09:01:54,533 DEBUG Exit  <<< PME.RpcServerApiWrapper.PmeRpcServerApi.AdaptResponse()
[14] 2026-03-26 09:01:54,533 DEBUG Exit  <<< PME.RpcServerApiWrapper.PmeRpcServerApi.Execute("1", "Pme.Version")
[14] 2026-03-26 09:01:54,611 DEBUG Enter >>> PME.RpcServerApiWrapper.PmeRpcServerApi.Execute("1", "Pme.GetLatestVersion")
[14] 2026-03-26 09:01:54,615 INFO  PME 2.13.13.5640, Request Handler Agent 2.13.11.5117, File Cache Service Agent 2.13.11.5117, WUA 1451.2601.23012.0
[14] 2026-03-26 09:01:54,638 DEBUG Enter >>> PME.RpcServerApiWrapper.PmeRpcServerApi.AdaptResponse()
[14] 2026-03-26 09:01:54,639 DEBUG Adapter.AdaptResponse => using default Adapter. Params: 0
[14] 2026-03-26 09:01:54,640 DEBUG Enter >>> PME.Adapter.RmmAdapter.AdaptResponse()
[14] 2026-03-26 09:01:54,641 DEBUG Exit  <<< PME.Adapter.RmmAdapter.AdaptResponse()
[14] 2026-03-26 09:01:54,641 DEBUG Exit  <<< PME.RpcServerApiWrapper.PmeRpcServerApi.AdaptResponse()
[14] 2026-03-26 09:01:54,642 DEBUG Exit  <<< PME.RpcServerApiWrapper.PmeRpcServerApi.Execute("1", "Pme.GetLatestVersion")
[14] 2026-03-26 09:01:55,253 DEBUG Enter >>> PME.RpcServerApiWrapper.PmeRpcServerApi.Execute("1", "Pme.Install")
[14] 2026-03-26 09:01:55,255 INFO  PME 2.13.13.5640, Request Handler Agent 2.13.11.5117, File Cache Service Agent 2.13.11.5117, WUA 1451.2601.23012.0
[14] 2026-03-26 09:01:55,261 INFO  PME.RpcServerApiWrapper.PmeRpcServerApi.StartActions => Set 'InstallationTimeoutInMinutes' by config file to 180
[14] 2026-03-26 09:26:24,946 DEBUG Enter >>> PME.RpcServerApiWrapper.PmeRpcServerApi.AdaptResponse()
[14] 2026-03-26 09:26:24,946 DEBUG Adapter.AdaptResponse => using default Adapter. Params: 1
[14] 2026-03-26 09:26:24,947 DEBUG Enter >>> PME.Adapter.RmmAdapter.AdaptResponse()
[14] 2026-03-26 09:26:24,947 DEBUG Enter >>> PME.Adapter.RmmAdapter.GetAdaptedStartActionsResult()
[14] 2026-03-26 09:26:24,947 DEBUG Enter >>> PME.Adapter.RmmAdapter.GetOutputFileNameFromParams()
[14] 2026-03-26 09:26:24,947 DEBUG Exit  <<< PME.Adapter.RmmAdapter.GetOutputFileNameFromParams(), returns ""
[14] 2026-03-26 09:26:24,947 DEBUG Enter >>> PME.Adapter.RmmAdapter.GenerateOutputFileName()
[14] 2026-03-26 09:26:24,947 DEBUG Enter >>> PME.Adapter.RmmAdapter.GetOutputFilePath()
[14] 2026-03-26 09:26:24,947 DEBUG Exit  <<< PME.Adapter.RmmAdapter.GetOutputFilePath(), returns "C:\ProgramData\MspPlatform\PME\data"
[14] 2026-03-26 09:26:24,948 DEBUG Exit  <<< PME.Adapter.RmmAdapter.GenerateOutputFileName(), returns "C:\ProgramData\MspPlatform\PME\data\Pme.Install_20260326092624_1.xml"
[14] 2026-03-26 09:26:24,949 DEBUG Enter >>> PME.Adapter.RmmAdapter.GetStartActionRmmDataSkeleton()
[14] 2026-03-26 09:26:24,949 DEBUG Exit  <<< PME.Adapter.RmmAdapter.GetStartActionRmmDataSkeleton()
[14] 2026-03-26 09:26:24,949 DEBUG Enter >>> PME.Adapter.RmmAdapter.SaveXmlFile(outputFileName = "C:\ProgramData\MspPlatform\PME\data\Pme.Install_20260326092624_1.xml")
[14] 2026-03-26 09:26:24,950 DEBUG Exit  <<< PME.Adapter.RmmAdapter.SaveXmlFile(outputFileName = "C:\ProgramData\MspPlatform\PME\data\Pme.Install_20260326092624_1.xml")
[14] 2026-03-26 09:26:24,950 DEBUG Exit  <<< PME.Adapter.RmmAdapter.GetAdaptedStartActionsResult()
[14] 2026-03-26 09:26:24,951 DEBUG Exit  <<< PME.Adapter.RmmAdapter.AdaptResponse()
[14] 2026-03-26 09:26:24,951 DEBUG Exit  <<< PME.RpcServerApiWrapper.PmeRpcServerApi.AdaptResponse()
[14] 2026-03-26 09:26:24,951 DEBUG Exit  <<< PME.RpcServerApiWrapper.PmeRpcServerApi.Execute("1", "Pme.Install")
[14] 2026-03-26 09:26:47,047 DEBUG Enter >>> PME.RpcServerApiWrapper.PmeRpcServerApi.Execute("1", "Pme.Version")
[14] 2026-03-26 09:26:47,050 INFO  PME 2.13.13.5640, Request Handler Agent 2.13.11.5117, File Cache Service Agent 2.13.11.5117, WUA 1451.2601.23012.0
[14] 2026-03-26 09:26:47,052 DEBUG Enter >>> PME.RpcServerApiWrapper.PmeRpcServerApi.AdaptResponse()
[14] 2026-03-26 09:26:47,052 DEBUG Adapter.AdaptResponse => using default Adapter. Params: 0
[14] 2026-03-26 09:26:47,052 DEBUG Enter >>> PME.Adapter.RmmAdapter.AdaptResponse()
[14] 2026-03-26 09:26:47,052 DEBUG Exit  <<< PME.Adapter.RmmAdapter.AdaptResponse()
[14] 2026-03-26 09:26:47,052 DEBUG Exit  <<< PME.RpcServerApiWrapper.PmeRpcServerApi.AdaptResponse()
[14] 2026-03-26 09:26:47,052 DEBUG Exit  <<< PME.RpcServerApiWrapper.PmeRpcServerApi.Execute("1", "Pme.Version")
[14] 2026-03-26 09:26:47,069 DEBUG Enter >>> PME.RpcServerApiWrapper.PmeRpcServerApi.Execute("1", "Pme.GetLatestVersion")
[14] 2026-03-26 09:26:47,071 INFO  PME 2.13.13.5640, Request Handler Agent 2.13.11.5117, File Cache Service Agent 2.13.11.5117, WUA 1451.2601.23012.0
[14] 2026-03-26 09:26:47,078 DEBUG Enter >>> PME.RpcServerApiWrapper.PmeRpcServerApi.AdaptResponse()
[14] 2026-03-26 09:26:47,078 DEBUG Adapter.AdaptResponse => using default Adapter. Params: 0
[14] 2026-03-26 09:26:47,078 DEBUG Enter >>> PME.Adapter.RmmAdapter.AdaptResponse()
[14] 2026-03-26 09:26:47,079 DEBUG Exit  <<< PME.Adapter.RmmAdapter.AdaptResponse()
[14] 2026-03-26 09:26:47,079 DEBUG Exit  <<< PME.RpcServerApiWrapper.PmeRpcServerApi.AdaptResponse()
[14] 2026-03-26 09:26:47,079 DEBUG Exit  <<< PME.RpcServerApiWrapper.PmeRpcServerApi.Execute("1", "Pme.GetLatestVersion")
[14] 2026-03-26 09:26:47,103 DEBUG Enter >>> PME.RpcServerApiWrapper.PmeRpcServerApi.Execute("1", "Pme.StartScan")
[14] 2026-03-26 09:26:47,104 INFO  PME 2.13.13.5640, Request Handler Agent 2.13.11.5117, File Cache Service Agent 2.13.11.5117, WUA 1451.2601.23012.0
[14] 2026-03-26 09:26:47,107 DEBUG PME.RpcServerApiWrapper.PmeRpcServerApi.StartScan => parameters:
[14] 2026-03-26 09:26:47,108 DEBUG 	outputFileName=C:\PROGRA~2\ADVANC~1\scans\PatchMan_1365672875
[14] 2026-03-26 09:27:22,846 INFO  PME.RpcServerApiWrapper.PmeRpcServerApi.Execute => submitting to Perun is not enabled (feature flag check)
[14] 2026-03-26 09:27:22,847 DEBUG Enter >>> PME.RpcServerApiWrapper.PmeRpcServerApi.AdaptResponse()
[14] 2026-03-26 09:27:22,847 DEBUG Adapter.AdaptResponse => using default Adapter. Params: 1
[14] 2026-03-26 09:27:22,847 DEBUG Enter >>> PME.Adapter.RmmAdapter.AdaptResponse()
[14] 2026-03-26 09:27:22,847 DEBUG Enter >>> PME.Adapter.RmmAdapter.GetAdaptedStartScanResponse()
[14] 2026-03-26 09:27:22,847 DEBUG Enter >>> PME.Adapter.RmmAdapter.GetOutputFileNameFromParams()
[14] 2026-03-26 09:27:22,847 DEBUG Exit  <<< PME.Adapter.RmmAdapter.GetOutputFileNameFromParams(), returns "C:\PROGRA~2\ADVANC~1\scans\PatchMan_1365672875"
[14] 2026-03-26 09:27:22,848 DEBUG Enter >>> PME.Adapter.RmmAdapter.GetStartScanRmmDataSkeleton()
[14] 2026-03-26 09:27:22,848 DEBUG Enter >>> PME.Adapter.RmmAdapter.GetLocalIpAddress()
[14] 2026-03-26 09:27:22,849 DEBUG Exit  <<< PME.Adapter.RmmAdapter.GetLocalIpAddress(), returns "169.254.83.107"
[14] 2026-03-26 09:27:22,849 DEBUG Exit  <<< PME.Adapter.RmmAdapter.GetStartScanRmmDataSkeleton()
[14] 2026-03-26 09:27:22,849 DEBUG Enter >>> PME.Adapter.RmmAdapter.FillRmmData()
[14] 2026-03-26 09:27:22,850 DEBUG Enter >>> PME.Adapter.RmmAdapter.CreateListOfHotfixesAndMissingHotfixes()
[14] 2026-03-26 09:27:22,850 DEBUG Exit  <<< PME.Adapter.RmmAdapter.CreateListOfHotfixesAndMissingHotfixes()
[14] 2026-03-26 09:27:22,850 DEBUG Enter >>> PME.Adapter.RmmAdapter.GetProducts()
[14] 2026-03-26 09:27:22,857 DEBUG Exit  <<< PME.Adapter.RmmAdapter.GetProducts()
[14] 2026-03-26 09:27:22,857 DEBUG Enter >>> PME.Adapter.RmmAdapter.GetProducts()
[14] 2026-03-26 09:27:22,861 DEBUG Exit  <<< PME.Adapter.RmmAdapter.GetProducts()
[14] 2026-03-26 09:27:22,863 DEBUG Exit  <<< PME.Adapter.RmmAdapter.FillRmmData()
[14] 2026-03-26 09:27:22,863 OFF   GetAdaptedStartScanResponse => Scan result numbers: 10 installed patches, 7 missing patches
[14] 2026-03-26 09:27:22,863 DEBUG Enter >>> PME.Adapter.RmmAdapter.SaveXmlFile(outputFileName = "C:\PROGRA~2\ADVANC~1\scans\PatchMan_1365672875")
[14] 2026-03-26 09:27:22,864 DEBUG Exit  <<< PME.Adapter.RmmAdapter.SaveXmlFile(outputFileName = "C:\PROGRA~2\ADVANC~1\scans\PatchMan_1365672875")
[14] 2026-03-26 09:27:22,865 DEBUG Enter >>> PME.Adapter.RmmAdapter.SaveJsonFile(outputFileName = "C:\PROGRA~2\ADVANC~1\scans\PatchMan_1365672875.json")
[14] 2026-03-26 09:27:22,878 DEBUG Exit  <<< PME.Adapter.RmmAdapter.SaveJsonFile(outputFileName = "C:\PROGRA~2\ADVANC~1\scans\PatchMan_1365672875.json")
[14] 2026-03-26 09:27:22,878 DEBUG Exit  <<< PME.Adapter.RmmAdapter.GetAdaptedStartScanResponse()
[14] 2026-03-26 09:27:22,879 DEBUG Exit  <<< PME.Adapter.RmmAdapter.AdaptResponse()
[14] 2026-03-26 09:27:22,879 DEBUG Exit  <<< PME.RpcServerApiWrapper.PmeRpcServerApi.AdaptResponse()
[14] 2026-03-26 09:27:22,879 DEBUG Exit  <<< PME.RpcServerApiWrapper.PmeRpcServerApi.Execute("1", "Pme.StartScan")
[65] 2026-03-26 09:27:47,284 DEBUG Enter >>> PME.RpcServerApiWrapper.PmeRpcServerApi.Execute("1", "Pme.Version")
[65] 2026-03-26 09:27:47,286 INFO  PME 2.13.13.5640, Request Handler Agent 2.13.11.5117, File Cache Service Agent 2.13.11.5117, WUA 1451.2601.23012.0
[65] 2026-03-26 09:27:47,287 DEBUG Enter >>> PME.RpcServerApiWrapper.PmeRpcServerApi.AdaptResponse()
[65] 2026-03-26 09:27:47,287 DEBUG Adapter.AdaptResponse => using default Adapter. Params: 0
[65] 2026-03-26 09:27:47,287 DEBUG Enter >>> PME.Adapter.RmmAdapter.AdaptResponse()
[65] 2026-03-26 09:27:47,288 DEBUG Exit  <<< PME.Adapter.RmmAdapter.AdaptResponse()
[65] 2026-03-26 09:27:47,288 DEBUG Exit  <<< PME.RpcServerApiWrapper.PmeRpcServerApi.AdaptResponse()
[65] 2026-03-26 09:27:47,288 DEBUG Exit  <<< PME.RpcServerApiWrapper.PmeRpcServerApi.Execute("1", "Pme.Version")
[65] 2026-03-26 09:27:47,316 DEBUG Enter >>> PME.RpcServerApiWrapper.PmeRpcServerApi.Execute("1", "Pme.GetLatestVersion")
[65] 2026-03-26 09:27:47,318 INFO  PME 2.13.13.5640, Request Handler Agent 2.13.11.5117, File Cache Service Agent 2.13.11.5117, WUA 1451.2601.23012.0
[65] 2026-03-26 09:27:47,325 DEBUG Enter >>> PME.RpcServerApiWrapper.PmeRpcServerApi.AdaptResponse()
[65] 2026-03-26 09:27:47,325 DEBUG Adapter.AdaptResponse => using default Adapter. Params: 0
[65] 2026-03-26 09:27:47,325 DEBUG Enter >>> PME.Adapter.RmmAdapter.AdaptResponse()
[65] 2026-03-26 09:27:47,325 DEBUG Exit  <<< PME.Adapter.RmmAdapter.AdaptResponse()
[65] 2026-03-26 09:27:47,326 DEBUG Exit  <<< PME.RpcServerApiWrapper.PmeRpcServerApi.AdaptResponse()
[65] 2026-03-26 09:27:47,326 DEBUG Exit  <<< PME.RpcServerApiWrapper.PmeRpcServerApi.Execute("1", "Pme.GetLatestVersion")
[48] 2026-03-26 11:00:14,869 DEBUG Enter >>> PME.RpcServerApiWrapper.PmeRpcServerApi.Execute("1", "Pme.Version")
[48] 2026-03-26 11:00:14,871 INFO  PME 2.13.13.5640, Request Handler Agent 2.13.11.5117, File Cache Service Agent 2.13.11.5117, WUA 1451.2601.23012.0
[48] 2026-03-26 11:00:14,879 DEBUG Enter >>> PME.RpcServerApiWrapper.PmeRpcServerApi.AdaptResponse()
[48] 2026-03-26 11:00:14,880 DEBUG Adapter.AdaptResponse => using default Adapter. Params: 0
[48] 2026-03-26 11:00:14,880 DEBUG Enter >>> PME.Adapter.RmmAdapter.AdaptResponse()
[48] 2026-03-26 11:00:14,881 DEBUG Exit  <<< PME.Adapter.RmmAdapter.AdaptResponse()
[48] 2026-03-26 11:00:14,881 DEBUG Exit  <<< PME.RpcServerApiWrapper.PmeRpcServerApi.AdaptResponse()
[48] 2026-03-26 11:00:14,881 DEBUG Exit  <<< PME.RpcServerApiWrapper.PmeRpcServerApi.Execute("1", "Pme.Version")
[48] 2026-03-26 11:00:14,916 DEBUG Enter >>> PME.RpcServerApiWrapper.PmeRpcServerApi.Execute("1", "Pme.GetLatestVersion")
[48] 2026-03-26 11:00:14,918 INFO  PME 2.13.13.5640, Request Handler Agent 2.13.11.5117, File Cache Service Agent 2.13.11.5117, WUA 1451.2601.23012.0
[48] 2026-03-26 11:00:14,930 DEBUG Enter >>> PME.RpcServerApiWrapper.PmeRpcServerApi.AdaptResponse()
[48] 2026-03-26 11:00:14,930 DEBUG Adapter.AdaptResponse => using default Adapter. Params: 0
[48] 2026-03-26 11:00:14,930 DEBUG Enter >>> PME.Adapter.RmmAdapter.AdaptResponse()
[48] 2026-03-26 11:00:14,930 DEBUG Exit  <<< PME.Adapter.RmmAdapter.AdaptResponse()
[48] 2026-03-26 11:00:14,931 DEBUG Exit  <<< PME.RpcServerApiWrapper.PmeRpcServerApi.AdaptResponse()
[48] 2026-03-26 11:00:14,931 DEBUG Exit  <<< PME.RpcServerApiWrapper.PmeRpcServerApi.Execute("1", "Pme.GetLatestVersion")
[48] 2026-03-26 11:00:14,964 DEBUG Enter >>> PME.RpcServerApiWrapper.PmeRpcServerApi.Execute("1", "Pme.StartScan")
[48] 2026-03-26 11:00:14,965 INFO  PME 2.13.13.5640, Request Handler Agent 2.13.11.5117, File Cache Service Agent 2.13.11.5117, WUA 1451.2601.23012.0
[48] 2026-03-26 11:00:14,967 DEBUG PME.RpcServerApiWrapper.PmeRpcServerApi.StartScan => parameters:
[48] 2026-03-26 11:00:14,967 DEBUG 	outputFileName=C:\PROGRA~2\ADVANC~1\scans\PatchMan_1371285390
[48] 2026-03-26 11:01:08,510 INFO  PME.RpcServerApiWrapper.PmeRpcServerApi.Execute => submitting to Perun is not enabled (feature flag check)
[48] 2026-03-26 11:01:08,510 DEBUG Enter >>> PME.RpcServerApiWrapper.PmeRpcServerApi.AdaptResponse()
[48] 2026-03-26 11:01:08,511 DEBUG Adapter.AdaptResponse => using default Adapter. Params: 1
[48] 2026-03-26 11:01:08,511 DEBUG Enter >>> PME.Adapter.RmmAdapter.AdaptResponse()
[48] 2026-03-26 11:01:08,511 DEBUG Enter >>> PME.Adapter.RmmAdapter.GetAdaptedStartScanResponse()
[48] 2026-03-26 11:01:08,511 DEBUG Enter >>> PME.Adapter.RmmAdapter.GetOutputFileNameFromParams()
[48] 2026-03-26 11:01:08,511 DEBUG Exit  <<< PME.Adapter.RmmAdapter.GetOutputFileNameFromParams(), returns "C:\PROGRA~2\ADVANC~1\scans\PatchMan_1371285390"
[48] 2026-03-26 11:01:08,512 DEBUG Enter >>> PME.Adapter.RmmAdapter.GetStartScanRmmDataSkeleton()
[48] 2026-03-26 11:01:08,512 DEBUG Enter >>> PME.Adapter.RmmAdapter.GetLocalIpAddress()
[48] 2026-03-26 11:01:08,513 DEBUG Exit  <<< PME.Adapter.RmmAdapter.GetLocalIpAddress(), returns "169.254.83.107"
[48] 2026-03-26 11:01:08,513 DEBUG Exit  <<< PME.Adapter.RmmAdapter.GetStartScanRmmDataSkeleton()
[48] 2026-03-26 11:01:08,514 DEBUG Enter >>> PME.Adapter.RmmAdapter.FillRmmData()
[48] 2026-03-26 11:01:08,514 DEBUG Enter >>> PME.Adapter.RmmAdapter.CreateListOfHotfixesAndMissingHotfixes()
[48] 2026-03-26 11:01:08,514 DEBUG Exit  <<< PME.Adapter.RmmAdapter.CreateListOfHotfixesAndMissingHotfixes()
[48] 2026-03-26 11:01:08,514 DEBUG Enter >>> PME.Adapter.RmmAdapter.GetProducts()
[48] 2026-03-26 11:01:08,520 DEBUG Exit  <<< PME.Adapter.RmmAdapter.GetProducts()
[48] 2026-03-26 11:01:08,520 DEBUG Enter >>> PME.Adapter.RmmAdapter.GetProducts()
[48] 2026-03-26 11:01:08,522 DEBUG Exit  <<< PME.Adapter.RmmAdapter.GetProducts()
[48] 2026-03-26 11:01:08,523 DEBUG Exit  <<< PME.Adapter.RmmAdapter.FillRmmData()
[48] 2026-03-26 11:01:08,523 OFF   GetAdaptedStartScanResponse => Scan result numbers: 12 installed patches, 5 missing patches
[48] 2026-03-26 11:01:08,523 DEBUG Enter >>> PME.Adapter.RmmAdapter.SaveXmlFile(outputFileName = "C:\PROGRA~2\ADVANC~1\scans\PatchMan_1371285390")
[48] 2026-03-26 11:01:08,524 DEBUG Exit  <<< PME.Adapter.RmmAdapter.SaveXmlFile(outputFileName = "C:\PROGRA~2\ADVANC~1\scans\PatchMan_1371285390")
[48] 2026-03-26 11:01:08,525 DEBUG Enter >>> PME.Adapter.RmmAdapter.SaveJsonFile(outputFileName = "C:\PROGRA~2\ADVANC~1\scans\PatchMan_1371285390.json")
[48] 2026-03-26 11:01:08,537 DEBUG Exit  <<< PME.Adapter.RmmAdapter.SaveJsonFile(outputFileName = "C:\PROGRA~2\ADVANC~1\scans\PatchMan_1371285390.json")
[48] 2026-03-26 11:01:08,537 DEBUG Exit  <<< PME.Adapter.RmmAdapter.GetAdaptedStartScanResponse()
[48] 2026-03-26 11:01:08,537 DEBUG Exit  <<< PME.Adapter.RmmAdapter.AdaptResponse()
[48] 2026-03-26 11:01:08,538 DEBUG Exit  <<< PME.RpcServerApiWrapper.PmeRpcServerApi.AdaptResponse()
[48] 2026-03-26 11:01:08,538 DEBUG Exit  <<< PME.RpcServerApiWrapper.PmeRpcServerApi.Execute("1", "Pme.StartScan")
[51] 2026-03-27 08:40:07,871 DEBUG Enter >>> PME.RpcServerApiWrapper.PmeRpcServerApi.Execute("1", "Pme.Version")
[51] 2026-03-27 08:40:07,874 INFO  PME 2.13.13.5640, Request Handler Agent 2.13.11.5117, File Cache Service Agent 2.13.11.5117, WUA 1451.2601.23012.0
[51] 2026-03-27 08:40:07,876 DEBUG Enter >>> PME.RpcServerApiWrapper.PmeRpcServerApi.AdaptResponse()
[51] 2026-03-27 08:40:07,876 DEBUG Adapter.AdaptResponse => using default Adapter. Params: 0
[51] 2026-03-27 08:40:07,876 DEBUG Enter >>> PME.Adapter.RmmAdapter.AdaptResponse()
[51] 2026-03-27 08:40:07,876 DEBUG Exit  <<< PME.Adapter.RmmAdapter.AdaptResponse()
[51] 2026-03-27 08:40:07,877 DEBUG Exit  <<< PME.RpcServerApiWrapper.PmeRpcServerApi.AdaptResponse()
[51] 2026-03-27 08:40:07,877 DEBUG Exit  <<< PME.RpcServerApiWrapper.PmeRpcServerApi.Execute("1", "Pme.Version")
[51] 2026-03-27 08:40:07,927 DEBUG Enter >>> PME.RpcServerApiWrapper.PmeRpcServerApi.Execute("1", "Pme.GetLatestVersion")
[51] 2026-03-27 08:40:07,929 INFO  PME 2.13.13.5640, Request Handler Agent 2.13.11.5117, File Cache Service Agent 2.13.11.5117, WUA 1451.2601.23012.0
[51] 2026-03-27 08:40:07,939 DEBUG Enter >>> PME.RpcServerApiWrapper.PmeRpcServerApi.AdaptResponse()
[51] 2026-03-27 08:40:07,939 DEBUG Adapter.AdaptResponse => using default Adapter. Params: 0
[51] 2026-03-27 08:40:07,939 DEBUG Enter >>> PME.Adapter.RmmAdapter.AdaptResponse()
[51] 2026-03-27 08:40:07,943 DEBUG Exit  <<< PME.Adapter.RmmAdapter.AdaptResponse()
[51] 2026-03-27 08:40:07,943 DEBUG Exit  <<< PME.RpcServerApiWrapper.PmeRpcServerApi.AdaptResponse()
[51] 2026-03-27 08:40:07,944 DEBUG Exit  <<< PME.RpcServerApiWrapper.PmeRpcServerApi.Execute("1", "Pme.GetLatestVersion")
[51] 2026-03-28 08:10:02,802 DEBUG Enter >>> PME.RpcServerApiWrapper.PmeRpcServerApi.Execute("1", "Pme.Version")
[51] 2026-03-28 08:10:02,806 INFO  PME 2.13.13.5640, Request Handler Agent 2.13.11.5117, File Cache Service Agent 2.13.11.5117, WUA 1451.2601.23012.0
[51] 2026-03-28 08:10:02,820 DEBUG Enter >>> PME.RpcServerApiWrapper.PmeRpcServerApi.AdaptResponse()
[51] 2026-03-28 08:10:02,820 DEBUG Adapter.AdaptResponse => using default Adapter. Params: 0
[51] 2026-03-28 08:10:02,820 DEBUG Enter >>> PME.Adapter.RmmAdapter.AdaptResponse()
[51] 2026-03-28 08:10:02,821 DEBUG Exit  <<< PME.Adapter.RmmAdapter.AdaptResponse()
[51] 2026-03-28 08:10:02,821 DEBUG Exit  <<< PME.RpcServerApiWrapper.PmeRpcServerApi.AdaptResponse()
[51] 2026-03-28 08:10:02,821 DEBUG Exit  <<< PME.RpcServerApiWrapper.PmeRpcServerApi.Execute("1", "Pme.Version")
[51] 2026-03-28 08:10:02,858 DEBUG Enter >>> PME.RpcServerApiWrapper.PmeRpcServerApi.Execute("1", "Pme.GetLatestVersion")
[51] 2026-03-28 08:10:02,859 INFO  PME 2.13.13.5640, Request Handler Agent 2.13.11.5117, File Cache Service Agent 2.13.11.5117, WUA 1451.2601.23012.0
[51] 2026-03-28 08:10:02,875 DEBUG Enter >>> PME.RpcServerApiWrapper.PmeRpcServerApi.AdaptResponse()
[51] 2026-03-28 08:10:02,876 DEBUG Adapter.AdaptResponse => using default Adapter. Params: 0
[51] 2026-03-28 08:10:02,876 DEBUG Enter >>> PME.Adapter.RmmAdapter.AdaptResponse()
[51] 2026-03-28 08:10:02,876 DEBUG Exit  <<< PME.Adapter.RmmAdapter.AdaptResponse()
[51] 2026-03-28 08:10:02,877 DEBUG Exit  <<< PME.RpcServerApiWrapper.PmeRpcServerApi.AdaptResponse()
[51] 2026-03-28 08:10:02,877 DEBUG Exit  <<< PME.RpcServerApiWrapper.PmeRpcServerApi.Execute("1", "Pme.GetLatestVersion")
[51] 2026-03-28 08:11:03,428 DEBUG Enter >>> PME.RpcServerApiWrapper.PmeRpcServerApi.Execute("1", "Pme.Version")
[51] 2026-03-28 08:11:03,429 INFO  PME 2.13.13.5640, Request Handler Agent 2.13.11.5117, File Cache Service Agent 2.13.11.5117, WUA 1451.2601.23012.0
[51] 2026-03-28 08:11:03,431 DEBUG Enter >>> PME.RpcServerApiWrapper.PmeRpcServerApi.AdaptResponse()
[51] 2026-03-28 08:11:03,431 DEBUG Adapter.AdaptResponse => using default Adapter. Params: 0
[51] 2026-03-28 08:11:03,431 DEBUG Enter >>> PME.Adapter.RmmAdapter.AdaptResponse()
[51] 2026-03-28 08:11:03,431 DEBUG Exit  <<< PME.Adapter.RmmAdapter.AdaptResponse()
[51] 2026-03-28 08:11:03,431 DEBUG Exit  <<< PME.RpcServerApiWrapper.PmeRpcServerApi.AdaptResponse()
[51] 2026-03-28 08:11:03,431 DEBUG Exit  <<< PME.RpcServerApiWrapper.PmeRpcServerApi.Execute("1", "Pme.Version")
[51] 2026-03-28 08:11:03,487 DEBUG Enter >>> PME.RpcServerApiWrapper.PmeRpcServerApi.Execute("1", "Pme.GetLatestVersion")
[51] 2026-03-28 08:11:03,489 INFO  PME 2.13.13.5640, Request Handler Agent 2.13.11.5117, File Cache Service Agent 2.13.11.5117, WUA 1451.2601.23012.0
[51] 2026-03-28 08:11:03,497 DEBUG Enter >>> PME.RpcServerApiWrapper.PmeRpcServerApi.AdaptResponse()
[51] 2026-03-28 08:11:03,497 DEBUG Adapter.AdaptResponse => using default Adapter. Params: 0
[51] 2026-03-28 08:11:03,497 DEBUG Enter >>> PME.Adapter.RmmAdapter.AdaptResponse()
[51] 2026-03-28 08:11:03,497 DEBUG Exit  <<< PME.Adapter.RmmAdapter.AdaptResponse()
[51] 2026-03-28 08:11:03,498 DEBUG Exit  <<< PME.RpcServerApiWrapper.PmeRpcServerApi.AdaptResponse()
[51] 2026-03-28 08:11:03,498 DEBUG Exit  <<< PME.RpcServerApiWrapper.PmeRpcServerApi.Execute("1", "Pme.GetLatestVersion")
[51] 2026-03-28 08:11:03,528 DEBUG Enter >>> PME.RpcServerApiWrapper.PmeRpcServerApi.Execute("1", "Pme.StartScan")
[51] 2026-03-28 08:11:03,530 INFO  PME 2.13.13.5640, Request Handler Agent 2.13.11.5117, File Cache Service Agent 2.13.11.5117, WUA 1451.2601.23012.0
[51] 2026-03-28 08:11:03,535 DEBUG PME.RpcServerApiWrapper.PmeRpcServerApi.StartScan => parameters:
[51] 2026-03-28 08:11:03,535 DEBUG 	outputFileName=C:\PROGRA~2\ADVANC~1\scans\PatchMan_1530333953
[51] 2026-03-28 08:12:22,897 INFO  PME.RpcServerApiWrapper.PmeRpcServerApi.Execute => submitting to Perun is not enabled (feature flag check)
[51] 2026-03-28 08:12:22,899 DEBUG Enter >>> PME.RpcServerApiWrapper.PmeRpcServerApi.AdaptResponse()
[51] 2026-03-28 08:12:22,899 DEBUG Adapter.AdaptResponse => using default Adapter. Params: 1
[51] 2026-03-28 08:12:22,900 DEBUG Enter >>> PME.Adapter.RmmAdapter.AdaptResponse()
[51] 2026-03-28 08:12:22,900 DEBUG Enter >>> PME.Adapter.RmmAdapter.GetAdaptedStartScanResponse()
[51] 2026-03-28 08:12:22,901 DEBUG Enter >>> PME.Adapter.RmmAdapter.GetOutputFileNameFromParams()
[51] 2026-03-28 08:12:22,901 DEBUG Exit  <<< PME.Adapter.RmmAdapter.GetOutputFileNameFromParams(), returns "C:\PROGRA~2\ADVANC~1\scans\PatchMan_1530333953"
[51] 2026-03-28 08:12:22,902 DEBUG Enter >>> PME.Adapter.RmmAdapter.GetStartScanRmmDataSkeleton()
[51] 2026-03-28 08:12:22,902 DEBUG Enter >>> PME.Adapter.RmmAdapter.GetLocalIpAddress()
[51] 2026-03-28 08:12:22,904 DEBUG Exit  <<< PME.Adapter.RmmAdapter.GetLocalIpAddress(), returns "169.254.83.107"
[51] 2026-03-28 08:12:22,904 DEBUG Exit  <<< PME.Adapter.RmmAdapter.GetStartScanRmmDataSkeleton()
[51] 2026-03-28 08:12:22,906 DEBUG Enter >>> PME.Adapter.RmmAdapter.FillRmmData()
[51] 2026-03-28 08:12:22,906 DEBUG Enter >>> PME.Adapter.RmmAdapter.CreateListOfHotfixesAndMissingHotfixes()
[51] 2026-03-28 08:12:22,908 DEBUG Exit  <<< PME.Adapter.RmmAdapter.CreateListOfHotfixesAndMissingHotfixes()
[51] 2026-03-28 08:12:22,908 DEBUG Enter >>> PME.Adapter.RmmAdapter.GetProducts()
[51] 2026-03-28 08:12:22,920 DEBUG Exit  <<< PME.Adapter.RmmAdapter.GetProducts()
[51] 2026-03-28 08:12:22,921 DEBUG Enter >>> PME.Adapter.RmmAdapter.GetProducts()
[51] 2026-03-28 08:12:22,932 DEBUG Exit  <<< PME.Adapter.RmmAdapter.GetProducts()
[51] 2026-03-28 08:12:22,933 DEBUG Exit  <<< PME.Adapter.RmmAdapter.FillRmmData()
[51] 2026-03-28 08:12:22,934 OFF   GetAdaptedStartScanResponse => Scan result numbers: 10 installed patches, 7 missing patches
[51] 2026-03-28 08:12:22,934 DEBUG Enter >>> PME.Adapter.RmmAdapter.SaveXmlFile(outputFileName = "C:\PROGRA~2\ADVANC~1\scans\PatchMan_1530333953")
[51] 2026-03-28 08:12:22,942 DEBUG Exit  <<< PME.Adapter.RmmAdapter.SaveXmlFile(outputFileName = "C:\PROGRA~2\ADVANC~1\scans\PatchMan_1530333953")
[51] 2026-03-28 08:12:22,943 DEBUG Enter >>> PME.Adapter.RmmAdapter.SaveJsonFile(outputFileName = "C:\PROGRA~2\ADVANC~1\scans\PatchMan_1530333953.json")
[51] 2026-03-28 08:12:22,972 DEBUG Exit  <<< PME.Adapter.RmmAdapter.SaveJsonFile(outputFileName = "C:\PROGRA~2\ADVANC~1\scans\PatchMan_1530333953.json")
[51] 2026-03-28 08:12:22,973 DEBUG Exit  <<< PME.Adapter.RmmAdapter.GetAdaptedStartScanResponse()
[51] 2026-03-28 08:12:22,974 DEBUG Exit  <<< PME.Adapter.RmmAdapter.AdaptResponse()
[51] 2026-03-28 08:12:22,974 DEBUG Exit  <<< PME.RpcServerApiWrapper.PmeRpcServerApi.AdaptResponse()
[51] 2026-03-28 08:12:22,974 DEBUG Exit  <<< PME.RpcServerApiWrapper.PmeRpcServerApi.Execute("1", "Pme.StartScan")
[38] 2026-03-29 08:12:11,125 DEBUG Enter >>> PME.RpcServerApiWrapper.PmeRpcServerApi.Execute("1", "Pme.Version")
[38] 2026-03-29 08:12:11,129 INFO  PME 2.13.13.5640, Request Handler Agent 2.13.11.5117, File Cache Service Agent 2.13.11.5117, WUA 1451.2601.23012.0
[38] 2026-03-29 08:12:11,141 DEBUG Enter >>> PME.RpcServerApiWrapper.PmeRpcServerApi.AdaptResponse()
[38] 2026-03-29 08:12:11,141 DEBUG Adapter.AdaptResponse => using default Adapter. Params: 0
[38] 2026-03-29 08:12:11,143 DEBUG Enter >>> PME.Adapter.RmmAdapter.AdaptResponse()
[38] 2026-03-29 08:12:11,143 DEBUG Exit  <<< PME.Adapter.RmmAdapter.AdaptResponse()
[38] 2026-03-29 08:12:11,143 DEBUG Exit  <<< PME.RpcServerApiWrapper.PmeRpcServerApi.AdaptResponse()
[38] 2026-03-29 08:12:11,144 DEBUG Exit  <<< PME.RpcServerApiWrapper.PmeRpcServerApi.Execute("1", "Pme.Version")
[38] 2026-03-29 08:12:11,179 DEBUG Enter >>> PME.RpcServerApiWrapper.PmeRpcServerApi.Execute("1", "Pme.GetLatestVersion")
[38] 2026-03-29 08:12:11,182 INFO  PME 2.13.13.5640, Request Handler Agent 2.13.11.5117, File Cache Service Agent 2.13.11.5117, WUA 1451.2601.23012.0
[38] 2026-03-29 08:12:11,200 DEBUG Enter >>> PME.RpcServerApiWrapper.PmeRpcServerApi.AdaptResponse()
[38] 2026-03-29 08:12:11,200 DEBUG Adapter.AdaptResponse => using default Adapter. Params: 0
[38] 2026-03-29 08:12:11,200 DEBUG Enter >>> PME.Adapter.RmmAdapter.AdaptResponse()
[38] 2026-03-29 08:12:11,200 DEBUG Exit  <<< PME.Adapter.RmmAdapter.AdaptResponse()
[38] 2026-03-29 08:12:11,201 DEBUG Exit  <<< PME.RpcServerApiWrapper.PmeRpcServerApi.AdaptResponse()
[38] 2026-03-29 08:12:11,201 DEBUG Exit  <<< PME.RpcServerApiWrapper.PmeRpcServerApi.Execute("1", "Pme.GetLatestVersion")
[38] 2026-03-29 08:13:14,170 DEBUG Enter >>> PME.RpcServerApiWrapper.PmeRpcServerApi.Execute("1", "Pme.Version")
[38] 2026-03-29 08:13:14,172 INFO  PME 2.13.13.5640, Request Handler Agent 2.13.11.5117, File Cache Service Agent 2.13.11.5117, WUA 1451.2601.23012.0
[38] 2026-03-29 08:13:14,174 DEBUG Enter >>> PME.RpcServerApiWrapper.PmeRpcServerApi.AdaptResponse()
[38] 2026-03-29 08:13:14,174 DEBUG Adapter.AdaptResponse => using default Adapter. Params: 0
[38] 2026-03-29 08:13:14,175 DEBUG Enter >>> PME.Adapter.RmmAdapter.AdaptResponse()
[38] 2026-03-29 08:13:14,175 DEBUG Exit  <<< PME.Adapter.RmmAdapter.AdaptResponse()
[38] 2026-03-29 08:13:14,175 DEBUG Exit  <<< PME.RpcServerApiWrapper.PmeRpcServerApi.AdaptResponse()
[38] 2026-03-29 08:13:14,176 DEBUG Exit  <<< PME.RpcServerApiWrapper.PmeRpcServerApi.Execute("1", "Pme.Version")
[38] 2026-03-29 08:13:14,202 DEBUG Enter >>> PME.RpcServerApiWrapper.PmeRpcServerApi.Execute("1", "Pme.GetLatestVersion")
[38] 2026-03-29 08:13:14,203 INFO  PME 2.13.13.5640, Request Handler Agent 2.13.11.5117, File Cache Service Agent 2.13.11.5117, WUA 1451.2601.23012.0
[38] 2026-03-29 08:13:14,213 DEBUG Enter >>> PME.RpcServerApiWrapper.PmeRpcServerApi.AdaptResponse()
[38] 2026-03-29 08:13:14,214 DEBUG Adapter.AdaptResponse => using default Adapter. Params: 0
[38] 2026-03-29 08:13:14,214 DEBUG Enter >>> PME.Adapter.RmmAdapter.AdaptResponse()
[38] 2026-03-29 08:13:14,214 DEBUG Exit  <<< PME.Adapter.RmmAdapter.AdaptResponse()
[38] 2026-03-29 08:13:14,214 DEBUG Exit  <<< PME.RpcServerApiWrapper.PmeRpcServerApi.AdaptResponse()
[38] 2026-03-29 08:13:14,214 DEBUG Exit  <<< PME.RpcServerApiWrapper.PmeRpcServerApi.Execute("1", "Pme.GetLatestVersion")
[38] 2026-03-29 08:13:14,244 DEBUG Enter >>> PME.RpcServerApiWrapper.PmeRpcServerApi.Execute("1", "Pme.StartScan")
[38] 2026-03-29 08:13:14,246 INFO  PME 2.13.13.5640, Request Handler Agent 2.13.11.5117, File Cache Service Agent 2.13.11.5117, WUA 1451.2601.23012.0
[38] 2026-03-29 08:13:14,250 DEBUG PME.RpcServerApiWrapper.PmeRpcServerApi.StartScan => parameters:
[38] 2026-03-29 08:13:14,251 DEBUG 	outputFileName=C:\PROGRA~2\ADVANC~1\scans\PatchMan_1616864671
[38] 2026-03-29 08:14:28,789 INFO  PME.RpcServerApiWrapper.PmeRpcServerApi.Execute => submitting to Perun is not enabled (feature flag check)
[38] 2026-03-29 08:14:28,789 DEBUG Enter >>> PME.RpcServerApiWrapper.PmeRpcServerApi.AdaptResponse()
[38] 2026-03-29 08:14:28,789 DEBUG Adapter.AdaptResponse => using default Adapter. Params: 1
[38] 2026-03-29 08:14:28,789 DEBUG Enter >>> PME.Adapter.RmmAdapter.AdaptResponse()
[38] 2026-03-29 08:14:28,790 DEBUG Enter >>> PME.Adapter.RmmAdapter.GetAdaptedStartScanResponse()
[38] 2026-03-29 08:14:28,790 DEBUG Enter >>> PME.Adapter.RmmAdapter.GetOutputFileNameFromParams()
[38] 2026-03-29 08:14:28,790 DEBUG Exit  <<< PME.Adapter.RmmAdapter.GetOutputFileNameFromParams(), returns "C:\PROGRA~2\ADVANC~1\scans\PatchMan_1616864671"
[38] 2026-03-29 08:14:28,790 DEBUG Enter >>> PME.Adapter.RmmAdapter.GetStartScanRmmDataSkeleton()
[38] 2026-03-29 08:14:28,791 DEBUG Enter >>> PME.Adapter.RmmAdapter.GetLocalIpAddress()
[38] 2026-03-29 08:14:28,792 DEBUG Exit  <<< PME.Adapter.RmmAdapter.GetLocalIpAddress(), returns "169.254.83.107"
[38] 2026-03-29 08:14:28,793 DEBUG Exit  <<< PME.Adapter.RmmAdapter.GetStartScanRmmDataSkeleton()
[38] 2026-03-29 08:14:28,793 DEBUG Enter >>> PME.Adapter.RmmAdapter.FillRmmData()
[38] 2026-03-29 08:14:28,793 DEBUG Enter >>> PME.Adapter.RmmAdapter.CreateListOfHotfixesAndMissingHotfixes()
[38] 2026-03-29 08:14:28,793 DEBUG Exit  <<< PME.Adapter.RmmAdapter.CreateListOfHotfixesAndMissingHotfixes()
[38] 2026-03-29 08:14:28,793 DEBUG Enter >>> PME.Adapter.RmmAdapter.GetProducts()
[38] 2026-03-29 08:14:28,802 WARN  Unknown severity: "Unspecified"
[38] 2026-03-29 08:14:28,805 DEBUG Exit  <<< PME.Adapter.RmmAdapter.GetProducts()
[38] 2026-03-29 08:14:28,805 DEBUG Enter >>> PME.Adapter.RmmAdapter.GetProducts()
[38] 2026-03-29 08:14:28,810 DEBUG Exit  <<< PME.Adapter.RmmAdapter.GetProducts()
[38] 2026-03-29 08:14:28,811 DEBUG Exit  <<< PME.Adapter.RmmAdapter.FillRmmData()
[38] 2026-03-29 08:14:28,811 OFF   GetAdaptedStartScanResponse => Scan result numbers: 12 installed patches, 5 missing patches
[38] 2026-03-29 08:14:28,811 DEBUG Enter >>> PME.Adapter.RmmAdapter.SaveXmlFile(outputFileName = "C:\PROGRA~2\ADVANC~1\scans\PatchMan_1616864671")
[38] 2026-03-29 08:14:28,812 DEBUG Exit  <<< PME.Adapter.RmmAdapter.SaveXmlFile(outputFileName = "C:\PROGRA~2\ADVANC~1\scans\PatchMan_1616864671")
[38] 2026-03-29 08:14:28,813 DEBUG Enter >>> PME.Adapter.RmmAdapter.SaveJsonFile(outputFileName = "C:\PROGRA~2\ADVANC~1\scans\PatchMan_1616864671.json")
[38] 2026-03-29 08:14:28,855 DEBUG Exit  <<< PME.Adapter.RmmAdapter.SaveJsonFile(outputFileName = "C:\PROGRA~2\ADVANC~1\scans\PatchMan_1616864671.json")
[38] 2026-03-29 08:14:28,856 DEBUG Exit  <<< PME.Adapter.RmmAdapter.GetAdaptedStartScanResponse()
[38] 2026-03-29 08:14:28,857 DEBUG Exit  <<< PME.Adapter.RmmAdapter.AdaptResponse()
[38] 2026-03-29 08:14:28,857 DEBUG Exit  <<< PME.RpcServerApiWrapper.PmeRpcServerApi.AdaptResponse()
[38] 2026-03-29 08:14:28,857 DEBUG Exit  <<< PME.RpcServerApiWrapper.PmeRpcServerApi.Execute("1", "Pme.StartScan")
[51] 2026-03-29 09:00:28,005 DEBUG Enter >>> PME.RpcServerApiWrapper.PmeRpcServerApi.Execute("1", "Pme.Version")
[51] 2026-03-29 09:00:28,008 INFO  PME 2.13.13.5640, Request Handler Agent 2.13.11.5117, File Cache Service Agent 2.13.11.5117, WUA 1451.2601.23012.0
[51] 2026-03-29 09:00:28,010 DEBUG Enter >>> PME.RpcServerApiWrapper.PmeRpcServerApi.AdaptResponse()
[51] 2026-03-29 09:00:28,011 DEBUG Adapter.AdaptResponse => using default Adapter. Params: 0
[51] 2026-03-29 09:00:28,011 DEBUG Enter >>> PME.Adapter.RmmAdapter.AdaptResponse()
[51] 2026-03-29 09:00:28,011 DEBUG Exit  <<< PME.Adapter.RmmAdapter.AdaptResponse()
[51] 2026-03-29 09:00:28,011 DEBUG Exit  <<< PME.RpcServerApiWrapper.PmeRpcServerApi.AdaptResponse()
[51] 2026-03-29 09:00:28,011 DEBUG Exit  <<< PME.RpcServerApiWrapper.PmeRpcServerApi.Execute("1", "Pme.Version")
[51] 2026-03-29 09:00:28,036 DEBUG Enter >>> PME.RpcServerApiWrapper.PmeRpcServerApi.Execute("1", "Pme.GetLatestVersion")
[51] 2026-03-29 09:00:28,037 INFO  PME 2.13.13.5640, Request Handler Agent 2.13.11.5117, File Cache Service Agent 2.13.11.5117, WUA 1451.2601.23012.0
[51] 2026-03-29 09:00:28,049 DEBUG Enter >>> PME.RpcServerApiWrapper.PmeRpcServerApi.AdaptResponse()
[51] 2026-03-29 09:00:28,049 DEBUG Adapter.AdaptResponse => using default Adapter. Params: 0
[51] 2026-03-29 09:00:28,049 DEBUG Enter >>> PME.Adapter.RmmAdapter.AdaptResponse()
[51] 2026-03-29 09:00:28,049 DEBUG Exit  <<< PME.Adapter.RmmAdapter.AdaptResponse()
[51] 2026-03-29 09:00:28,050 DEBUG Exit  <<< PME.RpcServerApiWrapper.PmeRpcServerApi.AdaptResponse()
[51] 2026-03-29 09:00:28,050 DEBUG Exit  <<< PME.RpcServerApiWrapper.PmeRpcServerApi.Execute("1", "Pme.GetLatestVersion")
[51] 2026-03-29 09:00:28,323 DEBUG Enter >>> PME.RpcServerApiWrapper.PmeRpcServerApi.Execute("1", "Pme.Install")
[51] 2026-03-29 09:00:28,325 INFO  PME 2.13.13.5640, Request Handler Agent 2.13.11.5117, File Cache Service Agent 2.13.11.5117, WUA 1451.2601.23012.0
[51] 2026-03-29 09:00:28,328 INFO  PME.RpcServerApiWrapper.PmeRpcServerApi.StartActions => Set 'InstallationTimeoutInMinutes' by config file to 180
[51] 2026-03-29 09:02:42,737 DEBUG Enter >>> PME.RpcServerApiWrapper.PmeRpcServerApi.AdaptResponse()
[51] 2026-03-29 09:02:42,737 DEBUG Adapter.AdaptResponse => using default Adapter. Params: 1
[51] 2026-03-29 09:02:42,737 DEBUG Enter >>> PME.Adapter.RmmAdapter.AdaptResponse()
[51] 2026-03-29 09:02:42,738 DEBUG Enter >>> PME.Adapter.RmmAdapter.GetAdaptedStartActionsResult()
[51] 2026-03-29 09:02:42,738 DEBUG Enter >>> PME.Adapter.RmmAdapter.GetOutputFileNameFromParams()
[51] 2026-03-29 09:02:42,738 DEBUG Exit  <<< PME.Adapter.RmmAdapter.GetOutputFileNameFromParams(), returns ""
[51] 2026-03-29 09:02:42,738 DEBUG Enter >>> PME.Adapter.RmmAdapter.GenerateOutputFileName()
[51] 2026-03-29 09:02:42,739 DEBUG Enter >>> PME.Adapter.RmmAdapter.GetOutputFilePath()
[51] 2026-03-29 09:02:42,739 DEBUG Exit  <<< PME.Adapter.RmmAdapter.GetOutputFilePath(), returns "C:\ProgramData\MspPlatform\PME\data"
[51] 2026-03-29 09:02:42,739 DEBUG Exit  <<< PME.Adapter.RmmAdapter.GenerateOutputFileName(), returns "C:\ProgramData\MspPlatform\PME\data\Pme.Install_20260329090242_1.xml"
[51] 2026-03-29 09:02:42,739 DEBUG Enter >>> PME.Adapter.RmmAdapter.GetStartActionRmmDataSkeleton()
[51] 2026-03-29 09:02:42,740 DEBUG Exit  <<< PME.Adapter.RmmAdapter.GetStartActionRmmDataSkeleton()
[51] 2026-03-29 09:02:42,740 DEBUG Enter >>> PME.Adapter.RmmAdapter.SaveXmlFile(outputFileName = "C:\ProgramData\MspPlatform\PME\data\Pme.Install_20260329090242_1.xml")
[51] 2026-03-29 09:02:42,741 DEBUG Exit  <<< PME.Adapter.RmmAdapter.SaveXmlFile(outputFileName = "C:\ProgramData\MspPlatform\PME\data\Pme.Install_20260329090242_1.xml")
[51] 2026-03-29 09:02:42,741 DEBUG Exit  <<< PME.Adapter.RmmAdapter.GetAdaptedStartActionsResult()
[51] 2026-03-29 09:02:42,742 DEBUG Exit  <<< PME.Adapter.RmmAdapter.AdaptResponse()
[51] 2026-03-29 09:02:42,742 DEBUG Exit  <<< PME.RpcServerApiWrapper.PmeRpcServerApi.AdaptResponse()
[51] 2026-03-29 09:02:42,742 DEBUG Exit  <<< PME.RpcServerApiWrapper.PmeRpcServerApi.Execute("1", "Pme.Install")
[51] 2026-03-29 09:03:28,729 DEBUG Enter >>> PME.RpcServerApiWrapper.PmeRpcServerApi.Execute("1", "Pme.Version")
[51] 2026-03-29 09:03:28,730 INFO  PME 2.13.13.5640, Request Handler Agent 2.13.11.5117, File Cache Service Agent 2.13.11.5117, WUA 1451.2601.23012.0
[51] 2026-03-29 09:03:28,732 DEBUG Enter >>> PME.RpcServerApiWrapper.PmeRpcServerApi.AdaptResponse()
[51] 2026-03-29 09:03:28,733 DEBUG Adapter.AdaptResponse => using default Adapter. Params: 0
[51] 2026-03-29 09:03:28,733 DEBUG Enter >>> PME.Adapter.RmmAdapter.AdaptResponse()
[51] 2026-03-29 09:03:28,733 DEBUG Exit  <<< PME.Adapter.RmmAdapter.AdaptResponse()
[51] 2026-03-29 09:03:28,733 DEBUG Exit  <<< PME.RpcServerApiWrapper.PmeRpcServerApi.AdaptResponse()
[51] 2026-03-29 09:03:28,734 DEBUG Exit  <<< PME.RpcServerApiWrapper.PmeRpcServerApi.Execute("1", "Pme.Version")
[51] 2026-03-29 09:03:28,758 DEBUG Enter >>> PME.RpcServerApiWrapper.PmeRpcServerApi.Execute("1", "Pme.GetLatestVersion")
[51] 2026-03-29 09:03:28,759 INFO  PME 2.13.13.5640, Request Handler Agent 2.13.11.5117, File Cache Service Agent 2.13.11.5117, WUA 1451.2601.23012.0
[51] 2026-03-29 09:03:28,768 DEBUG Enter >>> PME.RpcServerApiWrapper.PmeRpcServerApi.AdaptResponse()
[51] 2026-03-29 09:03:28,769 DEBUG Adapter.AdaptResponse => using default Adapter. Params: 0
[51] 2026-03-29 09:03:28,769 DEBUG Enter >>> PME.Adapter.RmmAdapter.AdaptResponse()
[51] 2026-03-29 09:03:28,769 DEBUG Exit  <<< PME.Adapter.RmmAdapter.AdaptResponse()
[51] 2026-03-29 09:03:28,769 DEBUG Exit  <<< PME.RpcServerApiWrapper.PmeRpcServerApi.AdaptResponse()
[51] 2026-03-29 09:03:28,770 DEBUG Exit  <<< PME.RpcServerApiWrapper.PmeRpcServerApi.Execute("1", "Pme.GetLatestVersion")
[51] 2026-03-29 09:03:28,794 DEBUG Enter >>> PME.RpcServerApiWrapper.PmeRpcServerApi.Execute("1", "Pme.StartScan")
[51] 2026-03-29 09:03:28,795 INFO  PME 2.13.13.5640, Request Handler Agent 2.13.11.5117, File Cache Service Agent 2.13.11.5117, WUA 1451.2601.23012.0
[51] 2026-03-29 09:03:28,798 DEBUG PME.RpcServerApiWrapper.PmeRpcServerApi.StartScan => parameters:
[51] 2026-03-29 09:03:28,798 DEBUG 	outputFileName=C:\PROGRA~2\ADVANC~1\scans\PatchMan_1619879218
[51] 2026-03-29 09:04:00,293 INFO  PME.RpcServerApiWrapper.PmeRpcServerApi.Execute => submitting to Perun is not enabled (feature flag check)
[51] 2026-03-29 09:04:00,294 DEBUG Enter >>> PME.RpcServerApiWrapper.PmeRpcServerApi.AdaptResponse()
[51] 2026-03-29 09:04:00,294 DEBUG Adapter.AdaptResponse => using default Adapter. Params: 1
[51] 2026-03-29 09:04:00,294 DEBUG Enter >>> PME.Adapter.RmmAdapter.AdaptResponse()
[51] 2026-03-29 09:04:00,294 DEBUG Enter >>> PME.Adapter.RmmAdapter.GetAdaptedStartScanResponse()
[51] 2026-03-29 09:04:00,295 DEBUG Enter >>> PME.Adapter.RmmAdapter.GetOutputFileNameFromParams()
[51] 2026-03-29 09:04:00,295 DEBUG Exit  <<< PME.Adapter.RmmAdapter.GetOutputFileNameFromParams(), returns "C:\PROGRA~2\ADVANC~1\scans\PatchMan_1619879218"
[51] 2026-03-29 09:04:00,295 DEBUG Enter >>> PME.Adapter.RmmAdapter.GetStartScanRmmDataSkeleton()
[51] 2026-03-29 09:04:00,296 DEBUG Enter >>> PME.Adapter.RmmAdapter.GetLocalIpAddress()
[51] 2026-03-29 09:04:00,297 DEBUG Exit  <<< PME.Adapter.RmmAdapter.GetLocalIpAddress(), returns "169.254.83.107"
[51] 2026-03-29 09:04:00,297 DEBUG Exit  <<< PME.Adapter.RmmAdapter.GetStartScanRmmDataSkeleton()
[51] 2026-03-29 09:04:00,297 DEBUG Enter >>> PME.Adapter.RmmAdapter.FillRmmData()
[51] 2026-03-29 09:04:00,298 DEBUG Enter >>> PME.Adapter.RmmAdapter.CreateListOfHotfixesAndMissingHotfixes()
[51] 2026-03-29 09:04:00,298 DEBUG Exit  <<< PME.Adapter.RmmAdapter.CreateListOfHotfixesAndMissingHotfixes()
[51] 2026-03-29 09:04:00,298 DEBUG Enter >>> PME.Adapter.RmmAdapter.GetProducts()
[51] 2026-03-29 09:04:00,305 WARN  Unknown severity: "Unspecified"
[51] 2026-03-29 09:04:00,308 DEBUG Exit  <<< PME.Adapter.RmmAdapter.GetProducts()
[51] 2026-03-29 09:04:00,308 DEBUG Enter >>> PME.Adapter.RmmAdapter.GetProducts()
[51] 2026-03-29 09:04:00,311 DEBUG Exit  <<< PME.Adapter.RmmAdapter.GetProducts()
[51] 2026-03-29 09:04:00,311 DEBUG Exit  <<< PME.Adapter.RmmAdapter.FillRmmData()
[51] 2026-03-29 09:04:00,311 OFF   GetAdaptedStartScanResponse => Scan result numbers: 14 installed patches, 2 missing patches
[51] 2026-03-29 09:04:00,312 DEBUG Enter >>> PME.Adapter.RmmAdapter.SaveXmlFile(outputFileName = "C:\PROGRA~2\ADVANC~1\scans\PatchMan_1619879218")
[51] 2026-03-29 09:04:00,313 DEBUG Exit  <<< PME.Adapter.RmmAdapter.SaveXmlFile(outputFileName = "C:\PROGRA~2\ADVANC~1\scans\PatchMan_1619879218")
[51] 2026-03-29 09:04:00,313 DEBUG Enter >>> PME.Adapter.RmmAdapter.SaveJsonFile(outputFileName = "C:\PROGRA~2\ADVANC~1\scans\PatchMan_1619879218.json")
[51] 2026-03-29 09:04:00,328 DEBUG Exit  <<< PME.Adapter.RmmAdapter.SaveJsonFile(outputFileName = "C:\PROGRA~2\ADVANC~1\scans\PatchMan_1619879218.json")
[51] 2026-03-29 09:04:00,328 DEBUG Exit  <<< PME.Adapter.RmmAdapter.GetAdaptedStartScanResponse()
[51] 2026-03-29 09:04:00,328 DEBUG Exit  <<< PME.Adapter.RmmAdapter.AdaptResponse()
[51] 2026-03-29 09:04:00,328 DEBUG Exit  <<< PME.RpcServerApiWrapper.PmeRpcServerApi.AdaptResponse()
[51] 2026-03-29 09:04:00,329 DEBUG Exit  <<< PME.RpcServerApiWrapper.PmeRpcServerApi.Execute("1", "Pme.StartScan")
[56] 2026-03-29 11:04:02,070 DEBUG Enter >>> PME.RpcServerApiWrapper.PmeRpcServerApi.Execute("1", "Pme.Version")
[56] 2026-03-29 11:04:02,072 INFO  PME 2.13.13.5640, Request Handler Agent 2.13.11.5117, File Cache Service Agent 2.13.11.5117, WUA 1451.2601.23012.0
[56] 2026-03-29 11:04:02,075 DEBUG Enter >>> PME.RpcServerApiWrapper.PmeRpcServerApi.AdaptResponse()
[56] 2026-03-29 11:04:02,075 DEBUG Adapter.AdaptResponse => using default Adapter. Params: 0
[56] 2026-03-29 11:04:02,076 DEBUG Enter >>> PME.Adapter.RmmAdapter.AdaptResponse()
[56] 2026-03-29 11:04:02,076 DEBUG Exit  <<< PME.Adapter.RmmAdapter.AdaptResponse()
[56] 2026-03-29 11:04:02,076 DEBUG Exit  <<< PME.RpcServerApiWrapper.PmeRpcServerApi.AdaptResponse()
[56] 2026-03-29 11:04:02,076 DEBUG Exit  <<< PME.RpcServerApiWrapper.PmeRpcServerApi.Execute("1", "Pme.Version")
[56] 2026-03-29 11:04:02,116 DEBUG Enter >>> PME.RpcServerApiWrapper.PmeRpcServerApi.Execute("1", "Pme.GetLatestVersion")
[56] 2026-03-29 11:04:02,117 INFO  PME 2.13.13.5640, Request Handler Agent 2.13.11.5117, File Cache Service Agent 2.13.11.5117, WUA 1451.2601.23012.0
[56] 2026-03-29 11:04:02,135 DEBUG Enter >>> PME.RpcServerApiWrapper.PmeRpcServerApi.AdaptResponse()
[56] 2026-03-29 11:04:02,136 DEBUG Adapter.AdaptResponse => using default Adapter. Params: 0
[56] 2026-03-29 11:04:02,136 DEBUG Enter >>> PME.Adapter.RmmAdapter.AdaptResponse()
[56] 2026-03-29 11:04:02,136 DEBUG Exit  <<< PME.Adapter.RmmAdapter.AdaptResponse()
[56] 2026-03-29 11:04:02,137 DEBUG Exit  <<< PME.RpcServerApiWrapper.PmeRpcServerApi.AdaptResponse()
[56] 2026-03-29 11:04:02,137 DEBUG Exit  <<< PME.RpcServerApiWrapper.PmeRpcServerApi.Execute("1", "Pme.GetLatestVersion")
[56] 2026-03-29 11:04:02,185 DEBUG Enter >>> PME.RpcServerApiWrapper.PmeRpcServerApi.Execute("1", "Pme.StartScan")
[56] 2026-03-29 11:04:02,186 INFO  PME 2.13.13.5640, Request Handler Agent 2.13.11.5117, File Cache Service Agent 2.13.11.5117, WUA 1451.2601.23012.0
[56] 2026-03-29 11:04:02,190 DEBUG PME.RpcServerApiWrapper.PmeRpcServerApi.StartScan => parameters:
[56] 2026-03-29 11:04:02,191 DEBUG 	outputFileName=C:\PROGRA~2\ADVANC~1\scans\PatchMan_1627112593
[56] 2026-03-29 11:04:56,338 INFO  PME.RpcServerApiWrapper.PmeRpcServerApi.Execute => submitting to Perun is not enabled (feature flag check)
[56] 2026-03-29 11:04:56,338 DEBUG Enter >>> PME.RpcServerApiWrapper.PmeRpcServerApi.AdaptResponse()
[56] 2026-03-29 11:04:56,339 DEBUG Adapter.AdaptResponse => using default Adapter. Params: 1
[56] 2026-03-29 11:04:56,339 DEBUG Enter >>> PME.Adapter.RmmAdapter.AdaptResponse()
[56] 2026-03-29 11:04:56,339 DEBUG Enter >>> PME.Adapter.RmmAdapter.GetAdaptedStartScanResponse()
[56] 2026-03-29 11:04:56,340 DEBUG Enter >>> PME.Adapter.RmmAdapter.GetOutputFileNameFromParams()
[56] 2026-03-29 11:04:56,340 DEBUG Exit  <<< PME.Adapter.RmmAdapter.GetOutputFileNameFromParams(), returns "C:\PROGRA~2\ADVANC~1\scans\PatchMan_1627112593"
[56] 2026-03-29 11:04:56,340 DEBUG Enter >>> PME.Adapter.RmmAdapter.GetStartScanRmmDataSkeleton()
[56] 2026-03-29 11:04:56,341 DEBUG Enter >>> PME.Adapter.RmmAdapter.GetLocalIpAddress()
[56] 2026-03-29 11:04:56,343 DEBUG Exit  <<< PME.Adapter.RmmAdapter.GetLocalIpAddress(), returns "169.254.83.107"
[56] 2026-03-29 11:04:56,343 DEBUG Exit  <<< PME.Adapter.RmmAdapter.GetStartScanRmmDataSkeleton()
[56] 2026-03-29 11:04:56,344 DEBUG Enter >>> PME.Adapter.RmmAdapter.FillRmmData()
[56] 2026-03-29 11:04:56,344 DEBUG Enter >>> PME.Adapter.RmmAdapter.CreateListOfHotfixesAndMissingHotfixes()
[56] 2026-03-29 11:04:56,344 DEBUG Exit  <<< PME.Adapter.RmmAdapter.CreateListOfHotfixesAndMissingHotfixes()
[56] 2026-03-29 11:04:56,345 DEBUG Enter >>> PME.Adapter.RmmAdapter.GetProducts()
[56] 2026-03-29 11:04:56,353 WARN  Unknown severity: "Unspecified"
[56] 2026-03-29 11:04:56,357 DEBUG Exit  <<< PME.Adapter.RmmAdapter.GetProducts()
[56] 2026-03-29 11:04:56,358 DEBUG Enter >>> PME.Adapter.RmmAdapter.GetProducts()
[56] 2026-03-29 11:04:56,362 DEBUG Exit  <<< PME.Adapter.RmmAdapter.GetProducts()
[56] 2026-03-29 11:04:56,362 DEBUG Exit  <<< PME.Adapter.RmmAdapter.FillRmmData()
[56] 2026-03-29 11:04:56,363 OFF   GetAdaptedStartScanResponse => Scan result numbers: 13 installed patches, 3 missing patches
[56] 2026-03-29 11:04:56,363 DEBUG Enter >>> PME.Adapter.RmmAdapter.SaveXmlFile(outputFileName = "C:\PROGRA~2\ADVANC~1\scans\PatchMan_1627112593")
[56] 2026-03-29 11:04:56,365 DEBUG Exit  <<< PME.Adapter.RmmAdapter.SaveXmlFile(outputFileName = "C:\PROGRA~2\ADVANC~1\scans\PatchMan_1627112593")
[56] 2026-03-29 11:04:56,366 DEBUG Enter >>> PME.Adapter.RmmAdapter.SaveJsonFile(outputFileName = "C:\PROGRA~2\ADVANC~1\scans\PatchMan_1627112593.json")
[56] 2026-03-29 11:04:56,397 DEBUG Exit  <<< PME.Adapter.RmmAdapter.SaveJsonFile(outputFileName = "C:\PROGRA~2\ADVANC~1\scans\PatchMan_1627112593.json")
[56] 2026-03-29 11:04:56,398 DEBUG Exit  <<< PME.Adapter.RmmAdapter.GetAdaptedStartScanResponse()
[56] 2026-03-29 11:04:56,401 DEBUG Exit  <<< PME.Adapter.RmmAdapter.AdaptResponse()
[56] 2026-03-29 11:04:56,402 DEBUG Exit  <<< PME.RpcServerApiWrapper.PmeRpcServerApi.AdaptResponse()
[56] 2026-03-29 11:04:56,403 DEBUG Exit  <<< PME.RpcServerApiWrapper.PmeRpcServerApi.Execute("1", "Pme.StartScan")
[56] 2026-03-30 06:01:52,894 DEBUG Enter >>> PME.RpcServerApiWrapper.PmeRpcServerApi.Execute("1", "Pme.Version")
[56] 2026-03-30 06:01:52,896 INFO  PME 2.13.13.5640, Request Handler Agent 2.13.11.5117, File Cache Service Agent 2.13.11.5117, WUA 1451.2601.23012.0
[56] 2026-03-30 06:01:52,898 DEBUG Enter >>> PME.RpcServerApiWrapper.PmeRpcServerApi.AdaptResponse()
[56] 2026-03-30 06:01:52,898 DEBUG Adapter.AdaptResponse => using default Adapter. Params: 0
[56] 2026-03-30 06:01:52,898 DEBUG Enter >>> PME.Adapter.RmmAdapter.AdaptResponse()
[56] 2026-03-30 06:01:52,899 DEBUG Exit  <<< PME.Adapter.RmmAdapter.AdaptResponse()
[56] 2026-03-30 06:01:52,899 DEBUG Exit  <<< PME.RpcServerApiWrapper.PmeRpcServerApi.AdaptResponse()
[56] 2026-03-30 06:01:52,900 DEBUG Exit  <<< PME.RpcServerApiWrapper.PmeRpcServerApi.Execute("1", "Pme.Version")
[56] 2026-03-30 06:01:52,932 DEBUG Enter >>> PME.RpcServerApiWrapper.PmeRpcServerApi.Execute("1", "Pme.GetLatestVersion")
[56] 2026-03-30 06:01:52,934 INFO  PME 2.13.13.5640, Request Handler Agent 2.13.11.5117, File Cache Service Agent 2.13.11.5117, WUA 1451.2601.23012.0
[56] 2026-03-30 06:01:52,945 DEBUG Enter >>> PME.RpcServerApiWrapper.PmeRpcServerApi.AdaptResponse()
[56] 2026-03-30 06:01:52,946 DEBUG Adapter.AdaptResponse => using default Adapter. Params: 0
[56] 2026-03-30 06:01:52,946 DEBUG Enter >>> PME.Adapter.RmmAdapter.AdaptResponse()
[56] 2026-03-30 06:01:52,946 DEBUG Exit  <<< PME.Adapter.RmmAdapter.AdaptResponse()
[56] 2026-03-30 06:01:52,947 DEBUG Exit  <<< PME.RpcServerApiWrapper.PmeRpcServerApi.AdaptResponse()
[56] 2026-03-30 06:01:52,947 DEBUG Exit  <<< PME.RpcServerApiWrapper.PmeRpcServerApi.Execute("1", "Pme.GetLatestVersion")
[65] 2026-03-30 09:00:35,709 DEBUG Enter >>> PME.RpcServerApiWrapper.PmeRpcServerApi.Execute("1", "Pme.Version")
[65] 2026-03-30 09:00:35,711 INFO  PME 2.13.13.5640, Request Handler Agent 2.13.11.5117, File Cache Service Agent 2.13.11.5117, WUA 1451.2601.23012.0
[65] 2026-03-30 09:00:35,721 DEBUG Enter >>> PME.RpcServerApiWrapper.PmeRpcServerApi.AdaptResponse()
[65] 2026-03-30 09:00:35,722 DEBUG Adapter.AdaptResponse => using default Adapter. Params: 0
[65] 2026-03-30 09:00:35,722 DEBUG Enter >>> PME.Adapter.RmmAdapter.AdaptResponse()
[65] 2026-03-30 09:00:35,722 DEBUG Exit  <<< PME.Adapter.RmmAdapter.AdaptResponse()
[65] 2026-03-30 09:00:35,722 DEBUG Exit  <<< PME.RpcServerApiWrapper.PmeRpcServerApi.AdaptResponse()
[65] 2026-03-30 09:00:35,723 DEBUG Exit  <<< PME.RpcServerApiWrapper.PmeRpcServerApi.Execute("1", "Pme.Version")
[65] 2026-03-30 09:00:35,751 DEBUG Enter >>> PME.RpcServerApiWrapper.PmeRpcServerApi.Execute("1", "Pme.GetLatestVersion")
[65] 2026-03-30 09:00:35,753 INFO  PME 2.13.13.5640, Request Handler Agent 2.13.11.5117, File Cache Service Agent 2.13.11.5117, WUA 1451.2601.23012.0
[65] 2026-03-30 09:00:35,764 DEBUG Enter >>> PME.RpcServerApiWrapper.PmeRpcServerApi.AdaptResponse()
[65] 2026-03-30 09:00:35,764 DEBUG Adapter.AdaptResponse => using default Adapter. Params: 0
[65] 2026-03-30 09:00:35,765 DEBUG Enter >>> PME.Adapter.RmmAdapter.AdaptResponse()
[65] 2026-03-30 09:00:35,765 DEBUG Exit  <<< PME.Adapter.RmmAdapter.AdaptResponse()
[65] 2026-03-30 09:00:35,765 DEBUG Exit  <<< PME.RpcServerApiWrapper.PmeRpcServerApi.AdaptResponse()
[65] 2026-03-30 09:00:35,765 DEBUG Exit  <<< PME.RpcServerApiWrapper.PmeRpcServerApi.Execute("1", "Pme.GetLatestVersion")
[65] 2026-03-30 09:00:35,995 DEBUG Enter >>> PME.RpcServerApiWrapper.PmeRpcServerApi.Execute("1", "Pme.Install")
[65] 2026-03-30 09:00:35,998 INFO  PME 2.13.13.5640, Request Handler Agent 2.13.11.5117, File Cache Service Agent 2.13.11.5117, WUA 1451.2601.23012.0
[65] 2026-03-30 09:00:36,001 INFO  PME.RpcServerApiWrapper.PmeRpcServerApi.StartActions => Set 'InstallationTimeoutInMinutes' by config file to 180
[65] 2026-03-30 09:00:59,147 DEBUG Enter >>> PME.RpcServerApiWrapper.PmeRpcServerApi.AdaptResponse()
[65] 2026-03-30 09:00:59,147 DEBUG Adapter.AdaptResponse => using default Adapter. Params: 1
[65] 2026-03-30 09:00:59,148 DEBUG Enter >>> PME.Adapter.RmmAdapter.AdaptResponse()
[65] 2026-03-30 09:00:59,148 DEBUG Enter >>> PME.Adapter.RmmAdapter.GetAdaptedStartActionsResult()
[65] 2026-03-30 09:00:59,148 DEBUG Enter >>> PME.Adapter.RmmAdapter.GetOutputFileNameFromParams()
[65] 2026-03-30 09:00:59,149 DEBUG Exit  <<< PME.Adapter.RmmAdapter.GetOutputFileNameFromParams(), returns ""
[65] 2026-03-30 09:00:59,149 DEBUG Enter >>> PME.Adapter.RmmAdapter.GenerateOutputFileName()
[65] 2026-03-30 09:00:59,149 DEBUG Enter >>> PME.Adapter.RmmAdapter.GetOutputFilePath()
[65] 2026-03-30 09:00:59,150 DEBUG Exit  <<< PME.Adapter.RmmAdapter.GetOutputFilePath(), returns "C:\ProgramData\MspPlatform\PME\data"
[65] 2026-03-30 09:00:59,150 DEBUG Exit  <<< PME.Adapter.RmmAdapter.GenerateOutputFileName(), returns "C:\ProgramData\MspPlatform\PME\data\Pme.Install_20260330090059_1.xml"
[65] 2026-03-30 09:00:59,150 DEBUG Enter >>> PME.Adapter.RmmAdapter.GetStartActionRmmDataSkeleton()
[65] 2026-03-30 09:00:59,151 DEBUG Exit  <<< PME.Adapter.RmmAdapter.GetStartActionRmmDataSkeleton()
[65] 2026-03-30 09:00:59,151 DEBUG Enter >>> PME.Adapter.RmmAdapter.SaveXmlFile(outputFileName = "C:\ProgramData\MspPlatform\PME\data\Pme.Install_20260330090059_1.xml")
[65] 2026-03-30 09:00:59,152 DEBUG Exit  <<< PME.Adapter.RmmAdapter.SaveXmlFile(outputFileName = "C:\ProgramData\MspPlatform\PME\data\Pme.Install_20260330090059_1.xml")
[65] 2026-03-30 09:00:59,153 DEBUG Exit  <<< PME.Adapter.RmmAdapter.GetAdaptedStartActionsResult()
[65] 2026-03-30 09:00:59,153 DEBUG Exit  <<< PME.Adapter.RmmAdapter.AdaptResponse()
[65] 2026-03-30 09:00:59,153 DEBUG Exit  <<< PME.RpcServerApiWrapper.PmeRpcServerApi.AdaptResponse()
[65] 2026-03-30 09:00:59,154 DEBUG Exit  <<< PME.RpcServerApiWrapper.PmeRpcServerApi.Execute("1", "Pme.Install")
[57] 2026-03-30 09:01:35,969 DEBUG Enter >>> PME.RpcServerApiWrapper.PmeRpcServerApi.Execute("1", "Pme.Version")
[57] 2026-03-30 09:01:35,971 INFO  PME 2.13.13.5640, Request Handler Agent 2.13.11.5117, File Cache Service Agent 2.13.11.5117, WUA 1451.2601.23012.0
[57] 2026-03-30 09:01:35,973 DEBUG Enter >>> PME.RpcServerApiWrapper.PmeRpcServerApi.AdaptResponse()
[57] 2026-03-30 09:01:35,974 DEBUG Adapter.AdaptResponse => using default Adapter. Params: 0
[57] 2026-03-30 09:01:35,974 DEBUG Enter >>> PME.Adapter.RmmAdapter.AdaptResponse()
[57] 2026-03-30 09:01:35,974 DEBUG Exit  <<< PME.Adapter.RmmAdapter.AdaptResponse()
[57] 2026-03-30 09:01:35,975 DEBUG Exit  <<< PME.RpcServerApiWrapper.PmeRpcServerApi.AdaptResponse()
[57] 2026-03-30 09:01:35,975 DEBUG Exit  <<< PME.RpcServerApiWrapper.PmeRpcServerApi.Execute("1", "Pme.Version")
[57] 2026-03-30 09:01:36,004 DEBUG Enter >>> PME.RpcServerApiWrapper.PmeRpcServerApi.Execute("1", "Pme.GetLatestVersion")
[57] 2026-03-30 09:01:36,006 INFO  PME 2.13.13.5640, Request Handler Agent 2.13.11.5117, File Cache Service Agent 2.13.11.5117, WUA 1451.2601.23012.0
[57] 2026-03-30 09:01:36,015 DEBUG Enter >>> PME.RpcServerApiWrapper.PmeRpcServerApi.AdaptResponse()
[57] 2026-03-30 09:01:36,015 DEBUG Adapter.AdaptResponse => using default Adapter. Params: 0
[57] 2026-03-30 09:01:36,015 DEBUG Enter >>> PME.Adapter.RmmAdapter.AdaptResponse()
[57] 2026-03-30 09:01:36,016 DEBUG Exit  <<< PME.Adapter.RmmAdapter.AdaptResponse()
[57] 2026-03-30 09:01:36,016 DEBUG Exit  <<< PME.RpcServerApiWrapper.PmeRpcServerApi.AdaptResponse()
[57] 2026-03-30 09:01:36,016 DEBUG Exit  <<< PME.RpcServerApiWrapper.PmeRpcServerApi.Execute("1", "Pme.GetLatestVersion")
[57] 2026-03-30 09:01:36,046 DEBUG Enter >>> PME.RpcServerApiWrapper.PmeRpcServerApi.Execute("1", "Pme.StartScan")
[57] 2026-03-30 09:01:36,048 INFO  PME 2.13.13.5640, Request Handler Agent 2.13.11.5117, File Cache Service Agent 2.13.11.5117, WUA 1451.2601.23012.0
[57] 2026-03-30 09:01:36,051 DEBUG PME.RpcServerApiWrapper.PmeRpcServerApi.StartScan => parameters:
[57] 2026-03-30 09:01:36,052 DEBUG 	outputFileName=C:\PROGRA~2\ADVANC~1\scans\PatchMan_1706170578
[57] 2026-03-30 09:02:45,783 INFO  PME.RpcServerApiWrapper.PmeRpcServerApi.Execute => submitting to Perun is not enabled (feature flag check)
[57] 2026-03-30 09:02:45,784 DEBUG Enter >>> PME.RpcServerApiWrapper.PmeRpcServerApi.AdaptResponse()
[57] 2026-03-30 09:02:45,784 DEBUG Adapter.AdaptResponse => using default Adapter. Params: 1
[57] 2026-03-30 09:02:45,784 DEBUG Enter >>> PME.Adapter.RmmAdapter.AdaptResponse()
[57] 2026-03-30 09:02:45,784 DEBUG Enter >>> PME.Adapter.RmmAdapter.GetAdaptedStartScanResponse()
[57] 2026-03-30 09:02:45,785 DEBUG Enter >>> PME.Adapter.RmmAdapter.GetOutputFileNameFromParams()
[57] 2026-03-30 09:02:45,785 DEBUG Exit  <<< PME.Adapter.RmmAdapter.GetOutputFileNameFromParams(), returns "C:\PROGRA~2\ADVANC~1\scans\PatchMan_1706170578"
[57] 2026-03-30 09:02:45,785 DEBUG Enter >>> PME.Adapter.RmmAdapter.GetStartScanRmmDataSkeleton()
[57] 2026-03-30 09:02:45,785 DEBUG Enter >>> PME.Adapter.RmmAdapter.GetLocalIpAddress()
[57] 2026-03-30 09:02:45,787 DEBUG Exit  <<< PME.Adapter.RmmAdapter.GetLocalIpAddress(), returns "169.254.83.107"
[57] 2026-03-30 09:02:45,787 DEBUG Exit  <<< PME.Adapter.RmmAdapter.GetStartScanRmmDataSkeleton()
[57] 2026-03-30 09:02:45,787 DEBUG Enter >>> PME.Adapter.RmmAdapter.FillRmmData()
[57] 2026-03-30 09:02:45,788 DEBUG Enter >>> PME.Adapter.RmmAdapter.CreateListOfHotfixesAndMissingHotfixes()
[57] 2026-03-30 09:02:45,788 DEBUG Exit  <<< PME.Adapter.RmmAdapter.CreateListOfHotfixesAndMissingHotfixes()
[57] 2026-03-30 09:02:45,788 DEBUG Enter >>> PME.Adapter.RmmAdapter.GetProducts()
[57] 2026-03-30 09:02:45,796 WARN  Unknown severity: "Unspecified"
[57] 2026-03-30 09:02:45,800 DEBUG Exit  <<< PME.Adapter.RmmAdapter.GetProducts()
[57] 2026-03-30 09:02:45,800 DEBUG Enter >>> PME.Adapter.RmmAdapter.GetProducts()
[57] 2026-03-30 09:02:45,802 DEBUG Exit  <<< PME.Adapter.RmmAdapter.GetProducts()
[57] 2026-03-30 09:02:45,803 DEBUG Exit  <<< PME.Adapter.RmmAdapter.FillRmmData()
[57] 2026-03-30 09:02:45,803 OFF   GetAdaptedStartScanResponse => Scan result numbers: 14 installed patches, 2 missing patches
[57] 2026-03-30 09:02:45,803 DEBUG Enter >>> PME.Adapter.RmmAdapter.SaveXmlFile(outputFileName = "C:\PROGRA~2\ADVANC~1\scans\PatchMan_1706170578")
[57] 2026-03-30 09:02:45,804 DEBUG Exit  <<< PME.Adapter.RmmAdapter.SaveXmlFile(outputFileName = "C:\PROGRA~2\ADVANC~1\scans\PatchMan_1706170578")
[57] 2026-03-30 09:02:45,804 DEBUG Enter >>> PME.Adapter.RmmAdapter.SaveJsonFile(outputFileName = "C:\PROGRA~2\ADVANC~1\scans\PatchMan_1706170578.json")
[57] 2026-03-30 09:02:45,826 DEBUG Exit  <<< PME.Adapter.RmmAdapter.SaveJsonFile(outputFileName = "C:\PROGRA~2\ADVANC~1\scans\PatchMan_1706170578.json")
[57] 2026-03-30 09:02:45,826 DEBUG Exit  <<< PME.Adapter.RmmAdapter.GetAdaptedStartScanResponse()
[57] 2026-03-30 09:02:45,826 DEBUG Exit  <<< PME.Adapter.RmmAdapter.AdaptResponse()
[57] 2026-03-30 09:02:45,826 DEBUG Exit  <<< PME.RpcServerApiWrapper.PmeRpcServerApi.AdaptResponse()
[57] 2026-03-30 09:02:45,828 DEBUG Exit  <<< PME.RpcServerApiWrapper.PmeRpcServerApi.Execute("1", "Pme.StartScan")
[58] 2026-03-30 11:01:07,730 DEBUG Enter >>> PME.RpcServerApiWrapper.PmeRpcServerApi.Execute("1", "Pme.Version")
[58] 2026-03-30 11:01:07,732 INFO  PME 2.13.13.5640, Request Handler Agent 2.13.11.5117, File Cache Service Agent 2.13.11.5117, WUA 1451.2601.23012.0
[58] 2026-03-30 11:01:07,734 DEBUG Enter >>> PME.RpcServerApiWrapper.PmeRpcServerApi.AdaptResponse()
[58] 2026-03-30 11:01:07,734 DEBUG Adapter.AdaptResponse => using default Adapter. Params: 0
[58] 2026-03-30 11:01:07,735 DEBUG Enter >>> PME.Adapter.RmmAdapter.AdaptResponse()
[58] 2026-03-30 11:01:07,735 DEBUG Exit  <<< PME.Adapter.RmmAdapter.AdaptResponse()
[58] 2026-03-30 11:01:07,735 DEBUG Exit  <<< PME.RpcServerApiWrapper.PmeRpcServerApi.AdaptResponse()
[58] 2026-03-30 11:01:07,735 DEBUG Exit  <<< PME.RpcServerApiWrapper.PmeRpcServerApi.Execute("1", "Pme.Version")
[58] 2026-03-30 11:01:07,765 DEBUG Enter >>> PME.RpcServerApiWrapper.PmeRpcServerApi.Execute("1", "Pme.GetLatestVersion")
[58] 2026-03-30 11:01:07,767 INFO  PME 2.13.13.5640, Request Handler Agent 2.13.11.5117, File Cache Service Agent 2.13.11.5117, WUA 1451.2601.23012.0
[58] 2026-03-30 11:01:07,780 DEBUG Enter >>> PME.RpcServerApiWrapper.PmeRpcServerApi.AdaptResponse()
[58] 2026-03-30 11:01:07,780 DEBUG Adapter.AdaptResponse => using default Adapter. Params: 0
[58] 2026-03-30 11:01:07,780 DEBUG Enter >>> PME.Adapter.RmmAdapter.AdaptResponse()
[58] 2026-03-30 11:01:07,781 DEBUG Exit  <<< PME.Adapter.RmmAdapter.AdaptResponse()
[58] 2026-03-30 11:01:07,781 DEBUG Exit  <<< PME.RpcServerApiWrapper.PmeRpcServerApi.AdaptResponse()
[58] 2026-03-30 11:01:07,781 DEBUG Exit  <<< PME.RpcServerApiWrapper.PmeRpcServerApi.Execute("1", "Pme.GetLatestVersion")
[58] 2026-03-30 11:01:07,814 DEBUG Enter >>> PME.RpcServerApiWrapper.PmeRpcServerApi.Execute("1", "Pme.StartScan")
[58] 2026-03-30 11:01:07,816 INFO  PME 2.13.13.5640, Request Handler Agent 2.13.11.5117, File Cache Service Agent 2.13.11.5117, WUA 1451.2601.23012.0
[58] 2026-03-30 11:01:07,820 DEBUG PME.RpcServerApiWrapper.PmeRpcServerApi.StartScan => parameters:
[58] 2026-03-30 11:01:07,820 DEBUG 	outputFileName=C:\PROGRA~2\ADVANC~1\scans\PatchMan_1713342343
[58] 2026-03-30 11:01:46,980 INFO  PME.RpcServerApiWrapper.PmeRpcServerApi.Execute => submitting to Perun is not enabled (feature flag check)
[58] 2026-03-30 11:01:46,980 DEBUG Enter >>> PME.RpcServerApiWrapper.PmeRpcServerApi.AdaptResponse()
[58] 2026-03-30 11:01:46,980 DEBUG Adapter.AdaptResponse => using default Adapter. Params: 1
[58] 2026-03-30 11:01:46,980 DEBUG Enter >>> PME.Adapter.RmmAdapter.AdaptResponse()
[58] 2026-03-30 11:01:46,980 DEBUG Enter >>> PME.Adapter.RmmAdapter.GetAdaptedStartScanResponse()
[58] 2026-03-30 11:01:46,980 DEBUG Enter >>> PME.Adapter.RmmAdapter.GetOutputFileNameFromParams()
[58] 2026-03-30 11:01:46,980 DEBUG Exit  <<< PME.Adapter.RmmAdapter.GetOutputFileNameFromParams(), returns "C:\PROGRA~2\ADVANC~1\scans\PatchMan_1713342343"
[58] 2026-03-30 11:01:46,981 DEBUG Enter >>> PME.Adapter.RmmAdapter.GetStartScanRmmDataSkeleton()
[58] 2026-03-30 11:01:46,982 DEBUG Enter >>> PME.Adapter.RmmAdapter.GetLocalIpAddress()
[58] 2026-03-30 11:01:46,983 DEBUG Exit  <<< PME.Adapter.RmmAdapter.GetLocalIpAddress(), returns "169.254.83.107"
[58] 2026-03-30 11:01:46,983 DEBUG Exit  <<< PME.Adapter.RmmAdapter.GetStartScanRmmDataSkeleton()
[58] 2026-03-30 11:01:46,984 DEBUG Enter >>> PME.Adapter.RmmAdapter.FillRmmData()
[58] 2026-03-30 11:01:46,984 DEBUG Enter >>> PME.Adapter.RmmAdapter.CreateListOfHotfixesAndMissingHotfixes()
[58] 2026-03-30 11:01:46,984 DEBUG Exit  <<< PME.Adapter.RmmAdapter.CreateListOfHotfixesAndMissingHotfixes()
[58] 2026-03-30 11:01:46,985 DEBUG Enter >>> PME.Adapter.RmmAdapter.GetProducts()
[58] 2026-03-30 11:01:46,992 WARN  Unknown severity: "Unspecified"
[58] 2026-03-30 11:01:46,995 DEBUG Exit  <<< PME.Adapter.RmmAdapter.GetProducts()
[58] 2026-03-30 11:01:46,996 DEBUG Enter >>> PME.Adapter.RmmAdapter.GetProducts()
[58] 2026-03-30 11:01:46,998 DEBUG Exit  <<< PME.Adapter.RmmAdapter.GetProducts()
[58] 2026-03-30 11:01:46,998 DEBUG Exit  <<< PME.Adapter.RmmAdapter.FillRmmData()
[58] 2026-03-30 11:01:46,999 OFF   GetAdaptedStartScanResponse => Scan result numbers: 14 installed patches, 2 missing patches
[58] 2026-03-30 11:01:46,999 DEBUG Enter >>> PME.Adapter.RmmAdapter.SaveXmlFile(outputFileName = "C:\PROGRA~2\ADVANC~1\scans\PatchMan_1713342343")
[58] 2026-03-30 11:01:47,000 DEBUG Exit  <<< PME.Adapter.RmmAdapter.SaveXmlFile(outputFileName = "C:\PROGRA~2\ADVANC~1\scans\PatchMan_1713342343")
[58] 2026-03-30 11:01:47,001 DEBUG Enter >>> PME.Adapter.RmmAdapter.SaveJsonFile(outputFileName = "C:\PROGRA~2\ADVANC~1\scans\PatchMan_1713342343.json")
[58] 2026-03-30 11:01:47,017 DEBUG Exit  <<< PME.Adapter.RmmAdapter.SaveJsonFile(outputFileName = "C:\PROGRA~2\ADVANC~1\scans\PatchMan_1713342343.json")
[58] 2026-03-30 11:01:47,017 DEBUG Exit  <<< PME.Adapter.RmmAdapter.GetAdaptedStartScanResponse()
[58] 2026-03-30 11:01:47,017 DEBUG Exit  <<< PME.Adapter.RmmAdapter.AdaptResponse()
[58] 2026-03-30 11:01:47,018 DEBUG Exit  <<< PME.RpcServerApiWrapper.PmeRpcServerApi.AdaptResponse()
[58] 2026-03-30 11:01:47,018 DEBUG Exit  <<< PME.RpcServerApiWrapper.PmeRpcServerApi.Execute("1", "Pme.StartScan")
[12] 2026-03-31 08:21:24,447 DEBUG Enter >>> PME.RpcServerApiWrapper.PmeRpcServerApi.Execute("1", "Pme.Version")
[12] 2026-03-31 08:21:24,463 INFO  PME 2.13.13.5640, Request Handler Agent 2.13.11.5117, File Cache Service Agent 2.13.11.5117, WUA 1451.2601.23012.0
[12] 2026-03-31 08:21:24,467 DEBUG Enter >>> PME.RpcServerApiWrapper.PmeRpcServerApi.AdaptResponse()
[12] 2026-03-31 08:21:24,467 DEBUG Adapter.AdaptResponse => using default Adapter. Params: 0
[12] 2026-03-31 08:21:24,468 DEBUG Enter >>> PME.Adapter.RmmAdapter.AdaptResponse()
[12] 2026-03-31 08:21:24,468 DEBUG Exit  <<< PME.Adapter.RmmAdapter.AdaptResponse()
[12] 2026-03-31 08:21:24,469 DEBUG Exit  <<< PME.RpcServerApiWrapper.PmeRpcServerApi.AdaptResponse()
[12] 2026-03-31 08:21:24,469 DEBUG Exit  <<< PME.RpcServerApiWrapper.PmeRpcServerApi.Execute("1", "Pme.Version")
[12] 2026-03-31 08:21:24,524 DEBUG Enter >>> PME.RpcServerApiWrapper.PmeRpcServerApi.Execute("1", "Pme.GetLatestVersion")
[12] 2026-03-31 08:21:24,527 INFO  PME 2.13.13.5640, Request Handler Agent 2.13.11.5117, File Cache Service Agent 2.13.11.5117, WUA 1451.2601.23012.0
[12] 2026-03-31 08:21:24,546 DEBUG Enter >>> PME.RpcServerApiWrapper.PmeRpcServerApi.AdaptResponse()
[12] 2026-03-31 08:21:24,546 DEBUG Adapter.AdaptResponse => using default Adapter. Params: 0
[12] 2026-03-31 08:21:24,547 DEBUG Enter >>> PME.Adapter.RmmAdapter.AdaptResponse()
[12] 2026-03-31 08:21:24,547 DEBUG Exit  <<< PME.Adapter.RmmAdapter.AdaptResponse()
[12] 2026-03-31 08:21:24,547 DEBUG Exit  <<< PME.RpcServerApiWrapper.PmeRpcServerApi.AdaptResponse()
[12] 2026-03-31 08:21:24,547 DEBUG Exit  <<< PME.RpcServerApiWrapper.PmeRpcServerApi.Execute("1", "Pme.GetLatestVersion")
[35] 2026-03-31 09:10:12,604 DEBUG Enter >>> PME.RpcServerApiWrapper.PmeRpcServerApi.Execute("1", "Pme.Version")
[35] 2026-03-31 09:10:12,607 INFO  PME 2.13.13.5640, Request Handler Agent 2.13.11.5117, File Cache Service Agent 2.13.11.5117, WUA 1451.2601.23012.0
[35] 2026-03-31 09:10:12,618 DEBUG Enter >>> PME.RpcServerApiWrapper.PmeRpcServerApi.AdaptResponse()
[35] 2026-03-31 09:10:12,619 DEBUG Adapter.AdaptResponse => using default Adapter. Params: 0
[35] 2026-03-31 09:10:12,619 DEBUG Enter >>> PME.Adapter.RmmAdapter.AdaptResponse()
[35] 2026-03-31 09:10:12,620 DEBUG Exit  <<< PME.Adapter.RmmAdapter.AdaptResponse()
[35] 2026-03-31 09:10:12,620 DEBUG Exit  <<< PME.RpcServerApiWrapper.PmeRpcServerApi.AdaptResponse()
[35] 2026-03-31 09:10:12,621 DEBUG Exit  <<< PME.RpcServerApiWrapper.PmeRpcServerApi.Execute("1", "Pme.Version")
[35] 2026-03-31 09:10:12,660 DEBUG Enter >>> PME.RpcServerApiWrapper.PmeRpcServerApi.Execute("1", "Pme.GetLatestVersion")
[35] 2026-03-31 09:10:12,664 INFO  PME 2.13.13.5640, Request Handler Agent 2.13.11.5117, File Cache Service Agent 2.13.11.5117, WUA 1451.2601.23012.0
[35] 2026-03-31 09:10:12,675 DEBUG Enter >>> PME.RpcServerApiWrapper.PmeRpcServerApi.AdaptResponse()
[35] 2026-03-31 09:10:12,675 DEBUG Adapter.AdaptResponse => using default Adapter. Params: 0
[35] 2026-03-31 09:10:12,675 DEBUG Enter >>> PME.Adapter.RmmAdapter.AdaptResponse()
[35] 2026-03-31 09:10:12,676 DEBUG Exit  <<< PME.Adapter.RmmAdapter.AdaptResponse()
[35] 2026-03-31 09:10:12,676 DEBUG Exit  <<< PME.RpcServerApiWrapper.PmeRpcServerApi.AdaptResponse()
[35] 2026-03-31 09:10:12,676 DEBUG Exit  <<< PME.RpcServerApiWrapper.PmeRpcServerApi.Execute("1", "Pme.GetLatestVersion")
[56] 2026-03-31 13:15:49,830 DEBUG Enter >>> PME.RpcServerApiWrapper.PmeRpcServerApi.Execute("1", "Pme.Version")
[56] 2026-03-31 13:15:49,833 INFO  PME 2.13.13.5640, Request Handler Agent 2.13.11.5117, File Cache Service Agent 2.13.11.5117, WUA 1451.2601.23012.0
[56] 2026-03-31 13:15:49,835 DEBUG Enter >>> PME.RpcServerApiWrapper.PmeRpcServerApi.AdaptResponse()
[56] 2026-03-31 13:15:49,835 DEBUG Adapter.AdaptResponse => using default Adapter. Params: 0
[56] 2026-03-31 13:15:49,835 DEBUG Enter >>> PME.Adapter.RmmAdapter.AdaptResponse()
[56] 2026-03-31 13:15:49,835 DEBUG Exit  <<< PME.Adapter.RmmAdapter.AdaptResponse()
[56] 2026-03-31 13:15:49,837 DEBUG Exit  <<< PME.RpcServerApiWrapper.PmeRpcServerApi.AdaptResponse()
[56] 2026-03-31 13:15:49,837 DEBUG Exit  <<< PME.RpcServerApiWrapper.PmeRpcServerApi.Execute("1", "Pme.Version")
[56] 2026-03-31 13:15:49,884 DEBUG Enter >>> PME.RpcServerApiWrapper.PmeRpcServerApi.Execute("1", "Pme.GetLatestVersion")
[56] 2026-03-31 13:15:49,886 INFO  PME 2.13.13.5640, Request Handler Agent 2.13.11.5117, File Cache Service Agent 2.13.11.5117, WUA 1451.2601.23012.0
[56] 2026-03-31 13:15:49,901 DEBUG Enter >>> PME.RpcServerApiWrapper.PmeRpcServerApi.AdaptResponse()
[56] 2026-03-31 13:15:49,901 DEBUG Adapter.AdaptResponse => using default Adapter. Params: 0
[56] 2026-03-31 13:15:49,902 DEBUG Enter >>> PME.Adapter.RmmAdapter.AdaptResponse()
[56] 2026-03-31 13:15:49,902 DEBUG Exit  <<< PME.Adapter.RmmAdapter.AdaptResponse()
[56] 2026-03-31 13:15:49,903 DEBUG Exit  <<< PME.RpcServerApiWrapper.PmeRpcServerApi.AdaptResponse()
[56] 2026-03-31 13:15:49,903 DEBUG Exit  <<< PME.RpcServerApiWrapper.PmeRpcServerApi.Execute("1", "Pme.GetLatestVersion")
[56] 2026-03-31 13:15:49,944 DEBUG Enter >>> PME.RpcServerApiWrapper.PmeRpcServerApi.Execute("1", "Pme.StartScan")
[56] 2026-03-31 13:15:49,947 INFO  PME 2.13.13.5640, Request Handler Agent 2.13.11.5117, File Cache Service Agent 2.13.11.5117, WUA 1451.2601.23012.0
[56] 2026-03-31 13:15:49,953 DEBUG PME.RpcServerApiWrapper.PmeRpcServerApi.StartScan => parameters:
[56] 2026-03-31 13:15:49,953 DEBUG 	outputFileName=C:\PROGRA~2\ADVANC~1\scans\PatchMan_1807825609_0
[56] 2026-03-31 13:16:59,405 INFO  PME.RpcServerApiWrapper.PmeRpcServerApi.Execute => submitting to Perun is not enabled (feature flag check)
[56] 2026-03-31 13:16:59,405 DEBUG Enter >>> PME.RpcServerApiWrapper.PmeRpcServerApi.AdaptResponse()
[56] 2026-03-31 13:16:59,406 DEBUG Adapter.AdaptResponse => using default Adapter. Params: 1
[56] 2026-03-31 13:16:59,406 DEBUG Enter >>> PME.Adapter.RmmAdapter.AdaptResponse()
[56] 2026-03-31 13:16:59,406 DEBUG Enter >>> PME.Adapter.RmmAdapter.GetAdaptedStartScanResponse()
[56] 2026-03-31 13:16:59,406 DEBUG Enter >>> PME.Adapter.RmmAdapter.GetOutputFileNameFromParams()
[56] 2026-03-31 13:16:59,407 DEBUG Exit  <<< PME.Adapter.RmmAdapter.GetOutputFileNameFromParams(), returns "C:\PROGRA~2\ADVANC~1\scans\PatchMan_1807825609_0"
[56] 2026-03-31 13:16:59,407 DEBUG Enter >>> PME.Adapter.RmmAdapter.GetStartScanRmmDataSkeleton()
[56] 2026-03-31 13:16:59,407 DEBUG Enter >>> PME.Adapter.RmmAdapter.GetLocalIpAddress()
[56] 2026-03-31 13:16:59,409 DEBUG Exit  <<< PME.Adapter.RmmAdapter.GetLocalIpAddress(), returns "169.254.83.107"
[56] 2026-03-31 13:16:59,409 DEBUG Exit  <<< PME.Adapter.RmmAdapter.GetStartScanRmmDataSkeleton()
[56] 2026-03-31 13:16:59,409 DEBUG Enter >>> PME.Adapter.RmmAdapter.FillRmmData()
[56] 2026-03-31 13:16:59,409 DEBUG Enter >>> PME.Adapter.RmmAdapter.CreateListOfHotfixesAndMissingHotfixes()
[56] 2026-03-31 13:16:59,409 DEBUG Exit  <<< PME.Adapter.RmmAdapter.CreateListOfHotfixesAndMissingHotfixes()
[56] 2026-03-31 13:16:59,410 DEBUG Enter >>> PME.Adapter.RmmAdapter.GetProducts()
[56] 2026-03-31 13:16:59,420 WARN  Unknown severity: "Unspecified"
[56] 2026-03-31 13:16:59,423 DEBUG Exit  <<< PME.Adapter.RmmAdapter.GetProducts()
[56] 2026-03-31 13:16:59,423 DEBUG Enter >>> PME.Adapter.RmmAdapter.GetProducts()
[56] 2026-03-31 13:16:59,426 DEBUG Exit  <<< PME.Adapter.RmmAdapter.GetProducts()
[56] 2026-03-31 13:16:59,426 DEBUG Exit  <<< PME.Adapter.RmmAdapter.FillRmmData()
[56] 2026-03-31 13:16:59,427 OFF   GetAdaptedStartScanResponse => Scan result numbers: 13 installed patches, 3 missing patches
[56] 2026-03-31 13:16:59,427 DEBUG Enter >>> PME.Adapter.RmmAdapter.SaveXmlFile(outputFileName = "C:\PROGRA~2\ADVANC~1\scans\PatchMan_1807825609_0")
[56] 2026-03-31 13:16:59,431 DEBUG Exit  <<< PME.Adapter.RmmAdapter.SaveXmlFile(outputFileName = "C:\PROGRA~2\ADVANC~1\scans\PatchMan_1807825609_0")
[56] 2026-03-31 13:16:59,431 DEBUG Enter >>> PME.Adapter.RmmAdapter.SaveJsonFile(outputFileName = "C:\PROGRA~2\ADVANC~1\scans\PatchMan_1807825609_0.json")
[56] 2026-03-31 13:16:59,466 DEBUG Exit  <<< PME.Adapter.RmmAdapter.SaveJsonFile(outputFileName = "C:\PROGRA~2\ADVANC~1\scans\PatchMan_1807825609_0.json")
[56] 2026-03-31 13:16:59,467 DEBUG Exit  <<< PME.Adapter.RmmAdapter.GetAdaptedStartScanResponse()
[56] 2026-03-31 13:16:59,467 DEBUG Exit  <<< PME.Adapter.RmmAdapter.AdaptResponse()
[56] 2026-03-31 13:16:59,467 DEBUG Exit  <<< PME.RpcServerApiWrapper.PmeRpcServerApi.AdaptResponse()
[56] 2026-03-31 13:16:59,468 DEBUG Exit  <<< PME.RpcServerApiWrapper.PmeRpcServerApi.Execute("1", "Pme.StartScan")
[14] 2026-04-01 09:12:26,626 DEBUG Enter >>> PME.RpcServerApiWrapper.PmeRpcServerApi.Execute("1", "Pme.Version")
[14] 2026-04-01 09:12:26,629 INFO  PME 2.13.13.5640, Request Handler Agent 2.13.11.5117, File Cache Service Agent 2.13.11.5117, WUA 1451.2601.23012.0
[14] 2026-04-01 09:12:26,642 DEBUG Enter >>> PME.RpcServerApiWrapper.PmeRpcServerApi.AdaptResponse()
[14] 2026-04-01 09:12:26,643 DEBUG Adapter.AdaptResponse => using default Adapter. Params: 0
[14] 2026-04-01 09:12:26,644 DEBUG Enter >>> PME.Adapter.RmmAdapter.AdaptResponse()
[14] 2026-04-01 09:12:26,644 DEBUG Exit  <<< PME.Adapter.RmmAdapter.AdaptResponse()
[14] 2026-04-01 09:12:26,644 DEBUG Exit  <<< PME.RpcServerApiWrapper.PmeRpcServerApi.AdaptResponse()
[14] 2026-04-01 09:12:26,645 DEBUG Exit  <<< PME.RpcServerApiWrapper.PmeRpcServerApi.Execute("1", "Pme.Version")
[14] 2026-04-01 09:12:26,682 DEBUG Enter >>> PME.RpcServerApiWrapper.PmeRpcServerApi.Execute("1", "Pme.GetLatestVersion")
[14] 2026-04-01 09:12:26,683 INFO  PME 2.13.13.5640, Request Handler Agent 2.13.11.5117, File Cache Service Agent 2.13.11.5117, WUA 1451.2601.23012.0
[14] 2026-04-01 09:12:26,695 DEBUG Enter >>> PME.RpcServerApiWrapper.PmeRpcServerApi.AdaptResponse()
[14] 2026-04-01 09:12:26,696 DEBUG Adapter.AdaptResponse => using default Adapter. Params: 0
[14] 2026-04-01 09:12:26,696 DEBUG Enter >>> PME.Adapter.RmmAdapter.AdaptResponse()
[14] 2026-04-01 09:12:26,696 DEBUG Exit  <<< PME.Adapter.RmmAdapter.AdaptResponse()
[14] 2026-04-01 09:12:26,696 DEBUG Exit  <<< PME.RpcServerApiWrapper.PmeRpcServerApi.AdaptResponse()
[14] 2026-04-01 09:12:26,696 DEBUG Exit  <<< PME.RpcServerApiWrapper.PmeRpcServerApi.Execute("1", "Pme.GetLatestVersion")
[14] 2026-04-02 07:59:07,511 DEBUG Enter >>> PME.RpcServerApiWrapper.PmeRpcServerApi.Execute("1", "Pme.Version")
[14] 2026-04-02 07:59:07,571 INFO  PME 2.13.13.5640, Request Handler Agent 2.13.11.5117, File Cache Service Agent 2.13.11.5117, WUA 1451.2601.23012.0
[14] 2026-04-02 07:59:07,633 DEBUG Enter >>> PME.RpcServerApiWrapper.PmeRpcServerApi.AdaptResponse()
[14] 2026-04-02 07:59:07,633 DEBUG Adapter.AdaptResponse => using default Adapter. Params: 0
[14] 2026-04-02 07:59:07,634 DEBUG Enter >>> PME.Adapter.RmmAdapter.AdaptResponse()
[14] 2026-04-02 07:59:07,638 DEBUG Exit  <<< PME.Adapter.RmmAdapter.AdaptResponse()
[14] 2026-04-02 07:59:07,640 DEBUG Exit  <<< PME.RpcServerApiWrapper.PmeRpcServerApi.AdaptResponse()
[14] 2026-04-02 07:59:07,640 DEBUG Exit  <<< PME.RpcServerApiWrapper.PmeRpcServerApi.Execute("1", "Pme.Version")
[14] 2026-04-02 07:59:07,804 DEBUG Enter >>> PME.RpcServerApiWrapper.PmeRpcServerApi.Execute("1", "Pme.GetLatestVersion")
[14] 2026-04-02 07:59:07,807 INFO  PME 2.13.13.5640, Request Handler Agent 2.13.11.5117, File Cache Service Agent 2.13.11.5117, WUA 1451.2601.23012.0
[14] 2026-04-02 07:59:07,861 DEBUG Enter >>> PME.RpcServerApiWrapper.PmeRpcServerApi.AdaptResponse()
[14] 2026-04-02 07:59:07,861 DEBUG Adapter.AdaptResponse => using default Adapter. Params: 0
[14] 2026-04-02 07:59:07,861 DEBUG Enter >>> PME.Adapter.RmmAdapter.AdaptResponse()
[14] 2026-04-02 07:59:07,862 DEBUG Exit  <<< PME.Adapter.RmmAdapter.AdaptResponse()
[14] 2026-04-02 07:59:07,862 DEBUG Exit  <<< PME.RpcServerApiWrapper.PmeRpcServerApi.AdaptResponse()
[14] 2026-04-02 07:59:07,862 DEBUG Exit  <<< PME.RpcServerApiWrapper.PmeRpcServerApi.Execute("1", "Pme.GetLatestVersion")
[14] 2026-04-02 07:59:08,061 DEBUG Enter >>> PME.RpcServerApiWrapper.PmeRpcServerApi.Execute("1", "Pme.StartScan")
[14] 2026-04-02 07:59:08,063 INFO  PME 2.13.13.5640, Request Handler Agent 2.13.11.5117, File Cache Service Agent 2.13.11.5117, WUA 1451.2601.23012.0
[14] 2026-04-02 07:59:08,074 DEBUG PME.RpcServerApiWrapper.PmeRpcServerApi.StartScan => parameters:
[14] 2026-04-02 07:59:08,075 DEBUG 	outputFileName=C:\PROGRA~2\ADVANC~1\scans\PatchMan_1961628750_0
[14] 2026-04-02 08:03:31,562 INFO  PME.RpcServerApiWrapper.PmeRpcServerApi.Execute => submitting to Perun is not enabled (feature flag check)
[14] 2026-04-02 08:03:31,563 DEBUG Enter >>> PME.RpcServerApiWrapper.PmeRpcServerApi.AdaptResponse()
[14] 2026-04-02 08:03:31,563 DEBUG Adapter.AdaptResponse => using default Adapter. Params: 1
[14] 2026-04-02 08:03:31,564 DEBUG Enter >>> PME.Adapter.RmmAdapter.AdaptResponse()
[14] 2026-04-02 08:03:31,564 DEBUG Enter >>> PME.Adapter.RmmAdapter.GetAdaptedStartScanResponse()
[14] 2026-04-02 08:03:31,565 DEBUG Enter >>> PME.Adapter.RmmAdapter.GetOutputFileNameFromParams()
[14] 2026-04-02 08:03:31,565 DEBUG Exit  <<< PME.Adapter.RmmAdapter.GetOutputFileNameFromParams(), returns "C:\PROGRA~2\ADVANC~1\scans\PatchMan_1961628750_0"
[14] 2026-04-02 08:03:31,565 DEBUG Enter >>> PME.Adapter.RmmAdapter.GetStartScanRmmDataSkeleton()
[14] 2026-04-02 08:03:31,567 DEBUG Enter >>> PME.Adapter.RmmAdapter.GetLocalIpAddress()
[14] 2026-04-02 08:03:31,569 DEBUG Exit  <<< PME.Adapter.RmmAdapter.GetLocalIpAddress(), returns "169.254.83.107"
[14] 2026-04-02 08:03:31,570 DEBUG Exit  <<< PME.Adapter.RmmAdapter.GetStartScanRmmDataSkeleton()
[14] 2026-04-02 08:03:31,570 DEBUG Enter >>> PME.Adapter.RmmAdapter.FillRmmData()
[14] 2026-04-02 08:03:31,571 DEBUG Enter >>> PME.Adapter.RmmAdapter.CreateListOfHotfixesAndMissingHotfixes()
[14] 2026-04-02 08:03:31,571 DEBUG Exit  <<< PME.Adapter.RmmAdapter.CreateListOfHotfixesAndMissingHotfixes()
[14] 2026-04-02 08:03:31,571 DEBUG Enter >>> PME.Adapter.RmmAdapter.GetProducts()
[14] 2026-04-02 08:03:31,585 WARN  Unknown severity: "Unspecified"
[14] 2026-04-02 08:03:31,589 DEBUG Exit  <<< PME.Adapter.RmmAdapter.GetProducts()
[14] 2026-04-02 08:03:31,590 DEBUG Enter >>> PME.Adapter.RmmAdapter.GetProducts()
[14] 2026-04-02 08:03:31,597 DEBUG Exit  <<< PME.Adapter.RmmAdapter.GetProducts()
[14] 2026-04-02 08:03:31,597 DEBUG Exit  <<< PME.Adapter.RmmAdapter.FillRmmData()
[14] 2026-04-02 08:03:31,598 OFF   GetAdaptedStartScanResponse => Scan result numbers: 13 installed patches, 5 missing patches
[14] 2026-04-02 08:03:31,599 DEBUG Enter >>> PME.Adapter.RmmAdapter.SaveXmlFile(outputFileName = "C:\PROGRA~2\ADVANC~1\scans\PatchMan_1961628750_0")
[14] 2026-04-02 08:03:31,603 DEBUG Exit  <<< PME.Adapter.RmmAdapter.SaveXmlFile(outputFileName = "C:\PROGRA~2\ADVANC~1\scans\PatchMan_1961628750_0")
[14] 2026-04-02 08:03:31,603 DEBUG Enter >>> PME.Adapter.RmmAdapter.SaveJsonFile(outputFileName = "C:\PROGRA~2\ADVANC~1\scans\PatchMan_1961628750_0.json")
[14] 2026-04-02 08:03:31,630 DEBUG Exit  <<< PME.Adapter.RmmAdapter.SaveJsonFile(outputFileName = "C:\PROGRA~2\ADVANC~1\scans\PatchMan_1961628750_0.json")
[14] 2026-04-02 08:03:31,631 DEBUG Exit  <<< PME.Adapter.RmmAdapter.GetAdaptedStartScanResponse()
[14] 2026-04-02 08:03:31,631 DEBUG Exit  <<< PME.Adapter.RmmAdapter.AdaptResponse()
[14] 2026-04-02 08:03:31,631 DEBUG Exit  <<< PME.RpcServerApiWrapper.PmeRpcServerApi.AdaptResponse()
[14] 2026-04-02 08:03:31,633 DEBUG Exit  <<< PME.RpcServerApiWrapper.PmeRpcServerApi.Execute("1", "Pme.StartScan")
[14] 2026-04-02 08:04:09,747 DEBUG Enter >>> PME.RpcServerApiWrapper.PmeRpcServerApi.Execute("1", "Pme.Version")
[14] 2026-04-02 08:04:09,749 INFO  PME 2.13.13.5640, Request Handler Agent 2.13.11.5117, File Cache Service Agent 2.13.11.5117, WUA 1451.2601.23012.0
[14] 2026-04-02 08:04:09,751 DEBUG Enter >>> PME.RpcServerApiWrapper.PmeRpcServerApi.AdaptResponse()
[14] 2026-04-02 08:04:09,751 DEBUG Adapter.AdaptResponse => using default Adapter. Params: 0
[14] 2026-04-02 08:04:09,753 DEBUG Enter >>> PME.Adapter.RmmAdapter.AdaptResponse()
[14] 2026-04-02 08:04:09,754 DEBUG Exit  <<< PME.Adapter.RmmAdapter.AdaptResponse()
[14] 2026-04-02 08:04:09,754 DEBUG Exit  <<< PME.RpcServerApiWrapper.PmeRpcServerApi.AdaptResponse()
[14] 2026-04-02 08:04:09,754 DEBUG Exit  <<< PME.RpcServerApiWrapper.PmeRpcServerApi.Execute("1", "Pme.Version")
[14] 2026-04-02 08:04:09,803 DEBUG Enter >>> PME.RpcServerApiWrapper.PmeRpcServerApi.Execute("1", "Pme.GetLatestVersion")
[14] 2026-04-02 08:04:09,804 INFO  PME 2.13.13.5640, Request Handler Agent 2.13.11.5117, File Cache Service Agent 2.13.11.5117, WUA 1451.2601.23012.0
[14] 2026-04-02 08:04:09,815 DEBUG Enter >>> PME.RpcServerApiWrapper.PmeRpcServerApi.AdaptResponse()
[14] 2026-04-02 08:04:09,815 DEBUG Adapter.AdaptResponse => using default Adapter. Params: 0
[14] 2026-04-02 08:04:09,841 DEBUG Enter >>> PME.Adapter.RmmAdapter.AdaptResponse()
[14] 2026-04-02 08:04:09,843 DEBUG Exit  <<< PME.Adapter.RmmAdapter.AdaptResponse()
[14] 2026-04-02 08:04:09,844 DEBUG Exit  <<< PME.RpcServerApiWrapper.PmeRpcServerApi.AdaptResponse()
[14] 2026-04-02 08:04:09,845 DEBUG Exit  <<< PME.RpcServerApiWrapper.PmeRpcServerApi.Execute("1", "Pme.GetLatestVersion")
[12] 2026-04-04 07:48:51,999 DEBUG Enter >>> PME.RpcServerApiWrapper.PmeRpcServerApi.Execute("1", "Pme.Version")
[12] 2026-04-04 07:48:52,003 INFO  PME 2.13.13.5640, Request Handler Agent 2.13.11.5117, File Cache Service Agent 2.13.11.5117, WUA 1451.2601.23012.0
[12] 2026-04-04 07:48:52,016 DEBUG Enter >>> PME.RpcServerApiWrapper.PmeRpcServerApi.AdaptResponse()
[12] 2026-04-04 07:48:52,017 DEBUG Adapter.AdaptResponse => using default Adapter. Params: 0
[12] 2026-04-04 07:48:52,017 DEBUG Enter >>> PME.Adapter.RmmAdapter.AdaptResponse()
[12] 2026-04-04 07:48:52,018 DEBUG Exit  <<< PME.Adapter.RmmAdapter.AdaptResponse()
[12] 2026-04-04 07:48:52,018 DEBUG Exit  <<< PME.RpcServerApiWrapper.PmeRpcServerApi.AdaptResponse()
[12] 2026-04-04 07:48:52,019 DEBUG Exit  <<< PME.RpcServerApiWrapper.PmeRpcServerApi.Execute("1", "Pme.Version")
[12] 2026-04-04 07:48:52,064 DEBUG Enter >>> PME.RpcServerApiWrapper.PmeRpcServerApi.Execute("1", "Pme.GetLatestVersion")
[12] 2026-04-04 07:48:52,066 INFO  PME 2.13.13.5640, Request Handler Agent 2.13.11.5117, File Cache Service Agent 2.13.11.5117, WUA 1451.2601.23012.0
[12] 2026-04-04 07:48:52,080 DEBUG Enter >>> PME.RpcServerApiWrapper.PmeRpcServerApi.AdaptResponse()
[12] 2026-04-04 07:48:52,081 DEBUG Adapter.AdaptResponse => using default Adapter. Params: 0
[12] 2026-04-04 07:48:52,081 DEBUG Enter >>> PME.Adapter.RmmAdapter.AdaptResponse()
[12] 2026-04-04 07:48:52,082 DEBUG Exit  <<< PME.Adapter.RmmAdapter.AdaptResponse()
[12] 2026-04-04 07:48:52,082 DEBUG Exit  <<< PME.RpcServerApiWrapper.PmeRpcServerApi.AdaptResponse()
[12] 2026-04-04 07:48:52,082 DEBUG Exit  <<< PME.RpcServerApiWrapper.PmeRpcServerApi.Execute("1", "Pme.GetLatestVersion")
[12] 2026-04-04 07:48:52,127 DEBUG Enter >>> PME.RpcServerApiWrapper.PmeRpcServerApi.Execute("1", "Pme.StartScan")
[12] 2026-04-04 07:48:52,130 INFO  PME 2.13.13.5640, Request Handler Agent 2.13.11.5117, File Cache Service Agent 2.13.11.5117, WUA 1451.2601.23012.0
[12] 2026-04-04 07:48:52,134 DEBUG PME.RpcServerApiWrapper.PmeRpcServerApi.StartScan => parameters:
[12] 2026-04-04 07:48:52,134 DEBUG 	outputFileName=C:\PROGRA~2\ADVANC~1\scans\PatchMan_2133812953
[12] 2026-04-04 07:51:41,467 INFO  PME.RpcServerApiWrapper.PmeRpcServerApi.Execute => submitting to Perun is not enabled (feature flag check)
[12] 2026-04-04 07:51:41,467 DEBUG Enter >>> PME.RpcServerApiWrapper.PmeRpcServerApi.AdaptResponse()
[12] 2026-04-04 07:51:41,468 DEBUG Adapter.AdaptResponse => using default Adapter. Params: 1
[12] 2026-04-04 07:51:41,468 DEBUG Enter >>> PME.Adapter.RmmAdapter.AdaptResponse()
[12] 2026-04-04 07:51:41,468 DEBUG Enter >>> PME.Adapter.RmmAdapter.GetAdaptedStartScanResponse()
[12] 2026-04-04 07:51:41,468 DEBUG Enter >>> PME.Adapter.RmmAdapter.GetOutputFileNameFromParams()
[12] 2026-04-04 07:51:41,469 DEBUG Exit  <<< PME.Adapter.RmmAdapter.GetOutputFileNameFromParams(), returns "C:\PROGRA~2\ADVANC~1\scans\PatchMan_2133812953"
[12] 2026-04-04 07:51:41,469 DEBUG Enter >>> PME.Adapter.RmmAdapter.GetStartScanRmmDataSkeleton()
[12] 2026-04-04 07:51:41,469 DEBUG Enter >>> PME.Adapter.RmmAdapter.GetLocalIpAddress()
[12] 2026-04-04 07:51:41,471 DEBUG Exit  <<< PME.Adapter.RmmAdapter.GetLocalIpAddress(), returns "169.254.83.107"
[12] 2026-04-04 07:51:41,471 DEBUG Exit  <<< PME.Adapter.RmmAdapter.GetStartScanRmmDataSkeleton()
[12] 2026-04-04 07:51:41,471 DEBUG Enter >>> PME.Adapter.RmmAdapter.FillRmmData()
[12] 2026-04-04 07:51:41,472 DEBUG Enter >>> PME.Adapter.RmmAdapter.CreateListOfHotfixesAndMissingHotfixes()
[12] 2026-04-04 07:51:41,472 DEBUG Exit  <<< PME.Adapter.RmmAdapter.CreateListOfHotfixesAndMissingHotfixes()
[12] 2026-04-04 07:51:41,473 DEBUG Enter >>> PME.Adapter.RmmAdapter.GetProducts()
[12] 2026-04-04 07:51:41,483 WARN  Unknown severity: "Unspecified"
[12] 2026-04-04 07:51:41,486 DEBUG Exit  <<< PME.Adapter.RmmAdapter.GetProducts()
[12] 2026-04-04 07:51:41,486 DEBUG Enter >>> PME.Adapter.RmmAdapter.GetProducts()
[12] 2026-04-04 07:51:41,491 DEBUG Exit  <<< PME.Adapter.RmmAdapter.GetProducts()
[12] 2026-04-04 07:51:41,491 DEBUG Exit  <<< PME.Adapter.RmmAdapter.FillRmmData()
[12] 2026-04-04 07:51:41,492 OFF   GetAdaptedStartScanResponse => Scan result numbers: 13 installed patches, 5 missing patches
[12] 2026-04-04 07:51:41,492 DEBUG Enter >>> PME.Adapter.RmmAdapter.SaveXmlFile(outputFileName = "C:\PROGRA~2\ADVANC~1\scans\PatchMan_2133812953")
[12] 2026-04-04 07:51:41,494 DEBUG Exit  <<< PME.Adapter.RmmAdapter.SaveXmlFile(outputFileName = "C:\PROGRA~2\ADVANC~1\scans\PatchMan_2133812953")
[12] 2026-04-04 07:51:41,495 DEBUG Enter >>> PME.Adapter.RmmAdapter.SaveJsonFile(outputFileName = "C:\PROGRA~2\ADVANC~1\scans\PatchMan_2133812953.json")
[12] 2026-04-04 07:51:41,515 DEBUG Exit  <<< PME.Adapter.RmmAdapter.SaveJsonFile(outputFileName = "C:\PROGRA~2\ADVANC~1\scans\PatchMan_2133812953.json")
[12] 2026-04-04 07:51:41,516 DEBUG Exit  <<< PME.Adapter.RmmAdapter.GetAdaptedStartScanResponse()
[12] 2026-04-04 07:51:41,516 DEBUG Exit  <<< PME.Adapter.RmmAdapter.AdaptResponse()
[12] 2026-04-04 07:51:41,517 DEBUG Exit  <<< PME.RpcServerApiWrapper.PmeRpcServerApi.AdaptResponse()
[12] 2026-04-04 07:51:41,517 DEBUG Exit  <<< PME.RpcServerApiWrapper.PmeRpcServerApi.Execute("1", "Pme.StartScan")
[12] 2026-04-04 07:51:53,439 DEBUG Enter >>> PME.RpcServerApiWrapper.PmeRpcServerApi.Execute("1", "Pme.Version")
[12] 2026-04-04 07:51:53,442 INFO  PME 2.13.13.5640, Request Handler Agent 2.13.11.5117, File Cache Service Agent 2.13.11.5117, WUA 1451.2601.23012.0
[12] 2026-04-04 07:51:53,444 DEBUG Enter >>> PME.RpcServerApiWrapper.PmeRpcServerApi.AdaptResponse()
[12] 2026-04-04 07:51:53,444 DEBUG Adapter.AdaptResponse => using default Adapter. Params: 0
[12] 2026-04-04 07:51:53,445 DEBUG Enter >>> PME.Adapter.RmmAdapter.AdaptResponse()
[12] 2026-04-04 07:51:53,445 DEBUG Exit  <<< PME.Adapter.RmmAdapter.AdaptResponse()
[12] 2026-04-04 07:51:53,445 DEBUG Exit  <<< PME.RpcServerApiWrapper.PmeRpcServerApi.AdaptResponse()
[12] 2026-04-04 07:51:53,445 DEBUG Exit  <<< PME.RpcServerApiWrapper.PmeRpcServerApi.Execute("1", "Pme.Version")
[12] 2026-04-04 07:51:53,501 DEBUG Enter >>> PME.RpcServerApiWrapper.PmeRpcServerApi.Execute("1", "Pme.GetLatestVersion")
[12] 2026-04-04 07:51:53,505 INFO  PME 2.13.13.5640, Request Handler Agent 2.13.11.5117, File Cache Service Agent 2.13.11.5117, WUA 1451.2601.23012.0
[12] 2026-04-04 07:51:53,522 DEBUG Enter >>> PME.RpcServerApiWrapper.PmeRpcServerApi.AdaptResponse()
[12] 2026-04-04 07:51:53,523 DEBUG Adapter.AdaptResponse => using default Adapter. Params: 0
[12] 2026-04-04 07:51:53,523 DEBUG Enter >>> PME.Adapter.RmmAdapter.AdaptResponse()
[12] 2026-04-04 07:51:53,524 DEBUG Exit  <<< PME.Adapter.RmmAdapter.AdaptResponse()
[12] 2026-04-04 07:51:53,524 DEBUG Exit  <<< PME.RpcServerApiWrapper.PmeRpcServerApi.AdaptResponse()
[12] 2026-04-04 07:51:53,525 DEBUG Exit  <<< PME.RpcServerApiWrapper.PmeRpcServerApi.Execute("1", "Pme.GetLatestVersion")
[51] 2026-04-05 08:24:17,934 DEBUG Enter >>> PME.RpcServerApiWrapper.PmeRpcServerApi.Execute("1", "Pme.Version")
[51] 2026-04-05 08:24:17,936 INFO  PME 2.13.13.5640, Request Handler Agent 2.13.11.5117, File Cache Service Agent 2.13.11.5117, WUA 1451.2601.23012.0
[51] 2026-04-05 08:24:17,943 DEBUG Enter >>> PME.RpcServerApiWrapper.PmeRpcServerApi.AdaptResponse()
[51] 2026-04-05 08:24:17,944 DEBUG Adapter.AdaptResponse => using default Adapter. Params: 0
[51] 2026-04-05 08:24:17,944 DEBUG Enter >>> PME.Adapter.RmmAdapter.AdaptResponse()
[51] 2026-04-05 08:24:17,944 DEBUG Exit  <<< PME.Adapter.RmmAdapter.AdaptResponse()
[51] 2026-04-05 08:24:17,944 DEBUG Exit  <<< PME.RpcServerApiWrapper.PmeRpcServerApi.AdaptResponse()
[51] 2026-04-05 08:24:17,945 DEBUG Exit  <<< PME.RpcServerApiWrapper.PmeRpcServerApi.Execute("1", "Pme.Version")
[51] 2026-04-05 08:24:17,966 DEBUG Enter >>> PME.RpcServerApiWrapper.PmeRpcServerApi.Execute("1", "Pme.GetLatestVersion")
[51] 2026-04-05 08:24:17,967 INFO  PME 2.13.13.5640, Request Handler Agent 2.13.11.5117, File Cache Service Agent 2.13.11.5117, WUA 1451.2601.23012.0
[51] 2026-04-05 08:24:17,975 DEBUG Enter >>> PME.RpcServerApiWrapper.PmeRpcServerApi.AdaptResponse()
[51] 2026-04-05 08:24:17,975 DEBUG Adapter.AdaptResponse => using default Adapter. Params: 0
[51] 2026-04-05 08:24:17,975 DEBUG Enter >>> PME.Adapter.RmmAdapter.AdaptResponse()
[51] 2026-04-05 08:24:17,975 DEBUG Exit  <<< PME.Adapter.RmmAdapter.AdaptResponse()
[51] 2026-04-05 08:24:17,975 DEBUG Exit  <<< PME.RpcServerApiWrapper.PmeRpcServerApi.AdaptResponse()
[51] 2026-04-05 08:24:17,975 DEBUG Exit  <<< PME.RpcServerApiWrapper.PmeRpcServerApi.Execute("1", "Pme.GetLatestVersion")
[51] 2026-04-05 08:24:17,997 DEBUG Enter >>> PME.RpcServerApiWrapper.PmeRpcServerApi.Execute("1", "Pme.StartScan")
[51] 2026-04-05 08:24:17,998 INFO  PME 2.13.13.5640, Request Handler Agent 2.13.11.5117, File Cache Service Agent 2.13.11.5117, WUA 1451.2601.23012.0
[51] 2026-04-05 08:24:17,999 DEBUG PME.RpcServerApiWrapper.PmeRpcServerApi.StartScan => parameters:
[51] 2026-04-05 08:24:17,999 DEBUG 	outputFileName=C:\PROGRA~2\ADVANC~1\scans\PatchMan_2222338843
[51] 2026-04-05 08:26:00,216 INFO  PME.RpcServerApiWrapper.PmeRpcServerApi.Execute => result of patch scan wasn't submitted to Perun - result is empty or contains errors
[51] 2026-04-05 08:26:00,216 DEBUG Enter >>> PME.RpcServerApiWrapper.PmeRpcServerApi.AdaptResponse()
[51] 2026-04-05 08:26:00,216 DEBUG Adapter.AdaptResponse => using default Adapter. Params: 1
[51] 2026-04-05 08:26:00,217 DEBUG Enter >>> PME.Adapter.RmmAdapter.AdaptResponse()
[51] 2026-04-05 08:26:00,217 DEBUG Enter >>> PME.Adapter.RmmAdapter.GetAdaptedStartScanResponse()
[51] 2026-04-05 08:26:00,217 DEBUG Enter >>> PME.Adapter.RmmAdapter.GetOutputFileNameFromParams()
[51] 2026-04-05 08:26:00,217 DEBUG Exit  <<< PME.Adapter.RmmAdapter.GetOutputFileNameFromParams(), returns "C:\PROGRA~2\ADVANC~1\scans\PatchMan_2222338843"
[51] 2026-04-05 08:26:00,217 DEBUG Enter >>> PME.Adapter.RmmAdapter.GetStartScanRmmDataSkeleton()
[51] 2026-04-05 08:26:00,217 DEBUG Enter >>> PME.Adapter.RmmAdapter.GetLocalIpAddress()
[51] 2026-04-05 08:26:00,219 DEBUG Exit  <<< PME.Adapter.RmmAdapter.GetLocalIpAddress(), returns "169.254.83.107"
[51] 2026-04-05 08:26:00,219 DEBUG Exit  <<< PME.Adapter.RmmAdapter.GetStartScanRmmDataSkeleton()
[51] 2026-04-05 08:26:00,220 DEBUG Enter >>> PME.Adapter.RmmAdapter.FillRmmData()
[51] 2026-04-05 08:26:00,220 DEBUG Enter >>> PME.Adapter.RmmAdapter.CreateListOfHotfixesAndMissingHotfixes()
[51] 2026-04-05 08:26:00,220 DEBUG Exit  <<< PME.Adapter.RmmAdapter.CreateListOfHotfixesAndMissingHotfixes()
[51] 2026-04-05 08:26:00,220 DEBUG Enter >>> PME.Adapter.RmmAdapter.GetProducts()
[51] 2026-04-05 08:26:00,220 WARN  Unknown severity: "Unspecified"
[51] 2026-04-05 08:26:00,221 DEBUG Exit  <<< PME.Adapter.RmmAdapter.GetProducts()
[51] 2026-04-05 08:26:00,222 DEBUG Enter >>> PME.Adapter.RmmAdapter.GetProducts()
[51] 2026-04-05 08:26:00,223 DEBUG Exit  <<< PME.Adapter.RmmAdapter.GetProducts()
[51] 2026-04-05 08:26:00,224 DEBUG Exit  <<< PME.Adapter.RmmAdapter.FillRmmData()
[51] 2026-04-05 08:26:00,224 OFF   GetAdaptedStartScanResponse => Scan result numbers: 1 installed patches, 1 missing patches
[51] 2026-04-05 08:26:00,224 DEBUG Enter >>> PME.Adapter.RmmAdapter.SaveXmlFile(outputFileName = "C:\PROGRA~2\ADVANC~1\scans\PatchMan_2222338843")
[51] 2026-04-05 08:26:00,225 DEBUG Exit  <<< PME.Adapter.RmmAdapter.SaveXmlFile(outputFileName = "C:\PROGRA~2\ADVANC~1\scans\PatchMan_2222338843")
[51] 2026-04-05 08:26:00,225 DEBUG Enter >>> PME.Adapter.RmmAdapter.SaveJsonFile(outputFileName = "C:\PROGRA~2\ADVANC~1\scans\PatchMan_2222338843.json")
[51] 2026-04-05 08:26:00,236 DEBUG Exit  <<< PME.Adapter.RmmAdapter.SaveJsonFile(outputFileName = "C:\PROGRA~2\ADVANC~1\scans\PatchMan_2222338843.json")
[51] 2026-04-05 08:26:00,236 DEBUG Exit  <<< PME.Adapter.RmmAdapter.GetAdaptedStartScanResponse()
[51] 2026-04-05 08:26:00,236 DEBUG Exit  <<< PME.Adapter.RmmAdapter.AdaptResponse()
[51] 2026-04-05 08:26:00,237 DEBUG Exit  <<< PME.RpcServerApiWrapper.PmeRpcServerApi.AdaptResponse()
[51] 2026-04-05 08:26:00,237 DEBUG Exit  <<< PME.RpcServerApiWrapper.PmeRpcServerApi.Execute("1", "Pme.StartScan")
[51] 2026-04-05 08:26:18,471 DEBUG Enter >>> PME.RpcServerApiWrapper.PmeRpcServerApi.Execute("1", "Pme.Version")
[51] 2026-04-05 08:26:18,472 INFO  PME 2.13.13.5640, Request Handler Agent 2.13.11.5117, File Cache Service Agent 2.13.11.5117, WUA 1451.2601.23012.0
[51] 2026-04-05 08:26:18,473 DEBUG Enter >>> PME.RpcServerApiWrapper.PmeRpcServerApi.AdaptResponse()
[51] 2026-04-05 08:26:18,474 DEBUG Adapter.AdaptResponse => using default Adapter. Params: 0
[51] 2026-04-05 08:26:18,474 DEBUG Enter >>> PME.Adapter.RmmAdapter.AdaptResponse()
[51] 2026-04-05 08:26:18,474 DEBUG Exit  <<< PME.Adapter.RmmAdapter.AdaptResponse()
[51] 2026-04-05 08:26:18,474 DEBUG Exit  <<< PME.RpcServerApiWrapper.PmeRpcServerApi.AdaptResponse()
[51] 2026-04-05 08:26:18,474 DEBUG Exit  <<< PME.RpcServerApiWrapper.PmeRpcServerApi.Execute("1", "Pme.Version")
[51] 2026-04-05 08:26:18,506 DEBUG Enter >>> PME.RpcServerApiWrapper.PmeRpcServerApi.Execute("1", "Pme.GetLatestVersion")
[51] 2026-04-05 08:26:18,507 INFO  PME 2.13.13.5640, Request Handler Agent 2.13.11.5117, File Cache Service Agent 2.13.11.5117, WUA 1451.2601.23012.0
[51] 2026-04-05 08:26:18,514 DEBUG Enter >>> PME.RpcServerApiWrapper.PmeRpcServerApi.AdaptResponse()
[51] 2026-04-05 08:26:18,514 DEBUG Adapter.AdaptResponse => using default Adapter. Params: 0
[51] 2026-04-05 08:26:18,514 DEBUG Enter >>> PME.Adapter.RmmAdapter.AdaptResponse()
[51] 2026-04-05 08:26:18,515 DEBUG Exit  <<< PME.Adapter.RmmAdapter.AdaptResponse()
[51] 2026-04-05 08:26:18,515 DEBUG Exit  <<< PME.RpcServerApiWrapper.PmeRpcServerApi.AdaptResponse()
[51] 2026-04-05 08:26:18,516 DEBUG Exit  <<< PME.RpcServerApiWrapper.PmeRpcServerApi.Execute("1", "Pme.GetLatestVersion")
[57] 2026-04-05 09:00:27,773 DEBUG Enter >>> PME.RpcServerApiWrapper.PmeRpcServerApi.Execute("1", "Pme.Version")
[57] 2026-04-05 09:00:27,775 INFO  PME 2.13.13.5640, Request Handler Agent 2.13.11.5117, File Cache Service Agent 2.13.11.5117, WUA 1451.2601.23012.0
[57] 2026-04-05 09:00:27,777 DEBUG Enter >>> PME.RpcServerApiWrapper.PmeRpcServerApi.AdaptResponse()
[57] 2026-04-05 09:00:27,777 DEBUG Adapter.AdaptResponse => using default Adapter. Params: 0
[57] 2026-04-05 09:00:27,778 DEBUG Enter >>> PME.Adapter.RmmAdapter.AdaptResponse()
[57] 2026-04-05 09:00:27,778 DEBUG Exit  <<< PME.Adapter.RmmAdapter.AdaptResponse()
[57] 2026-04-05 09:00:27,778 DEBUG Exit  <<< PME.RpcServerApiWrapper.PmeRpcServerApi.AdaptResponse()
[57] 2026-04-05 09:00:27,779 DEBUG Exit  <<< PME.RpcServerApiWrapper.PmeRpcServerApi.Execute("1", "Pme.Version")
[57] 2026-04-05 09:00:27,807 DEBUG Enter >>> PME.RpcServerApiWrapper.PmeRpcServerApi.Execute("1", "Pme.GetLatestVersion")
[57] 2026-04-05 09:00:27,808 INFO  PME 2.13.13.5640, Request Handler Agent 2.13.11.5117, File Cache Service Agent 2.13.11.5117, WUA 1451.2601.23012.0
[57] 2026-04-05 09:00:27,818 DEBUG Enter >>> PME.RpcServerApiWrapper.PmeRpcServerApi.AdaptResponse()
[57] 2026-04-05 09:00:27,819 DEBUG Adapter.AdaptResponse => using default Adapter. Params: 0
[57] 2026-04-05 09:00:27,819 DEBUG Enter >>> PME.Adapter.RmmAdapter.AdaptResponse()
[57] 2026-04-05 09:00:27,819 DEBUG Exit  <<< PME.Adapter.RmmAdapter.AdaptResponse()
[57] 2026-04-05 09:00:27,819 DEBUG Exit  <<< PME.RpcServerApiWrapper.PmeRpcServerApi.AdaptResponse()
[57] 2026-04-05 09:00:27,820 DEBUG Exit  <<< PME.RpcServerApiWrapper.PmeRpcServerApi.Execute("1", "Pme.GetLatestVersion")
[57] 2026-04-05 09:00:28,050 DEBUG Enter >>> PME.RpcServerApiWrapper.PmeRpcServerApi.Execute("1", "Pme.Install")
[57] 2026-04-05 09:00:28,051 INFO  PME 2.13.13.5640, Request Handler Agent 2.13.11.5117, File Cache Service Agent 2.13.11.5117, WUA 1451.2601.23012.0
[57] 2026-04-05 09:00:28,055 INFO  PME.RpcServerApiWrapper.PmeRpcServerApi.StartActions => Set 'InstallationTimeoutInMinutes' by config file to 180
[4] 2026-04-05 09:51:03,433 DEBUG Enter >>> PME.RpcServerApiWrapper.PmeRpcServerApi.Execute("1", "Pme.Version")
[4] 2026-04-05 09:51:03,447 INFO  PME 2.13.13.5640, Request Handler Agent 2.13.11.5117, File Cache Service Agent 2.13.11.5117, WUA 1451.2601.23012.0
[4] 2026-04-05 09:51:03,481 DEBUG Enter >>> PME.RpcServerApiWrapper.PmeRpcServerApi.AdaptResponse()
[4] 2026-04-05 09:51:03,483 DEBUG Adapter.AdaptResponse => using default Adapter. Params: 0
[4] 2026-04-05 09:51:03,485 DEBUG Enter >>> PME.Adapter.RmmAdapter.AdaptResponse()
[4] 2026-04-05 09:51:03,485 DEBUG Exit  <<< PME.Adapter.RmmAdapter.AdaptResponse()
[4] 2026-04-05 09:51:03,486 DEBUG Exit  <<< PME.RpcServerApiWrapper.PmeRpcServerApi.AdaptResponse()
[4] 2026-04-05 09:51:03,486 DEBUG Exit  <<< PME.RpcServerApiWrapper.PmeRpcServerApi.Execute("1", "Pme.Version")
[4] 2026-04-05 09:51:03,548 DEBUG Enter >>> PME.RpcServerApiWrapper.PmeRpcServerApi.Execute("1", "Pme.GetLatestVersion")
[4] 2026-04-05 09:51:03,549 INFO  PME 2.13.13.5640, Request Handler Agent 2.13.11.5117, File Cache Service Agent 2.13.11.5117, WUA 1451.2601.23012.0
[4] 2026-04-05 09:51:03,762 DEBUG Enter >>> PME.RpcServerApiWrapper.PmeRpcServerApi.AdaptResponse()
[4] 2026-04-05 09:51:03,762 DEBUG Adapter.AdaptResponse => using default Adapter. Params: 0
[4] 2026-04-05 09:51:03,762 DEBUG Enter >>> PME.Adapter.RmmAdapter.AdaptResponse()
[4] 2026-04-05 09:51:03,762 DEBUG Exit  <<< PME.Adapter.RmmAdapter.AdaptResponse()
[4] 2026-04-05 09:51:03,762 DEBUG Exit  <<< PME.RpcServerApiWrapper.PmeRpcServerApi.AdaptResponse()
[4] 2026-04-05 09:51:03,763 DEBUG Exit  <<< PME.RpcServerApiWrapper.PmeRpcServerApi.Execute("1", "Pme.GetLatestVersion")
[4] 2026-04-05 09:51:04,031 DEBUG Enter >>> PME.RpcServerApiWrapper.PmeRpcServerApi.Execute("1", "Pme.Install")
[4] 2026-04-05 09:51:04,033 INFO  PME 2.13.13.5640, Request Handler Agent 2.13.11.5117, File Cache Service Agent 2.13.11.5117, WUA 1451.2601.23012.0
[4] 2026-04-05 09:51:04,053 INFO  PME.RpcServerApiWrapper.PmeRpcServerApi.StartActions => Set 'InstallationTimeoutInMinutes' by config file to 180
[4] 2026-04-05 10:01:43,034 DEBUG Enter >>> PME.RpcServerApiWrapper.PmeRpcServerApi.AdaptResponse()
[4] 2026-04-05 10:01:43,035 DEBUG Adapter.AdaptResponse => using default Adapter. Params: 1
[4] 2026-04-05 10:01:43,036 DEBUG Enter >>> PME.Adapter.RmmAdapter.AdaptResponse()
[4] 2026-04-05 10:01:43,036 DEBUG Enter >>> PME.Adapter.RmmAdapter.GetAdaptedStartActionsResult()
[4] 2026-04-05 10:01:43,037 DEBUG Enter >>> PME.Adapter.RmmAdapter.GetOutputFileNameFromParams()
[4] 2026-04-05 10:01:43,037 DEBUG Exit  <<< PME.Adapter.RmmAdapter.GetOutputFileNameFromParams(), returns ""
[4] 2026-04-05 10:01:43,038 DEBUG Enter >>> PME.Adapter.RmmAdapter.GenerateOutputFileName()
[4] 2026-04-05 10:01:43,038 DEBUG Enter >>> PME.Adapter.RmmAdapter.GetOutputFilePath()
[4] 2026-04-05 10:01:43,039 DEBUG Exit  <<< PME.Adapter.RmmAdapter.GetOutputFilePath(), returns "C:\ProgramData\MspPlatform\PME\data"
[4] 2026-04-05 10:01:43,039 DEBUG Exit  <<< PME.Adapter.RmmAdapter.GenerateOutputFileName(), returns "C:\ProgramData\MspPlatform\PME\data\Pme.Install_20260405100143_1.xml"
[4] 2026-04-05 10:01:43,039 DEBUG Enter >>> PME.Adapter.RmmAdapter.GetStartActionRmmDataSkeleton()
[4] 2026-04-05 10:01:43,039 DEBUG Exit  <<< PME.Adapter.RmmAdapter.GetStartActionRmmDataSkeleton()
[4] 2026-04-05 10:01:43,062 DEBUG Enter >>> PME.Adapter.RmmAdapter.SaveXmlFile(outputFileName = "C:\ProgramData\MspPlatform\PME\data\Pme.Install_20260405100143_1.xml")
[4] 2026-04-05 10:01:43,073 DEBUG Exit  <<< PME.Adapter.RmmAdapter.SaveXmlFile(outputFileName = "C:\ProgramData\MspPlatform\PME\data\Pme.Install_20260405100143_1.xml")
[4] 2026-04-05 10:01:43,074 DEBUG Exit  <<< PME.Adapter.RmmAdapter.GetAdaptedStartActionsResult()
[4] 2026-04-05 10:01:43,074 DEBUG Exit  <<< PME.Adapter.RmmAdapter.AdaptResponse()
[4] 2026-04-05 10:01:43,074 DEBUG Exit  <<< PME.RpcServerApiWrapper.PmeRpcServerApi.AdaptResponse()
[4] 2026-04-05 10:01:43,074 DEBUG Exit  <<< PME.RpcServerApiWrapper.PmeRpcServerApi.Execute("1", "Pme.Install")
[4] 2026-04-05 10:02:04,497 DEBUG Enter >>> PME.RpcServerApiWrapper.PmeRpcServerApi.Execute("1", "Pme.Version")
[4] 2026-04-05 10:02:04,500 INFO  PME 2.13.13.5640, Request Handler Agent 2.13.11.5117, File Cache Service Agent 2.13.11.5117, WUA 1451.2601.23012.0
[4] 2026-04-05 10:02:04,502 DEBUG Enter >>> PME.RpcServerApiWrapper.PmeRpcServerApi.AdaptResponse()
[4] 2026-04-05 10:02:04,503 DEBUG Adapter.AdaptResponse => using default Adapter. Params: 0
[4] 2026-04-05 10:02:04,503 DEBUG Enter >>> PME.Adapter.RmmAdapter.AdaptResponse()
[4] 2026-04-05 10:02:04,503 DEBUG Exit  <<< PME.Adapter.RmmAdapter.AdaptResponse()
[4] 2026-04-05 10:02:04,503 DEBUG Exit  <<< PME.RpcServerApiWrapper.PmeRpcServerApi.AdaptResponse()
[4] 2026-04-05 10:02:04,503 DEBUG Exit  <<< PME.RpcServerApiWrapper.PmeRpcServerApi.Execute("1", "Pme.Version")
[4] 2026-04-05 10:02:04,533 DEBUG Enter >>> PME.RpcServerApiWrapper.PmeRpcServerApi.Execute("1", "Pme.GetLatestVersion")
[4] 2026-04-05 10:02:04,534 INFO  PME 2.13.13.5640, Request Handler Agent 2.13.11.5117, File Cache Service Agent 2.13.11.5117, WUA 1451.2601.23012.0
[4] 2026-04-05 10:02:04,541 DEBUG Enter >>> PME.RpcServerApiWrapper.PmeRpcServerApi.AdaptResponse()
[4] 2026-04-05 10:02:04,542 DEBUG Adapter.AdaptResponse => using default Adapter. Params: 0
[4] 2026-04-05 10:02:04,542 DEBUG Enter >>> PME.Adapter.RmmAdapter.AdaptResponse()
[4] 2026-04-05 10:02:04,542 DEBUG Exit  <<< PME.Adapter.RmmAdapter.AdaptResponse()
[4] 2026-04-05 10:02:04,542 DEBUG Exit  <<< PME.RpcServerApiWrapper.PmeRpcServerApi.AdaptResponse()
[4] 2026-04-05 10:02:04,543 DEBUG Exit  <<< PME.RpcServerApiWrapper.PmeRpcServerApi.Execute("1", "Pme.GetLatestVersion")
[4] 2026-04-05 10:02:04,576 DEBUG Enter >>> PME.RpcServerApiWrapper.PmeRpcServerApi.Execute("1", "Pme.StartScan")
[4] 2026-04-05 10:02:04,578 INFO  PME 2.13.13.5640, Request Handler Agent 2.13.11.5117, File Cache Service Agent 2.13.11.5117, WUA 1451.2601.23012.0
[4] 2026-04-05 10:02:04,583 DEBUG PME.RpcServerApiWrapper.PmeRpcServerApi.StartScan => parameters:
[4] 2026-04-05 10:02:04,583 DEBUG 	outputFileName=C:\PROGRA~2\ADVANC~1\scans\PatchMan_1085546
[4] 2026-04-05 10:04:05,572 INFO  PME.RpcServerApiWrapper.PmeRpcServerApi.Execute => submitting to Perun is not enabled (feature flag check)
[4] 2026-04-05 10:04:05,572 DEBUG Enter >>> PME.RpcServerApiWrapper.PmeRpcServerApi.AdaptResponse()
[4] 2026-04-05 10:04:05,573 DEBUG Adapter.AdaptResponse => using default Adapter. Params: 1
[4] 2026-04-05 10:04:05,573 DEBUG Enter >>> PME.Adapter.RmmAdapter.AdaptResponse()
[4] 2026-04-05 10:04:05,574 DEBUG Enter >>> PME.Adapter.RmmAdapter.GetAdaptedStartScanResponse()
[4] 2026-04-05 10:04:05,575 DEBUG Enter >>> PME.Adapter.RmmAdapter.GetOutputFileNameFromParams()
[4] 2026-04-05 10:04:05,575 DEBUG Exit  <<< PME.Adapter.RmmAdapter.GetOutputFileNameFromParams(), returns "C:\PROGRA~2\ADVANC~1\scans\PatchMan_1085546"
[4] 2026-04-05 10:04:05,577 DEBUG Enter >>> PME.Adapter.RmmAdapter.GetStartScanRmmDataSkeleton()
[4] 2026-04-05 10:04:05,578 DEBUG Enter >>> PME.Adapter.RmmAdapter.GetLocalIpAddress()
[4] 2026-04-05 10:04:05,595 DEBUG Exit  <<< PME.Adapter.RmmAdapter.GetLocalIpAddress(), returns "169.254.83.107"
[4] 2026-04-05 10:04:05,595 DEBUG Exit  <<< PME.Adapter.RmmAdapter.GetStartScanRmmDataSkeleton()
[4] 2026-04-05 10:04:05,596 DEBUG Enter >>> PME.Adapter.RmmAdapter.FillRmmData()
[4] 2026-04-05 10:04:05,596 DEBUG Enter >>> PME.Adapter.RmmAdapter.CreateListOfHotfixesAndMissingHotfixes()
[4] 2026-04-05 10:04:05,597 DEBUG Exit  <<< PME.Adapter.RmmAdapter.CreateListOfHotfixesAndMissingHotfixes()
[4] 2026-04-05 10:04:05,600 DEBUG Enter >>> PME.Adapter.RmmAdapter.GetProducts()
[4] 2026-04-05 10:04:05,611 WARN  Unknown severity: "Unspecified"
[4] 2026-04-05 10:04:05,613 WARN  Unknown severity: "Unspecified"
[4] 2026-04-05 10:04:05,615 DEBUG Exit  <<< PME.Adapter.RmmAdapter.GetProducts()
[4] 2026-04-05 10:04:05,616 DEBUG Enter >>> PME.Adapter.RmmAdapter.GetProducts()
[4] 2026-04-05 10:04:05,616 DEBUG Exit  <<< PME.Adapter.RmmAdapter.GetProducts()
[4] 2026-04-05 10:04:05,617 DEBUG Exit  <<< PME.Adapter.RmmAdapter.FillRmmData()
[4] 2026-04-05 10:04:05,617 OFF   GetAdaptedStartScanResponse => Scan result numbers: 15 installed patches, 0 missing patches
[4] 2026-04-05 10:04:05,618 DEBUG Enter >>> PME.Adapter.RmmAdapter.SaveXmlFile(outputFileName = "C:\PROGRA~2\ADVANC~1\scans\PatchMan_1085546")
[4] 2026-04-05 10:04:05,638 DEBUG Exit  <<< PME.Adapter.RmmAdapter.SaveXmlFile(outputFileName = "C:\PROGRA~2\ADVANC~1\scans\PatchMan_1085546")
[4] 2026-04-05 10:04:05,638 DEBUG Enter >>> PME.Adapter.RmmAdapter.SaveJsonFile(outputFileName = "C:\PROGRA~2\ADVANC~1\scans\PatchMan_1085546.json")
[4] 2026-04-05 10:04:05,655 DEBUG Exit  <<< PME.Adapter.RmmAdapter.SaveJsonFile(outputFileName = "C:\PROGRA~2\ADVANC~1\scans\PatchMan_1085546.json")
[4] 2026-04-05 10:04:05,655 DEBUG Exit  <<< PME.Adapter.RmmAdapter.GetAdaptedStartScanResponse()
[4] 2026-04-05 10:04:05,655 DEBUG Exit  <<< PME.Adapter.RmmAdapter.AdaptResponse()
[4] 2026-04-05 10:04:05,656 DEBUG Exit  <<< PME.RpcServerApiWrapper.PmeRpcServerApi.AdaptResponse()
[4] 2026-04-05 10:04:05,656 DEBUG Exit  <<< PME.RpcServerApiWrapper.PmeRpcServerApi.Execute("1", "Pme.StartScan")
[8] 2026-04-05 10:44:07,933 DEBUG Enter >>> PME.RpcServerApiWrapper.PmeRpcServerApi.Execute("1", "Pme.Version")
[8] 2026-04-05 10:44:07,936 INFO  PME 2.13.13.5640, Request Handler Agent 2.13.11.5117, File Cache Service Agent 2.13.11.5117, WUA 1451.2601.23012.0
[8] 2026-04-05 10:44:07,939 DEBUG Enter >>> PME.RpcServerApiWrapper.PmeRpcServerApi.AdaptResponse()
[8] 2026-04-05 10:44:07,940 DEBUG Adapter.AdaptResponse => using default Adapter. Params: 0
[8] 2026-04-05 10:44:07,940 DEBUG Enter >>> PME.Adapter.RmmAdapter.AdaptResponse()
[8] 2026-04-05 10:44:07,941 DEBUG Exit  <<< PME.Adapter.RmmAdapter.AdaptResponse()
[8] 2026-04-05 10:44:07,942 DEBUG Exit  <<< PME.RpcServerApiWrapper.PmeRpcServerApi.AdaptResponse()
[8] 2026-04-05 10:44:07,942 DEBUG Exit  <<< PME.RpcServerApiWrapper.PmeRpcServerApi.Execute("1", "Pme.Version")
[8] 2026-04-05 10:44:08,035 DEBUG Enter >>> PME.RpcServerApiWrapper.PmeRpcServerApi.Execute("1", "Pme.GetLatestVersion")
[8] 2026-04-05 10:44:08,038 INFO  PME 2.13.13.5640, Request Handler Agent 2.13.11.5117, File Cache Service Agent 2.13.11.5117, WUA 1451.2601.23012.0
[8] 2026-04-05 10:44:08,055 DEBUG Enter >>> PME.RpcServerApiWrapper.PmeRpcServerApi.AdaptResponse()
[8] 2026-04-05 10:44:08,056 DEBUG Adapter.AdaptResponse => using default Adapter. Params: 0
[8] 2026-04-05 10:44:08,057 DEBUG Enter >>> PME.Adapter.RmmAdapter.AdaptResponse()
[8] 2026-04-05 10:44:08,057 DEBUG Exit  <<< PME.Adapter.RmmAdapter.AdaptResponse()
[8] 2026-04-05 10:44:08,058 DEBUG Exit  <<< PME.RpcServerApiWrapper.PmeRpcServerApi.AdaptResponse()
[8] 2026-04-05 10:44:08,059 DEBUG Exit  <<< PME.RpcServerApiWrapper.PmeRpcServerApi.Execute("1", "Pme.GetLatestVersion")
[8] 2026-04-05 10:44:08,172 DEBUG Enter >>> PME.RpcServerApiWrapper.PmeRpcServerApi.Execute("1", "Pme.StartScan")
[8] 2026-04-05 10:44:08,174 INFO  PME 2.13.13.5640, Request Handler Agent 2.13.11.5117, File Cache Service Agent 2.13.11.5117, WUA 1451.2601.23012.0
[8] 2026-04-05 10:44:08,181 DEBUG PME.RpcServerApiWrapper.PmeRpcServerApi.StartScan => parameters:
[8] 2026-04-05 10:44:08,182 DEBUG 	outputFileName=C:\PROGRA~2\ADVANC~1\scans\PatchMan_3609078
[8] 2026-04-05 10:48:20,432 INFO  PME.RpcServerApiWrapper.PmeRpcServerApi.Execute => submitting to Perun is not enabled (feature flag check)
[8] 2026-04-05 10:48:20,433 DEBUG Enter >>> PME.RpcServerApiWrapper.PmeRpcServerApi.AdaptResponse()
[8] 2026-04-05 10:48:20,433 DEBUG Adapter.AdaptResponse => using default Adapter. Params: 1
[8] 2026-04-05 10:48:20,434 DEBUG Enter >>> PME.Adapter.RmmAdapter.AdaptResponse()
[8] 2026-04-05 10:48:20,434 DEBUG Enter >>> PME.Adapter.RmmAdapter.GetAdaptedStartScanResponse()
[8] 2026-04-05 10:48:20,435 DEBUG Enter >>> PME.Adapter.RmmAdapter.GetOutputFileNameFromParams()
[8] 2026-04-05 10:48:20,435 DEBUG Exit  <<< PME.Adapter.RmmAdapter.GetOutputFileNameFromParams(), returns "C:\PROGRA~2\ADVANC~1\scans\PatchMan_3609078"
[8] 2026-04-05 10:48:20,435 DEBUG Enter >>> PME.Adapter.RmmAdapter.GetStartScanRmmDataSkeleton()
[8] 2026-04-05 10:48:20,437 DEBUG Enter >>> PME.Adapter.RmmAdapter.GetLocalIpAddress()
[8] 2026-04-05 10:48:20,438 DEBUG Exit  <<< PME.Adapter.RmmAdapter.GetLocalIpAddress(), returns "169.254.83.107"
[8] 2026-04-05 10:48:20,438 DEBUG Exit  <<< PME.Adapter.RmmAdapter.GetStartScanRmmDataSkeleton()
[8] 2026-04-05 10:48:20,439 DEBUG Enter >>> PME.Adapter.RmmAdapter.FillRmmData()
[8] 2026-04-05 10:48:20,439 DEBUG Enter >>> PME.Adapter.RmmAdapter.CreateListOfHotfixesAndMissingHotfixes()
[8] 2026-04-05 10:48:20,440 DEBUG Exit  <<< PME.Adapter.RmmAdapter.CreateListOfHotfixesAndMissingHotfixes()
[8] 2026-04-05 10:48:20,441 DEBUG Enter >>> PME.Adapter.RmmAdapter.GetProducts()
[8] 2026-04-05 10:48:20,451 WARN  Unknown severity: "Unspecified"
[8] 2026-04-05 10:48:20,452 WARN  Unknown severity: "Unspecified"
[8] 2026-04-05 10:48:20,459 DEBUG Exit  <<< PME.Adapter.RmmAdapter.GetProducts()
[8] 2026-04-05 10:48:20,459 DEBUG Enter >>> PME.Adapter.RmmAdapter.GetProducts()
[8] 2026-04-05 10:48:20,461 DEBUG Exit  <<< PME.Adapter.RmmAdapter.GetProducts()
[8] 2026-04-05 10:48:20,461 DEBUG Exit  <<< PME.Adapter.RmmAdapter.FillRmmData()
[8] 2026-04-05 10:48:20,462 OFF   GetAdaptedStartScanResponse => Scan result numbers: 14 installed patches, 1 missing patches
[8] 2026-04-05 10:48:20,462 DEBUG Enter >>> PME.Adapter.RmmAdapter.SaveXmlFile(outputFileName = "C:\PROGRA~2\ADVANC~1\scans\PatchMan_3609078")
[8] 2026-04-05 10:48:20,465 DEBUG Exit  <<< PME.Adapter.RmmAdapter.SaveXmlFile(outputFileName = "C:\PROGRA~2\ADVANC~1\scans\PatchMan_3609078")
[8] 2026-04-05 10:48:20,466 DEBUG Enter >>> PME.Adapter.RmmAdapter.SaveJsonFile(outputFileName = "C:\PROGRA~2\ADVANC~1\scans\PatchMan_3609078.json")
[8] 2026-04-05 10:48:20,512 DEBUG Exit  <<< PME.Adapter.RmmAdapter.SaveJsonFile(outputFileName = "C:\PROGRA~2\ADVANC~1\scans\PatchMan_3609078.json")
[8] 2026-04-05 10:48:20,513 DEBUG Exit  <<< PME.Adapter.RmmAdapter.GetAdaptedStartScanResponse()
[8] 2026-04-05 10:48:20,514 DEBUG Exit  <<< PME.Adapter.RmmAdapter.AdaptResponse()
[8] 2026-04-05 10:48:20,514 DEBUG Exit  <<< PME.RpcServerApiWrapper.PmeRpcServerApi.AdaptResponse()
[8] 2026-04-05 10:48:20,514 DEBUG Exit  <<< PME.RpcServerApiWrapper.PmeRpcServerApi.Execute("1", "Pme.StartScan")
[8] 2026-04-05 11:09:13,951 DEBUG Enter >>> PME.RpcServerApiWrapper.PmeRpcServerApi.Execute("1", "Pme.Version")
[8] 2026-04-05 11:09:13,958 INFO  PME 2.13.13.5640, Request Handler Agent 2.13.11.5117, File Cache Service Agent 2.13.11.5117, WUA 1451.2601.23012.0
[8] 2026-04-05 11:09:13,962 DEBUG Enter >>> PME.RpcServerApiWrapper.PmeRpcServerApi.AdaptResponse()
[8] 2026-04-05 11:09:13,962 DEBUG Adapter.AdaptResponse => using default Adapter. Params: 0
[8] 2026-04-05 11:09:13,963 DEBUG Enter >>> PME.Adapter.RmmAdapter.AdaptResponse()
[8] 2026-04-05 11:09:13,964 DEBUG Exit  <<< PME.Adapter.RmmAdapter.AdaptResponse()
[8] 2026-04-05 11:09:13,965 DEBUG Exit  <<< PME.RpcServerApiWrapper.PmeRpcServerApi.AdaptResponse()
[8] 2026-04-05 11:09:13,966 DEBUG Exit  <<< PME.RpcServerApiWrapper.PmeRpcServerApi.Execute("1", "Pme.Version")
[8] 2026-04-05 11:09:14,046 DEBUG Enter >>> PME.RpcServerApiWrapper.PmeRpcServerApi.Execute("1", "Pme.GetLatestVersion")
[8] 2026-04-05 11:09:14,051 INFO  PME 2.13.13.5640, Request Handler Agent 2.13.11.5117, File Cache Service Agent 2.13.11.5117, WUA 1451.2601.23012.0
[8] 2026-04-05 11:09:14,077 DEBUG Enter >>> PME.RpcServerApiWrapper.PmeRpcServerApi.AdaptResponse()
[8] 2026-04-05 11:09:14,077 DEBUG Adapter.AdaptResponse => using default Adapter. Params: 0
[8] 2026-04-05 11:09:14,079 DEBUG Enter >>> PME.Adapter.RmmAdapter.AdaptResponse()
[8] 2026-04-05 11:09:14,079 DEBUG Exit  <<< PME.Adapter.RmmAdapter.AdaptResponse()
[8] 2026-04-05 11:09:14,080 DEBUG Exit  <<< PME.RpcServerApiWrapper.PmeRpcServerApi.AdaptResponse()
[8] 2026-04-05 11:09:14,080 DEBUG Exit  <<< PME.RpcServerApiWrapper.PmeRpcServerApi.Execute("1", "Pme.GetLatestVersion")
[8] 2026-04-05 11:09:14,168 DEBUG Enter >>> PME.RpcServerApiWrapper.PmeRpcServerApi.Execute("1", "Pme.StartScan")
[8] 2026-04-05 11:09:14,174 INFO  PME 2.13.13.5640, Request Handler Agent 2.13.11.5117, File Cache Service Agent 2.13.11.5117, WUA 1451.2601.23012.0
[8] 2026-04-05 11:09:14,185 DEBUG PME.RpcServerApiWrapper.PmeRpcServerApi.StartScan => parameters:
[8] 2026-04-05 11:09:14,186 DEBUG 	outputFileName=C:\PROGRA~2\ADVANC~1\scans\PatchMan_5115109
[8] 2026-04-05 11:29:56,920 INFO  PME.RpcServerApiWrapper.PmeRpcServerApi.Execute => submitting to Perun is not enabled (feature flag check)
[8] 2026-04-05 11:29:56,921 DEBUG Enter >>> PME.RpcServerApiWrapper.PmeRpcServerApi.AdaptResponse()
[8] 2026-04-05 11:29:56,921 DEBUG Adapter.AdaptResponse => using default Adapter. Params: 1
[8] 2026-04-05 11:29:56,922 DEBUG Enter >>> PME.Adapter.RmmAdapter.AdaptResponse()
[8] 2026-04-05 11:29:56,922 DEBUG Enter >>> PME.Adapter.RmmAdapter.GetAdaptedStartScanResponse()
[8] 2026-04-05 11:29:56,922 DEBUG Enter >>> PME.Adapter.RmmAdapter.GetOutputFileNameFromParams()
[8] 2026-04-05 11:29:56,923 DEBUG Exit  <<< PME.Adapter.RmmAdapter.GetOutputFileNameFromParams(), returns "C:\PROGRA~2\ADVANC~1\scans\PatchMan_5115109"
[8] 2026-04-05 11:29:56,924 DEBUG Enter >>> PME.Adapter.RmmAdapter.GetStartScanRmmDataSkeleton()
[8] 2026-04-05 11:29:56,924 DEBUG Enter >>> PME.Adapter.RmmAdapter.GetLocalIpAddress()
[8] 2026-04-05 11:29:56,925 DEBUG Exit  <<< PME.Adapter.RmmAdapter.GetLocalIpAddress(), returns "169.254.83.107"
[8] 2026-04-05 11:29:56,926 DEBUG Exit  <<< PME.Adapter.RmmAdapter.GetStartScanRmmDataSkeleton()
[8] 2026-04-05 11:29:56,927 DEBUG Enter >>> PME.Adapter.RmmAdapter.FillRmmData()
[8] 2026-04-05 11:29:56,927 DEBUG Enter >>> PME.Adapter.RmmAdapter.CreateListOfHotfixesAndMissingHotfixes()
[8] 2026-04-05 11:29:56,927 DEBUG Exit  <<< PME.Adapter.RmmAdapter.CreateListOfHotfixesAndMissingHotfixes()
[8] 2026-04-05 11:29:56,928 DEBUG Enter >>> PME.Adapter.RmmAdapter.GetProducts()
[8] 2026-04-05 11:29:56,936 WARN  Unknown severity: "Unspecified"
[8] 2026-04-05 11:29:56,938 WARN  Unknown severity: "Unspecified"
[8] 2026-04-05 11:29:56,943 DEBUG Exit  <<< PME.Adapter.RmmAdapter.GetProducts()
[8] 2026-04-05 11:29:56,943 DEBUG Enter >>> PME.Adapter.RmmAdapter.GetProducts()
[8] 2026-04-05 11:29:56,945 DEBUG Exit  <<< PME.Adapter.RmmAdapter.GetProducts()
[8] 2026-04-05 11:29:56,945 DEBUG Exit  <<< PME.Adapter.RmmAdapter.FillRmmData()
[8] 2026-04-05 11:29:56,945 OFF   GetAdaptedStartScanResponse => Scan result numbers: 14 installed patches, 1 missing patches
[8] 2026-04-05 11:29:56,946 DEBUG Enter >>> PME.Adapter.RmmAdapter.SaveXmlFile(outputFileName = "C:\PROGRA~2\ADVANC~1\scans\PatchMan_5115109")
[8] 2026-04-05 11:29:56,947 DEBUG Exit  <<< PME.Adapter.RmmAdapter.SaveXmlFile(outputFileName = "C:\PROGRA~2\ADVANC~1\scans\PatchMan_5115109")
[8] 2026-04-05 11:29:56,949 DEBUG Enter >>> PME.Adapter.RmmAdapter.SaveJsonFile(outputFileName = "C:\PROGRA~2\ADVANC~1\scans\PatchMan_5115109.json")
[8] 2026-04-05 11:29:56,987 DEBUG Exit  <<< PME.Adapter.RmmAdapter.SaveJsonFile(outputFileName = "C:\PROGRA~2\ADVANC~1\scans\PatchMan_5115109.json")
[8] 2026-04-05 11:29:56,988 DEBUG Exit  <<< PME.Adapter.RmmAdapter.GetAdaptedStartScanResponse()
[8] 2026-04-05 11:29:56,988 DEBUG Exit  <<< PME.Adapter.RmmAdapter.AdaptResponse()
[8] 2026-04-05 11:29:56,989 DEBUG Exit  <<< PME.RpcServerApiWrapper.PmeRpcServerApi.AdaptResponse()
[8] 2026-04-05 11:29:56,989 DEBUG Exit  <<< PME.RpcServerApiWrapper.PmeRpcServerApi.Execute("1", "Pme.StartScan")
[21] 2026-04-06 09:10:44,257 DEBUG Enter >>> PME.RpcServerApiWrapper.PmeRpcServerApi.Execute("1", "Pme.Version")
[21] 2026-04-06 09:10:44,260 INFO  PME 2.13.13.5640, Request Handler Agent 2.13.11.5117, File Cache Service Agent 2.13.11.5117, WUA 1451.2601.23012.0
[21] 2026-04-06 09:10:44,296 DEBUG Enter >>> PME.RpcServerApiWrapper.PmeRpcServerApi.AdaptResponse()
[21] 2026-04-06 09:10:44,297 DEBUG Adapter.AdaptResponse => using default Adapter. Params: 0
[21] 2026-04-06 09:10:44,297 DEBUG Enter >>> PME.Adapter.RmmAdapter.AdaptResponse()
[21] 2026-04-06 09:10:44,297 DEBUG Exit  <<< PME.Adapter.RmmAdapter.AdaptResponse()
[21] 2026-04-06 09:10:44,298 DEBUG Exit  <<< PME.RpcServerApiWrapper.PmeRpcServerApi.AdaptResponse()
[21] 2026-04-06 09:10:44,298 DEBUG Exit  <<< PME.RpcServerApiWrapper.PmeRpcServerApi.Execute("1", "Pme.Version")
[21] 2026-04-06 09:10:44,373 DEBUG Enter >>> PME.RpcServerApiWrapper.PmeRpcServerApi.Execute("1", "Pme.GetLatestVersion")
[21] 2026-04-06 09:10:44,375 INFO  PME 2.13.13.5640, Request Handler Agent 2.13.11.5117, File Cache Service Agent 2.13.11.5117, WUA 1451.2601.23012.0
[21] 2026-04-06 09:10:44,393 DEBUG Enter >>> PME.RpcServerApiWrapper.PmeRpcServerApi.AdaptResponse()
[21] 2026-04-06 09:10:44,393 DEBUG Adapter.AdaptResponse => using default Adapter. Params: 0
[21] 2026-04-06 09:10:44,394 DEBUG Enter >>> PME.Adapter.RmmAdapter.AdaptResponse()
[21] 2026-04-06 09:10:44,394 DEBUG Exit  <<< PME.Adapter.RmmAdapter.AdaptResponse()
[21] 2026-04-06 09:10:44,395 DEBUG Exit  <<< PME.RpcServerApiWrapper.PmeRpcServerApi.AdaptResponse()
[21] 2026-04-06 09:10:44,395 DEBUG Exit  <<< PME.RpcServerApiWrapper.PmeRpcServerApi.Execute("1", "Pme.GetLatestVersion")
[21] 2026-04-06 09:11:46,483 DEBUG Enter >>> PME.RpcServerApiWrapper.PmeRpcServerApi.Execute("1", "Pme.Version")
[21] 2026-04-06 09:11:46,486 INFO  PME 2.13.13.5640, Request Handler Agent 2.13.11.5117, File Cache Service Agent 2.13.11.5117, WUA 1451.2601.23012.0
[21] 2026-04-06 09:11:46,488 DEBUG Enter >>> PME.RpcServerApiWrapper.PmeRpcServerApi.AdaptResponse()
[21] 2026-04-06 09:11:46,489 DEBUG Adapter.AdaptResponse => using default Adapter. Params: 0
[21] 2026-04-06 09:11:46,489 DEBUG Enter >>> PME.Adapter.RmmAdapter.AdaptResponse()
[21] 2026-04-06 09:11:46,489 DEBUG Exit  <<< PME.Adapter.RmmAdapter.AdaptResponse()
[21] 2026-04-06 09:11:46,491 DEBUG Exit  <<< PME.RpcServerApiWrapper.PmeRpcServerApi.AdaptResponse()
[21] 2026-04-06 09:11:46,491 DEBUG Exit  <<< PME.RpcServerApiWrapper.PmeRpcServerApi.Execute("1", "Pme.Version")
[21] 2026-04-06 09:11:46,538 DEBUG Enter >>> PME.RpcServerApiWrapper.PmeRpcServerApi.Execute("1", "Pme.GetLatestVersion")
[21] 2026-04-06 09:11:46,540 INFO  PME 2.13.13.5640, Request Handler Agent 2.13.11.5117, File Cache Service Agent 2.13.11.5117, WUA 1451.2601.23012.0
[21] 2026-04-06 09:11:46,556 DEBUG Enter >>> PME.RpcServerApiWrapper.PmeRpcServerApi.AdaptResponse()
[21] 2026-04-06 09:11:46,557 DEBUG Adapter.AdaptResponse => using default Adapter. Params: 0
[21] 2026-04-06 09:11:46,557 DEBUG Enter >>> PME.Adapter.RmmAdapter.AdaptResponse()
[21] 2026-04-06 09:11:46,558 DEBUG Exit  <<< PME.Adapter.RmmAdapter.AdaptResponse()
[21] 2026-04-06 09:11:46,558 DEBUG Exit  <<< PME.RpcServerApiWrapper.PmeRpcServerApi.AdaptResponse()
[21] 2026-04-06 09:11:46,558 DEBUG Exit  <<< PME.RpcServerApiWrapper.PmeRpcServerApi.Execute("1", "Pme.GetLatestVersion")
[18] 2026-04-06 11:01:18,908 DEBUG Enter >>> PME.RpcServerApiWrapper.PmeRpcServerApi.Execute("1", "Pme.Version")
[18] 2026-04-06 11:01:18,944 INFO  PME 2.13.13.5640, Request Handler Agent 2.13.11.5117, File Cache Service Agent 2.13.11.5117, WUA 1451.2601.23012.0
[18] 2026-04-06 11:01:18,950 DEBUG Enter >>> PME.RpcServerApiWrapper.PmeRpcServerApi.AdaptResponse()
[18] 2026-04-06 11:01:18,950 DEBUG Adapter.AdaptResponse => using default Adapter. Params: 0
[18] 2026-04-06 11:01:18,950 DEBUG Enter >>> PME.Adapter.RmmAdapter.AdaptResponse()
[18] 2026-04-06 11:01:18,952 DEBUG Exit  <<< PME.Adapter.RmmAdapter.AdaptResponse()
[18] 2026-04-06 11:01:18,953 DEBUG Exit  <<< PME.RpcServerApiWrapper.PmeRpcServerApi.AdaptResponse()
[18] 2026-04-06 11:01:18,953 DEBUG Exit  <<< PME.RpcServerApiWrapper.PmeRpcServerApi.Execute("1", "Pme.Version")
[18] 2026-04-06 11:01:19,008 DEBUG Enter >>> PME.RpcServerApiWrapper.PmeRpcServerApi.Execute("1", "Pme.GetLatestVersion")
[18] 2026-04-06 11:01:19,011 INFO  PME 2.13.13.5640, Request Handler Agent 2.13.11.5117, File Cache Service Agent 2.13.11.5117, WUA 1451.2601.23012.0
[18] 2026-04-06 11:01:19,058 DEBUG Enter >>> PME.RpcServerApiWrapper.PmeRpcServerApi.AdaptResponse()
[18] 2026-04-06 11:01:19,058 DEBUG Adapter.AdaptResponse => using default Adapter. Params: 0
[18] 2026-04-06 11:01:19,059 DEBUG Enter >>> PME.Adapter.RmmAdapter.AdaptResponse()
[18] 2026-04-06 11:01:19,059 DEBUG Exit  <<< PME.Adapter.RmmAdapter.AdaptResponse()
[18] 2026-04-06 11:01:19,059 DEBUG Exit  <<< PME.RpcServerApiWrapper.PmeRpcServerApi.AdaptResponse()
[18] 2026-04-06 11:01:19,059 DEBUG Exit  <<< PME.RpcServerApiWrapper.PmeRpcServerApi.Execute("1", "Pme.GetLatestVersion")
[18] 2026-04-06 11:01:19,102 DEBUG Enter >>> PME.RpcServerApiWrapper.PmeRpcServerApi.Execute("1", "Pme.StartScan")
[18] 2026-04-06 11:01:19,104 INFO  PME 2.13.13.5640, Request Handler Agent 2.13.11.5117, File Cache Service Agent 2.13.11.5117, WUA 1451.2601.23012.0
[18] 2026-04-06 11:01:19,112 DEBUG PME.RpcServerApiWrapper.PmeRpcServerApi.StartScan => parameters:
[18] 2026-04-06 11:01:19,112 DEBUG 	outputFileName=C:\PROGRA~2\ADVANC~1\scans\PatchMan_91040078_0
[18] 2026-04-06 11:02:55,221 INFO  PME.RpcServerApiWrapper.PmeRpcServerApi.Execute => submitting to Perun is not enabled (feature flag check)
[18] 2026-04-06 11:02:55,221 DEBUG Enter >>> PME.RpcServerApiWrapper.PmeRpcServerApi.AdaptResponse()
[18] 2026-04-06 11:02:55,221 DEBUG Adapter.AdaptResponse => using default Adapter. Params: 1
[18] 2026-04-06 11:02:55,221 DEBUG Enter >>> PME.Adapter.RmmAdapter.AdaptResponse()
[18] 2026-04-06 11:02:55,222 DEBUG Enter >>> PME.Adapter.RmmAdapter.GetAdaptedStartScanResponse()
[18] 2026-04-06 11:02:55,222 DEBUG Enter >>> PME.Adapter.RmmAdapter.GetOutputFileNameFromParams()
[18] 2026-04-06 11:02:55,222 DEBUG Exit  <<< PME.Adapter.RmmAdapter.GetOutputFileNameFromParams(), returns "C:\PROGRA~2\ADVANC~1\scans\PatchMan_91040078_0"
[18] 2026-04-06 11:02:55,222 DEBUG Enter >>> PME.Adapter.RmmAdapter.GetStartScanRmmDataSkeleton()
[18] 2026-04-06 11:02:55,222 DEBUG Enter >>> PME.Adapter.RmmAdapter.GetLocalIpAddress()
[18] 2026-04-06 11:02:55,224 DEBUG Exit  <<< PME.Adapter.RmmAdapter.GetLocalIpAddress(), returns "169.254.83.107"
[18] 2026-04-06 11:02:55,224 DEBUG Exit  <<< PME.Adapter.RmmAdapter.GetStartScanRmmDataSkeleton()
[18] 2026-04-06 11:02:55,225 DEBUG Enter >>> PME.Adapter.RmmAdapter.FillRmmData()
[18] 2026-04-06 11:02:55,225 DEBUG Enter >>> PME.Adapter.RmmAdapter.CreateListOfHotfixesAndMissingHotfixes()
[18] 2026-04-06 11:02:55,225 DEBUG Exit  <<< PME.Adapter.RmmAdapter.CreateListOfHotfixesAndMissingHotfixes()
[18] 2026-04-06 11:02:55,225 DEBUG Enter >>> PME.Adapter.RmmAdapter.GetProducts()
[18] 2026-04-06 11:02:55,231 WARN  Unknown severity: "Unspecified"
[18] 2026-04-06 11:02:55,233 WARN  Unknown severity: "Unspecified"
[18] 2026-04-06 11:02:55,237 DEBUG Exit  <<< PME.Adapter.RmmAdapter.GetProducts()
[18] 2026-04-06 11:02:55,238 DEBUG Enter >>> PME.Adapter.RmmAdapter.GetProducts()
[18] 2026-04-06 11:02:55,239 DEBUG Exit  <<< PME.Adapter.RmmAdapter.GetProducts()
[18] 2026-04-06 11:02:55,239 DEBUG Exit  <<< PME.Adapter.RmmAdapter.FillRmmData()
[18] 2026-04-06 11:02:55,240 OFF   GetAdaptedStartScanResponse => Scan result numbers: 14 installed patches, 1 missing patches
[18] 2026-04-06 11:02:55,240 DEBUG Enter >>> PME.Adapter.RmmAdapter.SaveXmlFile(outputFileName = "C:\PROGRA~2\ADVANC~1\scans\PatchMan_91040078_0")
[18] 2026-04-06 11:02:55,240 DEBUG Exit  <<< PME.Adapter.RmmAdapter.SaveXmlFile(outputFileName = "C:\PROGRA~2\ADVANC~1\scans\PatchMan_91040078_0")
[18] 2026-04-06 11:02:55,240 DEBUG Enter >>> PME.Adapter.RmmAdapter.SaveJsonFile(outputFileName = "C:\PROGRA~2\ADVANC~1\scans\PatchMan_91040078_0.json")
[18] 2026-04-06 11:02:55,271 DEBUG Exit  <<< PME.Adapter.RmmAdapter.SaveJsonFile(outputFileName = "C:\PROGRA~2\ADVANC~1\scans\PatchMan_91040078_0.json")
[18] 2026-04-06 11:02:55,272 DEBUG Exit  <<< PME.Adapter.RmmAdapter.GetAdaptedStartScanResponse()
[18] 2026-04-06 11:02:55,272 DEBUG Exit  <<< PME.Adapter.RmmAdapter.AdaptResponse()
[18] 2026-04-06 11:02:55,272 DEBUG Exit  <<< PME.RpcServerApiWrapper.PmeRpcServerApi.AdaptResponse()
[18] 2026-04-06 11:02:55,274 DEBUG Exit  <<< PME.RpcServerApiWrapper.PmeRpcServerApi.Execute("1", "Pme.StartScan")
[19] 2026-04-07 05:21:52,334 DEBUG Enter >>> PME.RpcServerApiWrapper.PmeRpcServerApi.Execute("1", "Pme.Version")
[19] 2026-04-07 05:21:52,335 INFO  PME 2.13.13.5640, Request Handler Agent 2.13.11.5117, File Cache Service Agent 2.13.11.5117, WUA 1451.2601.23012.0
[19] 2026-04-07 05:21:52,338 DEBUG Enter >>> PME.RpcServerApiWrapper.PmeRpcServerApi.AdaptResponse()
[19] 2026-04-07 05:21:52,338 DEBUG Adapter.AdaptResponse => using default Adapter. Params: 0
[19] 2026-04-07 05:21:52,338 DEBUG Enter >>> PME.Adapter.RmmAdapter.AdaptResponse()
[19] 2026-04-07 05:21:52,339 DEBUG Exit  <<< PME.Adapter.RmmAdapter.AdaptResponse()
[19] 2026-04-07 05:21:52,339 DEBUG Exit  <<< PME.RpcServerApiWrapper.PmeRpcServerApi.AdaptResponse()
[19] 2026-04-07 05:21:52,339 DEBUG Exit  <<< PME.RpcServerApiWrapper.PmeRpcServerApi.Execute("1", "Pme.Version")
[19] 2026-04-07 05:21:52,371 DEBUG Enter >>> PME.RpcServerApiWrapper.PmeRpcServerApi.Execute("1", "Pme.GetLatestVersion")
[19] 2026-04-07 05:21:52,372 INFO  PME 2.13.13.5640, Request Handler Agent 2.13.11.5117, File Cache Service Agent 2.13.11.5117, WUA 1451.2601.23012.0
[19] 2026-04-07 05:21:52,381 DEBUG Enter >>> PME.RpcServerApiWrapper.PmeRpcServerApi.AdaptResponse()
[19] 2026-04-07 05:21:52,381 DEBUG Adapter.AdaptResponse => using default Adapter. Params: 0
[19] 2026-04-07 05:21:52,381 DEBUG Enter >>> PME.Adapter.RmmAdapter.AdaptResponse()
[19] 2026-04-07 05:21:52,381 DEBUG Exit  <<< PME.Adapter.RmmAdapter.AdaptResponse()
[19] 2026-04-07 05:21:52,382 DEBUG Exit  <<< PME.RpcServerApiWrapper.PmeRpcServerApi.AdaptResponse()
[19] 2026-04-07 05:21:52,383 DEBUG Exit  <<< PME.RpcServerApiWrapper.PmeRpcServerApi.Execute("1", "Pme.GetLatestVersion")
[13] 2026-04-07 09:08:24,491 DEBUG Enter >>> PME.RpcServerApiWrapper.PmeRpcServerApi.Execute("1", "Pme.Version")
[13] 2026-04-07 09:08:24,495 INFO  PME 2.13.13.5640, Request Handler Agent 2.13.11.5117, File Cache Service Agent 2.13.11.5117, WUA 1451.2601.23012.0
[13] 2026-04-07 09:08:24,499 DEBUG Enter >>> PME.RpcServerApiWrapper.PmeRpcServerApi.AdaptResponse()
[13] 2026-04-07 09:08:24,499 DEBUG Adapter.AdaptResponse => using default Adapter. Params: 0
[13] 2026-04-07 09:08:24,499 DEBUG Enter >>> PME.Adapter.RmmAdapter.AdaptResponse()
[13] 2026-04-07 09:08:24,500 DEBUG Exit  <<< PME.Adapter.RmmAdapter.AdaptResponse()
[13] 2026-04-07 09:08:24,500 DEBUG Exit  <<< PME.RpcServerApiWrapper.PmeRpcServerApi.AdaptResponse()
[13] 2026-04-07 09:08:24,501 DEBUG Exit  <<< PME.RpcServerApiWrapper.PmeRpcServerApi.Execute("1", "Pme.Version")
[13] 2026-04-07 09:08:24,544 DEBUG Enter >>> PME.RpcServerApiWrapper.PmeRpcServerApi.Execute("1", "Pme.GetLatestVersion")
[13] 2026-04-07 09:08:24,546 INFO  PME 2.13.13.5640, Request Handler Agent 2.13.11.5117, File Cache Service Agent 2.13.11.5117, WUA 1451.2601.23012.0
[13] 2026-04-07 09:08:24,559 DEBUG Enter >>> PME.RpcServerApiWrapper.PmeRpcServerApi.AdaptResponse()
[13] 2026-04-07 09:08:24,559 DEBUG Adapter.AdaptResponse => using default Adapter. Params: 0
[13] 2026-04-07 09:08:24,560 DEBUG Enter >>> PME.Adapter.RmmAdapter.AdaptResponse()
[13] 2026-04-07 09:08:24,561 DEBUG Exit  <<< PME.Adapter.RmmAdapter.AdaptResponse()
[13] 2026-04-07 09:08:24,561 DEBUG Exit  <<< PME.RpcServerApiWrapper.PmeRpcServerApi.AdaptResponse()
[13] 2026-04-07 09:08:24,561 DEBUG Exit  <<< PME.RpcServerApiWrapper.PmeRpcServerApi.Execute("1", "Pme.GetLatestVersion")
[10] 2026-04-07 11:01:29,850 DEBUG Enter >>> PME.RpcServerApiWrapper.PmeRpcServerApi.Execute("1", "Pme.Version")
[10] 2026-04-07 11:01:29,856 INFO  PME 2.13.13.5640, Request Handler Agent 2.13.11.5117, File Cache Service Agent 2.13.11.5117, WUA 1451.2601.23012.0
[10] 2026-04-07 11:01:29,905 DEBUG Enter >>> PME.RpcServerApiWrapper.PmeRpcServerApi.AdaptResponse()
[10] 2026-04-07 11:01:29,905 DEBUG Adapter.AdaptResponse => using default Adapter. Params: 0
[10] 2026-04-07 11:01:29,906 DEBUG Enter >>> PME.Adapter.RmmAdapter.AdaptResponse()
[10] 2026-04-07 11:01:29,906 DEBUG Exit  <<< PME.Adapter.RmmAdapter.AdaptResponse()
[10] 2026-04-07 11:01:29,907 DEBUG Exit  <<< PME.RpcServerApiWrapper.PmeRpcServerApi.AdaptResponse()
[10] 2026-04-07 11:01:29,908 DEBUG Exit  <<< PME.RpcServerApiWrapper.PmeRpcServerApi.Execute("1", "Pme.Version")
[10] 2026-04-07 11:01:29,958 DEBUG Enter >>> PME.RpcServerApiWrapper.PmeRpcServerApi.Execute("1", "Pme.GetLatestVersion")
[10] 2026-04-07 11:01:29,961 INFO  PME 2.13.13.5640, Request Handler Agent 2.13.11.5117, File Cache Service Agent 2.13.11.5117, WUA 1451.2601.23012.0
[10] 2026-04-07 11:01:29,982 DEBUG Enter >>> PME.RpcServerApiWrapper.PmeRpcServerApi.AdaptResponse()
[10] 2026-04-07 11:01:29,982 DEBUG Adapter.AdaptResponse => using default Adapter. Params: 0
[10] 2026-04-07 11:01:29,983 DEBUG Enter >>> PME.Adapter.RmmAdapter.AdaptResponse()
[10] 2026-04-07 11:01:29,983 DEBUG Exit  <<< PME.Adapter.RmmAdapter.AdaptResponse()
[10] 2026-04-07 11:01:29,983 DEBUG Exit  <<< PME.RpcServerApiWrapper.PmeRpcServerApi.AdaptResponse()
[10] 2026-04-07 11:01:29,983 DEBUG Exit  <<< PME.RpcServerApiWrapper.PmeRpcServerApi.Execute("1", "Pme.GetLatestVersion")
[10] 2026-04-07 11:01:30,036 DEBUG Enter >>> PME.RpcServerApiWrapper.PmeRpcServerApi.Execute("1", "Pme.StartScan")
[10] 2026-04-07 11:01:30,039 INFO  PME 2.13.13.5640, Request Handler Agent 2.13.11.5117, File Cache Service Agent 2.13.11.5117, WUA 1451.2601.23012.0
[10] 2026-04-07 11:01:30,045 DEBUG PME.RpcServerApiWrapper.PmeRpcServerApi.StartScan => parameters:
[10] 2026-04-07 11:01:30,046 DEBUG 	outputFileName=C:\PROGRA~2\ADVANC~1\scans\PatchMan_177451000_0
[10] 2026-04-07 11:04:04,250 INFO  PME.RpcServerApiWrapper.PmeRpcServerApi.Execute => submitting to Perun is not enabled (feature flag check)
[10] 2026-04-07 11:04:04,251 DEBUG Enter >>> PME.RpcServerApiWrapper.PmeRpcServerApi.AdaptResponse()
[10] 2026-04-07 11:04:04,252 DEBUG Adapter.AdaptResponse => using default Adapter. Params: 1
[10] 2026-04-07 11:04:04,252 DEBUG Enter >>> PME.Adapter.RmmAdapter.AdaptResponse()
[10] 2026-04-07 11:04:04,253 DEBUG Enter >>> PME.Adapter.RmmAdapter.GetAdaptedStartScanResponse()
[10] 2026-04-07 11:04:04,253 DEBUG Enter >>> PME.Adapter.RmmAdapter.GetOutputFileNameFromParams()
[10] 2026-04-07 11:04:04,254 DEBUG Exit  <<< PME.Adapter.RmmAdapter.GetOutputFileNameFromParams(), returns "C:\PROGRA~2\ADVANC~1\scans\PatchMan_177451000_0"
[10] 2026-04-07 11:04:04,254 DEBUG Enter >>> PME.Adapter.RmmAdapter.GetStartScanRmmDataSkeleton()
[10] 2026-04-07 11:04:04,255 DEBUG Enter >>> PME.Adapter.RmmAdapter.GetLocalIpAddress()
[10] 2026-04-07 11:04:04,257 DEBUG Exit  <<< PME.Adapter.RmmAdapter.GetLocalIpAddress(), returns "169.254.83.107"
[10] 2026-04-07 11:04:04,258 DEBUG Exit  <<< PME.Adapter.RmmAdapter.GetStartScanRmmDataSkeleton()
[10] 2026-04-07 11:04:04,258 DEBUG Enter >>> PME.Adapter.RmmAdapter.FillRmmData()
[10] 2026-04-07 11:04:04,259 DEBUG Enter >>> PME.Adapter.RmmAdapter.CreateListOfHotfixesAndMissingHotfixes()
[10] 2026-04-07 11:04:04,259 DEBUG Exit  <<< PME.Adapter.RmmAdapter.CreateListOfHotfixesAndMissingHotfixes()
[10] 2026-04-07 11:04:04,260 DEBUG Enter >>> PME.Adapter.RmmAdapter.GetProducts()
[10] 2026-04-07 11:04:04,270 WARN  Unknown severity: "Unspecified"
[10] 2026-04-07 11:04:04,272 WARN  Unknown severity: "Unspecified"
[10] 2026-04-07 11:04:04,280 DEBUG Exit  <<< PME.Adapter.RmmAdapter.GetProducts()
[10] 2026-04-07 11:04:04,280 DEBUG Enter >>> PME.Adapter.RmmAdapter.GetProducts()
[10] 2026-04-07 11:04:04,283 DEBUG Exit  <<< PME.Adapter.RmmAdapter.GetProducts()
[10] 2026-04-07 11:04:04,284 DEBUG Exit  <<< PME.Adapter.RmmAdapter.FillRmmData()
[10] 2026-04-07 11:04:04,285 OFF   GetAdaptedStartScanResponse => Scan result numbers: 14 installed patches, 1 missing patches
[10] 2026-04-07 11:04:04,285 DEBUG Enter >>> PME.Adapter.RmmAdapter.SaveXmlFile(outputFileName = "C:\PROGRA~2\ADVANC~1\scans\PatchMan_177451000_0")
[10] 2026-04-07 11:04:04,287 DEBUG Exit  <<< PME.Adapter.RmmAdapter.SaveXmlFile(outputFileName = "C:\PROGRA~2\ADVANC~1\scans\PatchMan_177451000_0")
[10] 2026-04-07 11:04:04,288 DEBUG Enter >>> PME.Adapter.RmmAdapter.SaveJsonFile(outputFileName = "C:\PROGRA~2\ADVANC~1\scans\PatchMan_177451000_0.json")
[10] 2026-04-07 11:04:04,311 DEBUG Exit  <<< PME.Adapter.RmmAdapter.SaveJsonFile(outputFileName = "C:\PROGRA~2\ADVANC~1\scans\PatchMan_177451000_0.json")
[10] 2026-04-07 11:04:04,312 DEBUG Exit  <<< PME.Adapter.RmmAdapter.GetAdaptedStartScanResponse()
[10] 2026-04-07 11:04:04,312 DEBUG Exit  <<< PME.Adapter.RmmAdapter.AdaptResponse()
[10] 2026-04-07 11:04:04,313 DEBUG Exit  <<< PME.RpcServerApiWrapper.PmeRpcServerApi.AdaptResponse()
[10] 2026-04-07 11:04:04,314 DEBUG Exit  <<< PME.RpcServerApiWrapper.PmeRpcServerApi.Execute("1", "Pme.StartScan")
[15] 2026-04-09 08:24:42,947 DEBUG Enter >>> PME.RpcServerApiWrapper.PmeRpcServerApi.Execute("1", "Pme.Version")
[15] 2026-04-09 08:24:42,950 INFO  PME 2.13.13.5640, Request Handler Agent 2.13.11.5117, File Cache Service Agent 2.13.11.5117, WUA 1451.2601.23012.0
[15] 2026-04-09 08:24:42,971 DEBUG Enter >>> PME.RpcServerApiWrapper.PmeRpcServerApi.AdaptResponse()
[15] 2026-04-09 08:24:42,971 DEBUG Adapter.AdaptResponse => using default Adapter. Params: 0
[15] 2026-04-09 08:24:42,972 DEBUG Enter >>> PME.Adapter.RmmAdapter.AdaptResponse()
[15] 2026-04-09 08:24:42,973 DEBUG Exit  <<< PME.Adapter.RmmAdapter.AdaptResponse()
[15] 2026-04-09 08:24:42,973 DEBUG Exit  <<< PME.RpcServerApiWrapper.PmeRpcServerApi.AdaptResponse()
[15] 2026-04-09 08:24:42,973 DEBUG Exit  <<< PME.RpcServerApiWrapper.PmeRpcServerApi.Execute("1", "Pme.Version")
[15] 2026-04-09 08:24:43,021 DEBUG Enter >>> PME.RpcServerApiWrapper.PmeRpcServerApi.Execute("1", "Pme.GetLatestVersion")
[15] 2026-04-09 08:24:43,022 INFO  PME 2.13.13.5640, Request Handler Agent 2.13.11.5117, File Cache Service Agent 2.13.11.5117, WUA 1451.2601.23012.0
[15] 2026-04-09 08:24:43,040 DEBUG Enter >>> PME.RpcServerApiWrapper.PmeRpcServerApi.AdaptResponse()
[15] 2026-04-09 08:24:43,040 DEBUG Adapter.AdaptResponse => using default Adapter. Params: 0
[15] 2026-04-09 08:24:43,042 DEBUG Enter >>> PME.Adapter.RmmAdapter.AdaptResponse()
[15] 2026-04-09 08:24:43,042 DEBUG Exit  <<< PME.Adapter.RmmAdapter.AdaptResponse()
[15] 2026-04-09 08:24:43,042 DEBUG Exit  <<< PME.RpcServerApiWrapper.PmeRpcServerApi.AdaptResponse()
[15] 2026-04-09 08:24:43,043 DEBUG Exit  <<< PME.RpcServerApiWrapper.PmeRpcServerApi.Execute("1", "Pme.GetLatestVersion")
[15] 2026-04-09 08:25:43,424 DEBUG Enter >>> PME.RpcServerApiWrapper.PmeRpcServerApi.Execute("1", "Pme.Version")
[15] 2026-04-09 08:25:43,426 INFO  PME 2.13.13.5640, Request Handler Agent 2.13.11.5117, File Cache Service Agent 2.13.11.5117, WUA 1451.2601.23012.0
[15] 2026-04-09 08:25:43,428 DEBUG Enter >>> PME.RpcServerApiWrapper.PmeRpcServerApi.AdaptResponse()
[15] 2026-04-09 08:25:43,429 DEBUG Adapter.AdaptResponse => using default Adapter. Params: 0
[15] 2026-04-09 08:25:43,429 DEBUG Enter >>> PME.Adapter.RmmAdapter.AdaptResponse()
[15] 2026-04-09 08:25:43,430 DEBUG Exit  <<< PME.Adapter.RmmAdapter.AdaptResponse()
[15] 2026-04-09 08:25:43,430 DEBUG Exit  <<< PME.RpcServerApiWrapper.PmeRpcServerApi.AdaptResponse()
[15] 2026-04-09 08:25:43,430 DEBUG Exit  <<< PME.RpcServerApiWrapper.PmeRpcServerApi.Execute("1", "Pme.Version")
[15] 2026-04-09 08:25:43,466 DEBUG Enter >>> PME.RpcServerApiWrapper.PmeRpcServerApi.Execute("1", "Pme.GetLatestVersion")
[15] 2026-04-09 08:25:43,467 INFO  PME 2.13.13.5640, Request Handler Agent 2.13.11.5117, File Cache Service Agent 2.13.11.5117, WUA 1451.2601.23012.0
[15] 2026-04-09 08:25:43,477 DEBUG Enter >>> PME.RpcServerApiWrapper.PmeRpcServerApi.AdaptResponse()
[15] 2026-04-09 08:25:43,478 DEBUG Adapter.AdaptResponse => using default Adapter. Params: 0
[15] 2026-04-09 08:25:43,478 DEBUG Enter >>> PME.Adapter.RmmAdapter.AdaptResponse()
[15] 2026-04-09 08:25:43,478 DEBUG Exit  <<< PME.Adapter.RmmAdapter.AdaptResponse()
[15] 2026-04-09 08:25:43,478 DEBUG Exit  <<< PME.RpcServerApiWrapper.PmeRpcServerApi.AdaptResponse()
[15] 2026-04-09 08:25:43,480 DEBUG Exit  <<< PME.RpcServerApiWrapper.PmeRpcServerApi.Execute("1", "Pme.GetLatestVersion")
[15] 2026-04-09 08:25:43,512 DEBUG Enter >>> PME.RpcServerApiWrapper.PmeRpcServerApi.Execute("1", "Pme.StartScan")
[15] 2026-04-09 08:25:43,514 INFO  PME 2.13.13.5640, Request Handler Agent 2.13.11.5117, File Cache Service Agent 2.13.11.5117, WUA 1451.2601.23012.0
[15] 2026-04-09 08:25:43,518 DEBUG PME.RpcServerApiWrapper.PmeRpcServerApi.StartScan => parameters:
[15] 2026-04-09 08:25:43,518 DEBUG 	outputFileName=C:\PROGRA~2\ADVANC~1\scans\PatchMan_340904484_0
[15] 2026-04-09 08:36:20,840 INFO  PME.RpcServerApiWrapper.PmeRpcServerApi.Execute => submitting to Perun is not enabled (feature flag check)
[15] 2026-04-09 08:36:20,841 DEBUG Enter >>> PME.RpcServerApiWrapper.PmeRpcServerApi.AdaptResponse()
[15] 2026-04-09 08:36:20,842 DEBUG Adapter.AdaptResponse => using default Adapter. Params: 1
[15] 2026-04-09 08:36:20,842 DEBUG Enter >>> PME.Adapter.RmmAdapter.AdaptResponse()
[15] 2026-04-09 08:36:20,843 DEBUG Enter >>> PME.Adapter.RmmAdapter.GetAdaptedStartScanResponse()
[15] 2026-04-09 08:36:20,843 DEBUG Enter >>> PME.Adapter.RmmAdapter.GetOutputFileNameFromParams()
[15] 2026-04-09 08:36:20,844 DEBUG Exit  <<< PME.Adapter.RmmAdapter.GetOutputFileNameFromParams(), returns "C:\PROGRA~2\ADVANC~1\scans\PatchMan_340904484_0"
[15] 2026-04-09 08:36:20,844 DEBUG Enter >>> PME.Adapter.RmmAdapter.GetStartScanRmmDataSkeleton()
[15] 2026-04-09 08:36:20,844 DEBUG Enter >>> PME.Adapter.RmmAdapter.GetLocalIpAddress()
[15] 2026-04-09 08:36:20,847 DEBUG Exit  <<< PME.Adapter.RmmAdapter.GetLocalIpAddress(), returns "169.254.83.107"
[15] 2026-04-09 08:36:20,848 DEBUG Exit  <<< PME.Adapter.RmmAdapter.GetStartScanRmmDataSkeleton()
[15] 2026-04-09 08:36:20,848 DEBUG Enter >>> PME.Adapter.RmmAdapter.FillRmmData()
[15] 2026-04-09 08:36:20,849 DEBUG Enter >>> PME.Adapter.RmmAdapter.CreateListOfHotfixesAndMissingHotfixes()
[15] 2026-04-09 08:36:20,849 DEBUG Exit  <<< PME.Adapter.RmmAdapter.CreateListOfHotfixesAndMissingHotfixes()
[15] 2026-04-09 08:36:20,850 DEBUG Enter >>> PME.Adapter.RmmAdapter.GetProducts()
[15] 2026-04-09 08:36:20,863 WARN  Unknown severity: "Unspecified"
[15] 2026-04-09 08:36:20,865 WARN  Unknown severity: "Unspecified"
[15] 2026-04-09 08:36:20,874 DEBUG Exit  <<< PME.Adapter.RmmAdapter.GetProducts()
[15] 2026-04-09 08:36:20,874 DEBUG Enter >>> PME.Adapter.RmmAdapter.GetProducts()
[15] 2026-04-09 08:36:20,882 DEBUG Exit  <<< PME.Adapter.RmmAdapter.GetProducts()
[15] 2026-04-09 08:36:20,882 DEBUG Exit  <<< PME.Adapter.RmmAdapter.FillRmmData()
[15] 2026-04-09 08:36:20,882 OFF   GetAdaptedStartScanResponse => Scan result numbers: 12 installed patches, 5 missing patches
[15] 2026-04-09 08:36:20,883 DEBUG Enter >>> PME.Adapter.RmmAdapter.SaveXmlFile(outputFileName = "C:\PROGRA~2\ADVANC~1\scans\PatchMan_340904484_0")
[15] 2026-04-09 08:36:20,886 DEBUG Exit  <<< PME.Adapter.RmmAdapter.SaveXmlFile(outputFileName = "C:\PROGRA~2\ADVANC~1\scans\PatchMan_340904484_0")
[15] 2026-04-09 08:36:20,887 DEBUG Enter >>> PME.Adapter.RmmAdapter.SaveJsonFile(outputFileName = "C:\PROGRA~2\ADVANC~1\scans\PatchMan_340904484_0.json")
[15] 2026-04-09 08:36:20,931 DEBUG Exit  <<< PME.Adapter.RmmAdapter.SaveJsonFile(outputFileName = "C:\PROGRA~2\ADVANC~1\scans\PatchMan_340904484_0.json")
[15] 2026-04-09 08:36:20,931 DEBUG Exit  <<< PME.Adapter.RmmAdapter.GetAdaptedStartScanResponse()
[15] 2026-04-09 08:36:20,933 DEBUG Exit  <<< PME.Adapter.RmmAdapter.AdaptResponse()
[15] 2026-04-09 08:36:20,933 DEBUG Exit  <<< PME.RpcServerApiWrapper.PmeRpcServerApi.AdaptResponse()
[15] 2026-04-09 08:36:20,933 DEBUG Exit  <<< PME.RpcServerApiWrapper.PmeRpcServerApi.Execute("1", "Pme.StartScan")
[15] 2026-04-09 08:37:09,761 DEBUG Enter >>> PME.RpcServerApiWrapper.PmeRpcServerApi.Execute("1", "Pme.Version")
[15] 2026-04-09 08:37:09,767 INFO  PME 2.13.13.5640, Request Handler Agent 2.13.11.5117, File Cache Service Agent 2.13.11.5117, WUA 1451.2601.23012.0
[15] 2026-04-09 08:37:09,768 DEBUG Enter >>> PME.RpcServerApiWrapper.PmeRpcServerApi.AdaptResponse()
[15] 2026-04-09 08:37:09,769 DEBUG Adapter.AdaptResponse => using default Adapter. Params: 0
[15] 2026-04-09 08:37:09,769 DEBUG Enter >>> PME.Adapter.RmmAdapter.AdaptResponse()
[15] 2026-04-09 08:37:09,769 DEBUG Exit  <<< PME.Adapter.RmmAdapter.AdaptResponse()
[15] 2026-04-09 08:37:09,769 DEBUG Exit  <<< PME.RpcServerApiWrapper.PmeRpcServerApi.AdaptResponse()
[15] 2026-04-09 08:37:09,770 DEBUG Exit  <<< PME.RpcServerApiWrapper.PmeRpcServerApi.Execute("1", "Pme.Version")
[15] 2026-04-09 08:37:09,795 DEBUG Enter >>> PME.RpcServerApiWrapper.PmeRpcServerApi.Execute("1", "Pme.GetLatestVersion")
[15] 2026-04-09 08:37:09,796 INFO  PME 2.13.13.5640, Request Handler Agent 2.13.11.5117, File Cache Service Agent 2.13.11.5117, WUA 1451.2601.23012.0
[15] 2026-04-09 08:37:09,802 DEBUG Enter >>> PME.RpcServerApiWrapper.PmeRpcServerApi.AdaptResponse()
[15] 2026-04-09 08:37:09,802 DEBUG Adapter.AdaptResponse => using default Adapter. Params: 0
[15] 2026-04-09 08:37:09,803 DEBUG Enter >>> PME.Adapter.RmmAdapter.AdaptResponse()
[15] 2026-04-09 08:37:09,803 DEBUG Exit  <<< PME.Adapter.RmmAdapter.AdaptResponse()
[15] 2026-04-09 08:37:09,803 DEBUG Exit  <<< PME.RpcServerApiWrapper.PmeRpcServerApi.AdaptResponse()
[15] 2026-04-09 08:37:09,804 DEBUG Exit  <<< PME.RpcServerApiWrapper.PmeRpcServerApi.Execute("1", "Pme.GetLatestVersion")
[15] 2026-04-09 11:13:24,534 DEBUG Enter >>> PME.RpcServerApiWrapper.PmeRpcServerApi.Execute("1", "Pme.Version")
[15] 2026-04-09 11:13:24,540 INFO  PME 2.13.13.5640, Request Handler Agent 2.13.11.5117, File Cache Service Agent 2.13.11.5117, WUA 1451.2601.23012.0
[15] 2026-04-09 11:13:24,544 DEBUG Enter >>> PME.RpcServerApiWrapper.PmeRpcServerApi.AdaptResponse()
[15] 2026-04-09 11:13:24,545 DEBUG Adapter.AdaptResponse => using default Adapter. Params: 0
[15] 2026-04-09 11:13:24,545 DEBUG Enter >>> PME.Adapter.RmmAdapter.AdaptResponse()
[15] 2026-04-09 11:13:24,546 DEBUG Exit  <<< PME.Adapter.RmmAdapter.AdaptResponse()
[15] 2026-04-09 11:13:24,546 DEBUG Exit  <<< PME.RpcServerApiWrapper.PmeRpcServerApi.AdaptResponse()
[15] 2026-04-09 11:13:24,546 DEBUG Exit  <<< PME.RpcServerApiWrapper.PmeRpcServerApi.Execute("1", "Pme.Version")
[15] 2026-04-09 11:13:24,612 DEBUG Enter >>> PME.RpcServerApiWrapper.PmeRpcServerApi.Execute("1", "Pme.GetLatestVersion")
[15] 2026-04-09 11:13:24,615 INFO  PME 2.13.13.5640, Request Handler Agent 2.13.11.5117, File Cache Service Agent 2.13.11.5117, WUA 1451.2601.23012.0
[15] 2026-04-09 11:13:24,640 DEBUG Enter >>> PME.RpcServerApiWrapper.PmeRpcServerApi.AdaptResponse()
[15] 2026-04-09 11:13:24,641 DEBUG Adapter.AdaptResponse => using default Adapter. Params: 0
[15] 2026-04-09 11:13:24,642 DEBUG Enter >>> PME.Adapter.RmmAdapter.AdaptResponse()
[15] 2026-04-09 11:13:24,643 DEBUG Exit  <<< PME.Adapter.RmmAdapter.AdaptResponse()
[15] 2026-04-09 11:13:24,643 DEBUG Exit  <<< PME.RpcServerApiWrapper.PmeRpcServerApi.AdaptResponse()
[15] 2026-04-09 11:13:24,644 DEBUG Exit  <<< PME.RpcServerApiWrapper.PmeRpcServerApi.Execute("1", "Pme.GetLatestVersion")
[15] 2026-04-09 11:13:24,721 DEBUG Enter >>> PME.RpcServerApiWrapper.PmeRpcServerApi.Execute("1", "Pme.StartScan")
[15] 2026-04-09 11:13:24,727 INFO  PME 2.13.13.5640, Request Handler Agent 2.13.11.5117, File Cache Service Agent 2.13.11.5117, WUA 1451.2601.23012.0
[15] 2026-04-09 11:13:24,735 DEBUG PME.RpcServerApiWrapper.PmeRpcServerApi.StartScan => parameters:
[15] 2026-04-09 11:13:24,736 DEBUG 	outputFileName=C:\PROGRA~2\ADVANC~1\scans\PatchMan_350965671
[15] 2026-04-09 11:32:16,890 INFO  PME.RpcServerApiWrapper.PmeRpcServerApi.Execute => submitting to Perun is not enabled (feature flag check)
[15] 2026-04-09 11:32:16,891 DEBUG Enter >>> PME.RpcServerApiWrapper.PmeRpcServerApi.AdaptResponse()
[15] 2026-04-09 11:32:16,892 DEBUG Adapter.AdaptResponse => using default Adapter. Params: 1
[15] 2026-04-09 11:32:16,893 DEBUG Enter >>> PME.Adapter.RmmAdapter.AdaptResponse()
[15] 2026-04-09 11:32:16,894 DEBUG Enter >>> PME.Adapter.RmmAdapter.GetAdaptedStartScanResponse()
[15] 2026-04-09 11:32:16,894 DEBUG Enter >>> PME.Adapter.RmmAdapter.GetOutputFileNameFromParams()
[15] 2026-04-09 11:32:16,895 DEBUG Exit  <<< PME.Adapter.RmmAdapter.GetOutputFileNameFromParams(), returns "C:\PROGRA~2\ADVANC~1\scans\PatchMan_350965671"
[15] 2026-04-09 11:32:16,896 DEBUG Enter >>> PME.Adapter.RmmAdapter.GetStartScanRmmDataSkeleton()
[15] 2026-04-09 11:32:16,896 DEBUG Enter >>> PME.Adapter.RmmAdapter.GetLocalIpAddress()
[15] 2026-04-09 11:32:16,899 DEBUG Exit  <<< PME.Adapter.RmmAdapter.GetLocalIpAddress(), returns "169.254.83.107"
[15] 2026-04-09 11:32:16,901 DEBUG Exit  <<< PME.Adapter.RmmAdapter.GetStartScanRmmDataSkeleton()
[15] 2026-04-09 11:32:16,901 DEBUG Enter >>> PME.Adapter.RmmAdapter.FillRmmData()
[15] 2026-04-09 11:32:16,902 DEBUG Enter >>> PME.Adapter.RmmAdapter.CreateListOfHotfixesAndMissingHotfixes()
[15] 2026-04-09 11:32:16,903 DEBUG Exit  <<< PME.Adapter.RmmAdapter.CreateListOfHotfixesAndMissingHotfixes()
[15] 2026-04-09 11:32:16,905 DEBUG Enter >>> PME.Adapter.RmmAdapter.GetProducts()
[15] 2026-04-09 11:32:16,919 WARN  Unknown severity: "Unspecified"
[15] 2026-04-09 11:32:16,921 WARN  Unknown severity: "Unspecified"
[15] 2026-04-09 11:32:16,927 DEBUG Exit  <<< PME.Adapter.RmmAdapter.GetProducts()
[15] 2026-04-09 11:32:16,929 DEBUG Enter >>> PME.Adapter.RmmAdapter.GetProducts()
[15] 2026-04-09 11:32:16,934 DEBUG Exit  <<< PME.Adapter.RmmAdapter.GetProducts()
[15] 2026-04-09 11:32:16,934 DEBUG Exit  <<< PME.Adapter.RmmAdapter.FillRmmData()
[15] 2026-04-09 11:32:16,935 OFF   GetAdaptedStartScanResponse => Scan result numbers: 13 installed patches, 3 missing patches
[15] 2026-04-09 11:32:16,936 DEBUG Enter >>> PME.Adapter.RmmAdapter.SaveXmlFile(outputFileName = "C:\PROGRA~2\ADVANC~1\scans\PatchMan_350965671")
[15] 2026-04-09 11:32:16,942 DEBUG Exit  <<< PME.Adapter.RmmAdapter.SaveXmlFile(outputFileName = "C:\PROGRA~2\ADVANC~1\scans\PatchMan_350965671")
[15] 2026-04-09 11:32:16,942 DEBUG Enter >>> PME.Adapter.RmmAdapter.SaveJsonFile(outputFileName = "C:\PROGRA~2\ADVANC~1\scans\PatchMan_350965671.json")
[15] 2026-04-09 11:32:16,983 DEBUG Exit  <<< PME.Adapter.RmmAdapter.SaveJsonFile(outputFileName = "C:\PROGRA~2\ADVANC~1\scans\PatchMan_350965671.json")
[15] 2026-04-09 11:32:16,984 DEBUG Exit  <<< PME.Adapter.RmmAdapter.GetAdaptedStartScanResponse()
[15] 2026-04-09 11:32:16,985 DEBUG Exit  <<< PME.Adapter.RmmAdapter.AdaptResponse()
[15] 2026-04-09 11:32:16,985 DEBUG Exit  <<< PME.RpcServerApiWrapper.PmeRpcServerApi.AdaptResponse()
[15] 2026-04-09 11:32:16,986 DEBUG Exit  <<< PME.RpcServerApiWrapper.PmeRpcServerApi.Execute("1", "Pme.StartScan")
[17] 2026-04-10 07:27:20,374 DEBUG Enter >>> PME.RpcServerApiWrapper.PmeRpcServerApi.Execute("1", "Pme.Version")
[17] 2026-04-10 07:27:20,377 INFO  PME 2.13.13.5640, Request Handler Agent 2.13.11.5117, File Cache Service Agent 2.13.11.5117, WUA 1451.2601.23012.0
[17] 2026-04-10 07:27:20,380 DEBUG Enter >>> PME.RpcServerApiWrapper.PmeRpcServerApi.AdaptResponse()
[17] 2026-04-10 07:27:20,380 DEBUG Adapter.AdaptResponse => using default Adapter. Params: 0
[17] 2026-04-10 07:27:20,380 DEBUG Enter >>> PME.Adapter.RmmAdapter.AdaptResponse()
[17] 2026-04-10 07:27:20,380 DEBUG Exit  <<< PME.Adapter.RmmAdapter.AdaptResponse()
[17] 2026-04-10 07:27:20,381 DEBUG Exit  <<< PME.RpcServerApiWrapper.PmeRpcServerApi.AdaptResponse()
[17] 2026-04-10 07:27:20,381 DEBUG Exit  <<< PME.RpcServerApiWrapper.PmeRpcServerApi.Execute("1", "Pme.Version")
[17] 2026-04-10 07:27:20,423 DEBUG Enter >>> PME.RpcServerApiWrapper.PmeRpcServerApi.Execute("1", "Pme.GetLatestVersion")
[17] 2026-04-10 07:27:20,425 INFO  PME 2.13.13.5640, Request Handler Agent 2.13.11.5117, File Cache Service Agent 2.13.11.5117, WUA 1451.2601.23012.0
[17] 2026-04-10 07:27:20,436 DEBUG Enter >>> PME.RpcServerApiWrapper.PmeRpcServerApi.AdaptResponse()
[17] 2026-04-10 07:27:20,437 DEBUG Adapter.AdaptResponse => using default Adapter. Params: 0
[17] 2026-04-10 07:27:20,437 DEBUG Enter >>> PME.Adapter.RmmAdapter.AdaptResponse()
[17] 2026-04-10 07:27:20,437 DEBUG Exit  <<< PME.Adapter.RmmAdapter.AdaptResponse()
[17] 2026-04-10 07:27:20,438 DEBUG Exit  <<< PME.RpcServerApiWrapper.PmeRpcServerApi.AdaptResponse()
[17] 2026-04-10 07:27:20,438 DEBUG Exit  <<< PME.RpcServerApiWrapper.PmeRpcServerApi.Execute("1", "Pme.GetLatestVersion")
[12] 2026-04-12 08:26:40,947 DEBUG Enter >>> PME.RpcServerApiWrapper.PmeRpcServerApi.Execute("1", "Pme.Version")
[12] 2026-04-12 08:26:40,952 INFO  PME 2.13.13.5640, Request Handler Agent 2.13.11.5117, File Cache Service Agent 2.13.11.5117, WUA 1451.2601.23012.0
[12] 2026-04-12 08:26:40,985 DEBUG Enter >>> PME.RpcServerApiWrapper.PmeRpcServerApi.AdaptResponse()
[12] 2026-04-12 08:26:40,985 DEBUG Adapter.AdaptResponse => using default Adapter. Params: 0
[12] 2026-04-12 08:26:40,986 DEBUG Enter >>> PME.Adapter.RmmAdapter.AdaptResponse()
[12] 2026-04-12 08:26:40,986 DEBUG Exit  <<< PME.Adapter.RmmAdapter.AdaptResponse()
[12] 2026-04-12 08:26:40,986 DEBUG Exit  <<< PME.RpcServerApiWrapper.PmeRpcServerApi.AdaptResponse()
[12] 2026-04-12 08:26:40,987 DEBUG Exit  <<< PME.RpcServerApiWrapper.PmeRpcServerApi.Execute("1", "Pme.Version")
[12] 2026-04-12 08:26:41,036 DEBUG Enter >>> PME.RpcServerApiWrapper.PmeRpcServerApi.Execute("1", "Pme.GetLatestVersion")
[12] 2026-04-12 08:26:41,038 INFO  PME 2.13.13.5640, Request Handler Agent 2.13.11.5117, File Cache Service Agent 2.13.11.5117, WUA 1451.2601.23012.0
[12] 2026-04-12 08:26:41,190 DEBUG Enter >>> PME.RpcServerApiWrapper.PmeRpcServerApi.AdaptResponse()
[12] 2026-04-12 08:26:41,191 DEBUG Adapter.AdaptResponse => using default Adapter. Params: 0
[12] 2026-04-12 08:26:41,192 DEBUG Enter >>> PME.Adapter.RmmAdapter.AdaptResponse()
[12] 2026-04-12 08:26:41,192 DEBUG Exit  <<< PME.Adapter.RmmAdapter.AdaptResponse()
[12] 2026-04-12 08:26:41,192 DEBUG Exit  <<< PME.RpcServerApiWrapper.PmeRpcServerApi.AdaptResponse()
[12] 2026-04-12 08:26:41,193 DEBUG Exit  <<< PME.RpcServerApiWrapper.PmeRpcServerApi.Execute("1", "Pme.GetLatestVersion")
[12] 2026-04-12 08:26:41,279 DEBUG Enter >>> PME.RpcServerApiWrapper.PmeRpcServerApi.Execute("1", "Pme.StartScan")
[12] 2026-04-12 08:26:41,281 INFO  PME 2.13.13.5640, Request Handler Agent 2.13.11.5117, File Cache Service Agent 2.13.11.5117, WUA 1451.2601.23012.0
[12] 2026-04-12 08:26:41,285 DEBUG PME.RpcServerApiWrapper.PmeRpcServerApi.StartScan => parameters:
[12] 2026-04-12 08:26:41,285 DEBUG 	outputFileName=C:\PROGRA~2\ADVANC~1\scans\PatchMan_600163234
[12] 2026-04-12 08:29:11,311 INFO  PME.RpcServerApiWrapper.PmeRpcServerApi.Execute => submitting to Perun is not enabled (feature flag check)
[12] 2026-04-12 08:29:11,311 DEBUG Enter >>> PME.RpcServerApiWrapper.PmeRpcServerApi.AdaptResponse()
[12] 2026-04-12 08:29:11,311 DEBUG Adapter.AdaptResponse => using default Adapter. Params: 1
[12] 2026-04-12 08:29:11,312 DEBUG Enter >>> PME.Adapter.RmmAdapter.AdaptResponse()
[12] 2026-04-12 08:29:11,312 DEBUG Enter >>> PME.Adapter.RmmAdapter.GetAdaptedStartScanResponse()
[12] 2026-04-12 08:29:11,312 DEBUG Enter >>> PME.Adapter.RmmAdapter.GetOutputFileNameFromParams()
[12] 2026-04-12 08:29:11,312 DEBUG Exit  <<< PME.Adapter.RmmAdapter.GetOutputFileNameFromParams(), returns "C:\PROGRA~2\ADVANC~1\scans\PatchMan_600163234"
[12] 2026-04-12 08:29:11,312 DEBUG Enter >>> PME.Adapter.RmmAdapter.GetStartScanRmmDataSkeleton()
[12] 2026-04-12 08:29:11,312 DEBUG Enter >>> PME.Adapter.RmmAdapter.GetLocalIpAddress()
[12] 2026-04-12 08:29:11,314 DEBUG Exit  <<< PME.Adapter.RmmAdapter.GetLocalIpAddress(), returns "192.168.20.104"
[12] 2026-04-12 08:29:11,314 DEBUG Exit  <<< PME.Adapter.RmmAdapter.GetStartScanRmmDataSkeleton()
[12] 2026-04-12 08:29:11,314 DEBUG Enter >>> PME.Adapter.RmmAdapter.FillRmmData()
[12] 2026-04-12 08:29:11,315 DEBUG Enter >>> PME.Adapter.RmmAdapter.CreateListOfHotfixesAndMissingHotfixes()
[12] 2026-04-12 08:29:11,315 DEBUG Exit  <<< PME.Adapter.RmmAdapter.CreateListOfHotfixesAndMissingHotfixes()
[12] 2026-04-12 08:29:11,315 DEBUG Enter >>> PME.Adapter.RmmAdapter.GetProducts()
[12] 2026-04-12 08:29:11,321 WARN  Unknown severity: "Unspecified"
[12] 2026-04-12 08:29:11,322 WARN  Unknown severity: "Unspecified"
[12] 2026-04-12 08:29:11,325 DEBUG Exit  <<< PME.Adapter.RmmAdapter.GetProducts()
[12] 2026-04-12 08:29:11,325 DEBUG Enter >>> PME.Adapter.RmmAdapter.GetProducts()
[12] 2026-04-12 08:29:11,327 DEBUG Exit  <<< PME.Adapter.RmmAdapter.GetProducts()
[12] 2026-04-12 08:29:11,335 DEBUG Exit  <<< PME.Adapter.RmmAdapter.FillRmmData()
[12] 2026-04-12 08:29:11,335 OFF   GetAdaptedStartScanResponse => Scan result numbers: 12 installed patches, 5 missing patches
[12] 2026-04-12 08:29:11,335 DEBUG Enter >>> PME.Adapter.RmmAdapter.SaveXmlFile(outputFileName = "C:\PROGRA~2\ADVANC~1\scans\PatchMan_600163234")
[12] 2026-04-12 08:29:11,337 DEBUG Exit  <<< PME.Adapter.RmmAdapter.SaveXmlFile(outputFileName = "C:\PROGRA~2\ADVANC~1\scans\PatchMan_600163234")
[12] 2026-04-12 08:29:11,337 DEBUG Enter >>> PME.Adapter.RmmAdapter.SaveJsonFile(outputFileName = "C:\PROGRA~2\ADVANC~1\scans\PatchMan_600163234.json")
[12] 2026-04-12 08:29:11,362 DEBUG Exit  <<< PME.Adapter.RmmAdapter.SaveJsonFile(outputFileName = "C:\PROGRA~2\ADVANC~1\scans\PatchMan_600163234.json")
[12] 2026-04-12 08:29:11,363 DEBUG Exit  <<< PME.Adapter.RmmAdapter.GetAdaptedStartScanResponse()
[12] 2026-04-12 08:29:11,363 DEBUG Exit  <<< PME.Adapter.RmmAdapter.AdaptResponse()
[12] 2026-04-12 08:29:11,363 DEBUG Exit  <<< PME.RpcServerApiWrapper.PmeRpcServerApi.AdaptResponse()
[12] 2026-04-12 08:29:11,364 DEBUG Exit  <<< PME.RpcServerApiWrapper.PmeRpcServerApi.Execute("1", "Pme.StartScan")
[12] 2026-04-12 08:29:42,197 DEBUG Enter >>> PME.RpcServerApiWrapper.PmeRpcServerApi.Execute("1", "Pme.Version")
[12] 2026-04-12 08:29:42,199 INFO  PME 2.13.13.5640, Request Handler Agent 2.13.11.5117, File Cache Service Agent 2.13.11.5117, WUA 1451.2601.23012.0
[12] 2026-04-12 08:29:42,201 DEBUG Enter >>> PME.RpcServerApiWrapper.PmeRpcServerApi.AdaptResponse()
[12] 2026-04-12 08:29:42,201 DEBUG Adapter.AdaptResponse => using default Adapter. Params: 0
[12] 2026-04-12 08:29:42,201 DEBUG Enter >>> PME.Adapter.RmmAdapter.AdaptResponse()
[12] 2026-04-12 08:29:42,201 DEBUG Exit  <<< PME.Adapter.RmmAdapter.AdaptResponse()
[12] 2026-04-12 08:29:42,202 DEBUG Exit  <<< PME.RpcServerApiWrapper.PmeRpcServerApi.AdaptResponse()
[12] 2026-04-12 08:29:42,202 DEBUG Exit  <<< PME.RpcServerApiWrapper.PmeRpcServerApi.Execute("1", "Pme.Version")
[12] 2026-04-12 08:29:42,232 DEBUG Enter >>> PME.RpcServerApiWrapper.PmeRpcServerApi.Execute("1", "Pme.GetLatestVersion")
[12] 2026-04-12 08:29:42,233 INFO  PME 2.13.13.5640, Request Handler Agent 2.13.11.5117, File Cache Service Agent 2.13.11.5117, WUA 1451.2601.23012.0
[12] 2026-04-12 08:29:42,243 DEBUG Enter >>> PME.RpcServerApiWrapper.PmeRpcServerApi.AdaptResponse()
[12] 2026-04-12 08:29:42,243 DEBUG Adapter.AdaptResponse => using default Adapter. Params: 0
[12] 2026-04-12 08:29:42,244 DEBUG Enter >>> PME.Adapter.RmmAdapter.AdaptResponse()
[12] 2026-04-12 08:29:42,244 DEBUG Exit  <<< PME.Adapter.RmmAdapter.AdaptResponse()
[12] 2026-04-12 08:29:42,244 DEBUG Exit  <<< PME.RpcServerApiWrapper.PmeRpcServerApi.AdaptResponse()
[12] 2026-04-12 08:29:42,244 DEBUG Exit  <<< PME.RpcServerApiWrapper.PmeRpcServerApi.Execute("1", "Pme.GetLatestVersion")
[11] 2026-04-12 09:00:07,657 DEBUG Enter >>> PME.RpcServerApiWrapper.PmeRpcServerApi.Execute("1", "Pme.Version")
[11] 2026-04-12 09:00:07,660 INFO  PME 2.13.13.5640, Request Handler Agent 2.13.11.5117, File Cache Service Agent 2.13.11.5117, WUA 1451.2601.23012.0
[11] 2026-04-12 09:00:07,661 DEBUG Enter >>> PME.RpcServerApiWrapper.PmeRpcServerApi.AdaptResponse()
[11] 2026-04-12 09:00:07,661 DEBUG Adapter.AdaptResponse => using default Adapter. Params: 0
[11] 2026-04-12 09:00:07,662 DEBUG Enter >>> PME.Adapter.RmmAdapter.AdaptResponse()
[11] 2026-04-12 09:00:07,662 DEBUG Exit  <<< PME.Adapter.RmmAdapter.AdaptResponse()
[11] 2026-04-12 09:00:07,662 DEBUG Exit  <<< PME.RpcServerApiWrapper.PmeRpcServerApi.AdaptResponse()
[11] 2026-04-12 09:00:07,662 DEBUG Exit  <<< PME.RpcServerApiWrapper.PmeRpcServerApi.Execute("1", "Pme.Version")
[11] 2026-04-12 09:00:07,685 DEBUG Enter >>> PME.RpcServerApiWrapper.PmeRpcServerApi.Execute("1", "Pme.GetLatestVersion")
[11] 2026-04-12 09:00:07,686 INFO  PME 2.13.13.5640, Request Handler Agent 2.13.11.5117, File Cache Service Agent 2.13.11.5117, WUA 1451.2601.23012.0
[11] 2026-04-12 09:00:07,693 DEBUG Enter >>> PME.RpcServerApiWrapper.PmeRpcServerApi.AdaptResponse()
[11] 2026-04-12 09:00:07,693 DEBUG Adapter.AdaptResponse => using default Adapter. Params: 0
[11] 2026-04-12 09:00:07,694 DEBUG Enter >>> PME.Adapter.RmmAdapter.AdaptResponse()
[11] 2026-04-12 09:00:07,694 DEBUG Exit  <<< PME.Adapter.RmmAdapter.AdaptResponse()
[11] 2026-04-12 09:00:07,694 DEBUG Exit  <<< PME.RpcServerApiWrapper.PmeRpcServerApi.AdaptResponse()
[11] 2026-04-12 09:00:07,694 DEBUG Exit  <<< PME.RpcServerApiWrapper.PmeRpcServerApi.Execute("1", "Pme.GetLatestVersion")
[11] 2026-04-12 09:00:08,715 DEBUG Enter >>> PME.RpcServerApiWrapper.PmeRpcServerApi.Execute("1", "Pme.Install")
[11] 2026-04-12 09:00:08,716 INFO  PME 2.13.13.5640, Request Handler Agent 2.13.11.5117, File Cache Service Agent 2.13.11.5117, WUA 1451.2601.23012.0
[11] 2026-04-12 09:00:08,720 INFO  PME.RpcServerApiWrapper.PmeRpcServerApi.StartActions => Set 'InstallationTimeoutInMinutes' by config file to 180
[11] 2026-04-12 09:01:16,755 DEBUG Enter >>> PME.RpcServerApiWrapper.PmeRpcServerApi.AdaptResponse()
[11] 2026-04-12 09:01:16,756 DEBUG Adapter.AdaptResponse => using default Adapter. Params: 1
[11] 2026-04-12 09:01:16,756 DEBUG Enter >>> PME.Adapter.RmmAdapter.AdaptResponse()
[11] 2026-04-12 09:01:16,756 DEBUG Enter >>> PME.Adapter.RmmAdapter.GetAdaptedStartActionsResult()
[11] 2026-04-12 09:01:16,756 DEBUG Enter >>> PME.Adapter.RmmAdapter.GetOutputFileNameFromParams()
[11] 2026-04-12 09:01:16,756 DEBUG Exit  <<< PME.Adapter.RmmAdapter.GetOutputFileNameFromParams(), returns ""
[11] 2026-04-12 09:01:16,757 DEBUG Enter >>> PME.Adapter.RmmAdapter.GenerateOutputFileName()
[11] 2026-04-12 09:01:16,757 DEBUG Enter >>> PME.Adapter.RmmAdapter.GetOutputFilePath()
[11] 2026-04-12 09:01:16,757 DEBUG Exit  <<< PME.Adapter.RmmAdapter.GetOutputFilePath(), returns "C:\ProgramData\MspPlatform\PME\data"
[11] 2026-04-12 09:01:16,757 DEBUG Exit  <<< PME.Adapter.RmmAdapter.GenerateOutputFileName(), returns "C:\ProgramData\MspPlatform\PME\data\Pme.Install_20260412090116_1.xml"
[11] 2026-04-12 09:01:16,758 DEBUG Enter >>> PME.Adapter.RmmAdapter.GetStartActionRmmDataSkeleton()
[11] 2026-04-12 09:01:16,758 DEBUG Exit  <<< PME.Adapter.RmmAdapter.GetStartActionRmmDataSkeleton()
[11] 2026-04-12 09:01:16,758 DEBUG Enter >>> PME.Adapter.RmmAdapter.SaveXmlFile(outputFileName = "C:\ProgramData\MspPlatform\PME\data\Pme.Install_20260412090116_1.xml")
[11] 2026-04-12 09:01:16,759 DEBUG Exit  <<< PME.Adapter.RmmAdapter.SaveXmlFile(outputFileName = "C:\ProgramData\MspPlatform\PME\data\Pme.Install_20260412090116_1.xml")
[11] 2026-04-12 09:01:16,759 DEBUG Exit  <<< PME.Adapter.RmmAdapter.GetAdaptedStartActionsResult()
[11] 2026-04-12 09:01:16,759 DEBUG Exit  <<< PME.Adapter.RmmAdapter.AdaptResponse()
[11] 2026-04-12 09:01:16,759 DEBUG Exit  <<< PME.RpcServerApiWrapper.PmeRpcServerApi.AdaptResponse()
[11] 2026-04-12 09:01:16,760 DEBUG Exit  <<< PME.RpcServerApiWrapper.PmeRpcServerApi.Execute("1", "Pme.Install")
[11] 2026-04-12 09:02:08,184 DEBUG Enter >>> PME.RpcServerApiWrapper.PmeRpcServerApi.Execute("1", "Pme.Version")
[11] 2026-04-12 09:02:08,184 INFO  PME 2.13.13.5640, Request Handler Agent 2.13.11.5117, File Cache Service Agent 2.13.11.5117, WUA 1451.2601.23012.0
[11] 2026-04-12 09:02:08,187 DEBUG Enter >>> PME.RpcServerApiWrapper.PmeRpcServerApi.AdaptResponse()
[11] 2026-04-12 09:02:08,187 DEBUG Adapter.AdaptResponse => using default Adapter. Params: 0
[11] 2026-04-12 09:02:08,187 DEBUG Enter >>> PME.Adapter.RmmAdapter.AdaptResponse()
[11] 2026-04-12 09:02:08,187 DEBUG Exit  <<< PME.Adapter.RmmAdapter.AdaptResponse()
[11] 2026-04-12 09:02:08,187 DEBUG Exit  <<< PME.RpcServerApiWrapper.PmeRpcServerApi.AdaptResponse()
[11] 2026-04-12 09:02:08,187 DEBUG Exit  <<< PME.RpcServerApiWrapper.PmeRpcServerApi.Execute("1", "Pme.Version")
[11] 2026-04-12 09:02:08,213 DEBUG Enter >>> PME.RpcServerApiWrapper.PmeRpcServerApi.Execute("1", "Pme.GetLatestVersion")
[11] 2026-04-12 09:02:08,215 INFO  PME 2.13.13.5640, Request Handler Agent 2.13.11.5117, File Cache Service Agent 2.13.11.5117, WUA 1451.2601.23012.0
[11] 2026-04-12 09:02:08,220 DEBUG Enter >>> PME.RpcServerApiWrapper.PmeRpcServerApi.AdaptResponse()
[11] 2026-04-12 09:02:08,220 DEBUG Adapter.AdaptResponse => using default Adapter. Params: 0
[11] 2026-04-12 09:02:08,220 DEBUG Enter >>> PME.Adapter.RmmAdapter.AdaptResponse()
[11] 2026-04-12 09:02:08,220 DEBUG Exit  <<< PME.Adapter.RmmAdapter.AdaptResponse()
[11] 2026-04-12 09:02:08,220 DEBUG Exit  <<< PME.RpcServerApiWrapper.PmeRpcServerApi.AdaptResponse()
[11] 2026-04-12 09:02:08,221 DEBUG Exit  <<< PME.RpcServerApiWrapper.PmeRpcServerApi.Execute("1", "Pme.GetLatestVersion")
[11] 2026-04-12 09:02:08,244 DEBUG Enter >>> PME.RpcServerApiWrapper.PmeRpcServerApi.Execute("1", "Pme.StartScan")
[11] 2026-04-12 09:02:08,246 INFO  PME 2.13.13.5640, Request Handler Agent 2.13.11.5117, File Cache Service Agent 2.13.11.5117, WUA 1451.2601.23012.0
[11] 2026-04-12 09:02:08,249 DEBUG PME.RpcServerApiWrapper.PmeRpcServerApi.StartScan => parameters:
[11] 2026-04-12 09:02:08,249 DEBUG 	outputFileName=C:\PROGRA~2\ADVANC~1\scans\PatchMan_602290265
[11] 2026-04-12 09:02:51,637 INFO  PME.RpcServerApiWrapper.PmeRpcServerApi.Execute => submitting to Perun is not enabled (feature flag check)
[11] 2026-04-12 09:02:51,637 DEBUG Enter >>> PME.RpcServerApiWrapper.PmeRpcServerApi.AdaptResponse()
[11] 2026-04-12 09:02:51,637 DEBUG Adapter.AdaptResponse => using default Adapter. Params: 1
[11] 2026-04-12 09:02:51,637 DEBUG Enter >>> PME.Adapter.RmmAdapter.AdaptResponse()
[11] 2026-04-12 09:02:51,637 DEBUG Enter >>> PME.Adapter.RmmAdapter.GetAdaptedStartScanResponse()
[11] 2026-04-12 09:02:51,638 DEBUG Enter >>> PME.Adapter.RmmAdapter.GetOutputFileNameFromParams()
[11] 2026-04-12 09:02:51,638 DEBUG Exit  <<< PME.Adapter.RmmAdapter.GetOutputFileNameFromParams(), returns "C:\PROGRA~2\ADVANC~1\scans\PatchMan_602290265"
[11] 2026-04-12 09:02:51,638 DEBUG Enter >>> PME.Adapter.RmmAdapter.GetStartScanRmmDataSkeleton()
[11] 2026-04-12 09:02:51,639 DEBUG Enter >>> PME.Adapter.RmmAdapter.GetLocalIpAddress()
[11] 2026-04-12 09:02:51,640 DEBUG Exit  <<< PME.Adapter.RmmAdapter.GetLocalIpAddress(), returns "192.168.20.104"
[11] 2026-04-12 09:02:51,640 DEBUG Exit  <<< PME.Adapter.RmmAdapter.GetStartScanRmmDataSkeleton()
[11] 2026-04-12 09:02:51,640 DEBUG Enter >>> PME.Adapter.RmmAdapter.FillRmmData()
[11] 2026-04-12 09:02:51,641 DEBUG Enter >>> PME.Adapter.RmmAdapter.CreateListOfHotfixesAndMissingHotfixes()
[11] 2026-04-12 09:02:51,641 DEBUG Exit  <<< PME.Adapter.RmmAdapter.CreateListOfHotfixesAndMissingHotfixes()
[11] 2026-04-12 09:02:51,641 DEBUG Enter >>> PME.Adapter.RmmAdapter.GetProducts()
[11] 2026-04-12 09:02:51,648 WARN  Unknown severity: "Unspecified"
[11] 2026-04-12 09:02:51,649 WARN  Unknown severity: "Unspecified"
[11] 2026-04-12 09:02:51,651 DEBUG Exit  <<< PME.Adapter.RmmAdapter.GetProducts()
[11] 2026-04-12 09:02:51,651 DEBUG Enter >>> PME.Adapter.RmmAdapter.GetProducts()
[11] 2026-04-12 09:02:51,652 DEBUG Exit  <<< PME.Adapter.RmmAdapter.GetProducts()
[11] 2026-04-12 09:02:51,653 DEBUG Exit  <<< PME.Adapter.RmmAdapter.FillRmmData()
[11] 2026-04-12 09:02:51,653 OFF   GetAdaptedStartScanResponse => Scan result numbers: 13 installed patches, 3 missing patches
[11] 2026-04-12 09:02:51,653 DEBUG Enter >>> PME.Adapter.RmmAdapter.SaveXmlFile(outputFileName = "C:\PROGRA~2\ADVANC~1\scans\PatchMan_602290265")
[11] 2026-04-12 09:02:51,655 DEBUG Exit  <<< PME.Adapter.RmmAdapter.SaveXmlFile(outputFileName = "C:\PROGRA~2\ADVANC~1\scans\PatchMan_602290265")
[11] 2026-04-12 09:02:51,655 DEBUG Enter >>> PME.Adapter.RmmAdapter.SaveJsonFile(outputFileName = "C:\PROGRA~2\ADVANC~1\scans\PatchMan_602290265.json")
[11] 2026-04-12 09:02:51,666 DEBUG Exit  <<< PME.Adapter.RmmAdapter.SaveJsonFile(outputFileName = "C:\PROGRA~2\ADVANC~1\scans\PatchMan_602290265.json")
[11] 2026-04-12 09:02:51,666 DEBUG Exit  <<< PME.Adapter.RmmAdapter.GetAdaptedStartScanResponse()
[11] 2026-04-12 09:02:51,667 DEBUG Exit  <<< PME.Adapter.RmmAdapter.AdaptResponse()
[11] 2026-04-12 09:02:51,667 DEBUG Exit  <<< PME.RpcServerApiWrapper.PmeRpcServerApi.AdaptResponse()
[11] 2026-04-12 09:02:51,667 DEBUG Exit  <<< PME.RpcServerApiWrapper.PmeRpcServerApi.Execute("1", "Pme.StartScan")
[14] 2026-04-12 10:52:45,483 DEBUG Enter >>> PME.RpcServerApiWrapper.PmeRpcServerApi.Execute("1", "Pme.Version")
[14] 2026-04-12 10:52:45,485 INFO  PME 2.13.13.5640, Request Handler Agent 2.13.11.5117, File Cache Service Agent 2.13.11.5117, WUA 1451.2601.23012.0
[14] 2026-04-12 10:52:45,487 DEBUG Enter >>> PME.RpcServerApiWrapper.PmeRpcServerApi.AdaptResponse()
[14] 2026-04-12 10:52:45,487 DEBUG Adapter.AdaptResponse => using default Adapter. Params: 0
[14] 2026-04-12 10:52:45,487 DEBUG Enter >>> PME.Adapter.RmmAdapter.AdaptResponse()
[14] 2026-04-12 10:52:45,487 DEBUG Exit  <<< PME.Adapter.RmmAdapter.AdaptResponse()
[14] 2026-04-12 10:52:45,487 DEBUG Exit  <<< PME.RpcServerApiWrapper.PmeRpcServerApi.AdaptResponse()
[14] 2026-04-12 10:52:45,488 DEBUG Exit  <<< PME.RpcServerApiWrapper.PmeRpcServerApi.Execute("1", "Pme.Version")
[14] 2026-04-12 10:52:45,511 DEBUG Enter >>> PME.RpcServerApiWrapper.PmeRpcServerApi.Execute("1", "Pme.GetLatestVersion")
[14] 2026-04-12 10:52:45,512 INFO  PME 2.13.13.5640, Request Handler Agent 2.13.11.5117, File Cache Service Agent 2.13.11.5117, WUA 1451.2601.23012.0
[14] 2026-04-12 10:52:45,520 DEBUG Enter >>> PME.RpcServerApiWrapper.PmeRpcServerApi.AdaptResponse()
[14] 2026-04-12 10:52:45,522 DEBUG Adapter.AdaptResponse => using default Adapter. Params: 0
[14] 2026-04-12 10:52:45,522 DEBUG Enter >>> PME.Adapter.RmmAdapter.AdaptResponse()
[14] 2026-04-12 10:52:45,522 DEBUG Exit  <<< PME.Adapter.RmmAdapter.AdaptResponse()
[14] 2026-04-12 10:52:45,522 DEBUG Exit  <<< PME.RpcServerApiWrapper.PmeRpcServerApi.AdaptResponse()
[14] 2026-04-12 10:52:45,522 DEBUG Exit  <<< PME.RpcServerApiWrapper.PmeRpcServerApi.Execute("1", "Pme.GetLatestVersion")
[14] 2026-04-12 10:52:45,549 DEBUG Enter >>> PME.RpcServerApiWrapper.PmeRpcServerApi.Execute("1", "Pme.Uninstall")
[14] 2026-04-12 10:52:45,550 INFO  PME 2.13.13.5640, Request Handler Agent 2.13.11.5117, File Cache Service Agent 2.13.11.5117, WUA 1451.2601.23012.0
[14] 2026-04-12 10:52:45,553 INFO  PME.RpcServerApiWrapper.PmeRpcServerApi.StartActions => Set 'InstallationTimeoutInMinutes' by config file to 180
[14] 2026-04-12 10:52:45,602 DEBUG Enter >>> PME.RpcServerApiWrapper.PmeRpcServerApi.AdaptResponse()
[14] 2026-04-12 10:52:45,602 DEBUG Adapter.AdaptResponse => using default Adapter. Params: 1
[14] 2026-04-12 10:52:45,603 DEBUG Enter >>> PME.Adapter.RmmAdapter.AdaptResponse()
[14] 2026-04-12 10:52:45,603 DEBUG Enter >>> PME.Adapter.RmmAdapter.GetAdaptedStartActionsResult()
[14] 2026-04-12 10:52:45,603 DEBUG Enter >>> PME.Adapter.RmmAdapter.GetOutputFileNameFromParams()
[14] 2026-04-12 10:52:45,603 DEBUG Exit  <<< PME.Adapter.RmmAdapter.GetOutputFileNameFromParams(), returns ""
[14] 2026-04-12 10:52:45,604 DEBUG Enter >>> PME.Adapter.RmmAdapter.GenerateOutputFileName()
[14] 2026-04-12 10:52:45,604 DEBUG Enter >>> PME.Adapter.RmmAdapter.GetOutputFilePath()
[14] 2026-04-12 10:52:45,605 DEBUG Exit  <<< PME.Adapter.RmmAdapter.GetOutputFilePath(), returns "C:\ProgramData\MspPlatform\PME\data"
[14] 2026-04-12 10:52:45,605 DEBUG Exit  <<< PME.Adapter.RmmAdapter.GenerateOutputFileName(), returns "C:\ProgramData\MspPlatform\PME\data\Pme.Uninstall_20260412105245_1.xml"
[14] 2026-04-12 10:52:45,605 DEBUG Enter >>> PME.Adapter.RmmAdapter.GetStartActionRmmDataSkeleton()
[14] 2026-04-12 10:52:45,605 DEBUG Exit  <<< PME.Adapter.RmmAdapter.GetStartActionRmmDataSkeleton()
[14] 2026-04-12 10:52:45,606 DEBUG Enter >>> PME.Adapter.RmmAdapter.SaveXmlFile(outputFileName = "C:\ProgramData\MspPlatform\PME\data\Pme.Uninstall_20260412105245_1.xml")
[14] 2026-04-12 10:52:45,607 DEBUG Exit  <<< PME.Adapter.RmmAdapter.SaveXmlFile(outputFileName = "C:\ProgramData\MspPlatform\PME\data\Pme.Uninstall_20260412105245_1.xml")
[14] 2026-04-12 10:52:45,607 DEBUG Exit  <<< PME.Adapter.RmmAdapter.GetAdaptedStartActionsResult()
[14] 2026-04-12 10:52:45,607 DEBUG Exit  <<< PME.Adapter.RmmAdapter.AdaptResponse()
[14] 2026-04-12 10:52:45,607 DEBUG Exit  <<< PME.RpcServerApiWrapper.PmeRpcServerApi.AdaptResponse()
[14] 2026-04-12 10:52:45,608 DEBUG Exit  <<< PME.RpcServerApiWrapper.PmeRpcServerApi.Execute("1", "Pme.Uninstall")
[15] 2026-04-12 11:00:58,129 DEBUG Enter >>> PME.RpcServerApiWrapper.PmeRpcServerApi.Execute("1", "Pme.Version")
[15] 2026-04-12 11:00:58,131 INFO  PME 2.13.13.5640, Request Handler Agent 2.13.11.5117, File Cache Service Agent 2.13.11.5117, WUA 1451.2601.23012.0
[15] 2026-04-12 11:00:58,132 DEBUG Enter >>> PME.RpcServerApiWrapper.PmeRpcServerApi.AdaptResponse()
[15] 2026-04-12 11:00:58,132 DEBUG Adapter.AdaptResponse => using default Adapter. Params: 0
[15] 2026-04-12 11:00:58,132 DEBUG Enter >>> PME.Adapter.RmmAdapter.AdaptResponse()
[15] 2026-04-12 11:00:58,132 DEBUG Exit  <<< PME.Adapter.RmmAdapter.AdaptResponse()
[15] 2026-04-12 11:00:58,132 DEBUG Exit  <<< PME.RpcServerApiWrapper.PmeRpcServerApi.AdaptResponse()
[15] 2026-04-12 11:00:58,133 DEBUG Exit  <<< PME.RpcServerApiWrapper.PmeRpcServerApi.Execute("1", "Pme.Version")
[15] 2026-04-12 11:00:58,160 DEBUG Enter >>> PME.RpcServerApiWrapper.PmeRpcServerApi.Execute("1", "Pme.GetLatestVersion")
[15] 2026-04-12 11:00:58,161 INFO  PME 2.13.13.5640, Request Handler Agent 2.13.11.5117, File Cache Service Agent 2.13.11.5117, WUA 1451.2601.23012.0
[15] 2026-04-12 11:00:58,169 DEBUG Enter >>> PME.RpcServerApiWrapper.PmeRpcServerApi.AdaptResponse()
[15] 2026-04-12 11:00:58,169 DEBUG Adapter.AdaptResponse => using default Adapter. Params: 0
[15] 2026-04-12 11:00:58,169 DEBUG Enter >>> PME.Adapter.RmmAdapter.AdaptResponse()
[15] 2026-04-12 11:00:58,169 DEBUG Exit  <<< PME.Adapter.RmmAdapter.AdaptResponse()
[15] 2026-04-12 11:00:58,169 DEBUG Exit  <<< PME.RpcServerApiWrapper.PmeRpcServerApi.AdaptResponse()
[15] 2026-04-12 11:00:58,170 DEBUG Exit  <<< PME.RpcServerApiWrapper.PmeRpcServerApi.Execute("1", "Pme.GetLatestVersion")
[15] 2026-04-12 11:00:58,194 DEBUG Enter >>> PME.RpcServerApiWrapper.PmeRpcServerApi.Execute("1", "Pme.StartScan")
[15] 2026-04-12 11:00:58,195 INFO  PME 2.13.13.5640, Request Handler Agent 2.13.11.5117, File Cache Service Agent 2.13.11.5117, WUA 1451.2601.23012.0
[15] 2026-04-12 11:00:58,199 DEBUG PME.RpcServerApiWrapper.PmeRpcServerApi.StartScan => parameters:
[15] 2026-04-12 11:00:58,200 DEBUG 	outputFileName=C:\PROGRA~2\ADVANC~1\scans\PatchMan_609420203
[15] 2026-04-12 11:03:24,640 INFO  PME.RpcServerApiWrapper.PmeRpcServerApi.Execute => submitting to Perun is not enabled (feature flag check)
[15] 2026-04-12 11:03:24,641 DEBUG Enter >>> PME.RpcServerApiWrapper.PmeRpcServerApi.AdaptResponse()
[15] 2026-04-12 11:03:24,641 DEBUG Adapter.AdaptResponse => using default Adapter. Params: 1
[15] 2026-04-12 11:03:24,642 DEBUG Enter >>> PME.Adapter.RmmAdapter.AdaptResponse()
[15] 2026-04-12 11:03:24,642 DEBUG Enter >>> PME.Adapter.RmmAdapter.GetAdaptedStartScanResponse()
[15] 2026-04-12 11:03:24,642 DEBUG Enter >>> PME.Adapter.RmmAdapter.GetOutputFileNameFromParams()
[15] 2026-04-12 11:03:24,642 DEBUG Exit  <<< PME.Adapter.RmmAdapter.GetOutputFileNameFromParams(), returns "C:\PROGRA~2\ADVANC~1\scans\PatchMan_609420203"
[15] 2026-04-12 11:03:24,644 DEBUG Enter >>> PME.Adapter.RmmAdapter.GetStartScanRmmDataSkeleton()
[15] 2026-04-12 11:03:24,644 DEBUG Enter >>> PME.Adapter.RmmAdapter.GetLocalIpAddress()
[15] 2026-04-12 11:03:24,646 DEBUG Exit  <<< PME.Adapter.RmmAdapter.GetLocalIpAddress(), returns "192.168.20.104"
[15] 2026-04-12 11:03:24,647 DEBUG Exit  <<< PME.Adapter.RmmAdapter.GetStartScanRmmDataSkeleton()
[15] 2026-04-12 11:03:24,648 DEBUG Enter >>> PME.Adapter.RmmAdapter.FillRmmData()
[15] 2026-04-12 11:03:24,648 DEBUG Enter >>> PME.Adapter.RmmAdapter.CreateListOfHotfixesAndMissingHotfixes()
[15] 2026-04-12 11:03:24,648 DEBUG Exit  <<< PME.Adapter.RmmAdapter.CreateListOfHotfixesAndMissingHotfixes()
[15] 2026-04-12 11:03:24,649 DEBUG Enter >>> PME.Adapter.RmmAdapter.GetProducts()
[15] 2026-04-12 11:03:24,657 WARN  Unknown severity: "Unspecified"
[15] 2026-04-12 11:03:24,658 WARN  Unknown severity: "Unspecified"
[15] 2026-04-12 11:03:24,665 DEBUG Exit  <<< PME.Adapter.RmmAdapter.GetProducts()
[15] 2026-04-12 11:03:24,665 DEBUG Enter >>> PME.Adapter.RmmAdapter.GetProducts()
[15] 2026-04-12 11:03:24,671 DEBUG Exit  <<< PME.Adapter.RmmAdapter.GetProducts()
[15] 2026-04-12 11:03:24,671 DEBUG Exit  <<< PME.Adapter.RmmAdapter.FillRmmData()
[15] 2026-04-12 11:03:24,672 OFF   GetAdaptedStartScanResponse => Scan result numbers: 12 installed patches, 4 missing patches
[15] 2026-04-12 11:03:24,672 DEBUG Enter >>> PME.Adapter.RmmAdapter.SaveXmlFile(outputFileName = "C:\PROGRA~2\ADVANC~1\scans\PatchMan_609420203")
[15] 2026-04-12 11:03:24,674 DEBUG Exit  <<< PME.Adapter.RmmAdapter.SaveXmlFile(outputFileName = "C:\PROGRA~2\ADVANC~1\scans\PatchMan_609420203")
[15] 2026-04-12 11:03:24,674 DEBUG Enter >>> PME.Adapter.RmmAdapter.SaveJsonFile(outputFileName = "C:\PROGRA~2\ADVANC~1\scans\PatchMan_609420203.json")
[15] 2026-04-12 11:03:24,706 DEBUG Exit  <<< PME.Adapter.RmmAdapter.SaveJsonFile(outputFileName = "C:\PROGRA~2\ADVANC~1\scans\PatchMan_609420203.json")
[15] 2026-04-12 11:03:24,707 DEBUG Exit  <<< PME.Adapter.RmmAdapter.GetAdaptedStartScanResponse()
[15] 2026-04-12 11:03:24,707 DEBUG Exit  <<< PME.Adapter.RmmAdapter.AdaptResponse()
[15] 2026-04-12 11:03:24,708 DEBUG Exit  <<< PME.RpcServerApiWrapper.PmeRpcServerApi.AdaptResponse()
[15] 2026-04-12 11:03:24,708 DEBUG Exit  <<< PME.RpcServerApiWrapper.PmeRpcServerApi.Execute("1", "Pme.StartScan")
[12] 2026-04-13 08:36:32,230 DEBUG Enter >>> PME.RpcServerApiWrapper.PmeRpcServerApi.Execute("1", "Pme.Version")
[12] 2026-04-13 08:36:32,233 INFO  PME 2.13.13.5640, Request Handler Agent 2.13.11.5117, File Cache Service Agent 2.13.11.5117, WUA 1451.2601.23012.0
[12] 2026-04-13 08:36:32,272 DEBUG Enter >>> PME.RpcServerApiWrapper.PmeRpcServerApi.AdaptResponse()
[12] 2026-04-13 08:36:32,274 DEBUG Adapter.AdaptResponse => using default Adapter. Params: 0
[12] 2026-04-13 08:36:32,275 DEBUG Enter >>> PME.Adapter.RmmAdapter.AdaptResponse()
[12] 2026-04-13 08:36:32,275 DEBUG Exit  <<< PME.Adapter.RmmAdapter.AdaptResponse()
[12] 2026-04-13 08:36:32,275 DEBUG Exit  <<< PME.RpcServerApiWrapper.PmeRpcServerApi.AdaptResponse()
[12] 2026-04-13 08:36:32,275 DEBUG Exit  <<< PME.RpcServerApiWrapper.PmeRpcServerApi.Execute("1", "Pme.Version")
[12] 2026-04-13 08:36:32,308 DEBUG Enter >>> PME.RpcServerApiWrapper.PmeRpcServerApi.Execute("1", "Pme.GetLatestVersion")
[12] 2026-04-13 08:36:32,309 INFO  PME 2.13.13.5640, Request Handler Agent 2.13.11.5117, File Cache Service Agent 2.13.11.5117, WUA 1451.2601.23012.0
[12] 2026-04-13 08:36:32,319 DEBUG Enter >>> PME.RpcServerApiWrapper.PmeRpcServerApi.AdaptResponse()
[12] 2026-04-13 08:36:32,320 DEBUG Adapter.AdaptResponse => using default Adapter. Params: 0
[12] 2026-04-13 08:36:32,320 DEBUG Enter >>> PME.Adapter.RmmAdapter.AdaptResponse()
[12] 2026-04-13 08:36:32,321 DEBUG Exit  <<< PME.Adapter.RmmAdapter.AdaptResponse()
[12] 2026-04-13 08:36:32,321 DEBUG Exit  <<< PME.RpcServerApiWrapper.PmeRpcServerApi.AdaptResponse()
[12] 2026-04-13 08:36:32,321 DEBUG Exit  <<< PME.RpcServerApiWrapper.PmeRpcServerApi.Execute("1", "Pme.GetLatestVersion")
[8] 2026-04-13 09:00:45,344 DEBUG Enter >>> PME.RpcServerApiWrapper.PmeRpcServerApi.Execute("1", "Pme.Version")
[8] 2026-04-13 09:00:45,347 INFO  PME 2.13.13.5640, Request Handler Agent 2.13.11.5117, File Cache Service Agent 2.13.11.5117, WUA 1451.2601.23012.0
[8] 2026-04-13 09:00:45,349 DEBUG Enter >>> PME.RpcServerApiWrapper.PmeRpcServerApi.AdaptResponse()
[8] 2026-04-13 09:00:45,349 DEBUG Adapter.AdaptResponse => using default Adapter. Params: 0
[8] 2026-04-13 09:00:45,349 DEBUG Enter >>> PME.Adapter.RmmAdapter.AdaptResponse()
[8] 2026-04-13 09:00:45,350 DEBUG Exit  <<< PME.Adapter.RmmAdapter.AdaptResponse()
[8] 2026-04-13 09:00:45,350 DEBUG Exit  <<< PME.RpcServerApiWrapper.PmeRpcServerApi.AdaptResponse()
[8] 2026-04-13 09:00:45,350 DEBUG Exit  <<< PME.RpcServerApiWrapper.PmeRpcServerApi.Execute("1", "Pme.Version")
[8] 2026-04-13 09:00:45,374 DEBUG Enter >>> PME.RpcServerApiWrapper.PmeRpcServerApi.Execute("1", "Pme.GetLatestVersion")
[8] 2026-04-13 09:00:45,375 INFO  PME 2.13.13.5640, Request Handler Agent 2.13.11.5117, File Cache Service Agent 2.13.11.5117, WUA 1451.2601.23012.0
[8] 2026-04-13 09:00:45,387 DEBUG Enter >>> PME.RpcServerApiWrapper.PmeRpcServerApi.AdaptResponse()
[8] 2026-04-13 09:00:45,387 DEBUG Adapter.AdaptResponse => using default Adapter. Params: 0
[8] 2026-04-13 09:00:45,387 DEBUG Enter >>> PME.Adapter.RmmAdapter.AdaptResponse()
[8] 2026-04-13 09:00:45,387 DEBUG Exit  <<< PME.Adapter.RmmAdapter.AdaptResponse()
[8] 2026-04-13 09:00:45,387 DEBUG Exit  <<< PME.RpcServerApiWrapper.PmeRpcServerApi.AdaptResponse()
[8] 2026-04-13 09:00:45,387 DEBUG Exit  <<< PME.RpcServerApiWrapper.PmeRpcServerApi.Execute("1", "Pme.GetLatestVersion")
[8] 2026-04-13 09:00:45,588 DEBUG Enter >>> PME.RpcServerApiWrapper.PmeRpcServerApi.Execute("1", "Pme.Install")
[8] 2026-04-13 09:00:45,590 INFO  PME 2.13.13.5640, Request Handler Agent 2.13.11.5117, File Cache Service Agent 2.13.11.5117, WUA 1451.2601.23012.0
[8] 2026-04-13 09:00:45,593 INFO  PME.RpcServerApiWrapper.PmeRpcServerApi.StartActions => Set 'InstallationTimeoutInMinutes' by config file to 180
[8] 2026-04-13 09:02:26,026 DEBUG Enter >>> PME.RpcServerApiWrapper.PmeRpcServerApi.AdaptResponse()
[8] 2026-04-13 09:02:26,026 DEBUG Adapter.AdaptResponse => using default Adapter. Params: 1
[8] 2026-04-13 09:02:26,026 DEBUG Enter >>> PME.Adapter.RmmAdapter.AdaptResponse()
[8] 2026-04-13 09:02:26,027 DEBUG Enter >>> PME.Adapter.RmmAdapter.GetAdaptedStartActionsResult()
[8] 2026-04-13 09:02:26,027 DEBUG Enter >>> PME.Adapter.RmmAdapter.GetOutputFileNameFromParams()
[8] 2026-04-13 09:02:26,027 DEBUG Exit  <<< PME.Adapter.RmmAdapter.GetOutputFileNameFromParams(), returns ""
[8] 2026-04-13 09:02:26,027 DEBUG Enter >>> PME.Adapter.RmmAdapter.GenerateOutputFileName()
[8] 2026-04-13 09:02:26,028 DEBUG Enter >>> PME.Adapter.RmmAdapter.GetOutputFilePath()
[8] 2026-04-13 09:02:26,028 DEBUG Exit  <<< PME.Adapter.RmmAdapter.GetOutputFilePath(), returns "C:\ProgramData\MspPlatform\PME\data"
[8] 2026-04-13 09:02:26,028 DEBUG Exit  <<< PME.Adapter.RmmAdapter.GenerateOutputFileName(), returns "C:\ProgramData\MspPlatform\PME\data\Pme.Install_20260413090226_1.xml"
[8] 2026-04-13 09:02:26,029 DEBUG Enter >>> PME.Adapter.RmmAdapter.GetStartActionRmmDataSkeleton()
[8] 2026-04-13 09:02:26,029 DEBUG Exit  <<< PME.Adapter.RmmAdapter.GetStartActionRmmDataSkeleton()
[8] 2026-04-13 09:02:26,030 DEBUG Enter >>> PME.Adapter.RmmAdapter.SaveXmlFile(outputFileName = "C:\ProgramData\MspPlatform\PME\data\Pme.Install_20260413090226_1.xml")
[8] 2026-04-13 09:02:26,031 DEBUG Exit  <<< PME.Adapter.RmmAdapter.SaveXmlFile(outputFileName = "C:\ProgramData\MspPlatform\PME\data\Pme.Install_20260413090226_1.xml")
[8] 2026-04-13 09:02:26,031 DEBUG Exit  <<< PME.Adapter.RmmAdapter.GetAdaptedStartActionsResult()
[8] 2026-04-13 09:02:26,031 DEBUG Exit  <<< PME.Adapter.RmmAdapter.AdaptResponse()
[8] 2026-04-13 09:02:26,032 DEBUG Exit  <<< PME.RpcServerApiWrapper.PmeRpcServerApi.AdaptResponse()
[8] 2026-04-13 09:02:26,032 DEBUG Exit  <<< PME.RpcServerApiWrapper.PmeRpcServerApi.Execute("1", "Pme.Install")
[8] 2026-04-13 09:02:45,887 DEBUG Enter >>> PME.RpcServerApiWrapper.PmeRpcServerApi.Execute("1", "Pme.Version")
[8] 2026-04-13 09:02:45,889 INFO  PME 2.13.13.5640, Request Handler Agent 2.13.11.5117, File Cache Service Agent 2.13.11.5117, WUA 1451.2601.23012.0
[8] 2026-04-13 09:02:45,890 DEBUG Enter >>> PME.RpcServerApiWrapper.PmeRpcServerApi.AdaptResponse()
[8] 2026-04-13 09:02:45,890 DEBUG Adapter.AdaptResponse => using default Adapter. Params: 0
[8] 2026-04-13 09:02:45,891 DEBUG Enter >>> PME.Adapter.RmmAdapter.AdaptResponse()
[8] 2026-04-13 09:02:45,891 DEBUG Exit  <<< PME.Adapter.RmmAdapter.AdaptResponse()
[8] 2026-04-13 09:02:45,892 DEBUG Exit  <<< PME.RpcServerApiWrapper.PmeRpcServerApi.AdaptResponse()
[8] 2026-04-13 09:02:45,892 DEBUG Exit  <<< PME.RpcServerApiWrapper.PmeRpcServerApi.Execute("1", "Pme.Version")
[8] 2026-04-13 09:02:45,917 DEBUG Enter >>> PME.RpcServerApiWrapper.PmeRpcServerApi.Execute("1", "Pme.GetLatestVersion")
[8] 2026-04-13 09:02:45,918 INFO  PME 2.13.13.5640, Request Handler Agent 2.13.11.5117, File Cache Service Agent 2.13.11.5117, WUA 1451.2601.23012.0
[8] 2026-04-13 09:02:45,926 DEBUG Enter >>> PME.RpcServerApiWrapper.PmeRpcServerApi.AdaptResponse()
[8] 2026-04-13 09:02:45,927 DEBUG Adapter.AdaptResponse => using default Adapter. Params: 0
[8] 2026-04-13 09:02:45,927 DEBUG Enter >>> PME.Adapter.RmmAdapter.AdaptResponse()
[8] 2026-04-13 09:02:45,927 DEBUG Exit  <<< PME.Adapter.RmmAdapter.AdaptResponse()
[8] 2026-04-13 09:02:45,927 DEBUG Exit  <<< PME.RpcServerApiWrapper.PmeRpcServerApi.AdaptResponse()
[8] 2026-04-13 09:02:45,928 DEBUG Exit  <<< PME.RpcServerApiWrapper.PmeRpcServerApi.Execute("1", "Pme.GetLatestVersion")
[8] 2026-04-13 09:02:45,960 DEBUG Enter >>> PME.RpcServerApiWrapper.PmeRpcServerApi.Execute("1", "Pme.StartScan")
[8] 2026-04-13 09:02:45,961 INFO  PME 2.13.13.5640, Request Handler Agent 2.13.11.5117, File Cache Service Agent 2.13.11.5117, WUA 1451.2601.23012.0
[8] 2026-04-13 09:02:45,963 DEBUG PME.RpcServerApiWrapper.PmeRpcServerApi.StartScan => parameters:
[8] 2026-04-13 09:02:45,963 DEBUG 	outputFileName=C:\PROGRA~2\ADVANC~1\scans\PatchMan_688727968
[8] 2026-04-13 09:05:10,058 INFO  PME.RpcServerApiWrapper.PmeRpcServerApi.Execute => submitting to Perun is not enabled (feature flag check)
[8] 2026-04-13 09:05:10,058 DEBUG Enter >>> PME.RpcServerApiWrapper.PmeRpcServerApi.AdaptResponse()
[8] 2026-04-13 09:05:10,059 DEBUG Adapter.AdaptResponse => using default Adapter. Params: 1
[8] 2026-04-13 09:05:10,059 DEBUG Enter >>> PME.Adapter.RmmAdapter.AdaptResponse()
[8] 2026-04-13 09:05:10,059 DEBUG Enter >>> PME.Adapter.RmmAdapter.GetAdaptedStartScanResponse()
[8] 2026-04-13 09:05:10,059 DEBUG Enter >>> PME.Adapter.RmmAdapter.GetOutputFileNameFromParams()
[8] 2026-04-13 09:05:10,060 DEBUG Exit  <<< PME.Adapter.RmmAdapter.GetOutputFileNameFromParams(), returns "C:\PROGRA~2\ADVANC~1\scans\PatchMan_688727968"
[8] 2026-04-13 09:05:10,060 DEBUG Enter >>> PME.Adapter.RmmAdapter.GetStartScanRmmDataSkeleton()
[8] 2026-04-13 09:05:10,060 DEBUG Enter >>> PME.Adapter.RmmAdapter.GetLocalIpAddress()
[8] 2026-04-13 09:05:10,061 DEBUG Exit  <<< PME.Adapter.RmmAdapter.GetLocalIpAddress(), returns "192.168.20.106"
[8] 2026-04-13 09:05:10,061 DEBUG Exit  <<< PME.Adapter.RmmAdapter.GetStartScanRmmDataSkeleton()
[8] 2026-04-13 09:05:10,061 DEBUG Enter >>> PME.Adapter.RmmAdapter.FillRmmData()
[8] 2026-04-13 09:05:10,061 DEBUG Enter >>> PME.Adapter.RmmAdapter.CreateListOfHotfixesAndMissingHotfixes()
[8] 2026-04-13 09:05:10,062 DEBUG Exit  <<< PME.Adapter.RmmAdapter.CreateListOfHotfixesAndMissingHotfixes()
[8] 2026-04-13 09:05:10,062 DEBUG Enter >>> PME.Adapter.RmmAdapter.GetProducts()
[8] 2026-04-13 09:05:10,068 WARN  Unknown severity: "Unspecified"
[8] 2026-04-13 09:05:10,070 WARN  Unknown severity: "Unspecified"
[8] 2026-04-13 09:05:10,074 DEBUG Exit  <<< PME.Adapter.RmmAdapter.GetProducts()
[8] 2026-04-13 09:05:10,074 DEBUG Enter >>> PME.Adapter.RmmAdapter.GetProducts()
[8] 2026-04-13 09:05:10,075 DEBUG Exit  <<< PME.Adapter.RmmAdapter.GetProducts()
[8] 2026-04-13 09:05:10,075 DEBUG Exit  <<< PME.Adapter.RmmAdapter.FillRmmData()
[8] 2026-04-13 09:05:10,075 OFF   GetAdaptedStartScanResponse => Scan result numbers: 14 installed patches, 1 missing patches
[8] 2026-04-13 09:05:10,075 DEBUG Enter >>> PME.Adapter.RmmAdapter.SaveXmlFile(outputFileName = "C:\PROGRA~2\ADVANC~1\scans\PatchMan_688727968")
[8] 2026-04-13 09:05:10,076 DEBUG Exit  <<< PME.Adapter.RmmAdapter.SaveXmlFile(outputFileName = "C:\PROGRA~2\ADVANC~1\scans\PatchMan_688727968")
[8] 2026-04-13 09:05:10,076 DEBUG Enter >>> PME.Adapter.RmmAdapter.SaveJsonFile(outputFileName = "C:\PROGRA~2\ADVANC~1\scans\PatchMan_688727968.json")
[8] 2026-04-13 09:05:10,091 DEBUG Exit  <<< PME.Adapter.RmmAdapter.SaveJsonFile(outputFileName = "C:\PROGRA~2\ADVANC~1\scans\PatchMan_688727968.json")
[8] 2026-04-13 09:05:10,091 DEBUG Exit  <<< PME.Adapter.RmmAdapter.GetAdaptedStartScanResponse()
[8] 2026-04-13 09:05:10,092 DEBUG Exit  <<< PME.Adapter.RmmAdapter.AdaptResponse()
[8] 2026-04-13 09:05:10,092 DEBUG Exit  <<< PME.RpcServerApiWrapper.PmeRpcServerApi.AdaptResponse()
[8] 2026-04-13 09:05:10,092 DEBUG Exit  <<< PME.RpcServerApiWrapper.PmeRpcServerApi.Execute("1", "Pme.StartScan")
[9] 2026-04-13 11:10:12,247 DEBUG Enter >>> PME.RpcServerApiWrapper.PmeRpcServerApi.Execute("1", "Pme.Version")
[9] 2026-04-13 11:10:12,251 INFO  PME 2.13.13.5640, Request Handler Agent 2.13.11.5117, File Cache Service Agent 2.13.11.5117, WUA 1451.2601.23012.0
[9] 2026-04-13 11:10:12,254 DEBUG Enter >>> PME.RpcServerApiWrapper.PmeRpcServerApi.AdaptResponse()
[9] 2026-04-13 11:10:12,254 DEBUG Adapter.AdaptResponse => using default Adapter. Params: 0
[9] 2026-04-13 11:10:12,255 DEBUG Enter >>> PME.Adapter.RmmAdapter.AdaptResponse()
[9] 2026-04-13 11:10:12,255 DEBUG Exit  <<< PME.Adapter.RmmAdapter.AdaptResponse()
[9] 2026-04-13 11:10:12,256 DEBUG Exit  <<< PME.RpcServerApiWrapper.PmeRpcServerApi.AdaptResponse()
[9] 2026-04-13 11:10:12,256 DEBUG Exit  <<< PME.RpcServerApiWrapper.PmeRpcServerApi.Execute("1", "Pme.Version")
[9] 2026-04-13 11:10:12,316 DEBUG Enter >>> PME.RpcServerApiWrapper.PmeRpcServerApi.Execute("1", "Pme.GetLatestVersion")
[9] 2026-04-13 11:10:12,318 INFO  PME 2.13.13.5640, Request Handler Agent 2.13.11.5117, File Cache Service Agent 2.13.11.5117, WUA 1451.2601.23012.0
[9] 2026-04-13 11:10:12,337 DEBUG Enter >>> PME.RpcServerApiWrapper.PmeRpcServerApi.AdaptResponse()
[9] 2026-04-13 11:10:12,338 DEBUG Adapter.AdaptResponse => using default Adapter. Params: 0
[9] 2026-04-13 11:10:12,338 DEBUG Enter >>> PME.Adapter.RmmAdapter.AdaptResponse()
[9] 2026-04-13 11:10:12,339 DEBUG Exit  <<< PME.Adapter.RmmAdapter.AdaptResponse()
[9] 2026-04-13 11:10:12,339 DEBUG Exit  <<< PME.RpcServerApiWrapper.PmeRpcServerApi.AdaptResponse()
[9] 2026-04-13 11:10:12,339 DEBUG Exit  <<< PME.RpcServerApiWrapper.PmeRpcServerApi.Execute("1", "Pme.GetLatestVersion")
[9] 2026-04-13 11:10:12,409 DEBUG Enter >>> PME.RpcServerApiWrapper.PmeRpcServerApi.Execute("1", "Pme.StartScan")
[9] 2026-04-13 11:10:12,411 INFO  PME 2.13.13.5640, Request Handler Agent 2.13.11.5117, File Cache Service Agent 2.13.11.5117, WUA 1451.2601.23012.0
[9] 2026-04-13 11:10:12,417 DEBUG PME.RpcServerApiWrapper.PmeRpcServerApi.StartScan => parameters:
[9] 2026-04-13 11:10:12,417 DEBUG 	outputFileName=C:\PROGRA~2\ADVANC~1\scans\PatchMan_696374390
[9] 2026-04-13 11:12:11,534 INFO  PME.RpcServerApiWrapper.PmeRpcServerApi.Execute => submitting to Perun is not enabled (feature flag check)
[9] 2026-04-13 11:12:11,534 DEBUG Enter >>> PME.RpcServerApiWrapper.PmeRpcServerApi.AdaptResponse()
[9] 2026-04-13 11:12:11,535 DEBUG Adapter.AdaptResponse => using default Adapter. Params: 1
[9] 2026-04-13 11:12:11,536 DEBUG Enter >>> PME.Adapter.RmmAdapter.AdaptResponse()
[9] 2026-04-13 11:12:11,536 DEBUG Enter >>> PME.Adapter.RmmAdapter.GetAdaptedStartScanResponse()
[9] 2026-04-13 11:12:11,536 DEBUG Enter >>> PME.Adapter.RmmAdapter.GetOutputFileNameFromParams()
[9] 2026-04-13 11:12:11,537 DEBUG Exit  <<< PME.Adapter.RmmAdapter.GetOutputFileNameFromParams(), returns "C:\PROGRA~2\ADVANC~1\scans\PatchMan_696374390"
[9] 2026-04-13 11:12:11,537 DEBUG Enter >>> PME.Adapter.RmmAdapter.GetStartScanRmmDataSkeleton()
[9] 2026-04-13 11:12:11,538 DEBUG Enter >>> PME.Adapter.RmmAdapter.GetLocalIpAddress()
[9] 2026-04-13 11:12:11,540 DEBUG Exit  <<< PME.Adapter.RmmAdapter.GetLocalIpAddress(), returns "192.168.20.106"
[9] 2026-04-13 11:12:11,541 DEBUG Exit  <<< PME.Adapter.RmmAdapter.GetStartScanRmmDataSkeleton()
[9] 2026-04-13 11:12:11,541 DEBUG Enter >>> PME.Adapter.RmmAdapter.FillRmmData()
[9] 2026-04-13 11:12:11,542 DEBUG Enter >>> PME.Adapter.RmmAdapter.CreateListOfHotfixesAndMissingHotfixes()
[9] 2026-04-13 11:12:11,542 DEBUG Exit  <<< PME.Adapter.RmmAdapter.CreateListOfHotfixesAndMissingHotfixes()
[9] 2026-04-13 11:12:11,542 DEBUG Enter >>> PME.Adapter.RmmAdapter.GetProducts()
[9] 2026-04-13 11:12:11,553 WARN  Unknown severity: "Unspecified"
[9] 2026-04-13 11:12:11,554 WARN  Unknown severity: "Unspecified"
[9] 2026-04-13 11:12:11,559 DEBUG Exit  <<< PME.Adapter.RmmAdapter.GetProducts()
[9] 2026-04-13 11:12:11,559 DEBUG Enter >>> PME.Adapter.RmmAdapter.GetProducts()
[9] 2026-04-13 11:12:11,562 DEBUG Exit  <<< PME.Adapter.RmmAdapter.GetProducts()
[9] 2026-04-13 11:12:11,562 DEBUG Exit  <<< PME.Adapter.RmmAdapter.FillRmmData()
[9] 2026-04-13 11:12:11,563 OFF   GetAdaptedStartScanResponse => Scan result numbers: 14 installed patches, 1 missing patches
[9] 2026-04-13 11:12:11,563 DEBUG Enter >>> PME.Adapter.RmmAdapter.SaveXmlFile(outputFileName = "C:\PROGRA~2\ADVANC~1\scans\PatchMan_696374390")
[9] 2026-04-13 11:12:11,565 DEBUG Exit  <<< PME.Adapter.RmmAdapter.SaveXmlFile(outputFileName = "C:\PROGRA~2\ADVANC~1\scans\PatchMan_696374390")
[9] 2026-04-13 11:12:11,566 DEBUG Enter >>> PME.Adapter.RmmAdapter.SaveJsonFile(outputFileName = "C:\PROGRA~2\ADVANC~1\scans\PatchMan_696374390.json")
[9] 2026-04-13 11:12:11,591 DEBUG Exit  <<< PME.Adapter.RmmAdapter.SaveJsonFile(outputFileName = "C:\PROGRA~2\ADVANC~1\scans\PatchMan_696374390.json")
[9] 2026-04-13 11:12:11,591 DEBUG Exit  <<< PME.Adapter.RmmAdapter.GetAdaptedStartScanResponse()
[9] 2026-04-13 11:12:11,592 DEBUG Exit  <<< PME.Adapter.RmmAdapter.AdaptResponse()
[9] 2026-04-13 11:12:11,592 DEBUG Exit  <<< PME.RpcServerApiWrapper.PmeRpcServerApi.AdaptResponse()
[9] 2026-04-13 11:12:11,593 DEBUG Exit  <<< PME.RpcServerApiWrapper.PmeRpcServerApi.Execute("1", "Pme.StartScan")
[4] 2026-04-14 09:04:59,488 DEBUG Enter >>> PME.RpcServerApiWrapper.PmeRpcServerApi.Execute("1", "Pme.Version")
[4] 2026-04-14 09:04:59,515 INFO  PME 2.13.13.5640, Request Handler Agent 2.13.11.5117, File Cache Service Agent 2.13.11.5117, WUA 1451.2601.23012.0
[4] 2026-04-14 09:04:59,609 DEBUG Enter >>> PME.RpcServerApiWrapper.PmeRpcServerApi.AdaptResponse()
[4] 2026-04-14 09:04:59,613 DEBUG Adapter.AdaptResponse => using default Adapter. Params: 0
[4] 2026-04-14 09:04:59,617 DEBUG Enter >>> PME.Adapter.RmmAdapter.AdaptResponse()
[4] 2026-04-14 09:04:59,618 DEBUG Exit  <<< PME.Adapter.RmmAdapter.AdaptResponse()
[4] 2026-04-14 09:04:59,618 DEBUG Exit  <<< PME.RpcServerApiWrapper.PmeRpcServerApi.AdaptResponse()
[4] 2026-04-14 09:04:59,618 DEBUG Exit  <<< PME.RpcServerApiWrapper.PmeRpcServerApi.Execute("1", "Pme.Version")
[4] 2026-04-14 09:04:59,729 DEBUG Enter >>> PME.RpcServerApiWrapper.PmeRpcServerApi.Execute("1", "Pme.GetLatestVersion")
[4] 2026-04-14 09:04:59,731 INFO  PME 2.13.13.5640, Request Handler Agent 2.13.11.5117, File Cache Service Agent 2.13.11.5117, WUA 1451.2601.23012.0
[4] 2026-04-14 09:05:00,118 DEBUG Enter >>> PME.RpcServerApiWrapper.PmeRpcServerApi.AdaptResponse()
[4] 2026-04-14 09:05:00,118 DEBUG Adapter.AdaptResponse => using default Adapter. Params: 0
[4] 2026-04-14 09:05:00,118 DEBUG Enter >>> PME.Adapter.RmmAdapter.AdaptResponse()
[4] 2026-04-14 09:05:00,119 DEBUG Exit  <<< PME.Adapter.RmmAdapter.AdaptResponse()
[4] 2026-04-14 09:05:00,119 DEBUG Exit  <<< PME.RpcServerApiWrapper.PmeRpcServerApi.AdaptResponse()
[4] 2026-04-14 09:05:00,119 DEBUG Exit  <<< PME.RpcServerApiWrapper.PmeRpcServerApi.Execute("1", "Pme.GetLatestVersion")
[4] 2026-04-14 09:05:00,589 DEBUG Enter >>> PME.RpcServerApiWrapper.PmeRpcServerApi.Execute("1", "Pme.Install")
[4] 2026-04-14 09:05:00,590 INFO  PME 2.13.13.5640, Request Handler Agent 2.13.11.5117, File Cache Service Agent 2.13.11.5117, WUA 1451.2601.23012.0
[4] 2026-04-14 09:05:00,624 INFO  PME.RpcServerApiWrapper.PmeRpcServerApi.StartActions => Set 'InstallationTimeoutInMinutes' by config file to 180
[4] 2026-04-14 09:06:14,147 DEBUG Enter >>> PME.RpcServerApiWrapper.PmeRpcServerApi.AdaptResponse()
[4] 2026-04-14 09:06:14,148 DEBUG Adapter.AdaptResponse => using default Adapter. Params: 1
[4] 2026-04-14 09:06:14,148 DEBUG Enter >>> PME.Adapter.RmmAdapter.AdaptResponse()
[4] 2026-04-14 09:06:14,148 DEBUG Enter >>> PME.Adapter.RmmAdapter.GetAdaptedStartActionsResult()
[4] 2026-04-14 09:06:14,149 DEBUG Enter >>> PME.Adapter.RmmAdapter.GetOutputFileNameFromParams()
[4] 2026-04-14 09:06:14,150 DEBUG Exit  <<< PME.Adapter.RmmAdapter.GetOutputFileNameFromParams(), returns ""
[4] 2026-04-14 09:06:14,150 DEBUG Enter >>> PME.Adapter.RmmAdapter.GenerateOutputFileName()
[4] 2026-04-14 09:06:14,151 DEBUG Enter >>> PME.Adapter.RmmAdapter.GetOutputFilePath()
[4] 2026-04-14 09:06:14,151 DEBUG Exit  <<< PME.Adapter.RmmAdapter.GetOutputFilePath(), returns "C:\ProgramData\MspPlatform\PME\data"
[4] 2026-04-14 09:06:14,151 DEBUG Exit  <<< PME.Adapter.RmmAdapter.GenerateOutputFileName(), returns "C:\ProgramData\MspPlatform\PME\data\Pme.Install_20260414090614_1.xml"
[4] 2026-04-14 09:06:14,153 DEBUG Enter >>> PME.Adapter.RmmAdapter.GetStartActionRmmDataSkeleton()
[4] 2026-04-14 09:06:14,153 DEBUG Exit  <<< PME.Adapter.RmmAdapter.GetStartActionRmmDataSkeleton()
[4] 2026-04-14 09:06:14,189 DEBUG Enter >>> PME.Adapter.RmmAdapter.SaveXmlFile(outputFileName = "C:\ProgramData\MspPlatform\PME\data\Pme.Install_20260414090614_1.xml")
[4] 2026-04-14 09:06:14,210 DEBUG Exit  <<< PME.Adapter.RmmAdapter.SaveXmlFile(outputFileName = "C:\ProgramData\MspPlatform\PME\data\Pme.Install_20260414090614_1.xml")
[4] 2026-04-14 09:06:14,211 DEBUG Exit  <<< PME.Adapter.RmmAdapter.GetAdaptedStartActionsResult()
[4] 2026-04-14 09:06:14,211 DEBUG Exit  <<< PME.Adapter.RmmAdapter.AdaptResponse()
[4] 2026-04-14 09:06:14,212 DEBUG Exit  <<< PME.RpcServerApiWrapper.PmeRpcServerApi.AdaptResponse()
[4] 2026-04-14 09:06:14,212 DEBUG Exit  <<< PME.RpcServerApiWrapper.PmeRpcServerApi.Execute("1", "Pme.Install")
[10] 2026-04-14 09:06:53,868 DEBUG Enter >>> PME.RpcServerApiWrapper.PmeRpcServerApi.Execute("1", "Pme.Version")
[10] 2026-04-14 09:06:53,871 INFO  PME 2.13.13.5640, Request Handler Agent 2.13.11.5117, File Cache Service Agent 2.13.11.5117, WUA 1451.2601.23012.0
[10] 2026-04-14 09:06:53,874 DEBUG Enter >>> PME.RpcServerApiWrapper.PmeRpcServerApi.AdaptResponse()
[10] 2026-04-14 09:06:53,874 DEBUG Adapter.AdaptResponse => using default Adapter. Params: 0
[10] 2026-04-14 09:06:53,875 DEBUG Enter >>> PME.Adapter.RmmAdapter.AdaptResponse()
[10] 2026-04-14 09:06:53,875 DEBUG Exit  <<< PME.Adapter.RmmAdapter.AdaptResponse()
[10] 2026-04-14 09:06:53,876 DEBUG Exit  <<< PME.RpcServerApiWrapper.PmeRpcServerApi.AdaptResponse()
[10] 2026-04-14 09:06:53,876 DEBUG Exit  <<< PME.RpcServerApiWrapper.PmeRpcServerApi.Execute("1", "Pme.Version")
[10] 2026-04-14 09:06:53,911 DEBUG Enter >>> PME.RpcServerApiWrapper.PmeRpcServerApi.Execute("1", "Pme.GetLatestVersion")
[10] 2026-04-14 09:06:53,913 INFO  PME 2.13.13.5640, Request Handler Agent 2.13.11.5117, File Cache Service Agent 2.13.11.5117, WUA 1451.2601.23012.0
[10] 2026-04-14 09:06:53,925 DEBUG Enter >>> PME.RpcServerApiWrapper.PmeRpcServerApi.AdaptResponse()
[10] 2026-04-14 09:06:53,925 DEBUG Adapter.AdaptResponse => using default Adapter. Params: 0
[10] 2026-04-14 09:06:53,927 DEBUG Enter >>> PME.Adapter.RmmAdapter.AdaptResponse()
[10] 2026-04-14 09:06:53,927 DEBUG Exit  <<< PME.Adapter.RmmAdapter.AdaptResponse()
[10] 2026-04-14 09:06:53,928 DEBUG Exit  <<< PME.RpcServerApiWrapper.PmeRpcServerApi.AdaptResponse()
[10] 2026-04-14 09:06:53,928 DEBUG Exit  <<< PME.RpcServerApiWrapper.PmeRpcServerApi.Execute("1", "Pme.GetLatestVersion")
[10] 2026-04-14 09:06:53,975 DEBUG Enter >>> PME.RpcServerApiWrapper.PmeRpcServerApi.Execute("1", "Pme.StartScan")
[10] 2026-04-14 09:06:53,979 INFO  PME 2.13.13.5640, Request Handler Agent 2.13.11.5117, File Cache Service Agent 2.13.11.5117, WUA 1451.2601.23012.0
[10] 2026-04-14 09:06:53,995 DEBUG PME.RpcServerApiWrapper.PmeRpcServerApi.StartScan => parameters:
[10] 2026-04-14 09:06:53,996 DEBUG 	outputFileName=C:\PROGRA~2\ADVANC~1\scans\PatchMan_76890937
[10] 2026-04-14 09:08:08,161 INFO  PME.RpcServerApiWrapper.PmeRpcServerApi.Execute => submitting to Perun is not enabled (feature flag check)
[10] 2026-04-14 09:08:08,161 DEBUG Enter >>> PME.RpcServerApiWrapper.PmeRpcServerApi.AdaptResponse()
[10] 2026-04-14 09:08:08,162 DEBUG Adapter.AdaptResponse => using default Adapter. Params: 1
[10] 2026-04-14 09:08:08,162 DEBUG Enter >>> PME.Adapter.RmmAdapter.AdaptResponse()
[10] 2026-04-14 09:08:08,164 DEBUG Enter >>> PME.Adapter.RmmAdapter.GetAdaptedStartScanResponse()
[10] 2026-04-14 09:08:08,164 DEBUG Enter >>> PME.Adapter.RmmAdapter.GetOutputFileNameFromParams()
[10] 2026-04-14 09:08:08,164 DEBUG Exit  <<< PME.Adapter.RmmAdapter.GetOutputFileNameFromParams(), returns "C:\PROGRA~2\ADVANC~1\scans\PatchMan_76890937"
[10] 2026-04-14 09:08:08,167 DEBUG Enter >>> PME.Adapter.RmmAdapter.GetStartScanRmmDataSkeleton()
[10] 2026-04-14 09:08:08,169 DEBUG Enter >>> PME.Adapter.RmmAdapter.GetLocalIpAddress()
[10] 2026-04-14 09:08:08,187 DEBUG Exit  <<< PME.Adapter.RmmAdapter.GetLocalIpAddress(), returns "192.168.20.126"
[10] 2026-04-14 09:08:08,187 DEBUG Exit  <<< PME.Adapter.RmmAdapter.GetStartScanRmmDataSkeleton()
[10] 2026-04-14 09:08:08,189 DEBUG Enter >>> PME.Adapter.RmmAdapter.FillRmmData()
[10] 2026-04-14 09:08:08,189 DEBUG Enter >>> PME.Adapter.RmmAdapter.CreateListOfHotfixesAndMissingHotfixes()
[10] 2026-04-14 09:08:08,190 DEBUG Exit  <<< PME.Adapter.RmmAdapter.CreateListOfHotfixesAndMissingHotfixes()
[10] 2026-04-14 09:08:08,194 DEBUG Enter >>> PME.Adapter.RmmAdapter.GetProducts()
[10] 2026-04-14 09:08:08,210 WARN  Unknown severity: "Unspecified"
[10] 2026-04-14 09:08:08,215 DEBUG Exit  <<< PME.Adapter.RmmAdapter.GetProducts()
[10] 2026-04-14 09:08:08,215 DEBUG Enter >>> PME.Adapter.RmmAdapter.GetProducts()
[10] 2026-04-14 09:08:08,219 DEBUG Exit  <<< PME.Adapter.RmmAdapter.GetProducts()
[10] 2026-04-14 09:08:08,220 DEBUG Exit  <<< PME.Adapter.RmmAdapter.FillRmmData()
[10] 2026-04-14 09:08:08,221 OFF   GetAdaptedStartScanResponse => Scan result numbers: 11 installed patches, 3 missing patches
[10] 2026-04-14 09:08:08,222 DEBUG Enter >>> PME.Adapter.RmmAdapter.SaveXmlFile(outputFileName = "C:\PROGRA~2\ADVANC~1\scans\PatchMan_76890937")
[10] 2026-04-14 09:08:08,250 DEBUG Exit  <<< PME.Adapter.RmmAdapter.SaveXmlFile(outputFileName = "C:\PROGRA~2\ADVANC~1\scans\PatchMan_76890937")
[10] 2026-04-14 09:08:08,251 DEBUG Enter >>> PME.Adapter.RmmAdapter.SaveJsonFile(outputFileName = "C:\PROGRA~2\ADVANC~1\scans\PatchMan_76890937.json")
[10] 2026-04-14 09:08:08,286 DEBUG Exit  <<< PME.Adapter.RmmAdapter.SaveJsonFile(outputFileName = "C:\PROGRA~2\ADVANC~1\scans\PatchMan_76890937.json")
[10] 2026-04-14 09:08:08,286 DEBUG Exit  <<< PME.Adapter.RmmAdapter.GetAdaptedStartScanResponse()
[10] 2026-04-14 09:08:08,287 DEBUG Exit  <<< PME.Adapter.RmmAdapter.AdaptResponse()
[10] 2026-04-14 09:08:08,287 DEBUG Exit  <<< PME.RpcServerApiWrapper.PmeRpcServerApi.AdaptResponse()
[10] 2026-04-14 09:08:08,287 DEBUG Exit  <<< PME.RpcServerApiWrapper.PmeRpcServerApi.Execute("1", "Pme.StartScan")
[10] 2026-04-14 09:08:54,592 DEBUG Enter >>> PME.RpcServerApiWrapper.PmeRpcServerApi.Execute("1", "Pme.Version")
[10] 2026-04-14 09:08:54,595 INFO  PME 2.13.13.5640, Request Handler Agent 2.13.11.5117, File Cache Service Agent 2.13.11.5117, WUA 1451.2601.23012.0
[10] 2026-04-14 09:08:54,597 DEBUG Enter >>> PME.RpcServerApiWrapper.PmeRpcServerApi.AdaptResponse()
[10] 2026-04-14 09:08:54,598 DEBUG Adapter.AdaptResponse => using default Adapter. Params: 0
[10] 2026-04-14 09:08:54,598 DEBUG Enter >>> PME.Adapter.RmmAdapter.AdaptResponse()
[10] 2026-04-14 09:08:54,598 DEBUG Exit  <<< PME.Adapter.RmmAdapter.AdaptResponse()
[10] 2026-04-14 09:08:54,598 DEBUG Exit  <<< PME.RpcServerApiWrapper.PmeRpcServerApi.AdaptResponse()
[10] 2026-04-14 09:08:54,599 DEBUG Exit  <<< PME.RpcServerApiWrapper.PmeRpcServerApi.Execute("1", "Pme.Version")
[10] 2026-04-14 09:08:54,636 DEBUG Enter >>> PME.RpcServerApiWrapper.PmeRpcServerApi.Execute("1", "Pme.GetLatestVersion")
[10] 2026-04-14 09:08:54,638 INFO  PME 2.13.13.5640, Request Handler Agent 2.13.11.5117, File Cache Service Agent 2.13.11.5117, WUA 1451.2601.23012.0
[10] 2026-04-14 09:08:54,649 DEBUG Enter >>> PME.RpcServerApiWrapper.PmeRpcServerApi.AdaptResponse()
[10] 2026-04-14 09:08:54,649 DEBUG Adapter.AdaptResponse => using default Adapter. Params: 0
[10] 2026-04-14 09:08:54,649 DEBUG Enter >>> PME.Adapter.RmmAdapter.AdaptResponse()
[10] 2026-04-14 09:08:54,650 DEBUG Exit  <<< PME.Adapter.RmmAdapter.AdaptResponse()
[10] 2026-04-14 09:08:54,650 DEBUG Exit  <<< PME.RpcServerApiWrapper.PmeRpcServerApi.AdaptResponse()
[10] 2026-04-14 09:08:54,650 DEBUG Exit  <<< PME.RpcServerApiWrapper.PmeRpcServerApi.Execute("1", "Pme.GetLatestVersion")
[11] 2026-04-14 11:01:55,881 DEBUG Enter >>> PME.RpcServerApiWrapper.PmeRpcServerApi.Execute("1", "Pme.Version")
[11] 2026-04-14 11:01:55,888 INFO  PME 2.13.13.5640, Request Handler Agent 2.13.11.5117, File Cache Service Agent 2.13.11.5117, WUA 1451.2601.23012.0
[11] 2026-04-14 11:01:55,892 DEBUG Enter >>> PME.RpcServerApiWrapper.PmeRpcServerApi.AdaptResponse()
[11] 2026-04-14 11:01:55,893 DEBUG Adapter.AdaptResponse => using default Adapter. Params: 0
[11] 2026-04-14 11:01:55,894 DEBUG Enter >>> PME.Adapter.RmmAdapter.AdaptResponse()
[11] 2026-04-14 11:01:55,895 DEBUG Exit  <<< PME.Adapter.RmmAdapter.AdaptResponse()
[11] 2026-04-14 11:01:55,896 DEBUG Exit  <<< PME.RpcServerApiWrapper.PmeRpcServerApi.AdaptResponse()
[11] 2026-04-14 11:01:55,897 DEBUG Exit  <<< PME.RpcServerApiWrapper.PmeRpcServerApi.Execute("1", "Pme.Version")
[11] 2026-04-14 11:01:55,987 DEBUG Enter >>> PME.RpcServerApiWrapper.PmeRpcServerApi.Execute("1", "Pme.GetLatestVersion")
[11] 2026-04-14 11:01:55,992 INFO  PME 2.13.13.5640, Request Handler Agent 2.13.11.5117, File Cache Service Agent 2.13.11.5117, WUA 1451.2601.23012.0
[11] 2026-04-14 11:01:56,014 DEBUG Enter >>> PME.RpcServerApiWrapper.PmeRpcServerApi.AdaptResponse()
[11] 2026-04-14 11:01:56,015 DEBUG Adapter.AdaptResponse => using default Adapter. Params: 0
[11] 2026-04-14 11:01:56,015 DEBUG Enter >>> PME.Adapter.RmmAdapter.AdaptResponse()
[11] 2026-04-14 11:01:56,016 DEBUG Exit  <<< PME.Adapter.RmmAdapter.AdaptResponse()
[11] 2026-04-14 11:01:56,016 DEBUG Exit  <<< PME.RpcServerApiWrapper.PmeRpcServerApi.AdaptResponse()
[11] 2026-04-14 11:01:56,017 DEBUG Exit  <<< PME.RpcServerApiWrapper.PmeRpcServerApi.Execute("1", "Pme.GetLatestVersion")
[11] 2026-04-14 11:01:56,094 DEBUG Enter >>> PME.RpcServerApiWrapper.PmeRpcServerApi.Execute("1", "Pme.StartScan")
[11] 2026-04-14 11:01:56,099 INFO  PME 2.13.13.5640, Request Handler Agent 2.13.11.5117, File Cache Service Agent 2.13.11.5117, WUA 1451.2601.23012.0
[11] 2026-04-14 11:01:56,107 DEBUG PME.RpcServerApiWrapper.PmeRpcServerApi.StartScan => parameters:
[11] 2026-04-14 11:01:56,110 DEBUG 	outputFileName=C:\PROGRA~2\ADVANC~1\scans\PatchMan_83793031
[11] 2026-04-14 11:21:59,750 INFO  PME.RpcServerApiWrapper.PmeRpcServerApi.Execute => submitting to Perun is not enabled (feature flag check)
[11] 2026-04-14 11:21:59,750 DEBUG Enter >>> PME.RpcServerApiWrapper.PmeRpcServerApi.AdaptResponse()
[11] 2026-04-14 11:21:59,751 DEBUG Adapter.AdaptResponse => using default Adapter. Params: 1
[11] 2026-04-14 11:21:59,752 DEBUG Enter >>> PME.Adapter.RmmAdapter.AdaptResponse()
[11] 2026-04-14 11:21:59,753 DEBUG Enter >>> PME.Adapter.RmmAdapter.GetAdaptedStartScanResponse()
[11] 2026-04-14 11:21:59,753 DEBUG Enter >>> PME.Adapter.RmmAdapter.GetOutputFileNameFromParams()
[11] 2026-04-14 11:21:59,754 DEBUG Exit  <<< PME.Adapter.RmmAdapter.GetOutputFileNameFromParams(), returns "C:\PROGRA~2\ADVANC~1\scans\PatchMan_83793031"
[11] 2026-04-14 11:21:59,754 DEBUG Enter >>> PME.Adapter.RmmAdapter.GetStartScanRmmDataSkeleton()
[11] 2026-04-14 11:21:59,755 DEBUG Enter >>> PME.Adapter.RmmAdapter.GetLocalIpAddress()
[11] 2026-04-14 11:21:59,757 DEBUG Exit  <<< PME.Adapter.RmmAdapter.GetLocalIpAddress(), returns "192.168.20.126"
[11] 2026-04-14 11:21:59,758 DEBUG Exit  <<< PME.Adapter.RmmAdapter.GetStartScanRmmDataSkeleton()
[11] 2026-04-14 11:21:59,758 DEBUG Enter >>> PME.Adapter.RmmAdapter.FillRmmData()
[11] 2026-04-14 11:21:59,759 DEBUG Enter >>> PME.Adapter.RmmAdapter.CreateListOfHotfixesAndMissingHotfixes()
[11] 2026-04-14 11:21:59,759 DEBUG Exit  <<< PME.Adapter.RmmAdapter.CreateListOfHotfixesAndMissingHotfixes()
[11] 2026-04-14 11:21:59,759 DEBUG Enter >>> PME.Adapter.RmmAdapter.GetProducts()
[11] 2026-04-14 11:21:59,765 WARN  Unknown severity: "Unspecified"
[11] 2026-04-14 11:21:59,770 DEBUG Exit  <<< PME.Adapter.RmmAdapter.GetProducts()
[11] 2026-04-14 11:21:59,771 DEBUG Enter >>> PME.Adapter.RmmAdapter.GetProducts()
[11] 2026-04-14 11:21:59,774 DEBUG Exit  <<< PME.Adapter.RmmAdapter.GetProducts()
[11] 2026-04-14 11:21:59,775 DEBUG Exit  <<< PME.Adapter.RmmAdapter.FillRmmData()
[11] 2026-04-14 11:21:59,776 OFF   GetAdaptedStartScanResponse => Scan result numbers: 11 installed patches, 3 missing patches
[11] 2026-04-14 11:21:59,776 DEBUG Enter >>> PME.Adapter.RmmAdapter.SaveXmlFile(outputFileName = "C:\PROGRA~2\ADVANC~1\scans\PatchMan_83793031")
[11] 2026-04-14 11:21:59,778 DEBUG Exit  <<< PME.Adapter.RmmAdapter.SaveXmlFile(outputFileName = "C:\PROGRA~2\ADVANC~1\scans\PatchMan_83793031")
[11] 2026-04-14 11:21:59,779 DEBUG Enter >>> PME.Adapter.RmmAdapter.SaveJsonFile(outputFileName = "C:\PROGRA~2\ADVANC~1\scans\PatchMan_83793031.json")
[11] 2026-04-14 11:21:59,805 DEBUG Exit  <<< PME.Adapter.RmmAdapter.SaveJsonFile(outputFileName = "C:\PROGRA~2\ADVANC~1\scans\PatchMan_83793031.json")
[11] 2026-04-14 11:21:59,806 DEBUG Exit  <<< PME.Adapter.RmmAdapter.GetAdaptedStartScanResponse()
[11] 2026-04-14 11:21:59,807 DEBUG Exit  <<< PME.Adapter.RmmAdapter.AdaptResponse()
[11] 2026-04-14 11:21:59,807 DEBUG Exit  <<< PME.RpcServerApiWrapper.PmeRpcServerApi.AdaptResponse()
[11] 2026-04-14 11:21:59,808 DEBUG Exit  <<< PME.RpcServerApiWrapper.PmeRpcServerApi.Execute("1", "Pme.StartScan")
[10] 2026-04-15 08:24:51,456 DEBUG Enter >>> PME.RpcServerApiWrapper.PmeRpcServerApi.Execute("1", "Pme.Version")
[10] 2026-04-15 08:24:51,471 INFO  PME 2.13.13.5640, Request Handler Agent 2.13.11.5117, File Cache Service Agent 2.13.11.5117, WUA 1451.2601.23012.0
[10] 2026-04-15 08:24:51,476 DEBUG Enter >>> PME.RpcServerApiWrapper.PmeRpcServerApi.AdaptResponse()
[10] 2026-04-15 08:24:51,477 DEBUG Adapter.AdaptResponse => using default Adapter. Params: 0
[10] 2026-04-15 08:24:51,477 DEBUG Enter >>> PME.Adapter.RmmAdapter.AdaptResponse()
[10] 2026-04-15 08:24:51,478 DEBUG Exit  <<< PME.Adapter.RmmAdapter.AdaptResponse()
[10] 2026-04-15 08:24:51,478 DEBUG Exit  <<< PME.RpcServerApiWrapper.PmeRpcServerApi.AdaptResponse()
[10] 2026-04-15 08:24:51,479 DEBUG Exit  <<< PME.RpcServerApiWrapper.PmeRpcServerApi.Execute("1", "Pme.Version")
[10] 2026-04-15 08:24:51,527 DEBUG Enter >>> PME.RpcServerApiWrapper.PmeRpcServerApi.Execute("1", "Pme.GetLatestVersion")
[10] 2026-04-15 08:24:51,529 INFO  PME 2.13.13.5640, Request Handler Agent 2.13.11.5117, File Cache Service Agent 2.13.11.5117, WUA 1451.2601.23012.0
[10] 2026-04-15 08:24:51,553 DEBUG Enter >>> PME.RpcServerApiWrapper.PmeRpcServerApi.AdaptResponse()
[10] 2026-04-15 08:24:51,553 DEBUG Adapter.AdaptResponse => using default Adapter. Params: 0
[10] 2026-04-15 08:24:51,553 DEBUG Enter >>> PME.Adapter.RmmAdapter.AdaptResponse()
[10] 2026-04-15 08:24:51,554 DEBUG Exit  <<< PME.Adapter.RmmAdapter.AdaptResponse()
[10] 2026-04-15 08:24:51,554 DEBUG Exit  <<< PME.RpcServerApiWrapper.PmeRpcServerApi.AdaptResponse()
[10] 2026-04-15 08:24:51,555 DEBUG Exit  <<< PME.RpcServerApiWrapper.PmeRpcServerApi.Execute("1", "Pme.GetLatestVersion")
[12] 2026-04-15 09:00:07,336 DEBUG Enter >>> PME.RpcServerApiWrapper.PmeRpcServerApi.Execute("1", "Pme.Version")
[12] 2026-04-15 09:00:07,338 INFO  PME 2.13.13.5640, Request Handler Agent 2.13.11.5117, File Cache Service Agent 2.13.11.5117, WUA 1451.2601.23012.0
[12] 2026-04-15 09:00:07,340 DEBUG Enter >>> PME.RpcServerApiWrapper.PmeRpcServerApi.AdaptResponse()
[12] 2026-04-15 09:00:07,340 DEBUG Adapter.AdaptResponse => using default Adapter. Params: 0
[12] 2026-04-15 09:00:07,340 DEBUG Enter >>> PME.Adapter.RmmAdapter.AdaptResponse()
[12] 2026-04-15 09:00:07,340 DEBUG Exit  <<< PME.Adapter.RmmAdapter.AdaptResponse()
[12] 2026-04-15 09:00:07,341 DEBUG Exit  <<< PME.RpcServerApiWrapper.PmeRpcServerApi.AdaptResponse()
[12] 2026-04-15 09:00:07,341 DEBUG Exit  <<< PME.RpcServerApiWrapper.PmeRpcServerApi.Execute("1", "Pme.Version")
[12] 2026-04-15 09:00:07,368 DEBUG Enter >>> PME.RpcServerApiWrapper.PmeRpcServerApi.Execute("1", "Pme.GetLatestVersion")
[12] 2026-04-15 09:00:07,369 INFO  PME 2.13.13.5640, Request Handler Agent 2.13.11.5117, File Cache Service Agent 2.13.11.5117, WUA 1451.2601.23012.0
[12] 2026-04-15 09:00:07,377 DEBUG Enter >>> PME.RpcServerApiWrapper.PmeRpcServerApi.AdaptResponse()
[12] 2026-04-15 09:00:07,377 DEBUG Adapter.AdaptResponse => using default Adapter. Params: 0
[12] 2026-04-15 09:00:07,377 DEBUG Enter >>> PME.Adapter.RmmAdapter.AdaptResponse()
[12] 2026-04-15 09:00:07,378 DEBUG Exit  <<< PME.Adapter.RmmAdapter.AdaptResponse()
[12] 2026-04-15 09:00:07,378 DEBUG Exit  <<< PME.RpcServerApiWrapper.PmeRpcServerApi.AdaptResponse()
[12] 2026-04-15 09:00:07,378 DEBUG Exit  <<< PME.RpcServerApiWrapper.PmeRpcServerApi.Execute("1", "Pme.GetLatestVersion")
[10] 2026-04-15 11:01:22,010 DEBUG Enter >>> PME.RpcServerApiWrapper.PmeRpcServerApi.Execute("1", "Pme.Version")
[10] 2026-04-15 11:01:22,014 INFO  PME 2.13.13.5640, Request Handler Agent 2.13.11.5117, File Cache Service Agent 2.13.11.5117, WUA 1451.2601.23012.0
[10] 2026-04-15 11:01:22,029 DEBUG Enter >>> PME.RpcServerApiWrapper.PmeRpcServerApi.AdaptResponse()
[10] 2026-04-15 11:01:22,029 DEBUG Adapter.AdaptResponse => using default Adapter. Params: 0
[10] 2026-04-15 11:01:22,029 DEBUG Enter >>> PME.Adapter.RmmAdapter.AdaptResponse()
[10] 2026-04-15 11:01:22,030 DEBUG Exit  <<< PME.Adapter.RmmAdapter.AdaptResponse()
[10] 2026-04-15 11:01:22,030 DEBUG Exit  <<< PME.RpcServerApiWrapper.PmeRpcServerApi.AdaptResponse()
[10] 2026-04-15 11:01:22,030 DEBUG Exit  <<< PME.RpcServerApiWrapper.PmeRpcServerApi.Execute("1", "Pme.Version")
[10] 2026-04-15 11:01:22,053 DEBUG Enter >>> PME.RpcServerApiWrapper.PmeRpcServerApi.Execute("1", "Pme.GetLatestVersion")
[10] 2026-04-15 11:01:22,055 INFO  PME 2.13.13.5640, Request Handler Agent 2.13.11.5117, File Cache Service Agent 2.13.11.5117, WUA 1451.2601.23012.0
[10] 2026-04-15 11:01:22,062 DEBUG Enter >>> PME.RpcServerApiWrapper.PmeRpcServerApi.AdaptResponse()
[10] 2026-04-15 11:01:22,063 DEBUG Adapter.AdaptResponse => using default Adapter. Params: 0
[10] 2026-04-15 11:01:22,063 DEBUG Enter >>> PME.Adapter.RmmAdapter.AdaptResponse()
[10] 2026-04-15 11:01:22,063 DEBUG Exit  <<< PME.Adapter.RmmAdapter.AdaptResponse()
[10] 2026-04-15 11:01:22,063 DEBUG Exit  <<< PME.RpcServerApiWrapper.PmeRpcServerApi.AdaptResponse()
[10] 2026-04-15 11:01:22,063 DEBUG Exit  <<< PME.RpcServerApiWrapper.PmeRpcServerApi.Execute("1", "Pme.GetLatestVersion")
[10] 2026-04-15 11:01:22,088 DEBUG Enter >>> PME.RpcServerApiWrapper.PmeRpcServerApi.Execute("1", "Pme.StartScan")
[10] 2026-04-15 11:01:22,089 INFO  PME 2.13.13.5640, Request Handler Agent 2.13.11.5117, File Cache Service Agent 2.13.11.5117, WUA 1451.2601.23012.0
[10] 2026-04-15 11:01:22,091 DEBUG PME.RpcServerApiWrapper.PmeRpcServerApi.StartScan => parameters:
[10] 2026-04-15 11:01:22,091 DEBUG 	outputFileName=C:\PROGRA~2\ADVANC~1\scans\PatchMan_170162468_0
[10] 2026-04-15 11:03:17,601 INFO  PME.RpcServerApiWrapper.PmeRpcServerApi.Execute => submitting to Perun is not enabled (feature flag check)
[10] 2026-04-15 11:03:17,601 DEBUG Enter >>> PME.RpcServerApiWrapper.PmeRpcServerApi.AdaptResponse()
[10] 2026-04-15 11:03:17,602 DEBUG Adapter.AdaptResponse => using default Adapter. Params: 1
[10] 2026-04-15 11:03:17,602 DEBUG Enter >>> PME.Adapter.RmmAdapter.AdaptResponse()
[10] 2026-04-15 11:03:17,602 DEBUG Enter >>> PME.Adapter.RmmAdapter.GetAdaptedStartScanResponse()
[10] 2026-04-15 11:03:17,602 DEBUG Enter >>> PME.Adapter.RmmAdapter.GetOutputFileNameFromParams()
[10] 2026-04-15 11:03:17,603 DEBUG Exit  <<< PME.Adapter.RmmAdapter.GetOutputFileNameFromParams(), returns "C:\PROGRA~2\ADVANC~1\scans\PatchMan_170162468_0"
[10] 2026-04-15 11:03:17,603 DEBUG Enter >>> PME.Adapter.RmmAdapter.GetStartScanRmmDataSkeleton()
[10] 2026-04-15 11:03:17,603 DEBUG Enter >>> PME.Adapter.RmmAdapter.GetLocalIpAddress()
[10] 2026-04-15 11:03:17,604 DEBUG Exit  <<< PME.Adapter.RmmAdapter.GetLocalIpAddress(), returns "192.168.20.98"
[10] 2026-04-15 11:03:17,605 DEBUG Exit  <<< PME.Adapter.RmmAdapter.GetStartScanRmmDataSkeleton()
[10] 2026-04-15 11:03:17,605 DEBUG Enter >>> PME.Adapter.RmmAdapter.FillRmmData()
[10] 2026-04-15 11:03:17,605 DEBUG Enter >>> PME.Adapter.RmmAdapter.CreateListOfHotfixesAndMissingHotfixes()
[10] 2026-04-15 11:03:17,605 DEBUG Exit  <<< PME.Adapter.RmmAdapter.CreateListOfHotfixesAndMissingHotfixes()
[10] 2026-04-15 11:03:17,605 DEBUG Enter >>> PME.Adapter.RmmAdapter.GetProducts()
[10] 2026-04-15 11:03:17,611 WARN  Unknown severity: "Unspecified"
[10] 2026-04-15 11:03:17,615 DEBUG Exit  <<< PME.Adapter.RmmAdapter.GetProducts()
[10] 2026-04-15 11:03:17,615 DEBUG Enter >>> PME.Adapter.RmmAdapter.GetProducts()
[10] 2026-04-15 11:03:17,618 DEBUG Exit  <<< PME.Adapter.RmmAdapter.GetProducts()
[10] 2026-04-15 11:03:17,618 DEBUG Exit  <<< PME.Adapter.RmmAdapter.FillRmmData()
[10] 2026-04-15 11:03:17,619 OFF   GetAdaptedStartScanResponse => Scan result numbers: 12 installed patches, 6 missing patches
[10] 2026-04-15 11:03:17,619 DEBUG Enter >>> PME.Adapter.RmmAdapter.SaveXmlFile(outputFileName = "C:\PROGRA~2\ADVANC~1\scans\PatchMan_170162468_0")
[10] 2026-04-15 11:03:17,620 DEBUG Exit  <<< PME.Adapter.RmmAdapter.SaveXmlFile(outputFileName = "C:\PROGRA~2\ADVANC~1\scans\PatchMan_170162468_0")
[10] 2026-04-15 11:03:17,621 DEBUG Enter >>> PME.Adapter.RmmAdapter.SaveJsonFile(outputFileName = "C:\PROGRA~2\ADVANC~1\scans\PatchMan_170162468_0.json")
[10] 2026-04-15 11:03:17,640 DEBUG Exit  <<< PME.Adapter.RmmAdapter.SaveJsonFile(outputFileName = "C:\PROGRA~2\ADVANC~1\scans\PatchMan_170162468_0.json")
[10] 2026-04-15 11:03:17,640 DEBUG Exit  <<< PME.Adapter.RmmAdapter.GetAdaptedStartScanResponse()
[10] 2026-04-15 11:03:17,640 DEBUG Exit  <<< PME.Adapter.RmmAdapter.AdaptResponse()
[10] 2026-04-15 11:03:17,641 DEBUG Exit  <<< PME.RpcServerApiWrapper.PmeRpcServerApi.AdaptResponse()
[10] 2026-04-15 11:03:17,641 DEBUG Exit  <<< PME.RpcServerApiWrapper.PmeRpcServerApi.Execute("1", "Pme.StartScan")
[18] 2026-04-16 08:41:22,829 DEBUG Enter >>> PME.RpcServerApiWrapper.PmeRpcServerApi.Execute("1", "Pme.Version")
[18] 2026-04-16 08:41:22,832 INFO  PME 2.13.13.5640, Request Handler Agent 2.13.11.5117, File Cache Service Agent 2.13.11.5117, WUA 1451.2601.23012.0
[18] 2026-04-16 08:41:22,834 DEBUG Enter >>> PME.RpcServerApiWrapper.PmeRpcServerApi.AdaptResponse()
[18] 2026-04-16 08:41:22,835 DEBUG Adapter.AdaptResponse => using default Adapter. Params: 0
[18] 2026-04-16 08:41:22,835 DEBUG Enter >>> PME.Adapter.RmmAdapter.AdaptResponse()
[18] 2026-04-16 08:41:22,835 DEBUG Exit  <<< PME.Adapter.RmmAdapter.AdaptResponse()
[18] 2026-04-16 08:41:22,836 DEBUG Exit  <<< PME.RpcServerApiWrapper.PmeRpcServerApi.AdaptResponse()
[18] 2026-04-16 08:41:22,836 DEBUG Exit  <<< PME.RpcServerApiWrapper.PmeRpcServerApi.Execute("1", "Pme.Version")
[18] 2026-04-16 08:41:22,868 DEBUG Enter >>> PME.RpcServerApiWrapper.PmeRpcServerApi.Execute("1", "Pme.GetLatestVersion")
[18] 2026-04-16 08:41:22,870 INFO  PME 2.13.13.5640, Request Handler Agent 2.13.11.5117, File Cache Service Agent 2.13.11.5117, WUA 1451.2601.23012.0
[18] 2026-04-16 08:41:22,880 DEBUG Enter >>> PME.RpcServerApiWrapper.PmeRpcServerApi.AdaptResponse()
[18] 2026-04-16 08:41:22,880 DEBUG Adapter.AdaptResponse => using default Adapter. Params: 0
[18] 2026-04-16 08:41:22,880 DEBUG Enter >>> PME.Adapter.RmmAdapter.AdaptResponse()
[18] 2026-04-16 08:41:22,880 DEBUG Exit  <<< PME.Adapter.RmmAdapter.AdaptResponse()
[18] 2026-04-16 08:41:22,880 DEBUG Exit  <<< PME.RpcServerApiWrapper.PmeRpcServerApi.AdaptResponse()
[18] 2026-04-16 08:41:22,880 DEBUG Exit  <<< PME.RpcServerApiWrapper.PmeRpcServerApi.Execute("1", "Pme.GetLatestVersion")
[11] 2026-04-16 09:00:30,980 DEBUG Enter >>> PME.RpcServerApiWrapper.PmeRpcServerApi.Execute("1", "Pme.Version")
[11] 2026-04-16 09:00:30,982 INFO  PME 2.13.13.5640, Request Handler Agent 2.13.11.5117, File Cache Service Agent 2.13.11.5117, WUA 1451.2601.23012.0
[11] 2026-04-16 09:00:30,983 DEBUG Enter >>> PME.RpcServerApiWrapper.PmeRpcServerApi.AdaptResponse()
[11] 2026-04-16 09:00:30,983 DEBUG Adapter.AdaptResponse => using default Adapter. Params: 0
[11] 2026-04-16 09:00:30,983 DEBUG Enter >>> PME.Adapter.RmmAdapter.AdaptResponse()
[11] 2026-04-16 09:00:30,984 DEBUG Exit  <<< PME.Adapter.RmmAdapter.AdaptResponse()
[11] 2026-04-16 09:00:30,984 DEBUG Exit  <<< PME.RpcServerApiWrapper.PmeRpcServerApi.AdaptResponse()
[11] 2026-04-16 09:00:30,984 DEBUG Exit  <<< PME.RpcServerApiWrapper.PmeRpcServerApi.Execute("1", "Pme.Version")
[11] 2026-04-16 09:00:31,007 DEBUG Enter >>> PME.RpcServerApiWrapper.PmeRpcServerApi.Execute("1", "Pme.GetLatestVersion")
[11] 2026-04-16 09:00:31,008 INFO  PME 2.13.13.5640, Request Handler Agent 2.13.11.5117, File Cache Service Agent 2.13.11.5117, WUA 1451.2601.23012.0
[11] 2026-04-16 09:00:31,015 DEBUG Enter >>> PME.RpcServerApiWrapper.PmeRpcServerApi.AdaptResponse()
[11] 2026-04-16 09:00:31,015 DEBUG Adapter.AdaptResponse => using default Adapter. Params: 0
[11] 2026-04-16 09:00:31,015 DEBUG Enter >>> PME.Adapter.RmmAdapter.AdaptResponse()
[11] 2026-04-16 09:00:31,016 DEBUG Exit  <<< PME.Adapter.RmmAdapter.AdaptResponse()
[11] 2026-04-16 09:00:31,016 DEBUG Exit  <<< PME.RpcServerApiWrapper.PmeRpcServerApi.AdaptResponse()
[11] 2026-04-16 09:00:31,016 DEBUG Exit  <<< PME.RpcServerApiWrapper.PmeRpcServerApi.Execute("1", "Pme.GetLatestVersion")
[11] 2026-04-16 09:00:31,364 DEBUG Enter >>> PME.RpcServerApiWrapper.PmeRpcServerApi.Execute("1", "Pme.Install")
[11] 2026-04-16 09:00:31,365 INFO  PME 2.13.13.5640, Request Handler Agent 2.13.11.5117, File Cache Service Agent 2.13.11.5117, WUA 1451.2601.23012.0
[11] 2026-04-16 09:00:31,368 INFO  PME.RpcServerApiWrapper.PmeRpcServerApi.StartActions => Set 'InstallationTimeoutInMinutes' by config file to 180
[11] 2026-04-16 09:29:45,126 DEBUG Enter >>> PME.RpcServerApiWrapper.PmeRpcServerApi.AdaptResponse()
[11] 2026-04-16 09:29:45,127 DEBUG Adapter.AdaptResponse => using default Adapter. Params: 1
[11] 2026-04-16 09:29:45,127 DEBUG Enter >>> PME.Adapter.RmmAdapter.AdaptResponse()
[11] 2026-04-16 09:29:45,127 DEBUG Enter >>> PME.Adapter.RmmAdapter.GetAdaptedStartActionsResult()
[11] 2026-04-16 09:29:45,127 DEBUG Enter >>> PME.Adapter.RmmAdapter.GetOutputFileNameFromParams()
[11] 2026-04-16 09:29:45,128 DEBUG Exit  <<< PME.Adapter.RmmAdapter.GetOutputFileNameFromParams(), returns ""
[11] 2026-04-16 09:29:45,128 DEBUG Enter >>> PME.Adapter.RmmAdapter.GenerateOutputFileName()
[11] 2026-04-16 09:29:45,128 DEBUG Enter >>> PME.Adapter.RmmAdapter.GetOutputFilePath()
[11] 2026-04-16 09:29:45,128 DEBUG Exit  <<< PME.Adapter.RmmAdapter.GetOutputFilePath(), returns "C:\ProgramData\MspPlatform\PME\data"
[11] 2026-04-16 09:29:45,128 DEBUG Exit  <<< PME.Adapter.RmmAdapter.GenerateOutputFileName(), returns "C:\ProgramData\MspPlatform\PME\data\Pme.Install_20260416092945_1.xml"
[11] 2026-04-16 09:29:45,129 DEBUG Enter >>> PME.Adapter.RmmAdapter.GetStartActionRmmDataSkeleton()
[11] 2026-04-16 09:29:45,129 DEBUG Exit  <<< PME.Adapter.RmmAdapter.GetStartActionRmmDataSkeleton()
[11] 2026-04-16 09:29:45,132 DEBUG Enter >>> PME.Adapter.RmmAdapter.SaveXmlFile(outputFileName = "C:\ProgramData\MspPlatform\PME\data\Pme.Install_20260416092945_1.xml")
[11] 2026-04-16 09:29:45,133 DEBUG Exit  <<< PME.Adapter.RmmAdapter.SaveXmlFile(outputFileName = "C:\ProgramData\MspPlatform\PME\data\Pme.Install_20260416092945_1.xml")
[11] 2026-04-16 09:29:45,133 DEBUG Exit  <<< PME.Adapter.RmmAdapter.GetAdaptedStartActionsResult()
[11] 2026-04-16 09:29:45,133 DEBUG Exit  <<< PME.Adapter.RmmAdapter.AdaptResponse()
[11] 2026-04-16 09:29:45,133 DEBUG Exit  <<< PME.RpcServerApiWrapper.PmeRpcServerApi.AdaptResponse()
[11] 2026-04-16 09:29:45,134 DEBUG Exit  <<< PME.RpcServerApiWrapper.PmeRpcServerApi.Execute("1", "Pme.Install")
[11] 2026-04-16 09:30:39,088 DEBUG Enter >>> PME.RpcServerApiWrapper.PmeRpcServerApi.Execute("1", "Pme.Version")
[11] 2026-04-16 09:30:39,089 INFO  PME 2.13.13.5640, Request Handler Agent 2.13.11.5117, File Cache Service Agent 2.13.11.5117, WUA 1451.2601.23012.0
[11] 2026-04-16 09:30:39,092 DEBUG Enter >>> PME.RpcServerApiWrapper.PmeRpcServerApi.AdaptResponse()
[11] 2026-04-16 09:30:39,092 DEBUG Adapter.AdaptResponse => using default Adapter. Params: 0
[11] 2026-04-16 09:30:39,092 DEBUG Enter >>> PME.Adapter.RmmAdapter.AdaptResponse()
[11] 2026-04-16 09:30:39,092 DEBUG Exit  <<< PME.Adapter.RmmAdapter.AdaptResponse()
[11] 2026-04-16 09:30:39,093 DEBUG Exit  <<< PME.RpcServerApiWrapper.PmeRpcServerApi.AdaptResponse()
[11] 2026-04-16 09:30:39,093 DEBUG Exit  <<< PME.RpcServerApiWrapper.PmeRpcServerApi.Execute("1", "Pme.Version")
[11] 2026-04-16 09:30:39,118 DEBUG Enter >>> PME.RpcServerApiWrapper.PmeRpcServerApi.Execute("1", "Pme.GetLatestVersion")
[11] 2026-04-16 09:30:39,120 INFO  PME 2.13.13.5640, Request Handler Agent 2.13.11.5117, File Cache Service Agent 2.13.11.5117, WUA 1451.2601.23012.0
[11] 2026-04-16 09:30:39,129 DEBUG Enter >>> PME.RpcServerApiWrapper.PmeRpcServerApi.AdaptResponse()
[11] 2026-04-16 09:30:39,129 DEBUG Adapter.AdaptResponse => using default Adapter. Params: 0
[11] 2026-04-16 09:30:39,130 DEBUG Enter >>> PME.Adapter.RmmAdapter.AdaptResponse()
[11] 2026-04-16 09:30:39,130 DEBUG Exit  <<< PME.Adapter.RmmAdapter.AdaptResponse()
[11] 2026-04-16 09:30:39,130 DEBUG Exit  <<< PME.RpcServerApiWrapper.PmeRpcServerApi.AdaptResponse()
[11] 2026-04-16 09:30:39,130 DEBUG Exit  <<< PME.RpcServerApiWrapper.PmeRpcServerApi.Execute("1", "Pme.GetLatestVersion")
[11] 2026-04-16 09:30:39,154 DEBUG Enter >>> PME.RpcServerApiWrapper.PmeRpcServerApi.Execute("1", "Pme.StartScan")
[11] 2026-04-16 09:30:39,155 INFO  PME 2.13.13.5640, Request Handler Agent 2.13.11.5117, File Cache Service Agent 2.13.11.5117, WUA 1451.2601.23012.0
[11] 2026-04-16 09:30:39,158 DEBUG PME.RpcServerApiWrapper.PmeRpcServerApi.StartScan => parameters:
[11] 2026-04-16 09:30:39,158 DEBUG 	outputFileName=C:\PROGRA~2\ADVANC~1\scans\PatchMan_251120796
[11] 2026-04-16 09:32:20,518 INFO  PME.RpcServerApiWrapper.PmeRpcServerApi.Execute => submitting to Perun is not enabled (feature flag check)
[11] 2026-04-16 09:32:20,518 DEBUG Enter >>> PME.RpcServerApiWrapper.PmeRpcServerApi.AdaptResponse()
[11] 2026-04-16 09:32:20,518 DEBUG Adapter.AdaptResponse => using default Adapter. Params: 1
[11] 2026-04-16 09:32:20,518 DEBUG Enter >>> PME.Adapter.RmmAdapter.AdaptResponse()
[11] 2026-04-16 09:32:20,519 DEBUG Enter >>> PME.Adapter.RmmAdapter.GetAdaptedStartScanResponse()
[11] 2026-04-16 09:32:20,519 DEBUG Enter >>> PME.Adapter.RmmAdapter.GetOutputFileNameFromParams()
[11] 2026-04-16 09:32:20,519 DEBUG Exit  <<< PME.Adapter.RmmAdapter.GetOutputFileNameFromParams(), returns "C:\PROGRA~2\ADVANC~1\scans\PatchMan_251120796"
[11] 2026-04-16 09:32:20,519 DEBUG Enter >>> PME.Adapter.RmmAdapter.GetStartScanRmmDataSkeleton()
[11] 2026-04-16 09:32:20,519 DEBUG Enter >>> PME.Adapter.RmmAdapter.GetLocalIpAddress()
[11] 2026-04-16 09:32:20,522 DEBUG Exit  <<< PME.Adapter.RmmAdapter.GetLocalIpAddress(), returns "192.168.20.116"
[11] 2026-04-16 09:32:20,522 DEBUG Exit  <<< PME.Adapter.RmmAdapter.GetStartScanRmmDataSkeleton()
[11] 2026-04-16 09:32:20,522 DEBUG Enter >>> PME.Adapter.RmmAdapter.FillRmmData()
[11] 2026-04-16 09:32:20,523 DEBUG Enter >>> PME.Adapter.RmmAdapter.CreateListOfHotfixesAndMissingHotfixes()
[11] 2026-04-16 09:32:20,523 DEBUG Exit  <<< PME.Adapter.RmmAdapter.CreateListOfHotfixesAndMissingHotfixes()
[11] 2026-04-16 09:32:20,523 DEBUG Enter >>> PME.Adapter.RmmAdapter.GetProducts()
[11] 2026-04-16 09:32:20,527 WARN  Unknown severity: "Unspecified"
[11] 2026-04-16 09:32:20,531 DEBUG Exit  <<< PME.Adapter.RmmAdapter.GetProducts()
[11] 2026-04-16 09:32:20,531 DEBUG Enter >>> PME.Adapter.RmmAdapter.GetProducts()
[11] 2026-04-16 09:32:20,534 DEBUG Exit  <<< PME.Adapter.RmmAdapter.GetProducts()
[11] 2026-04-16 09:32:20,534 DEBUG Exit  <<< PME.Adapter.RmmAdapter.FillRmmData()
[11] 2026-04-16 09:32:20,535 OFF   GetAdaptedStartScanResponse => Scan result numbers: 12 installed patches, 6 missing patches
[11] 2026-04-16 09:32:20,535 DEBUG Enter >>> PME.Adapter.RmmAdapter.SaveXmlFile(outputFileName = "C:\PROGRA~2\ADVANC~1\scans\PatchMan_251120796")
[11] 2026-04-16 09:32:20,536 DEBUG Exit  <<< PME.Adapter.RmmAdapter.SaveXmlFile(outputFileName = "C:\PROGRA~2\ADVANC~1\scans\PatchMan_251120796")
[11] 2026-04-16 09:32:20,536 DEBUG Enter >>> PME.Adapter.RmmAdapter.SaveJsonFile(outputFileName = "C:\PROGRA~2\ADVANC~1\scans\PatchMan_251120796.json")
[11] 2026-04-16 09:32:20,551 DEBUG Exit  <<< PME.Adapter.RmmAdapter.SaveJsonFile(outputFileName = "C:\PROGRA~2\ADVANC~1\scans\PatchMan_251120796.json")
[11] 2026-04-16 09:32:20,551 DEBUG Exit  <<< PME.Adapter.RmmAdapter.GetAdaptedStartScanResponse()
[11] 2026-04-16 09:32:20,551 DEBUG Exit  <<< PME.Adapter.RmmAdapter.AdaptResponse()
[11] 2026-04-16 09:32:20,551 DEBUG Exit  <<< PME.RpcServerApiWrapper.PmeRpcServerApi.AdaptResponse()
[11] 2026-04-16 09:32:20,552 DEBUG Exit  <<< PME.RpcServerApiWrapper.PmeRpcServerApi.Execute("1", "Pme.StartScan")
[9] 2026-04-16 11:01:48,785 DEBUG Enter >>> PME.RpcServerApiWrapper.PmeRpcServerApi.Execute("1", "Pme.Version")
[9] 2026-04-16 11:01:48,788 INFO  PME 2.13.13.5640, Request Handler Agent 2.13.11.5117, File Cache Service Agent 2.13.11.5117, WUA 1451.2601.23012.0
[9] 2026-04-16 11:01:48,797 DEBUG Enter >>> PME.RpcServerApiWrapper.PmeRpcServerApi.AdaptResponse()
[9] 2026-04-16 11:01:48,798 DEBUG Adapter.AdaptResponse => using default Adapter. Params: 0
[9] 2026-04-16 11:01:48,798 DEBUG Enter >>> PME.Adapter.RmmAdapter.AdaptResponse()
[9] 2026-04-16 11:01:48,798 DEBUG Exit  <<< PME.Adapter.RmmAdapter.AdaptResponse()
[9] 2026-04-16 11:01:48,798 DEBUG Exit  <<< PME.RpcServerApiWrapper.PmeRpcServerApi.AdaptResponse()
[9] 2026-04-16 11:01:48,798 DEBUG Exit  <<< PME.RpcServerApiWrapper.PmeRpcServerApi.Execute("1", "Pme.Version")
[9] 2026-04-16 11:01:48,823 DEBUG Enter >>> PME.RpcServerApiWrapper.PmeRpcServerApi.Execute("1", "Pme.GetLatestVersion")
[9] 2026-04-16 11:01:48,824 INFO  PME 2.13.13.5640, Request Handler Agent 2.13.11.5117, File Cache Service Agent 2.13.11.5117, WUA 1451.2601.23012.0
[9] 2026-04-16 11:01:48,832 DEBUG Enter >>> PME.RpcServerApiWrapper.PmeRpcServerApi.AdaptResponse()
[9] 2026-04-16 11:01:48,832 DEBUG Adapter.AdaptResponse => using default Adapter. Params: 0
[9] 2026-04-16 11:01:48,832 DEBUG Enter >>> PME.Adapter.RmmAdapter.AdaptResponse()
[9] 2026-04-16 11:01:48,832 DEBUG Exit  <<< PME.Adapter.RmmAdapter.AdaptResponse()
[9] 2026-04-16 11:01:48,832 DEBUG Exit  <<< PME.RpcServerApiWrapper.PmeRpcServerApi.AdaptResponse()
[9] 2026-04-16 11:01:48,832 DEBUG Exit  <<< PME.RpcServerApiWrapper.PmeRpcServerApi.Execute("1", "Pme.GetLatestVersion")
[9] 2026-04-16 11:01:48,857 DEBUG Enter >>> PME.RpcServerApiWrapper.PmeRpcServerApi.Execute("1", "Pme.StartScan")
[9] 2026-04-16 11:01:48,858 INFO  PME 2.13.13.5640, Request Handler Agent 2.13.11.5117, File Cache Service Agent 2.13.11.5117, WUA 1451.2601.23012.0
[9] 2026-04-16 11:01:48,860 DEBUG PME.RpcServerApiWrapper.PmeRpcServerApi.StartScan => parameters:
[9] 2026-04-16 11:01:48,861 DEBUG 	outputFileName=C:\PROGRA~2\ADVANC~1\scans\PatchMan_256590500
[9] 2026-04-16 11:02:36,921 INFO  PME.RpcServerApiWrapper.PmeRpcServerApi.Execute => submitting to Perun is not enabled (feature flag check)
[9] 2026-04-16 11:02:36,922 DEBUG Enter >>> PME.RpcServerApiWrapper.PmeRpcServerApi.AdaptResponse()
[9] 2026-04-16 11:02:36,922 DEBUG Adapter.AdaptResponse => using default Adapter. Params: 1
[9] 2026-04-16 11:02:36,922 DEBUG Enter >>> PME.Adapter.RmmAdapter.AdaptResponse()
[9] 2026-04-16 11:02:36,922 DEBUG Enter >>> PME.Adapter.RmmAdapter.GetAdaptedStartScanResponse()
[9] 2026-04-16 11:02:36,922 DEBUG Enter >>> PME.Adapter.RmmAdapter.GetOutputFileNameFromParams()
[9] 2026-04-16 11:02:36,923 DEBUG Exit  <<< PME.Adapter.RmmAdapter.GetOutputFileNameFromParams(), returns "C:\PROGRA~2\ADVANC~1\scans\PatchMan_256590500"
[9] 2026-04-16 11:02:36,923 DEBUG Enter >>> PME.Adapter.RmmAdapter.GetStartScanRmmDataSkeleton()
[9] 2026-04-16 11:02:36,923 DEBUG Enter >>> PME.Adapter.RmmAdapter.GetLocalIpAddress()
[9] 2026-04-16 11:02:36,924 DEBUG Exit  <<< PME.Adapter.RmmAdapter.GetLocalIpAddress(), returns "192.168.20.116"
[9] 2026-04-16 11:02:36,924 DEBUG Exit  <<< PME.Adapter.RmmAdapter.GetStartScanRmmDataSkeleton()
[9] 2026-04-16 11:02:36,925 DEBUG Enter >>> PME.Adapter.RmmAdapter.FillRmmData()
[9] 2026-04-16 11:02:36,925 DEBUG Enter >>> PME.Adapter.RmmAdapter.CreateListOfHotfixesAndMissingHotfixes()
[9] 2026-04-16 11:02:36,925 DEBUG Exit  <<< PME.Adapter.RmmAdapter.CreateListOfHotfixesAndMissingHotfixes()
[9] 2026-04-16 11:02:36,925 DEBUG Enter >>> PME.Adapter.RmmAdapter.GetProducts()
[9] 2026-04-16 11:02:36,929 WARN  Unknown severity: "Unspecified"
[9] 2026-04-16 11:02:36,932 DEBUG Exit  <<< PME.Adapter.RmmAdapter.GetProducts()
[9] 2026-04-16 11:02:36,932 DEBUG Enter >>> PME.Adapter.RmmAdapter.GetProducts()
[9] 2026-04-16 11:02:36,935 DEBUG Exit  <<< PME.Adapter.RmmAdapter.GetProducts()
[9] 2026-04-16 11:02:36,935 DEBUG Exit  <<< PME.Adapter.RmmAdapter.FillRmmData()
[9] 2026-04-16 11:02:36,935 OFF   GetAdaptedStartScanResponse => Scan result numbers: 12 installed patches, 6 missing patches
[9] 2026-04-16 11:02:36,936 DEBUG Enter >>> PME.Adapter.RmmAdapter.SaveXmlFile(outputFileName = "C:\PROGRA~2\ADVANC~1\scans\PatchMan_256590500")
[9] 2026-04-16 11:02:36,937 DEBUG Exit  <<< PME.Adapter.RmmAdapter.SaveXmlFile(outputFileName = "C:\PROGRA~2\ADVANC~1\scans\PatchMan_256590500")
[9] 2026-04-16 11:02:36,937 DEBUG Enter >>> PME.Adapter.RmmAdapter.SaveJsonFile(outputFileName = "C:\PROGRA~2\ADVANC~1\scans\PatchMan_256590500.json")
[9] 2026-04-16 11:02:36,949 DEBUG Exit  <<< PME.Adapter.RmmAdapter.SaveJsonFile(outputFileName = "C:\PROGRA~2\ADVANC~1\scans\PatchMan_256590500.json")
[9] 2026-04-16 11:02:36,949 DEBUG Exit  <<< PME.Adapter.RmmAdapter.GetAdaptedStartScanResponse()
[9] 2026-04-16 11:02:36,949 DEBUG Exit  <<< PME.Adapter.RmmAdapter.AdaptResponse()
[9] 2026-04-16 11:02:36,949 DEBUG Exit  <<< PME.RpcServerApiWrapper.PmeRpcServerApi.AdaptResponse()
[9] 2026-04-16 11:02:36,950 DEBUG Exit  <<< PME.RpcServerApiWrapper.PmeRpcServerApi.Execute("1", "Pme.StartScan")
[13] 2026-04-17 09:45:47,263 DEBUG Enter >>> PME.RpcServerApiWrapper.PmeRpcServerApi.Execute("1", "Pme.Version")
[13] 2026-04-17 09:45:47,268 INFO  PME 2.13.13.5640, Request Handler Agent 2.13.11.5117, File Cache Service Agent 2.13.11.5117, WUA 1451.2601.23012.0
[13] 2026-04-17 09:45:47,272 DEBUG Enter >>> PME.RpcServerApiWrapper.PmeRpcServerApi.AdaptResponse()
[13] 2026-04-17 09:45:47,272 DEBUG Adapter.AdaptResponse => using default Adapter. Params: 0
[13] 2026-04-17 09:45:47,273 DEBUG Enter >>> PME.Adapter.RmmAdapter.AdaptResponse()
[13] 2026-04-17 09:45:47,273 DEBUG Exit  <<< PME.Adapter.RmmAdapter.AdaptResponse()
[13] 2026-04-17 09:45:47,273 DEBUG Exit  <<< PME.RpcServerApiWrapper.PmeRpcServerApi.AdaptResponse()
[13] 2026-04-17 09:45:47,274 DEBUG Exit  <<< PME.RpcServerApiWrapper.PmeRpcServerApi.Execute("1", "Pme.Version")
[13] 2026-04-17 09:45:47,316 DEBUG Enter >>> PME.RpcServerApiWrapper.PmeRpcServerApi.Execute("1", "Pme.GetLatestVersion")
[13] 2026-04-17 09:45:47,318 INFO  PME 2.13.13.5640, Request Handler Agent 2.13.11.5117, File Cache Service Agent 2.13.11.5117, WUA 1451.2601.23012.0
[13] 2026-04-17 09:45:47,339 DEBUG Enter >>> PME.RpcServerApiWrapper.PmeRpcServerApi.AdaptResponse()
[13] 2026-04-17 09:45:47,339 DEBUG Adapter.AdaptResponse => using default Adapter. Params: 0
[13] 2026-04-17 09:45:47,339 DEBUG Enter >>> PME.Adapter.RmmAdapter.AdaptResponse()
[13] 2026-04-17 09:45:47,340 DEBUG Exit  <<< PME.Adapter.RmmAdapter.AdaptResponse()
[13] 2026-04-17 09:45:47,340 DEBUG Exit  <<< PME.RpcServerApiWrapper.PmeRpcServerApi.AdaptResponse()
[13] 2026-04-17 09:45:47,340 DEBUG Exit  <<< PME.RpcServerApiWrapper.PmeRpcServerApi.Execute("1", "Pme.GetLatestVersion")
[13] 2026-04-18 08:33:59,469 DEBUG Enter >>> PME.RpcServerApiWrapper.PmeRpcServerApi.Execute("1", "Pme.Version")
[13] 2026-04-18 08:33:59,472 INFO  PME 2.13.13.5640, Request Handler Agent 2.13.11.5117, File Cache Service Agent 2.13.11.5117, WUA 1451.2601.23012.0
[13] 2026-04-18 08:33:59,493 DEBUG Enter >>> PME.RpcServerApiWrapper.PmeRpcServerApi.AdaptResponse()
[13] 2026-04-18 08:33:59,493 DEBUG Adapter.AdaptResponse => using default Adapter. Params: 0
[13] 2026-04-18 08:33:59,494 DEBUG Enter >>> PME.Adapter.RmmAdapter.AdaptResponse()
[13] 2026-04-18 08:33:59,495 DEBUG Exit  <<< PME.Adapter.RmmAdapter.AdaptResponse()
[13] 2026-04-18 08:33:59,495 DEBUG Exit  <<< PME.RpcServerApiWrapper.PmeRpcServerApi.AdaptResponse()
[13] 2026-04-18 08:33:59,495 DEBUG Exit  <<< PME.RpcServerApiWrapper.PmeRpcServerApi.Execute("1", "Pme.Version")
[13] 2026-04-18 08:33:59,536 DEBUG Enter >>> PME.RpcServerApiWrapper.PmeRpcServerApi.Execute("1", "Pme.GetLatestVersion")
[13] 2026-04-18 08:33:59,538 INFO  PME 2.13.13.5640, Request Handler Agent 2.13.11.5117, File Cache Service Agent 2.13.11.5117, WUA 1451.2601.23012.0
[13] 2026-04-18 08:33:59,555 DEBUG Enter >>> PME.RpcServerApiWrapper.PmeRpcServerApi.AdaptResponse()
[13] 2026-04-18 08:33:59,555 DEBUG Adapter.AdaptResponse => using default Adapter. Params: 0
[13] 2026-04-18 08:33:59,555 DEBUG Enter >>> PME.Adapter.RmmAdapter.AdaptResponse()
[13] 2026-04-18 08:33:59,555 DEBUG Exit  <<< PME.Adapter.RmmAdapter.AdaptResponse()
[13] 2026-04-18 08:33:59,556 DEBUG Exit  <<< PME.RpcServerApiWrapper.PmeRpcServerApi.AdaptResponse()
[13] 2026-04-18 08:33:59,556 DEBUG Exit  <<< PME.RpcServerApiWrapper.PmeRpcServerApi.Execute("1", "Pme.GetLatestVersion")
[13] 2026-04-18 08:33:59,602 DEBUG Enter >>> PME.RpcServerApiWrapper.PmeRpcServerApi.Execute("1", "Pme.StartScan")
[13] 2026-04-18 08:33:59,605 INFO  PME 2.13.13.5640, Request Handler Agent 2.13.11.5117, File Cache Service Agent 2.13.11.5117, WUA 1451.2601.23012.0
[13] 2026-04-18 08:33:59,611 DEBUG PME.RpcServerApiWrapper.PmeRpcServerApi.StartScan => parameters:
[13] 2026-04-18 08:33:59,612 DEBUG 	outputFileName=C:\PROGRA~2\ADVANC~1\scans\PatchMan_420523093
[13] 2026-04-18 08:37:18,287 INFO  PME.RpcServerApiWrapper.PmeRpcServerApi.Execute => submitting to Perun is not enabled (feature flag check)
[13] 2026-04-18 08:37:18,290 DEBUG Enter >>> PME.RpcServerApiWrapper.PmeRpcServerApi.AdaptResponse()
[13] 2026-04-18 08:37:18,290 DEBUG Adapter.AdaptResponse => using default Adapter. Params: 1
[13] 2026-04-18 08:37:18,291 DEBUG Enter >>> PME.Adapter.RmmAdapter.AdaptResponse()
[13] 2026-04-18 08:37:18,292 DEBUG Enter >>> PME.Adapter.RmmAdapter.GetAdaptedStartScanResponse()
[13] 2026-04-18 08:37:18,292 DEBUG Enter >>> PME.Adapter.RmmAdapter.GetOutputFileNameFromParams()
[13] 2026-04-18 08:37:18,293 DEBUG Exit  <<< PME.Adapter.RmmAdapter.GetOutputFileNameFromParams(), returns "C:\PROGRA~2\ADVANC~1\scans\PatchMan_420523093"
[13] 2026-04-18 08:37:18,293 DEBUG Enter >>> PME.Adapter.RmmAdapter.GetStartScanRmmDataSkeleton()
[13] 2026-04-18 08:37:18,294 DEBUG Enter >>> PME.Adapter.RmmAdapter.GetLocalIpAddress()
[13] 2026-04-18 08:37:18,296 DEBUG Exit  <<< PME.Adapter.RmmAdapter.GetLocalIpAddress(), returns "192.168.1.223"
[13] 2026-04-18 08:37:18,298 DEBUG Exit  <<< PME.Adapter.RmmAdapter.GetStartScanRmmDataSkeleton()
[13] 2026-04-18 08:37:18,299 DEBUG Enter >>> PME.Adapter.RmmAdapter.FillRmmData()
[13] 2026-04-18 08:37:18,299 DEBUG Enter >>> PME.Adapter.RmmAdapter.CreateListOfHotfixesAndMissingHotfixes()
[13] 2026-04-18 08:37:18,300 DEBUG Exit  <<< PME.Adapter.RmmAdapter.CreateListOfHotfixesAndMissingHotfixes()
[13] 2026-04-18 08:37:18,300 DEBUG Enter >>> PME.Adapter.RmmAdapter.GetProducts()
[13] 2026-04-18 08:37:18,312 WARN  Unknown severity: "Unspecified"
[13] 2026-04-18 08:37:18,318 DEBUG Exit  <<< PME.Adapter.RmmAdapter.GetProducts()
[13] 2026-04-18 08:37:18,319 DEBUG Enter >>> PME.Adapter.RmmAdapter.GetProducts()
[13] 2026-04-18 08:37:18,329 DEBUG Exit  <<< PME.Adapter.RmmAdapter.GetProducts()
[13] 2026-04-18 08:37:18,330 DEBUG Exit  <<< PME.Adapter.RmmAdapter.FillRmmData()
[13] 2026-04-18 08:37:18,330 OFF   GetAdaptedStartScanResponse => Scan result numbers: 11 installed patches, 7 missing patches
[13] 2026-04-18 08:37:18,331 DEBUG Enter >>> PME.Adapter.RmmAdapter.SaveXmlFile(outputFileName = "C:\PROGRA~2\ADVANC~1\scans\PatchMan_420523093")
[13] 2026-04-18 08:37:18,333 DEBUG Exit  <<< PME.Adapter.RmmAdapter.SaveXmlFile(outputFileName = "C:\PROGRA~2\ADVANC~1\scans\PatchMan_420523093")
[13] 2026-04-18 08:37:18,334 DEBUG Enter >>> PME.Adapter.RmmAdapter.SaveJsonFile(outputFileName = "C:\PROGRA~2\ADVANC~1\scans\PatchMan_420523093.json")
[13] 2026-04-18 08:37:18,366 DEBUG Exit  <<< PME.Adapter.RmmAdapter.SaveJsonFile(outputFileName = "C:\PROGRA~2\ADVANC~1\scans\PatchMan_420523093.json")
[13] 2026-04-18 08:37:18,366 DEBUG Exit  <<< PME.Adapter.RmmAdapter.GetAdaptedStartScanResponse()
[13] 2026-04-18 08:37:18,367 DEBUG Exit  <<< PME.Adapter.RmmAdapter.AdaptResponse()
[13] 2026-04-18 08:37:18,368 DEBUG Exit  <<< PME.RpcServerApiWrapper.PmeRpcServerApi.AdaptResponse()
[13] 2026-04-18 08:37:18,368 DEBUG Exit  <<< PME.RpcServerApiWrapper.PmeRpcServerApi.Execute("1", "Pme.StartScan")
[17] 2026-04-19 08:33:13,076 DEBUG Enter >>> PME.RpcServerApiWrapper.PmeRpcServerApi.Execute("1", "Pme.Version")
[17] 2026-04-19 08:33:13,081 INFO  PME 2.13.13.5640, Request Handler Agent 2.13.11.5117, File Cache Service Agent 2.13.11.5117, WUA 1451.2601.23012.0
[17] 2026-04-19 08:33:13,085 DEBUG Enter >>> PME.RpcServerApiWrapper.PmeRpcServerApi.AdaptResponse()
[17] 2026-04-19 08:33:13,086 DEBUG Adapter.AdaptResponse => using default Adapter. Params: 0
[17] 2026-04-19 08:33:13,086 DEBUG Enter >>> PME.Adapter.RmmAdapter.AdaptResponse()
[17] 2026-04-19 08:33:13,087 DEBUG Exit  <<< PME.Adapter.RmmAdapter.AdaptResponse()
[17] 2026-04-19 08:33:13,088 DEBUG Exit  <<< PME.RpcServerApiWrapper.PmeRpcServerApi.AdaptResponse()
[17] 2026-04-19 08:33:13,088 DEBUG Exit  <<< PME.RpcServerApiWrapper.PmeRpcServerApi.Execute("1", "Pme.Version")
[17] 2026-04-19 08:33:13,137 DEBUG Enter >>> PME.RpcServerApiWrapper.PmeRpcServerApi.Execute("1", "Pme.GetLatestVersion")
[17] 2026-04-19 08:33:13,139 INFO  PME 2.13.13.5640, Request Handler Agent 2.13.11.5117, File Cache Service Agent 2.13.11.5117, WUA 1451.2601.23012.0
[17] 2026-04-19 08:33:13,149 DEBUG Enter >>> PME.RpcServerApiWrapper.PmeRpcServerApi.AdaptResponse()
[17] 2026-04-19 08:33:13,150 DEBUG Adapter.AdaptResponse => using default Adapter. Params: 0
[17] 2026-04-19 08:33:13,150 DEBUG Enter >>> PME.Adapter.RmmAdapter.AdaptResponse()
[17] 2026-04-19 08:33:13,150 DEBUG Exit  <<< PME.Adapter.RmmAdapter.AdaptResponse()
[17] 2026-04-19 08:33:13,151 DEBUG Exit  <<< PME.RpcServerApiWrapper.PmeRpcServerApi.AdaptResponse()
[17] 2026-04-19 08:33:13,151 DEBUG Exit  <<< PME.RpcServerApiWrapper.PmeRpcServerApi.Execute("1", "Pme.GetLatestVersion")
[17] 2026-04-19 08:34:15,586 DEBUG Enter >>> PME.RpcServerApiWrapper.PmeRpcServerApi.Execute("1", "Pme.Version")
[17] 2026-04-19 08:34:15,588 INFO  PME 2.13.13.5640, Request Handler Agent 2.13.11.5117, File Cache Service Agent 2.13.11.5117, WUA 1451.2601.23012.0
[17] 2026-04-19 08:34:15,602 DEBUG Enter >>> PME.RpcServerApiWrapper.PmeRpcServerApi.AdaptResponse()
[17] 2026-04-19 08:34:15,604 DEBUG Adapter.AdaptResponse => using default Adapter. Params: 0
[17] 2026-04-19 08:34:15,604 DEBUG Enter >>> PME.Adapter.RmmAdapter.AdaptResponse()
[17] 2026-04-19 08:34:15,605 DEBUG Exit  <<< PME.Adapter.RmmAdapter.AdaptResponse()
[17] 2026-04-19 08:34:15,605 DEBUG Exit  <<< PME.RpcServerApiWrapper.PmeRpcServerApi.AdaptResponse()
[17] 2026-04-19 08:34:15,605 DEBUG Exit  <<< PME.RpcServerApiWrapper.PmeRpcServerApi.Execute("1", "Pme.Version")
[17] 2026-04-19 08:34:15,647 DEBUG Enter >>> PME.RpcServerApiWrapper.PmeRpcServerApi.Execute("1", "Pme.GetLatestVersion")
[17] 2026-04-19 08:34:15,649 INFO  PME 2.13.13.5640, Request Handler Agent 2.13.11.5117, File Cache Service Agent 2.13.11.5117, WUA 1451.2601.23012.0
[17] 2026-04-19 08:34:15,663 DEBUG Enter >>> PME.RpcServerApiWrapper.PmeRpcServerApi.AdaptResponse()
[17] 2026-04-19 08:34:15,663 DEBUG Adapter.AdaptResponse => using default Adapter. Params: 0
[17] 2026-04-19 08:34:15,663 DEBUG Enter >>> PME.Adapter.RmmAdapter.AdaptResponse()
[17] 2026-04-19 08:34:15,664 DEBUG Exit  <<< PME.Adapter.RmmAdapter.AdaptResponse()
[17] 2026-04-19 08:34:15,664 DEBUG Exit  <<< PME.RpcServerApiWrapper.PmeRpcServerApi.AdaptResponse()
[17] 2026-04-19 08:34:15,664 DEBUG Exit  <<< PME.RpcServerApiWrapper.PmeRpcServerApi.Execute("1", "Pme.GetLatestVersion")
[17] 2026-04-19 08:34:15,701 DEBUG Enter >>> PME.RpcServerApiWrapper.PmeRpcServerApi.Execute("1", "Pme.StartScan")
[17] 2026-04-19 08:34:15,703 INFO  PME 2.13.13.5640, Request Handler Agent 2.13.11.5117, File Cache Service Agent 2.13.11.5117, WUA 1451.2601.23012.0
[17] 2026-04-19 08:34:15,707 DEBUG PME.RpcServerApiWrapper.PmeRpcServerApi.StartScan => parameters:
[17] 2026-04-19 08:34:15,708 DEBUG 	outputFileName=C:\PROGRA~2\ADVANC~1\scans\PatchMan_506939203
[17] 2026-04-19 08:36:25,278 INFO  PME.RpcServerApiWrapper.PmeRpcServerApi.Execute => submitting to Perun is not enabled (feature flag check)
[17] 2026-04-19 08:36:25,278 DEBUG Enter >>> PME.RpcServerApiWrapper.PmeRpcServerApi.AdaptResponse()
[17] 2026-04-19 08:36:25,279 DEBUG Adapter.AdaptResponse => using default Adapter. Params: 1
[17] 2026-04-19 08:36:25,279 DEBUG Enter >>> PME.Adapter.RmmAdapter.AdaptResponse()
[17] 2026-04-19 08:36:25,279 DEBUG Enter >>> PME.Adapter.RmmAdapter.GetAdaptedStartScanResponse()
[17] 2026-04-19 08:36:25,280 DEBUG Enter >>> PME.Adapter.RmmAdapter.GetOutputFileNameFromParams()
[17] 2026-04-19 08:36:25,280 DEBUG Exit  <<< PME.Adapter.RmmAdapter.GetOutputFileNameFromParams(), returns "C:\PROGRA~2\ADVANC~1\scans\PatchMan_506939203"
[17] 2026-04-19 08:36:25,280 DEBUG Enter >>> PME.Adapter.RmmAdapter.GetStartScanRmmDataSkeleton()
[17] 2026-04-19 08:36:25,281 DEBUG Enter >>> PME.Adapter.RmmAdapter.GetLocalIpAddress()
[17] 2026-04-19 08:36:25,283 DEBUG Exit  <<< PME.Adapter.RmmAdapter.GetLocalIpAddress(), returns "192.168.20.111"
[17] 2026-04-19 08:36:25,283 DEBUG Exit  <<< PME.Adapter.RmmAdapter.GetStartScanRmmDataSkeleton()
[17] 2026-04-19 08:36:25,283 DEBUG Enter >>> PME.Adapter.RmmAdapter.FillRmmData()
[17] 2026-04-19 08:36:25,284 DEBUG Enter >>> PME.Adapter.RmmAdapter.CreateListOfHotfixesAndMissingHotfixes()
[17] 2026-04-19 08:36:25,284 DEBUG Exit  <<< PME.Adapter.RmmAdapter.CreateListOfHotfixesAndMissingHotfixes()
[17] 2026-04-19 08:36:25,285 DEBUG Enter >>> PME.Adapter.RmmAdapter.GetProducts()
[17] 2026-04-19 08:36:25,295 WARN  Unknown severity: "Unspecified"
[17] 2026-04-19 08:36:25,301 DEBUG Exit  <<< PME.Adapter.RmmAdapter.GetProducts()
[17] 2026-04-19 08:36:25,302 DEBUG Enter >>> PME.Adapter.RmmAdapter.GetProducts()
[17] 2026-04-19 08:36:25,310 DEBUG Exit  <<< PME.Adapter.RmmAdapter.GetProducts()
[17] 2026-04-19 08:36:25,311 DEBUG Exit  <<< PME.Adapter.RmmAdapter.FillRmmData()
[17] 2026-04-19 08:36:25,311 OFF   GetAdaptedStartScanResponse => Scan result numbers: 11 installed patches, 7 missing patches
[17] 2026-04-19 08:36:25,312 DEBUG Enter >>> PME.Adapter.RmmAdapter.SaveXmlFile(outputFileName = "C:\PROGRA~2\ADVANC~1\scans\PatchMan_506939203")
[17] 2026-04-19 08:36:25,314 DEBUG Exit  <<< PME.Adapter.RmmAdapter.SaveXmlFile(outputFileName = "C:\PROGRA~2\ADVANC~1\scans\PatchMan_506939203")
[17] 2026-04-19 08:36:25,315 DEBUG Enter >>> PME.Adapter.RmmAdapter.SaveJsonFile(outputFileName = "C:\PROGRA~2\ADVANC~1\scans\PatchMan_506939203.json")
[17] 2026-04-19 08:36:25,337 DEBUG Exit  <<< PME.Adapter.RmmAdapter.SaveJsonFile(outputFileName = "C:\PROGRA~2\ADVANC~1\scans\PatchMan_506939203.json")
[17] 2026-04-19 08:36:25,337 DEBUG Exit  <<< PME.Adapter.RmmAdapter.GetAdaptedStartScanResponse()
[17] 2026-04-19 08:36:25,338 DEBUG Exit  <<< PME.Adapter.RmmAdapter.AdaptResponse()
[17] 2026-04-19 08:36:25,339 DEBUG Exit  <<< PME.RpcServerApiWrapper.PmeRpcServerApi.AdaptResponse()
[17] 2026-04-19 08:36:25,339 DEBUG Exit  <<< PME.RpcServerApiWrapper.PmeRpcServerApi.Execute("1", "Pme.StartScan")
[14] 2026-04-19 09:00:01,723 DEBUG Enter >>> PME.RpcServerApiWrapper.PmeRpcServerApi.Execute("1", "Pme.Version")
[14] 2026-04-19 09:00:01,730 INFO  PME 2.13.13.5640, Request Handler Agent 2.13.11.5117, File Cache Service Agent 2.13.11.5117, WUA 1451.2601.23012.0
[14] 2026-04-19 09:00:01,735 DEBUG Enter >>> PME.RpcServerApiWrapper.PmeRpcServerApi.AdaptResponse()
[14] 2026-04-19 09:00:01,735 DEBUG Adapter.AdaptResponse => using default Adapter. Params: 0
[14] 2026-04-19 09:00:01,736 DEBUG Enter >>> PME.Adapter.RmmAdapter.AdaptResponse()
[14] 2026-04-19 09:00:01,737 DEBUG Exit  <<< PME.Adapter.RmmAdapter.AdaptResponse()
[14] 2026-04-19 09:00:01,738 DEBUG Exit  <<< PME.RpcServerApiWrapper.PmeRpcServerApi.AdaptResponse()
[14] 2026-04-19 09:00:01,738 DEBUG Exit  <<< PME.RpcServerApiWrapper.PmeRpcServerApi.Execute("1", "Pme.Version")
[14] 2026-04-19 09:00:01,797 DEBUG Enter >>> PME.RpcServerApiWrapper.PmeRpcServerApi.Execute("1", "Pme.GetLatestVersion")
[14] 2026-04-19 09:00:01,801 INFO  PME 2.13.13.5640, Request Handler Agent 2.13.11.5117, File Cache Service Agent 2.13.11.5117, WUA 1451.2601.23012.0
[14] 2026-04-19 09:00:01,821 DEBUG Enter >>> PME.RpcServerApiWrapper.PmeRpcServerApi.AdaptResponse()
[14] 2026-04-19 09:00:01,821 DEBUG Adapter.AdaptResponse => using default Adapter. Params: 0
[14] 2026-04-19 09:00:01,822 DEBUG Enter >>> PME.Adapter.RmmAdapter.AdaptResponse()
[14] 2026-04-19 09:00:01,823 DEBUG Exit  <<< PME.Adapter.RmmAdapter.AdaptResponse()
[14] 2026-04-19 09:00:01,824 DEBUG Exit  <<< PME.RpcServerApiWrapper.PmeRpcServerApi.AdaptResponse()
[14] 2026-04-19 09:00:01,824 DEBUG Exit  <<< PME.RpcServerApiWrapper.PmeRpcServerApi.Execute("1", "Pme.GetLatestVersion")
[14] 2026-04-19 09:00:31,397 DEBUG Enter >>> PME.RpcServerApiWrapper.PmeRpcServerApi.Execute("1", "Pme.Install")
[14] 2026-04-19 09:00:31,400 INFO  PME 2.13.13.5640, Request Handler Agent 2.13.11.5117, File Cache Service Agent 2.13.11.5117, WUA 1451.2601.23012.0
[14] 2026-04-19 09:00:31,411 INFO  PME.RpcServerApiWrapper.PmeRpcServerApi.StartActions => Set 'InstallationTimeoutInMinutes' by config file to 180
[14] 2026-04-19 09:03:31,704 DEBUG Enter >>> PME.RpcServerApiWrapper.PmeRpcServerApi.AdaptResponse()
[14] 2026-04-19 09:03:31,705 DEBUG Adapter.AdaptResponse => using default Adapter. Params: 1
[14] 2026-04-19 09:03:31,705 DEBUG Enter >>> PME.Adapter.RmmAdapter.AdaptResponse()
[14] 2026-04-19 09:03:31,706 DEBUG Enter >>> PME.Adapter.RmmAdapter.GetAdaptedStartActionsResult()
[14] 2026-04-19 09:03:31,706 DEBUG Enter >>> PME.Adapter.RmmAdapter.GetOutputFileNameFromParams()
[14] 2026-04-19 09:03:31,707 DEBUG Exit  <<< PME.Adapter.RmmAdapter.GetOutputFileNameFromParams(), returns ""
[14] 2026-04-19 09:03:31,707 DEBUG Enter >>> PME.Adapter.RmmAdapter.GenerateOutputFileName()
[14] 2026-04-19 09:03:31,707 DEBUG Enter >>> PME.Adapter.RmmAdapter.GetOutputFilePath()
[14] 2026-04-19 09:03:31,708 DEBUG Exit  <<< PME.Adapter.RmmAdapter.GetOutputFilePath(), returns "C:\ProgramData\MspPlatform\PME\data"
[14] 2026-04-19 09:03:31,708 DEBUG Exit  <<< PME.Adapter.RmmAdapter.GenerateOutputFileName(), returns "C:\ProgramData\MspPlatform\PME\data\Pme.Install_20260419090331_1.xml"
[14] 2026-04-19 09:03:31,708 DEBUG Enter >>> PME.Adapter.RmmAdapter.GetStartActionRmmDataSkeleton()
[14] 2026-04-19 09:03:31,709 DEBUG Exit  <<< PME.Adapter.RmmAdapter.GetStartActionRmmDataSkeleton()
[14] 2026-04-19 09:03:31,709 DEBUG Enter >>> PME.Adapter.RmmAdapter.SaveXmlFile(outputFileName = "C:\ProgramData\MspPlatform\PME\data\Pme.Install_20260419090331_1.xml")
[14] 2026-04-19 09:03:31,710 DEBUG Exit  <<< PME.Adapter.RmmAdapter.SaveXmlFile(outputFileName = "C:\ProgramData\MspPlatform\PME\data\Pme.Install_20260419090331_1.xml")
[14] 2026-04-19 09:03:31,711 DEBUG Exit  <<< PME.Adapter.RmmAdapter.GetAdaptedStartActionsResult()
[14] 2026-04-19 09:03:31,711 DEBUG Exit  <<< PME.Adapter.RmmAdapter.AdaptResponse()
[14] 2026-04-19 09:03:31,711 DEBUG Exit  <<< PME.RpcServerApiWrapper.PmeRpcServerApi.AdaptResponse()
[14] 2026-04-19 09:03:31,712 DEBUG Exit  <<< PME.RpcServerApiWrapper.PmeRpcServerApi.Execute("1", "Pme.Install")
[16] 2026-04-19 09:04:04,918 DEBUG Enter >>> PME.RpcServerApiWrapper.PmeRpcServerApi.Execute("1", "Pme.Version")
[16] 2026-04-19 09:04:04,920 INFO  PME 2.13.13.5640, Request Handler Agent 2.13.11.5117, File Cache Service Agent 2.13.11.5117, WUA 1451.2601.23012.0
[16] 2026-04-19 09:04:04,921 DEBUG Enter >>> PME.RpcServerApiWrapper.PmeRpcServerApi.AdaptResponse()
[16] 2026-04-19 09:04:04,921 DEBUG Adapter.AdaptResponse => using default Adapter. Params: 0
[16] 2026-04-19 09:04:04,921 DEBUG Enter >>> PME.Adapter.RmmAdapter.AdaptResponse()
[16] 2026-04-19 09:04:04,922 DEBUG Exit  <<< PME.Adapter.RmmAdapter.AdaptResponse()
[16] 2026-04-19 09:04:04,922 DEBUG Exit  <<< PME.RpcServerApiWrapper.PmeRpcServerApi.AdaptResponse()
[16] 2026-04-19 09:04:04,922 DEBUG Exit  <<< PME.RpcServerApiWrapper.PmeRpcServerApi.Execute("1", "Pme.Version")
[16] 2026-04-19 09:04:04,945 DEBUG Enter >>> PME.RpcServerApiWrapper.PmeRpcServerApi.Execute("1", "Pme.GetLatestVersion")
[16] 2026-04-19 09:04:04,945 INFO  PME 2.13.13.5640, Request Handler Agent 2.13.11.5117, File Cache Service Agent 2.13.11.5117, WUA 1451.2601.23012.0
[16] 2026-04-19 09:04:04,951 DEBUG Enter >>> PME.RpcServerApiWrapper.PmeRpcServerApi.AdaptResponse()
[16] 2026-04-19 09:04:04,951 DEBUG Adapter.AdaptResponse => using default Adapter. Params: 0
[16] 2026-04-19 09:04:04,951 DEBUG Enter >>> PME.Adapter.RmmAdapter.AdaptResponse()
[16] 2026-04-19 09:04:04,952 DEBUG Exit  <<< PME.Adapter.RmmAdapter.AdaptResponse()
[16] 2026-04-19 09:04:04,952 DEBUG Exit  <<< PME.RpcServerApiWrapper.PmeRpcServerApi.AdaptResponse()
[16] 2026-04-19 09:04:04,952 DEBUG Exit  <<< PME.RpcServerApiWrapper.PmeRpcServerApi.Execute("1", "Pme.GetLatestVersion")
[16] 2026-04-19 09:04:04,974 DEBUG Enter >>> PME.RpcServerApiWrapper.PmeRpcServerApi.Execute("1", "Pme.StartScan")
[16] 2026-04-19 09:04:04,976 INFO  PME 2.13.13.5640, Request Handler Agent 2.13.11.5117, File Cache Service Agent 2.13.11.5117, WUA 1451.2601.23012.0
[16] 2026-04-19 09:04:04,979 DEBUG PME.RpcServerApiWrapper.PmeRpcServerApi.StartScan => parameters:
[16] 2026-04-19 09:04:04,979 DEBUG 	outputFileName=C:\PROGRA~2\ADVANC~1\scans\PatchMan_508728484
[16] 2026-04-19 09:04:39,818 INFO  PME.RpcServerApiWrapper.PmeRpcServerApi.Execute => submitting to Perun is not enabled (feature flag check)
[16] 2026-04-19 09:04:39,819 DEBUG Enter >>> PME.RpcServerApiWrapper.PmeRpcServerApi.AdaptResponse()
[16] 2026-04-19 09:04:39,819 DEBUG Adapter.AdaptResponse => using default Adapter. Params: 1
[16] 2026-04-19 09:04:39,819 DEBUG Enter >>> PME.Adapter.RmmAdapter.AdaptResponse()
[16] 2026-04-19 09:04:39,819 DEBUG Enter >>> PME.Adapter.RmmAdapter.GetAdaptedStartScanResponse()
[16] 2026-04-19 09:04:39,819 DEBUG Enter >>> PME.Adapter.RmmAdapter.GetOutputFileNameFromParams()
[16] 2026-04-19 09:04:39,819 DEBUG Exit  <<< PME.Adapter.RmmAdapter.GetOutputFileNameFromParams(), returns "C:\PROGRA~2\ADVANC~1\scans\PatchMan_508728484"
[16] 2026-04-19 09:04:39,820 DEBUG Enter >>> PME.Adapter.RmmAdapter.GetStartScanRmmDataSkeleton()
[16] 2026-04-19 09:04:39,820 DEBUG Enter >>> PME.Adapter.RmmAdapter.GetLocalIpAddress()
[16] 2026-04-19 09:04:39,821 DEBUG Exit  <<< PME.Adapter.RmmAdapter.GetLocalIpAddress(), returns "192.168.20.111"
[16] 2026-04-19 09:04:39,821 DEBUG Exit  <<< PME.Adapter.RmmAdapter.GetStartScanRmmDataSkeleton()
[16] 2026-04-19 09:04:39,821 DEBUG Enter >>> PME.Adapter.RmmAdapter.FillRmmData()
[16] 2026-04-19 09:04:39,822 DEBUG Enter >>> PME.Adapter.RmmAdapter.CreateListOfHotfixesAndMissingHotfixes()
[16] 2026-04-19 09:04:39,822 DEBUG Exit  <<< PME.Adapter.RmmAdapter.CreateListOfHotfixesAndMissingHotfixes()
[16] 2026-04-19 09:04:39,822 DEBUG Enter >>> PME.Adapter.RmmAdapter.GetProducts()
[16] 2026-04-19 09:04:39,828 WARN  Unknown severity: "Unspecified"
[16] 2026-04-19 09:04:39,831 DEBUG Exit  <<< PME.Adapter.RmmAdapter.GetProducts()
[16] 2026-04-19 09:04:39,832 DEBUG Enter >>> PME.Adapter.RmmAdapter.GetProducts()
[16] 2026-04-19 09:04:39,833 DEBUG Exit  <<< PME.Adapter.RmmAdapter.GetProducts()
[16] 2026-04-19 09:04:39,833 DEBUG Exit  <<< PME.Adapter.RmmAdapter.FillRmmData()
[16] 2026-04-19 09:04:39,834 OFF   GetAdaptedStartScanResponse => Scan result numbers: 13 installed patches, 4 missing patches
[16] 2026-04-19 09:04:39,834 DEBUG Enter >>> PME.Adapter.RmmAdapter.SaveXmlFile(outputFileName = "C:\PROGRA~2\ADVANC~1\scans\PatchMan_508728484")
[16] 2026-04-19 09:04:39,835 DEBUG Exit  <<< PME.Adapter.RmmAdapter.SaveXmlFile(outputFileName = "C:\PROGRA~2\ADVANC~1\scans\PatchMan_508728484")
[16] 2026-04-19 09:04:39,835 DEBUG Enter >>> PME.Adapter.RmmAdapter.SaveJsonFile(outputFileName = "C:\PROGRA~2\ADVANC~1\scans\PatchMan_508728484.json")
[16] 2026-04-19 09:04:39,846 DEBUG Exit  <<< PME.Adapter.RmmAdapter.SaveJsonFile(outputFileName = "C:\PROGRA~2\ADVANC~1\scans\PatchMan_508728484.json")
[16] 2026-04-19 09:04:39,846 DEBUG Exit  <<< PME.Adapter.RmmAdapter.GetAdaptedStartScanResponse()
[16] 2026-04-19 09:04:39,846 DEBUG Exit  <<< PME.Adapter.RmmAdapter.AdaptResponse()
[16] 2026-04-19 09:04:39,847 DEBUG Exit  <<< PME.RpcServerApiWrapper.PmeRpcServerApi.AdaptResponse()
[16] 2026-04-19 09:04:39,847 DEBUG Exit  <<< PME.RpcServerApiWrapper.PmeRpcServerApi.Execute("1", "Pme.StartScan")
[4] 2026-04-19 11:00:38,110 DEBUG Enter >>> PME.RpcServerApiWrapper.PmeRpcServerApi.Execute("1", "Pme.Version")
[4] 2026-04-19 11:00:38,112 INFO  PME 2.13.13.5640, Request Handler Agent 2.13.11.5117, File Cache Service Agent 2.13.11.5117, WUA 1451.2601.23012.0
[4] 2026-04-19 11:00:38,113 DEBUG Enter >>> PME.RpcServerApiWrapper.PmeRpcServerApi.AdaptResponse()
[4] 2026-04-19 11:00:38,114 DEBUG Adapter.AdaptResponse => using default Adapter. Params: 0
[4] 2026-04-19 11:00:38,114 DEBUG Enter >>> PME.Adapter.RmmAdapter.AdaptResponse()
[4] 2026-04-19 11:00:38,114 DEBUG Exit  <<< PME.Adapter.RmmAdapter.AdaptResponse()
[4] 2026-04-19 11:00:38,115 DEBUG Exit  <<< PME.RpcServerApiWrapper.PmeRpcServerApi.AdaptResponse()
[4] 2026-04-19 11:00:38,116 DEBUG Exit  <<< PME.RpcServerApiWrapper.PmeRpcServerApi.Execute("1", "Pme.Version")
[4] 2026-04-19 11:00:38,143 DEBUG Enter >>> PME.RpcServerApiWrapper.PmeRpcServerApi.Execute("1", "Pme.GetLatestVersion")
[4] 2026-04-19 11:00:38,144 INFO  PME 2.13.13.5640, Request Handler Agent 2.13.11.5117, File Cache Service Agent 2.13.11.5117, WUA 1451.2601.23012.0
[4] 2026-04-19 11:00:38,154 DEBUG Enter >>> PME.RpcServerApiWrapper.PmeRpcServerApi.AdaptResponse()
[4] 2026-04-19 11:00:38,154 DEBUG Adapter.AdaptResponse => using default Adapter. Params: 0
[4] 2026-04-19 11:00:38,155 DEBUG Enter >>> PME.Adapter.RmmAdapter.AdaptResponse()
[4] 2026-04-19 11:00:38,155 DEBUG Exit  <<< PME.Adapter.RmmAdapter.AdaptResponse()
[4] 2026-04-19 11:00:38,155 DEBUG Exit  <<< PME.RpcServerApiWrapper.PmeRpcServerApi.AdaptResponse()
[4] 2026-04-19 11:00:38,155 DEBUG Exit  <<< PME.RpcServerApiWrapper.PmeRpcServerApi.Execute("1", "Pme.GetLatestVersion")
[4] 2026-04-19 11:00:38,178 DEBUG Enter >>> PME.RpcServerApiWrapper.PmeRpcServerApi.Execute("1", "Pme.StartScan")
[4] 2026-04-19 11:00:38,179 INFO  PME 2.13.13.5640, Request Handler Agent 2.13.11.5117, File Cache Service Agent 2.13.11.5117, WUA 1451.2601.23012.0
[4] 2026-04-19 11:00:38,181 DEBUG PME.RpcServerApiWrapper.PmeRpcServerApi.StartScan => parameters:
[4] 2026-04-19 11:00:38,181 DEBUG 	outputFileName=C:\PROGRA~2\ADVANC~1\scans\PatchMan_515721687
[4] 2026-04-19 11:01:23,400 INFO  PME.RpcServerApiWrapper.PmeRpcServerApi.Execute => submitting to Perun is not enabled (feature flag check)
[4] 2026-04-19 11:01:23,400 DEBUG Enter >>> PME.RpcServerApiWrapper.PmeRpcServerApi.AdaptResponse()
[4] 2026-04-19 11:01:23,400 DEBUG Adapter.AdaptResponse => using default Adapter. Params: 1
[4] 2026-04-19 11:01:23,400 DEBUG Enter >>> PME.Adapter.RmmAdapter.AdaptResponse()
[4] 2026-04-19 11:01:23,401 DEBUG Enter >>> PME.Adapter.RmmAdapter.GetAdaptedStartScanResponse()
[4] 2026-04-19 11:01:23,401 DEBUG Enter >>> PME.Adapter.RmmAdapter.GetOutputFileNameFromParams()
[4] 2026-04-19 11:01:23,401 DEBUG Exit  <<< PME.Adapter.RmmAdapter.GetOutputFileNameFromParams(), returns "C:\PROGRA~2\ADVANC~1\scans\PatchMan_515721687"
[4] 2026-04-19 11:01:23,401 DEBUG Enter >>> PME.Adapter.RmmAdapter.GetStartScanRmmDataSkeleton()
[4] 2026-04-19 11:01:23,401 DEBUG Enter >>> PME.Adapter.RmmAdapter.GetLocalIpAddress()
[4] 2026-04-19 11:01:23,403 DEBUG Exit  <<< PME.Adapter.RmmAdapter.GetLocalIpAddress(), returns "192.168.20.111"
[4] 2026-04-19 11:01:23,403 DEBUG Exit  <<< PME.Adapter.RmmAdapter.GetStartScanRmmDataSkeleton()
[4] 2026-04-19 11:01:23,404 DEBUG Enter >>> PME.Adapter.RmmAdapter.FillRmmData()
[4] 2026-04-19 11:01:23,404 DEBUG Enter >>> PME.Adapter.RmmAdapter.CreateListOfHotfixesAndMissingHotfixes()
[4] 2026-04-19 11:01:23,404 DEBUG Exit  <<< PME.Adapter.RmmAdapter.CreateListOfHotfixesAndMissingHotfixes()
[4] 2026-04-19 11:01:23,404 DEBUG Enter >>> PME.Adapter.RmmAdapter.GetProducts()
[4] 2026-04-19 11:01:23,410 WARN  Unknown severity: "Unspecified"
[4] 2026-04-19 11:01:23,413 DEBUG Exit  <<< PME.Adapter.RmmAdapter.GetProducts()
[4] 2026-04-19 11:01:23,413 DEBUG Enter >>> PME.Adapter.RmmAdapter.GetProducts()
[4] 2026-04-19 11:01:23,415 DEBUG Exit  <<< PME.Adapter.RmmAdapter.GetProducts()
[4] 2026-04-19 11:01:23,415 DEBUG Exit  <<< PME.Adapter.RmmAdapter.FillRmmData()
[4] 2026-04-19 11:01:23,415 OFF   GetAdaptedStartScanResponse => Scan result numbers: 13 installed patches, 4 missing patches
[4] 2026-04-19 11:01:23,416 DEBUG Enter >>> PME.Adapter.RmmAdapter.SaveXmlFile(outputFileName = "C:\PROGRA~2\ADVANC~1\scans\PatchMan_515721687")
[4] 2026-04-19 11:01:23,417 DEBUG Exit  <<< PME.Adapter.RmmAdapter.SaveXmlFile(outputFileName = "C:\PROGRA~2\ADVANC~1\scans\PatchMan_515721687")
[4] 2026-04-19 11:01:23,417 DEBUG Enter >>> PME.Adapter.RmmAdapter.SaveJsonFile(outputFileName = "C:\PROGRA~2\ADVANC~1\scans\PatchMan_515721687.json")
[4] 2026-04-19 11:01:23,427 DEBUG Exit  <<< PME.Adapter.RmmAdapter.SaveJsonFile(outputFileName = "C:\PROGRA~2\ADVANC~1\scans\PatchMan_515721687.json")
[4] 2026-04-19 11:01:23,427 DEBUG Exit  <<< PME.Adapter.RmmAdapter.GetAdaptedStartScanResponse()
[4] 2026-04-19 11:01:23,428 DEBUG Exit  <<< PME.Adapter.RmmAdapter.AdaptResponse()
[4] 2026-04-19 11:01:23,428 DEBUG Exit  <<< PME.RpcServerApiWrapper.PmeRpcServerApi.AdaptResponse()
[4] 2026-04-19 11:01:23,428 DEBUG Exit  <<< PME.RpcServerApiWrapper.PmeRpcServerApi.Execute("1", "Pme.StartScan")
[8] 2026-04-20 08:16:33,791 DEBUG Enter >>> PME.RpcServerApiWrapper.PmeRpcServerApi.Execute("1", "Pme.Version")
[8] 2026-04-20 08:16:33,797 INFO  PME 2.13.13.5640, Request Handler Agent 2.13.11.5117, File Cache Service Agent 2.13.11.5117, WUA 1451.2601.23012.0
[8] 2026-04-20 08:16:33,800 DEBUG Enter >>> PME.RpcServerApiWrapper.PmeRpcServerApi.AdaptResponse()
[8] 2026-04-20 08:16:33,800 DEBUG Adapter.AdaptResponse => using default Adapter. Params: 0
[8] 2026-04-20 08:16:33,801 DEBUG Enter >>> PME.Adapter.RmmAdapter.AdaptResponse()
[8] 2026-04-20 08:16:33,801 DEBUG Exit  <<< PME.Adapter.RmmAdapter.AdaptResponse()
[8] 2026-04-20 08:16:33,801 DEBUG Exit  <<< PME.RpcServerApiWrapper.PmeRpcServerApi.AdaptResponse()
[8] 2026-04-20 08:16:33,802 DEBUG Exit  <<< PME.RpcServerApiWrapper.PmeRpcServerApi.Execute("1", "Pme.Version")
[8] 2026-04-20 08:16:33,838 DEBUG Enter >>> PME.RpcServerApiWrapper.PmeRpcServerApi.Execute("1", "Pme.GetLatestVersion")
[8] 2026-04-20 08:16:33,840 INFO  PME 2.13.13.5640, Request Handler Agent 2.13.11.5117, File Cache Service Agent 2.13.11.5117, WUA 1451.2601.23012.0
[8] 2026-04-20 08:16:33,861 DEBUG Enter >>> PME.RpcServerApiWrapper.PmeRpcServerApi.AdaptResponse()
[8] 2026-04-20 08:16:33,862 DEBUG Adapter.AdaptResponse => using default Adapter. Params: 0
[8] 2026-04-20 08:16:33,862 DEBUG Enter >>> PME.Adapter.RmmAdapter.AdaptResponse()
[8] 2026-04-20 08:16:33,862 DEBUG Exit  <<< PME.Adapter.RmmAdapter.AdaptResponse()
[8] 2026-04-20 08:16:33,862 DEBUG Exit  <<< PME.RpcServerApiWrapper.PmeRpcServerApi.AdaptResponse()
[8] 2026-04-20 08:16:33,862 DEBUG Exit  <<< PME.RpcServerApiWrapper.PmeRpcServerApi.Execute("1", "Pme.GetLatestVersion")
[15] 2026-04-20 09:03:35,837 DEBUG Enter >>> PME.RpcServerApiWrapper.PmeRpcServerApi.Execute("1", "Pme.Version")
[15] 2026-04-20 09:03:35,844 INFO  PME 2.13.13.5640, Request Handler Agent 2.13.11.5117, File Cache Service Agent 2.13.11.5117, WUA 1451.2601.23012.0
[15] 2026-04-20 09:03:35,869 DEBUG Enter >>> PME.RpcServerApiWrapper.PmeRpcServerApi.AdaptResponse()
[15] 2026-04-20 09:03:35,870 DEBUG Adapter.AdaptResponse => using default Adapter. Params: 0
[15] 2026-04-20 09:03:35,871 DEBUG Enter >>> PME.Adapter.RmmAdapter.AdaptResponse()
[15] 2026-04-20 09:03:35,872 DEBUG Exit  <<< PME.Adapter.RmmAdapter.AdaptResponse()
[15] 2026-04-20 09:03:35,872 DEBUG Exit  <<< PME.RpcServerApiWrapper.PmeRpcServerApi.AdaptResponse()
[15] 2026-04-20 09:03:35,873 DEBUG Exit  <<< PME.RpcServerApiWrapper.PmeRpcServerApi.Execute("1", "Pme.Version")
[15] 2026-04-20 09:03:35,936 DEBUG Enter >>> PME.RpcServerApiWrapper.PmeRpcServerApi.Execute("1", "Pme.GetLatestVersion")
[15] 2026-04-20 09:03:35,937 INFO  PME 2.13.13.5640, Request Handler Agent 2.13.11.5117, File Cache Service Agent 2.13.11.5117, WUA 1451.2601.23012.0
[15] 2026-04-20 09:03:35,962 DEBUG Enter >>> PME.RpcServerApiWrapper.PmeRpcServerApi.AdaptResponse()
[15] 2026-04-20 09:03:35,963 DEBUG Adapter.AdaptResponse => using default Adapter. Params: 0
[15] 2026-04-20 09:03:35,964 DEBUG Enter >>> PME.Adapter.RmmAdapter.AdaptResponse()
[15] 2026-04-20 09:03:35,964 DEBUG Exit  <<< PME.Adapter.RmmAdapter.AdaptResponse()
[15] 2026-04-20 09:03:35,965 DEBUG Exit  <<< PME.RpcServerApiWrapper.PmeRpcServerApi.AdaptResponse()
[15] 2026-04-20 09:03:35,966 DEBUG Exit  <<< PME.RpcServerApiWrapper.PmeRpcServerApi.Execute("1", "Pme.GetLatestVersion")
[15] 2026-04-20 09:07:20,603 DEBUG Enter >>> PME.RpcServerApiWrapper.PmeRpcServerApi.Execute("1", "Pme.Install")
[15] 2026-04-20 09:07:20,607 INFO  PME 2.13.13.5640, Request Handler Agent 2.13.11.5117, File Cache Service Agent 2.13.11.5117, WUA 1451.2601.23012.0
[15] 2026-04-20 09:07:20,615 INFO  PME.RpcServerApiWrapper.PmeRpcServerApi.StartActions => Set 'InstallationTimeoutInMinutes' by config file to 180
[15] 2026-04-20 09:07:54,085 DEBUG Enter >>> PME.RpcServerApiWrapper.PmeRpcServerApi.AdaptResponse()
[15] 2026-04-20 09:07:54,085 DEBUG Adapter.AdaptResponse => using default Adapter. Params: 1
[15] 2026-04-20 09:07:54,085 DEBUG Enter >>> PME.Adapter.RmmAdapter.AdaptResponse()
[15] 2026-04-20 09:07:54,086 DEBUG Enter >>> PME.Adapter.RmmAdapter.GetAdaptedStartActionsResult()
[15] 2026-04-20 09:07:54,086 DEBUG Enter >>> PME.Adapter.RmmAdapter.GetOutputFileNameFromParams()
[15] 2026-04-20 09:07:54,086 DEBUG Exit  <<< PME.Adapter.RmmAdapter.GetOutputFileNameFromParams(), returns ""
[15] 2026-04-20 09:07:54,087 DEBUG Enter >>> PME.Adapter.RmmAdapter.GenerateOutputFileName()
[15] 2026-04-20 09:07:54,087 DEBUG Enter >>> PME.Adapter.RmmAdapter.GetOutputFilePath()
[15] 2026-04-20 09:07:54,087 DEBUG Exit  <<< PME.Adapter.RmmAdapter.GetOutputFilePath(), returns "C:\ProgramData\MspPlatform\PME\data"
[15] 2026-04-20 09:07:54,088 DEBUG Exit  <<< PME.Adapter.RmmAdapter.GenerateOutputFileName(), returns "C:\ProgramData\MspPlatform\PME\data\Pme.Install_20260420090754_1.xml"
[15] 2026-04-20 09:07:54,088 DEBUG Enter >>> PME.Adapter.RmmAdapter.GetStartActionRmmDataSkeleton()
[15] 2026-04-20 09:07:54,089 DEBUG Exit  <<< PME.Adapter.RmmAdapter.GetStartActionRmmDataSkeleton()
[15] 2026-04-20 09:07:54,090 DEBUG Enter >>> PME.Adapter.RmmAdapter.SaveXmlFile(outputFileName = "C:\ProgramData\MspPlatform\PME\data\Pme.Install_20260420090754_1.xml")
[15] 2026-04-20 09:07:54,091 DEBUG Exit  <<< PME.Adapter.RmmAdapter.SaveXmlFile(outputFileName = "C:\ProgramData\MspPlatform\PME\data\Pme.Install_20260420090754_1.xml")
[15] 2026-04-20 09:07:54,092 DEBUG Exit  <<< PME.Adapter.RmmAdapter.GetAdaptedStartActionsResult()
[15] 2026-04-20 09:07:54,092 DEBUG Exit  <<< PME.Adapter.RmmAdapter.AdaptResponse()
[15] 2026-04-20 09:07:54,092 DEBUG Exit  <<< PME.RpcServerApiWrapper.PmeRpcServerApi.AdaptResponse()
[15] 2026-04-20 09:07:54,092 DEBUG Exit  <<< PME.RpcServerApiWrapper.PmeRpcServerApi.Execute("1", "Pme.Install")
[15] 2026-04-20 09:08:15,735 DEBUG Enter >>> PME.RpcServerApiWrapper.PmeRpcServerApi.Execute("1", "Pme.Version")
[15] 2026-04-20 09:08:15,738 INFO  PME 2.13.13.5640, Request Handler Agent 2.13.11.5117, File Cache Service Agent 2.13.11.5117, WUA 1451.2601.23012.0
[15] 2026-04-20 09:08:15,741 DEBUG Enter >>> PME.RpcServerApiWrapper.PmeRpcServerApi.AdaptResponse()
[15] 2026-04-20 09:08:15,741 DEBUG Adapter.AdaptResponse => using default Adapter. Params: 0
[15] 2026-04-20 09:08:15,741 DEBUG Enter >>> PME.Adapter.RmmAdapter.AdaptResponse()
[15] 2026-04-20 09:08:15,741 DEBUG Exit  <<< PME.Adapter.RmmAdapter.AdaptResponse()
[15] 2026-04-20 09:08:15,741 DEBUG Exit  <<< PME.RpcServerApiWrapper.PmeRpcServerApi.AdaptResponse()
[15] 2026-04-20 09:08:15,741 DEBUG Exit  <<< PME.RpcServerApiWrapper.PmeRpcServerApi.Execute("1", "Pme.Version")
[15] 2026-04-20 09:08:15,800 DEBUG Enter >>> PME.RpcServerApiWrapper.PmeRpcServerApi.Execute("1", "Pme.GetLatestVersion")
[15] 2026-04-20 09:08:15,803 INFO  PME 2.13.13.5640, Request Handler Agent 2.13.11.5117, File Cache Service Agent 2.13.11.5117, WUA 1451.2601.23012.0
[15] 2026-04-20 09:08:15,818 DEBUG Enter >>> PME.RpcServerApiWrapper.PmeRpcServerApi.AdaptResponse()
[15] 2026-04-20 09:08:15,819 DEBUG Adapter.AdaptResponse => using default Adapter. Params: 0
[15] 2026-04-20 09:08:15,819 DEBUG Enter >>> PME.Adapter.RmmAdapter.AdaptResponse()
[15] 2026-04-20 09:08:15,819 DEBUG Exit  <<< PME.Adapter.RmmAdapter.AdaptResponse()
[15] 2026-04-20 09:08:15,820 DEBUG Exit  <<< PME.RpcServerApiWrapper.PmeRpcServerApi.AdaptResponse()
[15] 2026-04-20 09:08:15,820 DEBUG Exit  <<< PME.RpcServerApiWrapper.PmeRpcServerApi.Execute("1", "Pme.GetLatestVersion")
[15] 2026-04-20 09:08:15,873 DEBUG Enter >>> PME.RpcServerApiWrapper.PmeRpcServerApi.Execute("1", "Pme.StartScan")
[15] 2026-04-20 09:08:15,878 INFO  PME 2.13.13.5640, Request Handler Agent 2.13.11.5117, File Cache Service Agent 2.13.11.5117, WUA 1451.2601.23012.0
[15] 2026-04-20 09:08:15,885 DEBUG PME.RpcServerApiWrapper.PmeRpcServerApi.StartScan => parameters:
[15] 2026-04-20 09:08:15,885 DEBUG 	outputFileName=C:\PROGRA~2\ADVANC~1\scans\PatchMan_595379359
[15] 2026-04-20 09:09:00,002 INFO  PME.RpcServerApiWrapper.PmeRpcServerApi.Execute => submitting to Perun is not enabled (feature flag check)
[15] 2026-04-20 09:09:00,003 DEBUG Enter >>> PME.RpcServerApiWrapper.PmeRpcServerApi.AdaptResponse()
[15] 2026-04-20 09:09:00,004 DEBUG Adapter.AdaptResponse => using default Adapter. Params: 1
[15] 2026-04-20 09:09:00,004 DEBUG Enter >>> PME.Adapter.RmmAdapter.AdaptResponse()
[15] 2026-04-20 09:09:00,004 DEBUG Enter >>> PME.Adapter.RmmAdapter.GetAdaptedStartScanResponse()
[15] 2026-04-20 09:09:00,005 DEBUG Enter >>> PME.Adapter.RmmAdapter.GetOutputFileNameFromParams()
[15] 2026-04-20 09:09:00,005 DEBUG Exit  <<< PME.Adapter.RmmAdapter.GetOutputFileNameFromParams(), returns "C:\PROGRA~2\ADVANC~1\scans\PatchMan_595379359"
[15] 2026-04-20 09:09:00,006 DEBUG Enter >>> PME.Adapter.RmmAdapter.GetStartScanRmmDataSkeleton()
[15] 2026-04-20 09:09:00,008 DEBUG Enter >>> PME.Adapter.RmmAdapter.GetLocalIpAddress()
[15] 2026-04-20 09:09:00,010 DEBUG Exit  <<< PME.Adapter.RmmAdapter.GetLocalIpAddress(), returns "192.168.20.106"
[15] 2026-04-20 09:09:00,011 DEBUG Exit  <<< PME.Adapter.RmmAdapter.GetStartScanRmmDataSkeleton()
[15] 2026-04-20 09:09:00,012 DEBUG Enter >>> PME.Adapter.RmmAdapter.FillRmmData()
[15] 2026-04-20 09:09:00,012 DEBUG Enter >>> PME.Adapter.RmmAdapter.CreateListOfHotfixesAndMissingHotfixes()
[15] 2026-04-20 09:09:00,013 DEBUG Exit  <<< PME.Adapter.RmmAdapter.CreateListOfHotfixesAndMissingHotfixes()
[15] 2026-04-20 09:09:00,013 DEBUG Enter >>> PME.Adapter.RmmAdapter.GetProducts()
[15] 2026-04-20 09:09:00,029 WARN  Unknown severity: "Unspecified"
[15] 2026-04-20 09:09:00,037 DEBUG Exit  <<< PME.Adapter.RmmAdapter.GetProducts()
[15] 2026-04-20 09:09:00,038 DEBUG Enter >>> PME.Adapter.RmmAdapter.GetProducts()
[15] 2026-04-20 09:09:00,045 DEBUG Exit  <<< PME.Adapter.RmmAdapter.GetProducts()
[15] 2026-04-20 09:09:00,046 DEBUG Exit  <<< PME.Adapter.RmmAdapter.FillRmmData()
[15] 2026-04-20 09:09:00,047 OFF   GetAdaptedStartScanResponse => Scan result numbers: 13 installed patches, 4 missing patches
[15] 2026-04-20 09:09:00,047 DEBUG Enter >>> PME.Adapter.RmmAdapter.SaveXmlFile(outputFileName = "C:\PROGRA~2\ADVANC~1\scans\PatchMan_595379359")
[15] 2026-04-20 09:09:00,049 DEBUG Exit  <<< PME.Adapter.RmmAdapter.SaveXmlFile(outputFileName = "C:\PROGRA~2\ADVANC~1\scans\PatchMan_595379359")
[15] 2026-04-20 09:09:00,050 DEBUG Enter >>> PME.Adapter.RmmAdapter.SaveJsonFile(outputFileName = "C:\PROGRA~2\ADVANC~1\scans\PatchMan_595379359.json")
[15] 2026-04-20 09:09:00,089 DEBUG Exit  <<< PME.Adapter.RmmAdapter.SaveJsonFile(outputFileName = "C:\PROGRA~2\ADVANC~1\scans\PatchMan_595379359.json")
[15] 2026-04-20 09:09:00,089 DEBUG Exit  <<< PME.Adapter.RmmAdapter.GetAdaptedStartScanResponse()
[15] 2026-04-20 09:09:00,090 DEBUG Exit  <<< PME.Adapter.RmmAdapter.AdaptResponse()
[15] 2026-04-20 09:09:00,090 DEBUG Exit  <<< PME.RpcServerApiWrapper.PmeRpcServerApi.AdaptResponse()
[15] 2026-04-20 09:09:00,092 DEBUG Exit  <<< PME.RpcServerApiWrapper.PmeRpcServerApi.Execute("1", "Pme.StartScan")
[12] 2026-04-20 11:01:50,590 DEBUG Enter >>> PME.RpcServerApiWrapper.PmeRpcServerApi.Execute("1", "Pme.Version")
[12] 2026-04-20 11:01:50,599 INFO  PME 2.13.13.5640, Request Handler Agent 2.13.11.5117, File Cache Service Agent 2.13.11.5117, WUA 1451.2601.23012.0
[12] 2026-04-20 11:01:50,604 DEBUG Enter >>> PME.RpcServerApiWrapper.PmeRpcServerApi.AdaptResponse()
[12] 2026-04-20 11:01:50,604 DEBUG Adapter.AdaptResponse => using default Adapter. Params: 0
[12] 2026-04-20 11:01:50,605 DEBUG Enter >>> PME.Adapter.RmmAdapter.AdaptResponse()
[12] 2026-04-20 11:01:50,606 DEBUG Exit  <<< PME.Adapter.RmmAdapter.AdaptResponse()
[12] 2026-04-20 11:01:50,607 DEBUG Exit  <<< PME.RpcServerApiWrapper.PmeRpcServerApi.AdaptResponse()
[12] 2026-04-20 11:01:50,607 DEBUG Exit  <<< PME.RpcServerApiWrapper.PmeRpcServerApi.Execute("1", "Pme.Version")
[12] 2026-04-20 11:01:50,659 DEBUG Enter >>> PME.RpcServerApiWrapper.PmeRpcServerApi.Execute("1", "Pme.GetLatestVersion")
[12] 2026-04-20 11:01:50,663 INFO  PME 2.13.13.5640, Request Handler Agent 2.13.11.5117, File Cache Service Agent 2.13.11.5117, WUA 1451.2601.23012.0
[12] 2026-04-20 11:01:50,707 DEBUG Enter >>> PME.RpcServerApiWrapper.PmeRpcServerApi.AdaptResponse()
[12] 2026-04-20 11:01:50,707 DEBUG Adapter.AdaptResponse => using default Adapter. Params: 0
[12] 2026-04-20 11:01:50,707 DEBUG Enter >>> PME.Adapter.RmmAdapter.AdaptResponse()
[12] 2026-04-20 11:01:50,708 DEBUG Exit  <<< PME.Adapter.RmmAdapter.AdaptResponse()
[12] 2026-04-20 11:01:50,708 DEBUG Exit  <<< PME.RpcServerApiWrapper.PmeRpcServerApi.AdaptResponse()
[12] 2026-04-20 11:01:50,708 DEBUG Exit  <<< PME.RpcServerApiWrapper.PmeRpcServerApi.Execute("1", "Pme.GetLatestVersion")
[12] 2026-04-20 11:01:50,732 DEBUG Enter >>> PME.RpcServerApiWrapper.PmeRpcServerApi.Execute("1", "Pme.StartScan")
[12] 2026-04-20 11:01:50,735 INFO  PME 2.13.13.5640, Request Handler Agent 2.13.11.5117, File Cache Service Agent 2.13.11.5117, WUA 1451.2601.23012.0
[12] 2026-04-20 11:01:50,742 DEBUG PME.RpcServerApiWrapper.PmeRpcServerApi.StartScan => parameters:
[12] 2026-04-20 11:01:50,743 DEBUG 	outputFileName=C:\PROGRA~2\ADVANC~1\scans\PatchMan_602194250
[12] 2026-04-20 11:03:42,346 INFO  PME.RpcServerApiWrapper.PmeRpcServerApi.Execute => submitting to Perun is not enabled (feature flag check)
[12] 2026-04-20 11:03:42,346 DEBUG Enter >>> PME.RpcServerApiWrapper.PmeRpcServerApi.AdaptResponse()
[12] 2026-04-20 11:03:42,347 DEBUG Adapter.AdaptResponse => using default Adapter. Params: 1
[12] 2026-04-20 11:03:42,347 DEBUG Enter >>> PME.Adapter.RmmAdapter.AdaptResponse()
[12] 2026-04-20 11:03:42,348 DEBUG Enter >>> PME.Adapter.RmmAdapter.GetAdaptedStartScanResponse()
[12] 2026-04-20 11:03:42,348 DEBUG Enter >>> PME.Adapter.RmmAdapter.GetOutputFileNameFromParams()
[12] 2026-04-20 11:03:42,349 DEBUG Exit  <<< PME.Adapter.RmmAdapter.GetOutputFileNameFromParams(), returns "C:\PROGRA~2\ADVANC~1\scans\PatchMan_602194250"
[12] 2026-04-20 11:03:42,349 DEBUG Enter >>> PME.Adapter.RmmAdapter.GetStartScanRmmDataSkeleton()
[12] 2026-04-20 11:03:42,350 DEBUG Enter >>> PME.Adapter.RmmAdapter.GetLocalIpAddress()
[12] 2026-04-20 11:03:42,352 DEBUG Exit  <<< PME.Adapter.RmmAdapter.GetLocalIpAddress(), returns "192.168.20.106"
[12] 2026-04-20 11:03:42,352 DEBUG Exit  <<< PME.Adapter.RmmAdapter.GetStartScanRmmDataSkeleton()
[12] 2026-04-20 11:03:42,353 DEBUG Enter >>> PME.Adapter.RmmAdapter.FillRmmData()
[12] 2026-04-20 11:03:42,353 DEBUG Enter >>> PME.Adapter.RmmAdapter.CreateListOfHotfixesAndMissingHotfixes()
[12] 2026-04-20 11:03:42,354 DEBUG Exit  <<< PME.Adapter.RmmAdapter.CreateListOfHotfixesAndMissingHotfixes()
[12] 2026-04-20 11:03:42,354 DEBUG Enter >>> PME.Adapter.RmmAdapter.GetProducts()
[12] 2026-04-20 11:03:42,369 WARN  Unknown severity: "Unspecified"
[12] 2026-04-20 11:03:42,378 DEBUG Exit  <<< PME.Adapter.RmmAdapter.GetProducts()
[12] 2026-04-20 11:03:42,378 DEBUG Enter >>> PME.Adapter.RmmAdapter.GetProducts()
[12] 2026-04-20 11:03:42,384 DEBUG Exit  <<< PME.Adapter.RmmAdapter.GetProducts()
[12] 2026-04-20 11:03:42,384 DEBUG Exit  <<< PME.Adapter.RmmAdapter.FillRmmData()
[12] 2026-04-20 11:03:42,385 OFF   GetAdaptedStartScanResponse => Scan result numbers: 13 installed patches, 4 missing patches
[12] 2026-04-20 11:03:42,386 DEBUG Enter >>> PME.Adapter.RmmAdapter.SaveXmlFile(outputFileName = "C:\PROGRA~2\ADVANC~1\scans\PatchMan_602194250")
[12] 2026-04-20 11:03:42,388 DEBUG Exit  <<< PME.Adapter.RmmAdapter.SaveXmlFile(outputFileName = "C:\PROGRA~2\ADVANC~1\scans\PatchMan_602194250")
[12] 2026-04-20 11:03:42,389 DEBUG Enter >>> PME.Adapter.RmmAdapter.SaveJsonFile(outputFileName = "C:\PROGRA~2\ADVANC~1\scans\PatchMan_602194250.json")
[12] 2026-04-20 11:03:42,416 DEBUG Exit  <<< PME.Adapter.RmmAdapter.SaveJsonFile(outputFileName = "C:\PROGRA~2\ADVANC~1\scans\PatchMan_602194250.json")
[12] 2026-04-20 11:03:42,417 DEBUG Exit  <<< PME.Adapter.RmmAdapter.GetAdaptedStartScanResponse()
[12] 2026-04-20 11:03:42,417 DEBUG Exit  <<< PME.Adapter.RmmAdapter.AdaptResponse()
[12] 2026-04-20 11:03:42,418 DEBUG Exit  <<< PME.RpcServerApiWrapper.PmeRpcServerApi.AdaptResponse()
[12] 2026-04-20 11:03:42,418 DEBUG Exit  <<< PME.RpcServerApiWrapper.PmeRpcServerApi.Execute("1", "Pme.StartScan")
[15] 2026-04-21 09:05:18,237 DEBUG Enter >>> PME.RpcServerApiWrapper.PmeRpcServerApi.Execute("1", "Pme.Version")
[15] 2026-04-21 09:05:18,240 INFO  PME 2.13.13.5640, Request Handler Agent 2.13.11.5117, File Cache Service Agent 2.13.11.5117, WUA 1451.2601.23012.0
[15] 2026-04-21 09:05:18,254 DEBUG Enter >>> PME.RpcServerApiWrapper.PmeRpcServerApi.AdaptResponse()
[15] 2026-04-21 09:05:18,255 DEBUG Adapter.AdaptResponse => using default Adapter. Params: 0
[15] 2026-04-21 09:05:18,256 DEBUG Enter >>> PME.Adapter.RmmAdapter.AdaptResponse()
[15] 2026-04-21 09:05:18,256 DEBUG Exit  <<< PME.Adapter.RmmAdapter.AdaptResponse()
[15] 2026-04-21 09:05:18,256 DEBUG Exit  <<< PME.RpcServerApiWrapper.PmeRpcServerApi.AdaptResponse()
[15] 2026-04-21 09:05:18,257 DEBUG Exit  <<< PME.RpcServerApiWrapper.PmeRpcServerApi.Execute("1", "Pme.Version")
[15] 2026-04-21 09:05:18,295 DEBUG Enter >>> PME.RpcServerApiWrapper.PmeRpcServerApi.Execute("1", "Pme.GetLatestVersion")
[15] 2026-04-21 09:05:18,297 INFO  PME 2.13.13.5640, Request Handler Agent 2.13.11.5117, File Cache Service Agent 2.13.11.5117, WUA 1451.2601.23012.0
[15] 2026-04-21 09:05:18,311 DEBUG Enter >>> PME.RpcServerApiWrapper.PmeRpcServerApi.AdaptResponse()
[15] 2026-04-21 09:05:18,312 DEBUG Adapter.AdaptResponse => using default Adapter. Params: 0
[15] 2026-04-21 09:05:18,312 DEBUG Enter >>> PME.Adapter.RmmAdapter.AdaptResponse()
[15] 2026-04-21 09:05:18,313 DEBUG Exit  <<< PME.Adapter.RmmAdapter.AdaptResponse()
[15] 2026-04-21 09:05:18,313 DEBUG Exit  <<< PME.RpcServerApiWrapper.PmeRpcServerApi.AdaptResponse()
[15] 2026-04-21 09:05:18,313 DEBUG Exit  <<< PME.RpcServerApiWrapper.PmeRpcServerApi.Execute("1", "Pme.GetLatestVersion")
[15] 2026-04-21 09:05:28,554 DEBUG Enter >>> PME.RpcServerApiWrapper.PmeRpcServerApi.Execute("1", "Pme.Install")
[15] 2026-04-21 09:05:28,556 INFO  PME 2.13.13.5640, Request Handler Agent 2.13.11.5117, File Cache Service Agent 2.13.11.5117, WUA 1451.2601.23012.0
[15] 2026-04-21 09:05:28,561 INFO  PME.RpcServerApiWrapper.PmeRpcServerApi.StartActions => Set 'InstallationTimeoutInMinutes' by config file to 180
[15] 2026-04-21 09:50:46,192 DEBUG Enter >>> PME.RpcServerApiWrapper.PmeRpcServerApi.AdaptResponse()
[15] 2026-04-21 09:50:46,193 DEBUG Adapter.AdaptResponse => using default Adapter. Params: 1
[15] 2026-04-21 09:50:46,193 DEBUG Enter >>> PME.Adapter.RmmAdapter.AdaptResponse()
[15] 2026-04-21 09:50:46,194 DEBUG Enter >>> PME.Adapter.RmmAdapter.GetAdaptedStartActionsResult()
[15] 2026-04-21 09:50:46,194 DEBUG Enter >>> PME.Adapter.RmmAdapter.GetOutputFileNameFromParams()
[15] 2026-04-21 09:50:46,194 DEBUG Exit  <<< PME.Adapter.RmmAdapter.GetOutputFileNameFromParams(), returns ""
[15] 2026-04-21 09:50:46,195 DEBUG Enter >>> PME.Adapter.RmmAdapter.GenerateOutputFileName()
[15] 2026-04-21 09:50:46,195 DEBUG Enter >>> PME.Adapter.RmmAdapter.GetOutputFilePath()
[15] 2026-04-21 09:50:46,195 DEBUG Exit  <<< PME.Adapter.RmmAdapter.GetOutputFilePath(), returns "C:\ProgramData\MspPlatform\PME\data"
[15] 2026-04-21 09:50:46,196 DEBUG Exit  <<< PME.Adapter.RmmAdapter.GenerateOutputFileName(), returns "C:\ProgramData\MspPlatform\PME\data\Pme.Install_20260421095046_1.xml"
[15] 2026-04-21 09:50:46,196 DEBUG Enter >>> PME.Adapter.RmmAdapter.GetStartActionRmmDataSkeleton()
[15] 2026-04-21 09:50:46,196 DEBUG Exit  <<< PME.Adapter.RmmAdapter.GetStartActionRmmDataSkeleton()
[15] 2026-04-21 09:50:46,198 DEBUG Enter >>> PME.Adapter.RmmAdapter.SaveXmlFile(outputFileName = "C:\ProgramData\MspPlatform\PME\data\Pme.Install_20260421095046_1.xml")
[15] 2026-04-21 09:50:46,199 DEBUG Exit  <<< PME.Adapter.RmmAdapter.SaveXmlFile(outputFileName = "C:\ProgramData\MspPlatform\PME\data\Pme.Install_20260421095046_1.xml")
[15] 2026-04-21 09:50:46,200 DEBUG Exit  <<< PME.Adapter.RmmAdapter.GetAdaptedStartActionsResult()
[15] 2026-04-21 09:50:46,200 DEBUG Exit  <<< PME.Adapter.RmmAdapter.AdaptResponse()
[15] 2026-04-21 09:50:46,200 DEBUG Exit  <<< PME.RpcServerApiWrapper.PmeRpcServerApi.AdaptResponse()
[15] 2026-04-21 09:50:46,201 DEBUG Exit  <<< PME.RpcServerApiWrapper.PmeRpcServerApi.Execute("1", "Pme.Install")
[14] 2026-04-21 09:51:19,509 DEBUG Enter >>> PME.RpcServerApiWrapper.PmeRpcServerApi.Execute("1", "Pme.Version")
[14] 2026-04-21 09:51:19,525 INFO  PME 2.13.13.5640, Request Handler Agent 2.13.11.5117, File Cache Service Agent 2.13.11.5117, WUA 1451.2601.23012.0
[14] 2026-04-21 09:51:19,528 DEBUG Enter >>> PME.RpcServerApiWrapper.PmeRpcServerApi.AdaptResponse()
[14] 2026-04-21 09:51:19,528 DEBUG Adapter.AdaptResponse => using default Adapter. Params: 0
[14] 2026-04-21 09:51:19,528 DEBUG Enter >>> PME.Adapter.RmmAdapter.AdaptResponse()
[14] 2026-04-21 09:51:19,529 DEBUG Exit  <<< PME.Adapter.RmmAdapter.AdaptResponse()
[14] 2026-04-21 09:51:19,529 DEBUG Exit  <<< PME.RpcServerApiWrapper.PmeRpcServerApi.AdaptResponse()
[14] 2026-04-21 09:51:19,529 DEBUG Exit  <<< PME.RpcServerApiWrapper.PmeRpcServerApi.Execute("1", "Pme.Version")
[14] 2026-04-21 09:51:19,555 DEBUG Enter >>> PME.RpcServerApiWrapper.PmeRpcServerApi.Execute("1", "Pme.GetLatestVersion")
[14] 2026-04-21 09:51:19,556 INFO  PME 2.13.13.5640, Request Handler Agent 2.13.11.5117, File Cache Service Agent 2.13.11.5117, WUA 1451.2601.23012.0
[14] 2026-04-21 09:51:19,567 DEBUG Enter >>> PME.RpcServerApiWrapper.PmeRpcServerApi.AdaptResponse()
[14] 2026-04-21 09:51:19,568 DEBUG Adapter.AdaptResponse => using default Adapter. Params: 0
[14] 2026-04-21 09:51:19,568 DEBUG Enter >>> PME.Adapter.RmmAdapter.AdaptResponse()
[14] 2026-04-21 09:51:19,568 DEBUG Exit  <<< PME.Adapter.RmmAdapter.AdaptResponse()
[14] 2026-04-21 09:51:19,569 DEBUG Exit  <<< PME.RpcServerApiWrapper.PmeRpcServerApi.AdaptResponse()
[14] 2026-04-21 09:51:19,569 DEBUG Exit  <<< PME.RpcServerApiWrapper.PmeRpcServerApi.Execute("1", "Pme.GetLatestVersion")
[14] 2026-04-21 09:51:19,600 DEBUG Enter >>> PME.RpcServerApiWrapper.PmeRpcServerApi.Execute("1", "Pme.StartScan")
[14] 2026-04-21 09:51:19,602 INFO  PME 2.13.13.5640, Request Handler Agent 2.13.11.5117, File Cache Service Agent 2.13.11.5117, WUA 1451.2601.23012.0
[14] 2026-04-21 09:51:19,605 DEBUG PME.RpcServerApiWrapper.PmeRpcServerApi.StartScan => parameters:
[14] 2026-04-21 09:51:19,605 DEBUG 	outputFileName=C:\PROGRA~2\ADVANC~1\scans\PatchMan_684365312
[14] 2026-04-21 09:52:23,593 INFO  PME.RpcServerApiWrapper.PmeRpcServerApi.Execute => submitting to Perun is not enabled (feature flag check)
[14] 2026-04-21 09:52:23,593 DEBUG Enter >>> PME.RpcServerApiWrapper.PmeRpcServerApi.AdaptResponse()
[14] 2026-04-21 09:52:23,594 DEBUG Adapter.AdaptResponse => using default Adapter. Params: 1
[14] 2026-04-21 09:52:23,594 DEBUG Enter >>> PME.Adapter.RmmAdapter.AdaptResponse()
[14] 2026-04-21 09:52:23,597 DEBUG Enter >>> PME.Adapter.RmmAdapter.GetAdaptedStartScanResponse()
[14] 2026-04-21 09:52:23,597 DEBUG Enter >>> PME.Adapter.RmmAdapter.GetOutputFileNameFromParams()
[14] 2026-04-21 09:52:23,599 DEBUG Exit  <<< PME.Adapter.RmmAdapter.GetOutputFileNameFromParams(), returns "C:\PROGRA~2\ADVANC~1\scans\PatchMan_684365312"
[14] 2026-04-21 09:52:23,600 DEBUG Enter >>> PME.Adapter.RmmAdapter.GetStartScanRmmDataSkeleton()
[14] 2026-04-21 09:52:23,601 DEBUG Enter >>> PME.Adapter.RmmAdapter.GetLocalIpAddress()
[14] 2026-04-21 09:52:23,603 DEBUG Exit  <<< PME.Adapter.RmmAdapter.GetLocalIpAddress(), returns "192.168.1.223"
[14] 2026-04-21 09:52:23,603 DEBUG Exit  <<< PME.Adapter.RmmAdapter.GetStartScanRmmDataSkeleton()
[14] 2026-04-21 09:52:23,605 DEBUG Enter >>> PME.Adapter.RmmAdapter.FillRmmData()
[14] 2026-04-21 09:52:23,605 DEBUG Enter >>> PME.Adapter.RmmAdapter.CreateListOfHotfixesAndMissingHotfixes()
[14] 2026-04-21 09:52:23,605 DEBUG Exit  <<< PME.Adapter.RmmAdapter.CreateListOfHotfixesAndMissingHotfixes()
[14] 2026-04-21 09:52:23,606 DEBUG Enter >>> PME.Adapter.RmmAdapter.GetProducts()
[14] 2026-04-21 09:52:23,617 WARN  Unknown severity: "Unspecified"
[14] 2026-04-21 09:52:23,624 DEBUG Exit  <<< PME.Adapter.RmmAdapter.GetProducts()
[14] 2026-04-21 09:52:23,625 DEBUG Enter >>> PME.Adapter.RmmAdapter.GetProducts()
[14] 2026-04-21 09:52:23,631 DEBUG Exit  <<< PME.Adapter.RmmAdapter.GetProducts()
[14] 2026-04-21 09:52:23,632 DEBUG Exit  <<< PME.Adapter.RmmAdapter.FillRmmData()
[14] 2026-04-21 09:52:23,632 OFF   GetAdaptedStartScanResponse => Scan result numbers: 13 installed patches, 4 missing patches
[14] 2026-04-21 09:52:23,632 DEBUG Enter >>> PME.Adapter.RmmAdapter.SaveXmlFile(outputFileName = "C:\PROGRA~2\ADVANC~1\scans\PatchMan_684365312")
[14] 2026-04-21 09:52:23,635 DEBUG Exit  <<< PME.Adapter.RmmAdapter.SaveXmlFile(outputFileName = "C:\PROGRA~2\ADVANC~1\scans\PatchMan_684365312")
[14] 2026-04-21 09:52:23,636 DEBUG Enter >>> PME.Adapter.RmmAdapter.SaveJsonFile(outputFileName = "C:\PROGRA~2\ADVANC~1\scans\PatchMan_684365312.json")
[14] 2026-04-21 09:52:23,672 DEBUG Exit  <<< PME.Adapter.RmmAdapter.SaveJsonFile(outputFileName = "C:\PROGRA~2\ADVANC~1\scans\PatchMan_684365312.json")
[14] 2026-04-21 09:52:23,673 DEBUG Exit  <<< PME.Adapter.RmmAdapter.GetAdaptedStartScanResponse()
[14] 2026-04-21 09:52:23,675 DEBUG Exit  <<< PME.Adapter.RmmAdapter.AdaptResponse()
[14] 2026-04-21 09:52:23,676 DEBUG Exit  <<< PME.RpcServerApiWrapper.PmeRpcServerApi.AdaptResponse()
[14] 2026-04-21 09:52:23,676 DEBUG Exit  <<< PME.RpcServerApiWrapper.PmeRpcServerApi.Execute("1", "Pme.StartScan")
[15] 2026-04-21 09:53:20,497 DEBUG Enter >>> PME.RpcServerApiWrapper.PmeRpcServerApi.Execute("1", "Pme.Version")
[15] 2026-04-21 09:53:20,506 INFO  PME 2.13.13.5640, Request Handler Agent 2.13.11.5117, File Cache Service Agent 2.13.11.5117, WUA 1451.2601.23012.0
[15] 2026-04-21 09:53:20,511 DEBUG Enter >>> PME.RpcServerApiWrapper.PmeRpcServerApi.AdaptResponse()
[15] 2026-04-21 09:53:20,512 DEBUG Adapter.AdaptResponse => using default Adapter. Params: 0
[15] 2026-04-21 09:53:20,513 DEBUG Enter >>> PME.Adapter.RmmAdapter.AdaptResponse()
[15] 2026-04-21 09:53:20,514 DEBUG Exit  <<< PME.Adapter.RmmAdapter.AdaptResponse()
[15] 2026-04-21 09:53:20,515 DEBUG Exit  <<< PME.RpcServerApiWrapper.PmeRpcServerApi.AdaptResponse()
[15] 2026-04-21 09:53:20,515 DEBUG Exit  <<< PME.RpcServerApiWrapper.PmeRpcServerApi.Execute("1", "Pme.Version")
[15] 2026-04-21 09:53:20,569 DEBUG Enter >>> PME.RpcServerApiWrapper.PmeRpcServerApi.Execute("1", "Pme.GetLatestVersion")
[15] 2026-04-21 09:53:20,572 INFO  PME 2.13.13.5640, Request Handler Agent 2.13.11.5117, File Cache Service Agent 2.13.11.5117, WUA 1451.2601.23012.0
[15] 2026-04-21 09:53:20,587 DEBUG Enter >>> PME.RpcServerApiWrapper.PmeRpcServerApi.AdaptResponse()
[15] 2026-04-21 09:53:20,588 DEBUG Adapter.AdaptResponse => using default Adapter. Params: 0
[15] 2026-04-21 09:53:20,588 DEBUG Enter >>> PME.Adapter.RmmAdapter.AdaptResponse()
[15] 2026-04-21 09:53:20,589 DEBUG Exit  <<< PME.Adapter.RmmAdapter.AdaptResponse()
[15] 2026-04-21 09:53:20,589 DEBUG Exit  <<< PME.RpcServerApiWrapper.PmeRpcServerApi.AdaptResponse()
[15] 2026-04-21 09:53:20,589 DEBUG Exit  <<< PME.RpcServerApiWrapper.PmeRpcServerApi.Execute("1", "Pme.GetLatestVersion")
[4] 2026-04-23 08:44:38,631 DEBUG Enter >>> PME.RpcServerApiWrapper.PmeRpcServerApi.Execute("1", "Pme.Version")
[4] 2026-04-23 08:44:38,634 INFO  PME 2.13.13.5640, Request Handler Agent 2.13.11.5117, File Cache Service Agent 2.13.11.5117, WUA 1451.2601.23012.0
[4] 2026-04-23 08:44:38,656 DEBUG Enter >>> PME.RpcServerApiWrapper.PmeRpcServerApi.AdaptResponse()
[4] 2026-04-23 08:44:38,656 DEBUG Adapter.AdaptResponse => using default Adapter. Params: 0
[4] 2026-04-23 08:44:38,656 DEBUG Enter >>> PME.Adapter.RmmAdapter.AdaptResponse()
[4] 2026-04-23 08:44:38,658 DEBUG Exit  <<< PME.Adapter.RmmAdapter.AdaptResponse()
[4] 2026-04-23 08:44:38,658 DEBUG Exit  <<< PME.RpcServerApiWrapper.PmeRpcServerApi.AdaptResponse()
[4] 2026-04-23 08:44:38,658 DEBUG Exit  <<< PME.RpcServerApiWrapper.PmeRpcServerApi.Execute("1", "Pme.Version")
[4] 2026-04-23 08:44:38,716 DEBUG Enter >>> PME.RpcServerApiWrapper.PmeRpcServerApi.Execute("1", "Pme.GetLatestVersion")
[4] 2026-04-23 08:44:38,719 INFO  PME 2.13.13.5640, Request Handler Agent 2.13.11.5117, File Cache Service Agent 2.13.11.5117, WUA 1451.2601.23012.0
[4] 2026-04-23 08:44:38,746 DEBUG Enter >>> PME.RpcServerApiWrapper.PmeRpcServerApi.AdaptResponse()
[4] 2026-04-23 08:44:38,747 DEBUG Adapter.AdaptResponse => using default Adapter. Params: 0
[4] 2026-04-23 08:44:38,747 DEBUG Enter >>> PME.Adapter.RmmAdapter.AdaptResponse()
[4] 2026-04-23 08:44:38,747 DEBUG Exit  <<< PME.Adapter.RmmAdapter.AdaptResponse()
[4] 2026-04-23 08:44:38,748 DEBUG Exit  <<< PME.RpcServerApiWrapper.PmeRpcServerApi.AdaptResponse()
[4] 2026-04-23 08:44:38,748 DEBUG Exit  <<< PME.RpcServerApiWrapper.PmeRpcServerApi.Execute("1", "Pme.GetLatestVersion")
[4] 2026-04-23 08:44:38,798 DEBUG Enter >>> PME.RpcServerApiWrapper.PmeRpcServerApi.Execute("1", "Pme.StartScan")
[4] 2026-04-23 08:44:38,801 INFO  PME 2.13.13.5640, Request Handler Agent 2.13.11.5117, File Cache Service Agent 2.13.11.5117, WUA 1451.2601.23012.0
[4] 2026-04-23 08:44:38,807 DEBUG PME.RpcServerApiWrapper.PmeRpcServerApi.StartScan => parameters:
[4] 2026-04-23 08:44:38,808 DEBUG 	outputFileName=C:\PROGRA~2\ADVANC~1\scans\PatchMan_853164500
[4] 2026-04-23 08:46:35,501 INFO  PME.RpcServerApiWrapper.PmeRpcServerApi.Execute => submitting to Perun is not enabled (feature flag check)
[4] 2026-04-23 08:46:35,501 DEBUG Enter >>> PME.RpcServerApiWrapper.PmeRpcServerApi.AdaptResponse()
[4] 2026-04-23 08:46:35,502 DEBUG Adapter.AdaptResponse => using default Adapter. Params: 1
[4] 2026-04-23 08:46:35,502 DEBUG Enter >>> PME.Adapter.RmmAdapter.AdaptResponse()
[4] 2026-04-23 08:46:35,502 DEBUG Enter >>> PME.Adapter.RmmAdapter.GetAdaptedStartScanResponse()
[4] 2026-04-23 08:46:35,502 DEBUG Enter >>> PME.Adapter.RmmAdapter.GetOutputFileNameFromParams()
[4] 2026-04-23 08:46:35,502 DEBUG Exit  <<< PME.Adapter.RmmAdapter.GetOutputFileNameFromParams(), returns "C:\PROGRA~2\ADVANC~1\scans\PatchMan_853164500"
[4] 2026-04-23 08:46:35,504 DEBUG Enter >>> PME.Adapter.RmmAdapter.GetStartScanRmmDataSkeleton()
[4] 2026-04-23 08:46:35,504 DEBUG Enter >>> PME.Adapter.RmmAdapter.GetLocalIpAddress()
[4] 2026-04-23 08:46:35,505 DEBUG Exit  <<< PME.Adapter.RmmAdapter.GetLocalIpAddress(), returns "192.168.20.116"
[4] 2026-04-23 08:46:35,506 DEBUG Exit  <<< PME.Adapter.RmmAdapter.GetStartScanRmmDataSkeleton()
[4] 2026-04-23 08:46:35,506 DEBUG Enter >>> PME.Adapter.RmmAdapter.FillRmmData()
[4] 2026-04-23 08:46:35,506 DEBUG Enter >>> PME.Adapter.RmmAdapter.CreateListOfHotfixesAndMissingHotfixes()
[4] 2026-04-23 08:46:35,507 DEBUG Exit  <<< PME.Adapter.RmmAdapter.CreateListOfHotfixesAndMissingHotfixes()
[4] 2026-04-23 08:46:35,507 DEBUG Enter >>> PME.Adapter.RmmAdapter.GetProducts()
[4] 2026-04-23 08:46:35,512 WARN  Unknown severity: "Unspecified"
[4] 2026-04-23 08:46:35,515 DEBUG Exit  <<< PME.Adapter.RmmAdapter.GetProducts()
[4] 2026-04-23 08:46:35,515 DEBUG Enter >>> PME.Adapter.RmmAdapter.GetProducts()
[4] 2026-04-23 08:46:35,518 DEBUG Exit  <<< PME.Adapter.RmmAdapter.GetProducts()
[4] 2026-04-23 08:46:35,518 DEBUG Exit  <<< PME.Adapter.RmmAdapter.FillRmmData()
[4] 2026-04-23 08:46:35,518 OFF   GetAdaptedStartScanResponse => Scan result numbers: 13 installed patches, 4 missing patches
[4] 2026-04-23 08:46:35,519 DEBUG Enter >>> PME.Adapter.RmmAdapter.SaveXmlFile(outputFileName = "C:\PROGRA~2\ADVANC~1\scans\PatchMan_853164500")
[4] 2026-04-23 08:46:35,520 DEBUG Exit  <<< PME.Adapter.RmmAdapter.SaveXmlFile(outputFileName = "C:\PROGRA~2\ADVANC~1\scans\PatchMan_853164500")
[4] 2026-04-23 08:46:35,520 DEBUG Enter >>> PME.Adapter.RmmAdapter.SaveJsonFile(outputFileName = "C:\PROGRA~2\ADVANC~1\scans\PatchMan_853164500.json")
[4] 2026-04-23 08:46:35,534 DEBUG Exit  <<< PME.Adapter.RmmAdapter.SaveJsonFile(outputFileName = "C:\PROGRA~2\ADVANC~1\scans\PatchMan_853164500.json")
[4] 2026-04-23 08:46:35,534 DEBUG Exit  <<< PME.Adapter.RmmAdapter.GetAdaptedStartScanResponse()
[4] 2026-04-23 08:46:35,534 DEBUG Exit  <<< PME.Adapter.RmmAdapter.AdaptResponse()
[4] 2026-04-23 08:46:35,534 DEBUG Exit  <<< PME.RpcServerApiWrapper.PmeRpcServerApi.AdaptResponse()
[4] 2026-04-23 08:46:35,535 DEBUG Exit  <<< PME.RpcServerApiWrapper.PmeRpcServerApi.Execute("1", "Pme.StartScan")
[4] 2026-04-23 08:46:39,228 DEBUG Enter >>> PME.RpcServerApiWrapper.PmeRpcServerApi.Execute("1", "Pme.Version")
[4] 2026-04-23 08:46:39,230 INFO  PME 2.13.13.5640, Request Handler Agent 2.13.11.5117, File Cache Service Agent 2.13.11.5117, WUA 1451.2601.23012.0
[4] 2026-04-23 08:46:39,232 DEBUG Enter >>> PME.RpcServerApiWrapper.PmeRpcServerApi.AdaptResponse()
[4] 2026-04-23 08:46:39,232 DEBUG Adapter.AdaptResponse => using default Adapter. Params: 0
[4] 2026-04-23 08:46:39,233 DEBUG Enter >>> PME.Adapter.RmmAdapter.AdaptResponse()
[4] 2026-04-23 08:46:39,233 DEBUG Exit  <<< PME.Adapter.RmmAdapter.AdaptResponse()
[4] 2026-04-23 08:46:39,233 DEBUG Exit  <<< PME.RpcServerApiWrapper.PmeRpcServerApi.AdaptResponse()
[4] 2026-04-23 08:46:39,234 DEBUG Exit  <<< PME.RpcServerApiWrapper.PmeRpcServerApi.Execute("1", "Pme.Version")
[4] 2026-04-23 08:46:39,261 DEBUG Enter >>> PME.RpcServerApiWrapper.PmeRpcServerApi.Execute("1", "Pme.GetLatestVersion")
[4] 2026-04-23 08:46:39,263 INFO  PME 2.13.13.5640, Request Handler Agent 2.13.11.5117, File Cache Service Agent 2.13.11.5117, WUA 1451.2601.23012.0
[4] 2026-04-23 08:46:39,269 DEBUG Enter >>> PME.RpcServerApiWrapper.PmeRpcServerApi.AdaptResponse()
[4] 2026-04-23 08:46:39,269 DEBUG Adapter.AdaptResponse => using default Adapter. Params: 0
[4] 2026-04-23 08:46:39,269 DEBUG Enter >>> PME.Adapter.RmmAdapter.AdaptResponse()
[4] 2026-04-23 08:46:39,270 DEBUG Exit  <<< PME.Adapter.RmmAdapter.AdaptResponse()
[4] 2026-04-23 08:46:39,270 DEBUG Exit  <<< PME.RpcServerApiWrapper.PmeRpcServerApi.AdaptResponse()
[4] 2026-04-23 08:46:39,270 DEBUG Exit  <<< PME.RpcServerApiWrapper.PmeRpcServerApi.Execute("1", "Pme.GetLatestVersion")
[10] 2026-04-23 08:47:39,491 DEBUG Enter >>> PME.RpcServerApiWrapper.PmeRpcServerApi.Execute("1", "Pme.Version")
[10] 2026-04-23 08:47:39,492 INFO  PME 2.13.13.5640, Request Handler Agent 2.13.11.5117, File Cache Service Agent 2.13.11.5117, WUA 1451.2601.23012.0
[10] 2026-04-23 08:47:39,494 DEBUG Enter >>> PME.RpcServerApiWrapper.PmeRpcServerApi.AdaptResponse()
[10] 2026-04-23 08:47:39,494 DEBUG Adapter.AdaptResponse => using default Adapter. Params: 0
[10] 2026-04-23 08:47:39,494 DEBUG Enter >>> PME.Adapter.RmmAdapter.AdaptResponse()
[10] 2026-04-23 08:47:39,495 DEBUG Exit  <<< PME.Adapter.RmmAdapter.AdaptResponse()
[10] 2026-04-23 08:47:39,495 DEBUG Exit  <<< PME.RpcServerApiWrapper.PmeRpcServerApi.AdaptResponse()
[10] 2026-04-23 08:47:39,495 DEBUG Exit  <<< PME.RpcServerApiWrapper.PmeRpcServerApi.Execute("1", "Pme.Version")
[10] 2026-04-23 08:47:39,520 DEBUG Enter >>> PME.RpcServerApiWrapper.PmeRpcServerApi.Execute("1", "Pme.GetLatestVersion")
[10] 2026-04-23 08:47:39,521 INFO  PME 2.13.13.5640, Request Handler Agent 2.13.11.5117, File Cache Service Agent 2.13.11.5117, WUA 1451.2601.23012.0
[10] 2026-04-23 08:47:39,528 DEBUG Enter >>> PME.RpcServerApiWrapper.PmeRpcServerApi.AdaptResponse()
[10] 2026-04-23 08:47:39,528 DEBUG Adapter.AdaptResponse => using default Adapter. Params: 0
[10] 2026-04-23 08:47:39,529 DEBUG Enter >>> PME.Adapter.RmmAdapter.AdaptResponse()
[10] 2026-04-23 08:47:39,529 DEBUG Exit  <<< PME.Adapter.RmmAdapter.AdaptResponse()
[10] 2026-04-23 08:47:39,529 DEBUG Exit  <<< PME.RpcServerApiWrapper.PmeRpcServerApi.AdaptResponse()
[10] 2026-04-23 08:47:39,529 DEBUG Exit  <<< PME.RpcServerApiWrapper.PmeRpcServerApi.Execute("1", "Pme.GetLatestVersion")
[10] 2026-04-23 08:47:39,551 DEBUG Enter >>> PME.RpcServerApiWrapper.PmeRpcServerApi.Execute("1", "Pme.StartScan")
[10] 2026-04-23 08:47:39,553 INFO  PME 2.13.13.5640, Request Handler Agent 2.13.11.5117, File Cache Service Agent 2.13.11.5117, WUA 1451.2601.23012.0
[10] 2026-04-23 08:47:39,556 DEBUG PME.RpcServerApiWrapper.PmeRpcServerApi.StartScan => parameters:
[10] 2026-04-23 08:47:39,556 DEBUG 	outputFileName=C:\PROGRA~2\ADVANC~1\scans\PatchMan_853345265_0
[10] 2026-04-23 08:48:15,304 INFO  PME.RpcServerApiWrapper.PmeRpcServerApi.Execute => submitting to Perun is not enabled (feature flag check)
[10] 2026-04-23 08:48:15,304 DEBUG Enter >>> PME.RpcServerApiWrapper.PmeRpcServerApi.AdaptResponse()
[10] 2026-04-23 08:48:15,304 DEBUG Adapter.AdaptResponse => using default Adapter. Params: 1
[10] 2026-04-23 08:48:15,304 DEBUG Enter >>> PME.Adapter.RmmAdapter.AdaptResponse()
[10] 2026-04-23 08:48:15,304 DEBUG Enter >>> PME.Adapter.RmmAdapter.GetAdaptedStartScanResponse()
[10] 2026-04-23 08:48:15,304 DEBUG Enter >>> PME.Adapter.RmmAdapter.GetOutputFileNameFromParams()
[10] 2026-04-23 08:48:15,305 DEBUG Exit  <<< PME.Adapter.RmmAdapter.GetOutputFileNameFromParams(), returns "C:\PROGRA~2\ADVANC~1\scans\PatchMan_853345265_0"
[10] 2026-04-23 08:48:15,305 DEBUG Enter >>> PME.Adapter.RmmAdapter.GetStartScanRmmDataSkeleton()
[10] 2026-04-23 08:48:15,305 DEBUG Enter >>> PME.Adapter.RmmAdapter.GetLocalIpAddress()
[10] 2026-04-23 08:48:15,306 DEBUG Exit  <<< PME.Adapter.RmmAdapter.GetLocalIpAddress(), returns "192.168.20.116"
[10] 2026-04-23 08:48:15,306 DEBUG Exit  <<< PME.Adapter.RmmAdapter.GetStartScanRmmDataSkeleton()
[10] 2026-04-23 08:48:15,307 DEBUG Enter >>> PME.Adapter.RmmAdapter.FillRmmData()
[10] 2026-04-23 08:48:15,307 DEBUG Enter >>> PME.Adapter.RmmAdapter.CreateListOfHotfixesAndMissingHotfixes()
[10] 2026-04-23 08:48:15,307 DEBUG Exit  <<< PME.Adapter.RmmAdapter.CreateListOfHotfixesAndMissingHotfixes()
[10] 2026-04-23 08:48:15,307 DEBUG Enter >>> PME.Adapter.RmmAdapter.GetProducts()
[10] 2026-04-23 08:48:15,311 WARN  Unknown severity: "Unspecified"
[10] 2026-04-23 08:48:15,313 DEBUG Exit  <<< PME.Adapter.RmmAdapter.GetProducts()
[10] 2026-04-23 08:48:15,313 DEBUG Enter >>> PME.Adapter.RmmAdapter.GetProducts()
[10] 2026-04-23 08:48:15,316 DEBUG Exit  <<< PME.Adapter.RmmAdapter.GetProducts()
[10] 2026-04-23 08:48:15,316 DEBUG Exit  <<< PME.Adapter.RmmAdapter.FillRmmData()
[10] 2026-04-23 08:48:15,316 OFF   GetAdaptedStartScanResponse => Scan result numbers: 13 installed patches, 4 missing patches
[10] 2026-04-23 08:48:15,317 DEBUG Enter >>> PME.Adapter.RmmAdapter.SaveXmlFile(outputFileName = "C:\PROGRA~2\ADVANC~1\scans\PatchMan_853345265_0")
[10] 2026-04-23 08:48:15,318 DEBUG Exit  <<< PME.Adapter.RmmAdapter.SaveXmlFile(outputFileName = "C:\PROGRA~2\ADVANC~1\scans\PatchMan_853345265_0")
[10] 2026-04-23 08:48:15,319 DEBUG Enter >>> PME.Adapter.RmmAdapter.SaveJsonFile(outputFileName = "C:\PROGRA~2\ADVANC~1\scans\PatchMan_853345265_0.json")
[10] 2026-04-23 08:48:15,330 DEBUG Exit  <<< PME.Adapter.RmmAdapter.SaveJsonFile(outputFileName = "C:\PROGRA~2\ADVANC~1\scans\PatchMan_853345265_0.json")
[10] 2026-04-23 08:48:15,330 DEBUG Exit  <<< PME.Adapter.RmmAdapter.GetAdaptedStartScanResponse()
[10] 2026-04-23 08:48:15,331 DEBUG Exit  <<< PME.Adapter.RmmAdapter.AdaptResponse()
[10] 2026-04-23 08:48:15,331 DEBUG Exit  <<< PME.RpcServerApiWrapper.PmeRpcServerApi.AdaptResponse()
[10] 2026-04-23 08:48:15,331 DEBUG Exit  <<< PME.RpcServerApiWrapper.PmeRpcServerApi.Execute("1", "Pme.StartScan")
[10] 2026-04-23 08:48:39,759 DEBUG Enter >>> PME.RpcServerApiWrapper.PmeRpcServerApi.Execute("1", "Pme.Version")
[10] 2026-04-23 08:48:39,761 INFO  PME 2.13.13.5640, Request Handler Agent 2.13.11.5117, File Cache Service Agent 2.13.11.5117, WUA 1451.2601.23012.0
[10] 2026-04-23 08:48:39,762 DEBUG Enter >>> PME.RpcServerApiWrapper.PmeRpcServerApi.AdaptResponse()
[10] 2026-04-23 08:48:39,762 DEBUG Adapter.AdaptResponse => using default Adapter. Params: 0
[10] 2026-04-23 08:48:39,762 DEBUG Enter >>> PME.Adapter.RmmAdapter.AdaptResponse()
[10] 2026-04-23 08:48:39,762 DEBUG Exit  <<< PME.Adapter.RmmAdapter.AdaptResponse()
[10] 2026-04-23 08:48:39,763 DEBUG Exit  <<< PME.RpcServerApiWrapper.PmeRpcServerApi.AdaptResponse()
[10] 2026-04-23 08:48:39,763 DEBUG Exit  <<< PME.RpcServerApiWrapper.PmeRpcServerApi.Execute("1", "Pme.Version")
[10] 2026-04-23 08:48:39,787 DEBUG Enter >>> PME.RpcServerApiWrapper.PmeRpcServerApi.Execute("1", "Pme.GetLatestVersion")
[10] 2026-04-23 08:48:39,788 INFO  PME 2.13.13.5640, Request Handler Agent 2.13.11.5117, File Cache Service Agent 2.13.11.5117, WUA 1451.2601.23012.0
[10] 2026-04-23 08:48:39,795 DEBUG Enter >>> PME.RpcServerApiWrapper.PmeRpcServerApi.AdaptResponse()
[10] 2026-04-23 08:48:39,795 DEBUG Adapter.AdaptResponse => using default Adapter. Params: 0
[10] 2026-04-23 08:48:39,795 DEBUG Enter >>> PME.Adapter.RmmAdapter.AdaptResponse()
[10] 2026-04-23 08:48:39,795 DEBUG Exit  <<< PME.Adapter.RmmAdapter.AdaptResponse()
[10] 2026-04-23 08:48:39,796 DEBUG Exit  <<< PME.RpcServerApiWrapper.PmeRpcServerApi.AdaptResponse()
[10] 2026-04-23 08:48:39,796 DEBUG Exit  <<< PME.RpcServerApiWrapper.PmeRpcServerApi.Execute("1", "Pme.GetLatestVersion")
[14] 2026-04-23 13:50:12,051 DEBUG Enter >>> PME.RpcServerApiWrapper.PmeRpcServerApi.Execute("1", "Pme.Version")
[14] 2026-04-23 13:50:12,054 INFO  PME 2.13.13.5640, Request Handler Agent 2.13.11.5117, File Cache Service Agent 2.13.11.5117, WUA 1451.2601.23012.0
[14] 2026-04-23 13:50:12,056 DEBUG Enter >>> PME.RpcServerApiWrapper.PmeRpcServerApi.AdaptResponse()
[14] 2026-04-23 13:50:12,056 DEBUG Adapter.AdaptResponse => using default Adapter. Params: 0
[14] 2026-04-23 13:50:12,056 DEBUG Enter >>> PME.Adapter.RmmAdapter.AdaptResponse()
[14] 2026-04-23 13:50:12,057 DEBUG Exit  <<< PME.Adapter.RmmAdapter.AdaptResponse()
[14] 2026-04-23 13:50:12,057 DEBUG Exit  <<< PME.RpcServerApiWrapper.PmeRpcServerApi.AdaptResponse()
[14] 2026-04-23 13:50:12,057 DEBUG Exit  <<< PME.RpcServerApiWrapper.PmeRpcServerApi.Execute("1", "Pme.Version")
[14] 2026-04-23 13:50:12,085 DEBUG Enter >>> PME.RpcServerApiWrapper.PmeRpcServerApi.Execute("1", "Pme.GetLatestVersion")
[14] 2026-04-23 13:50:12,086 INFO  PME 2.13.13.5640, Request Handler Agent 2.13.11.5117, File Cache Service Agent 2.13.11.5117, WUA 1451.2601.23012.0
[14] 2026-04-23 13:50:12,096 DEBUG Enter >>> PME.RpcServerApiWrapper.PmeRpcServerApi.AdaptResponse()
[14] 2026-04-23 13:50:12,096 DEBUG Adapter.AdaptResponse => using default Adapter. Params: 0
[14] 2026-04-23 13:50:12,097 DEBUG Enter >>> PME.Adapter.RmmAdapter.AdaptResponse()
[14] 2026-04-23 13:50:12,097 DEBUG Exit  <<< PME.Adapter.RmmAdapter.AdaptResponse()
[14] 2026-04-23 13:50:12,097 DEBUG Exit  <<< PME.RpcServerApiWrapper.PmeRpcServerApi.AdaptResponse()
[14] 2026-04-23 13:50:12,097 DEBUG Exit  <<< PME.RpcServerApiWrapper.PmeRpcServerApi.Execute("1", "Pme.GetLatestVersion")
[14] 2026-04-23 13:50:12,121 DEBUG Enter >>> PME.RpcServerApiWrapper.PmeRpcServerApi.Execute("1", "Pme.StartScan")
[14] 2026-04-23 13:50:12,122 INFO  PME 2.13.13.5640, Request Handler Agent 2.13.11.5117, File Cache Service Agent 2.13.11.5117, WUA 1451.2601.23012.0
[14] 2026-04-23 13:50:12,125 DEBUG PME.RpcServerApiWrapper.PmeRpcServerApi.StartScan => parameters:
[14] 2026-04-23 13:50:12,126 DEBUG 	outputFileName=C:\PROGRA~2\ADVANC~1\scans\PatchMan_871497828
[14] 2026-04-23 13:50:48,989 INFO  PME.RpcServerApiWrapper.PmeRpcServerApi.Execute => submitting to Perun is not enabled (feature flag check)
[14] 2026-04-23 13:50:48,990 DEBUG Enter >>> PME.RpcServerApiWrapper.PmeRpcServerApi.AdaptResponse()
[14] 2026-04-23 13:50:48,990 DEBUG Adapter.AdaptResponse => using default Adapter. Params: 1
[14] 2026-04-23 13:50:48,990 DEBUG Enter >>> PME.Adapter.RmmAdapter.AdaptResponse()
[14] 2026-04-23 13:50:48,991 DEBUG Enter >>> PME.Adapter.RmmAdapter.GetAdaptedStartScanResponse()
[14] 2026-04-23 13:50:48,991 DEBUG Enter >>> PME.Adapter.RmmAdapter.GetOutputFileNameFromParams()
[14] 2026-04-23 13:50:48,991 DEBUG Exit  <<< PME.Adapter.RmmAdapter.GetOutputFileNameFromParams(), returns "C:\PROGRA~2\ADVANC~1\scans\PatchMan_871497828"
[14] 2026-04-23 13:50:48,991 DEBUG Enter >>> PME.Adapter.RmmAdapter.GetStartScanRmmDataSkeleton()
[14] 2026-04-23 13:50:48,991 DEBUG Enter >>> PME.Adapter.RmmAdapter.GetLocalIpAddress()
[14] 2026-04-23 13:50:48,993 DEBUG Exit  <<< PME.Adapter.RmmAdapter.GetLocalIpAddress(), returns "192.168.20.116"
[14] 2026-04-23 13:50:48,993 DEBUG Exit  <<< PME.Adapter.RmmAdapter.GetStartScanRmmDataSkeleton()
[14] 2026-04-23 13:50:48,993 DEBUG Enter >>> PME.Adapter.RmmAdapter.FillRmmData()
[14] 2026-04-23 13:50:48,993 DEBUG Enter >>> PME.Adapter.RmmAdapter.CreateListOfHotfixesAndMissingHotfixes()
[14] 2026-04-23 13:50:48,993 DEBUG Exit  <<< PME.Adapter.RmmAdapter.CreateListOfHotfixesAndMissingHotfixes()
[14] 2026-04-23 13:50:48,994 DEBUG Enter >>> PME.Adapter.RmmAdapter.GetProducts()
[14] 2026-04-23 13:50:49,001 WARN  Unknown severity: "Unspecified"
[14] 2026-04-23 13:50:49,003 DEBUG Exit  <<< PME.Adapter.RmmAdapter.GetProducts()
[14] 2026-04-23 13:50:49,004 DEBUG Enter >>> PME.Adapter.RmmAdapter.GetProducts()
[14] 2026-04-23 13:50:49,006 DEBUG Exit  <<< PME.Adapter.RmmAdapter.GetProducts()
[14] 2026-04-23 13:50:49,007 DEBUG Exit  <<< PME.Adapter.RmmAdapter.FillRmmData()
[14] 2026-04-23 13:50:49,007 OFF   GetAdaptedStartScanResponse => Scan result numbers: 13 installed patches, 4 missing patches
[14] 2026-04-23 13:50:49,007 DEBUG Enter >>> PME.Adapter.RmmAdapter.SaveXmlFile(outputFileName = "C:\PROGRA~2\ADVANC~1\scans\PatchMan_871497828")
[14] 2026-04-23 13:50:49,008 DEBUG Exit  <<< PME.Adapter.RmmAdapter.SaveXmlFile(outputFileName = "C:\PROGRA~2\ADVANC~1\scans\PatchMan_871497828")
[14] 2026-04-23 13:50:49,008 DEBUG Enter >>> PME.Adapter.RmmAdapter.SaveJsonFile(outputFileName = "C:\PROGRA~2\ADVANC~1\scans\PatchMan_871497828.json")
[14] 2026-04-23 13:50:49,020 DEBUG Exit  <<< PME.Adapter.RmmAdapter.SaveJsonFile(outputFileName = "C:\PROGRA~2\ADVANC~1\scans\PatchMan_871497828.json")
[14] 2026-04-23 13:50:49,021 DEBUG Exit  <<< PME.Adapter.RmmAdapter.GetAdaptedStartScanResponse()
[14] 2026-04-23 13:50:49,021 DEBUG Exit  <<< PME.Adapter.RmmAdapter.AdaptResponse()
[14] 2026-04-23 13:50:49,021 DEBUG Exit  <<< PME.RpcServerApiWrapper.PmeRpcServerApi.AdaptResponse()
[14] 2026-04-23 13:50:49,021 DEBUG Exit  <<< PME.RpcServerApiWrapper.PmeRpcServerApi.Execute("1", "Pme.StartScan")
[9] 2026-04-25 07:37:42,796 DEBUG Enter >>> PME.RpcServerApiWrapper.PmeRpcServerApi.Execute("1", "Pme.Version")
[9] 2026-04-25 07:37:42,859 INFO  PME 2.13.13.5640, Request Handler Agent 2.13.11.5117, File Cache Service Agent 2.13.11.5117, WUA 1451.2601.23012.0
[9] 2026-04-25 07:37:42,892 DEBUG Enter >>> PME.RpcServerApiWrapper.PmeRpcServerApi.AdaptResponse()
[9] 2026-04-25 07:37:42,892 DEBUG Adapter.AdaptResponse => using default Adapter. Params: 0
[9] 2026-04-25 07:37:42,892 DEBUG Enter >>> PME.Adapter.RmmAdapter.AdaptResponse()
[9] 2026-04-25 07:37:42,893 DEBUG Exit  <<< PME.Adapter.RmmAdapter.AdaptResponse()
[9] 2026-04-25 07:37:42,893 DEBUG Exit  <<< PME.RpcServerApiWrapper.PmeRpcServerApi.AdaptResponse()
[9] 2026-04-25 07:37:42,894 DEBUG Exit  <<< PME.RpcServerApiWrapper.PmeRpcServerApi.Execute("1", "Pme.Version")
[9] 2026-04-25 07:37:42,947 DEBUG Enter >>> PME.RpcServerApiWrapper.PmeRpcServerApi.Execute("1", "Pme.GetLatestVersion")
[9] 2026-04-25 07:37:42,949 INFO  PME 2.13.13.5640, Request Handler Agent 2.13.11.5117, File Cache Service Agent 2.13.11.5117, WUA 1451.2601.23012.0
[9] 2026-04-25 07:37:42,971 DEBUG Enter >>> PME.RpcServerApiWrapper.PmeRpcServerApi.AdaptResponse()
[9] 2026-04-25 07:37:42,972 DEBUG Adapter.AdaptResponse => using default Adapter. Params: 0
[9] 2026-04-25 07:37:42,972 DEBUG Enter >>> PME.Adapter.RmmAdapter.AdaptResponse()
[9] 2026-04-25 07:37:42,972 DEBUG Exit  <<< PME.Adapter.RmmAdapter.AdaptResponse()
[9] 2026-04-25 07:37:42,973 DEBUG Exit  <<< PME.RpcServerApiWrapper.PmeRpcServerApi.AdaptResponse()
[9] 2026-04-25 07:37:42,973 DEBUG Exit  <<< PME.RpcServerApiWrapper.PmeRpcServerApi.Execute("1", "Pme.GetLatestVersion")
[13] 2026-04-25 07:38:46,480 DEBUG Enter >>> PME.RpcServerApiWrapper.PmeRpcServerApi.Execute("1", "Pme.Version")
[13] 2026-04-25 07:38:46,485 INFO  PME 2.13.13.5640, Request Handler Agent 2.13.11.5117, File Cache Service Agent 2.13.11.5117, WUA 1451.2601.23012.0
[13] 2026-04-25 07:38:46,487 DEBUG Enter >>> PME.RpcServerApiWrapper.PmeRpcServerApi.AdaptResponse()
[13] 2026-04-25 07:38:46,487 DEBUG Adapter.AdaptResponse => using default Adapter. Params: 0
[13] 2026-04-25 07:38:46,488 DEBUG Enter >>> PME.Adapter.RmmAdapter.AdaptResponse()
[13] 2026-04-25 07:38:46,488 DEBUG Exit  <<< PME.Adapter.RmmAdapter.AdaptResponse()
[13] 2026-04-25 07:38:46,488 DEBUG Exit  <<< PME.RpcServerApiWrapper.PmeRpcServerApi.AdaptResponse()
[13] 2026-04-25 07:38:46,488 DEBUG Exit  <<< PME.RpcServerApiWrapper.PmeRpcServerApi.Execute("1", "Pme.Version")
[13] 2026-04-25 07:38:46,516 DEBUG Enter >>> PME.RpcServerApiWrapper.PmeRpcServerApi.Execute("1", "Pme.GetLatestVersion")
[13] 2026-04-25 07:38:46,518 INFO  PME 2.13.13.5640, Request Handler Agent 2.13.11.5117, File Cache Service Agent 2.13.11.5117, WUA 1451.2601.23012.0
[13] 2026-04-25 07:38:46,532 DEBUG Enter >>> PME.RpcServerApiWrapper.PmeRpcServerApi.AdaptResponse()
[13] 2026-04-25 07:38:46,532 DEBUG Adapter.AdaptResponse => using default Adapter. Params: 0
[13] 2026-04-25 07:38:46,533 DEBUG Enter >>> PME.Adapter.RmmAdapter.AdaptResponse()
[13] 2026-04-25 07:38:46,533 DEBUG Exit  <<< PME.Adapter.RmmAdapter.AdaptResponse()
[13] 2026-04-25 07:38:46,533 DEBUG Exit  <<< PME.RpcServerApiWrapper.PmeRpcServerApi.AdaptResponse()
[13] 2026-04-25 07:38:46,533 DEBUG Exit  <<< PME.RpcServerApiWrapper.PmeRpcServerApi.Execute("1", "Pme.GetLatestVersion")
[13] 2026-04-25 07:38:46,566 DEBUG Enter >>> PME.RpcServerApiWrapper.PmeRpcServerApi.Execute("1", "Pme.StartScan")
[13] 2026-04-25 07:38:46,568 INFO  PME 2.13.13.5640, Request Handler Agent 2.13.11.5117, File Cache Service Agent 2.13.11.5117, WUA 1451.2601.23012.0
[13] 2026-04-25 07:38:46,573 DEBUG PME.RpcServerApiWrapper.PmeRpcServerApi.StartScan => parameters:
[13] 2026-04-25 07:38:46,574 DEBUG 	outputFileName=C:\PROGRA~2\ADVANC~1\scans\PatchMan_1022012281
[13] 2026-04-25 07:40:53,819 INFO  PME.RpcServerApiWrapper.PmeRpcServerApi.Execute => submitting to Perun is not enabled (feature flag check)
[13] 2026-04-25 07:40:53,820 DEBUG Enter >>> PME.RpcServerApiWrapper.PmeRpcServerApi.AdaptResponse()
[13] 2026-04-25 07:40:53,820 DEBUG Adapter.AdaptResponse => using default Adapter. Params: 1
[13] 2026-04-25 07:40:53,821 DEBUG Enter >>> PME.Adapter.RmmAdapter.AdaptResponse()
[13] 2026-04-25 07:40:53,821 DEBUG Enter >>> PME.Adapter.RmmAdapter.GetAdaptedStartScanResponse()
[13] 2026-04-25 07:40:53,822 DEBUG Enter >>> PME.Adapter.RmmAdapter.GetOutputFileNameFromParams()
[13] 2026-04-25 07:40:53,822 DEBUG Exit  <<< PME.Adapter.RmmAdapter.GetOutputFileNameFromParams(), returns "C:\PROGRA~2\ADVANC~1\scans\PatchMan_1022012281"
[13] 2026-04-25 07:40:53,823 DEBUG Enter >>> PME.Adapter.RmmAdapter.GetStartScanRmmDataSkeleton()
[13] 2026-04-25 07:40:53,825 DEBUG Enter >>> PME.Adapter.RmmAdapter.GetLocalIpAddress()
[13] 2026-04-25 07:40:53,827 DEBUG Exit  <<< PME.Adapter.RmmAdapter.GetLocalIpAddress(), returns "192.168.1.223"
[13] 2026-04-25 07:40:53,827 DEBUG Exit  <<< PME.Adapter.RmmAdapter.GetStartScanRmmDataSkeleton()
[13] 2026-04-25 07:40:53,828 DEBUG Enter >>> PME.Adapter.RmmAdapter.FillRmmData()
[13] 2026-04-25 07:40:53,828 DEBUG Enter >>> PME.Adapter.RmmAdapter.CreateListOfHotfixesAndMissingHotfixes()
[13] 2026-04-25 07:40:53,828 DEBUG Exit  <<< PME.Adapter.RmmAdapter.CreateListOfHotfixesAndMissingHotfixes()
[13] 2026-04-25 07:40:53,828 DEBUG Enter >>> PME.Adapter.RmmAdapter.GetProducts()
[13] 2026-04-25 07:40:53,854 WARN  Unknown severity: "Unspecified"
[13] 2026-04-25 07:40:53,868 DEBUG Exit  <<< PME.Adapter.RmmAdapter.GetProducts()
[13] 2026-04-25 07:40:53,868 DEBUG Enter >>> PME.Adapter.RmmAdapter.GetProducts()
[13] 2026-04-25 07:40:53,873 DEBUG Exit  <<< PME.Adapter.RmmAdapter.GetProducts()
[13] 2026-04-25 07:40:53,874 DEBUG Exit  <<< PME.Adapter.RmmAdapter.FillRmmData()
[13] 2026-04-25 07:40:53,875 OFF   GetAdaptedStartScanResponse => Scan result numbers: 13 installed patches, 4 missing patches
[13] 2026-04-25 07:40:53,875 DEBUG Enter >>> PME.Adapter.RmmAdapter.SaveXmlFile(outputFileName = "C:\PROGRA~2\ADVANC~1\scans\PatchMan_1022012281")
[13] 2026-04-25 07:40:53,877 DEBUG Exit  <<< PME.Adapter.RmmAdapter.SaveXmlFile(outputFileName = "C:\PROGRA~2\ADVANC~1\scans\PatchMan_1022012281")
[13] 2026-04-25 07:40:53,878 DEBUG Enter >>> PME.Adapter.RmmAdapter.SaveJsonFile(outputFileName = "C:\PROGRA~2\ADVANC~1\scans\PatchMan_1022012281.json")
[13] 2026-04-25 07:40:53,920 DEBUG Exit  <<< PME.Adapter.RmmAdapter.SaveJsonFile(outputFileName = "C:\PROGRA~2\ADVANC~1\scans\PatchMan_1022012281.json")
[13] 2026-04-25 07:40:53,921 DEBUG Exit  <<< PME.Adapter.RmmAdapter.GetAdaptedStartScanResponse()
[13] 2026-04-25 07:40:53,921 DEBUG Exit  <<< PME.Adapter.RmmAdapter.AdaptResponse()
[13] 2026-04-25 07:40:53,922 DEBUG Exit  <<< PME.RpcServerApiWrapper.PmeRpcServerApi.AdaptResponse()
[13] 2026-04-25 07:40:53,922 DEBUG Exit  <<< PME.RpcServerApiWrapper.PmeRpcServerApi.Execute("1", "Pme.StartScan")
[15] 2026-04-26 08:06:27,513 DEBUG Enter >>> PME.RpcServerApiWrapper.PmeRpcServerApi.Execute("1", "Pme.Version")
[15] 2026-04-26 08:06:27,520 INFO  PME 2.13.13.5640, Request Handler Agent 2.13.11.5117, File Cache Service Agent 2.13.11.5117, WUA 1451.2601.23012.0
[15] 2026-04-26 08:06:27,539 DEBUG Enter >>> PME.RpcServerApiWrapper.PmeRpcServerApi.AdaptResponse()
[15] 2026-04-26 08:06:27,539 DEBUG Adapter.AdaptResponse => using default Adapter. Params: 0
[15] 2026-04-26 08:06:27,540 DEBUG Enter >>> PME.Adapter.RmmAdapter.AdaptResponse()
[15] 2026-04-26 08:06:27,540 DEBUG Exit  <<< PME.Adapter.RmmAdapter.AdaptResponse()
[15] 2026-04-26 08:06:27,541 DEBUG Exit  <<< PME.RpcServerApiWrapper.PmeRpcServerApi.AdaptResponse()
[15] 2026-04-26 08:06:27,541 DEBUG Exit  <<< PME.RpcServerApiWrapper.PmeRpcServerApi.Execute("1", "Pme.Version")
[15] 2026-04-26 08:06:27,595 DEBUG Enter >>> PME.RpcServerApiWrapper.PmeRpcServerApi.Execute("1", "Pme.GetLatestVersion")
[15] 2026-04-26 08:06:27,598 INFO  PME 2.13.13.5640, Request Handler Agent 2.13.11.5117, File Cache Service Agent 2.13.11.5117, WUA 1451.2601.23012.0
[15] 2026-04-26 08:06:27,623 DEBUG Enter >>> PME.RpcServerApiWrapper.PmeRpcServerApi.AdaptResponse()
[15] 2026-04-26 08:06:27,624 DEBUG Adapter.AdaptResponse => using default Adapter. Params: 0
[15] 2026-04-26 08:06:27,624 DEBUG Enter >>> PME.Adapter.RmmAdapter.AdaptResponse()
[15] 2026-04-26 08:06:27,624 DEBUG Exit  <<< PME.Adapter.RmmAdapter.AdaptResponse()
[15] 2026-04-26 08:06:27,624 DEBUG Exit  <<< PME.RpcServerApiWrapper.PmeRpcServerApi.AdaptResponse()
[15] 2026-04-26 08:06:27,626 DEBUG Exit  <<< PME.RpcServerApiWrapper.PmeRpcServerApi.Execute("1", "Pme.GetLatestVersion")
[15] 2026-04-26 08:06:27,668 DEBUG Enter >>> PME.RpcServerApiWrapper.PmeRpcServerApi.Execute("1", "Pme.StartScan")
[15] 2026-04-26 08:06:27,671 INFO  PME 2.13.13.5640, Request Handler Agent 2.13.11.5117, File Cache Service Agent 2.13.11.5117, WUA 1451.2601.23012.0
[15] 2026-04-26 08:06:27,679 DEBUG PME.RpcServerApiWrapper.PmeRpcServerApi.StartScan => parameters:
[15] 2026-04-26 08:06:27,679 DEBUG 	outputFileName=C:\PROGRA~2\ADVANC~1\scans\PatchMan_1110073375
[15] 2026-04-26 08:07:58,885 INFO  PME.RpcServerApiWrapper.PmeRpcServerApi.Execute => submitting to Perun is not enabled (feature flag check)
[15] 2026-04-26 08:07:58,887 DEBUG Enter >>> PME.RpcServerApiWrapper.PmeRpcServerApi.AdaptResponse()
[15] 2026-04-26 08:07:58,887 DEBUG Adapter.AdaptResponse => using default Adapter. Params: 1
[15] 2026-04-26 08:07:58,887 DEBUG Enter >>> PME.Adapter.RmmAdapter.AdaptResponse()
[15] 2026-04-26 08:07:58,888 DEBUG Enter >>> PME.Adapter.RmmAdapter.GetAdaptedStartScanResponse()
[15] 2026-04-26 08:07:58,888 DEBUG Enter >>> PME.Adapter.RmmAdapter.GetOutputFileNameFromParams()
[15] 2026-04-26 08:07:58,888 DEBUG Exit  <<< PME.Adapter.RmmAdapter.GetOutputFileNameFromParams(), returns "C:\PROGRA~2\ADVANC~1\scans\PatchMan_1110073375"
[15] 2026-04-26 08:07:58,891 DEBUG Enter >>> PME.Adapter.RmmAdapter.GetStartScanRmmDataSkeleton()
[15] 2026-04-26 08:07:58,892 DEBUG Enter >>> PME.Adapter.RmmAdapter.GetLocalIpAddress()
[15] 2026-04-26 08:07:58,894 DEBUG Exit  <<< PME.Adapter.RmmAdapter.GetLocalIpAddress(), returns "192.168.20.94"
[15] 2026-04-26 08:07:58,895 DEBUG Exit  <<< PME.Adapter.RmmAdapter.GetStartScanRmmDataSkeleton()
[15] 2026-04-26 08:07:58,896 DEBUG Enter >>> PME.Adapter.RmmAdapter.FillRmmData()
[15] 2026-04-26 08:07:58,896 DEBUG Enter >>> PME.Adapter.RmmAdapter.CreateListOfHotfixesAndMissingHotfixes()
[15] 2026-04-26 08:07:58,896 DEBUG Exit  <<< PME.Adapter.RmmAdapter.CreateListOfHotfixesAndMissingHotfixes()
[15] 2026-04-26 08:07:58,897 DEBUG Enter >>> PME.Adapter.RmmAdapter.GetProducts()
[15] 2026-04-26 08:07:58,908 WARN  Unknown severity: "Unspecified"
[15] 2026-04-26 08:07:58,915 DEBUG Exit  <<< PME.Adapter.RmmAdapter.GetProducts()
[15] 2026-04-26 08:07:58,916 DEBUG Enter >>> PME.Adapter.RmmAdapter.GetProducts()
[15] 2026-04-26 08:07:58,921 DEBUG Exit  <<< PME.Adapter.RmmAdapter.GetProducts()
[15] 2026-04-26 08:07:58,922 DEBUG Exit  <<< PME.Adapter.RmmAdapter.FillRmmData()
[15] 2026-04-26 08:07:58,922 OFF   GetAdaptedStartScanResponse => Scan result numbers: 13 installed patches, 4 missing patches
[15] 2026-04-26 08:07:58,923 DEBUG Enter >>> PME.Adapter.RmmAdapter.SaveXmlFile(outputFileName = "C:\PROGRA~2\ADVANC~1\scans\PatchMan_1110073375")
[15] 2026-04-26 08:07:58,926 DEBUG Exit  <<< PME.Adapter.RmmAdapter.SaveXmlFile(outputFileName = "C:\PROGRA~2\ADVANC~1\scans\PatchMan_1110073375")
[15] 2026-04-26 08:07:58,926 DEBUG Enter >>> PME.Adapter.RmmAdapter.SaveJsonFile(outputFileName = "C:\PROGRA~2\ADVANC~1\scans\PatchMan_1110073375.json")
[15] 2026-04-26 08:07:58,954 DEBUG Exit  <<< PME.Adapter.RmmAdapter.SaveJsonFile(outputFileName = "C:\PROGRA~2\ADVANC~1\scans\PatchMan_1110073375.json")
[15] 2026-04-26 08:07:58,955 DEBUG Exit  <<< PME.Adapter.RmmAdapter.GetAdaptedStartScanResponse()
[15] 2026-04-26 08:07:58,955 DEBUG Exit  <<< PME.Adapter.RmmAdapter.AdaptResponse()
[15] 2026-04-26 08:07:58,957 DEBUG Exit  <<< PME.RpcServerApiWrapper.PmeRpcServerApi.AdaptResponse()
[15] 2026-04-26 08:07:58,957 DEBUG Exit  <<< PME.RpcServerApiWrapper.PmeRpcServerApi.Execute("1", "Pme.StartScan")
[15] 2026-04-26 08:08:28,320 DEBUG Enter >>> PME.RpcServerApiWrapper.PmeRpcServerApi.Execute("1", "Pme.Version")
[15] 2026-04-26 08:08:28,323 INFO  PME 2.13.13.5640, Request Handler Agent 2.13.11.5117, File Cache Service Agent 2.13.11.5117, WUA 1451.2601.23012.0
[15] 2026-04-26 08:08:28,330 DEBUG Enter >>> PME.RpcServerApiWrapper.PmeRpcServerApi.AdaptResponse()
[15] 2026-04-26 08:08:28,330 DEBUG Adapter.AdaptResponse => using default Adapter. Params: 0
[15] 2026-04-26 08:08:28,331 DEBUG Enter >>> PME.Adapter.RmmAdapter.AdaptResponse()
[15] 2026-04-26 08:08:28,331 DEBUG Exit  <<< PME.Adapter.RmmAdapter.AdaptResponse()
[15] 2026-04-26 08:08:28,332 DEBUG Exit  <<< PME.RpcServerApiWrapper.PmeRpcServerApi.AdaptResponse()
[15] 2026-04-26 08:08:28,332 DEBUG Exit  <<< PME.RpcServerApiWrapper.PmeRpcServerApi.Execute("1", "Pme.Version")
[15] 2026-04-26 08:08:28,390 DEBUG Enter >>> PME.RpcServerApiWrapper.PmeRpcServerApi.Execute("1", "Pme.GetLatestVersion")
[15] 2026-04-26 08:08:28,392 INFO  PME 2.13.13.5640, Request Handler Agent 2.13.11.5117, File Cache Service Agent 2.13.11.5117, WUA 1451.2601.23012.0
[15] 2026-04-26 08:08:28,404 DEBUG Enter >>> PME.RpcServerApiWrapper.PmeRpcServerApi.AdaptResponse()
[15] 2026-04-26 08:08:28,405 DEBUG Adapter.AdaptResponse => using default Adapter. Params: 0
[15] 2026-04-26 08:08:28,405 DEBUG Enter >>> PME.Adapter.RmmAdapter.AdaptResponse()
[15] 2026-04-26 08:08:28,405 DEBUG Exit  <<< PME.Adapter.RmmAdapter.AdaptResponse()
[15] 2026-04-26 08:08:28,407 DEBUG Exit  <<< PME.RpcServerApiWrapper.PmeRpcServerApi.AdaptResponse()
[15] 2026-04-26 08:08:28,407 DEBUG Exit  <<< PME.RpcServerApiWrapper.PmeRpcServerApi.Execute("1", "Pme.GetLatestVersion")
[11] 2026-04-26 09:00:49,388 DEBUG Enter >>> PME.RpcServerApiWrapper.PmeRpcServerApi.Execute("1", "Pme.Version")
[11] 2026-04-26 09:00:49,390 INFO  PME 2.13.13.5640, Request Handler Agent 2.13.11.5117, File Cache Service Agent 2.13.11.5117, WUA 1451.2601.23012.0
[11] 2026-04-26 09:00:49,392 DEBUG Enter >>> PME.RpcServerApiWrapper.PmeRpcServerApi.AdaptResponse()
[11] 2026-04-26 09:00:49,393 DEBUG Adapter.AdaptResponse => using default Adapter. Params: 0
[11] 2026-04-26 09:00:49,393 DEBUG Enter >>> PME.Adapter.RmmAdapter.AdaptResponse()
[11] 2026-04-26 09:00:49,393 DEBUG Exit  <<< PME.Adapter.RmmAdapter.AdaptResponse()
[11] 2026-04-26 09:00:49,393 DEBUG Exit  <<< PME.RpcServerApiWrapper.PmeRpcServerApi.AdaptResponse()
[11] 2026-04-26 09:00:49,394 DEBUG Exit  <<< PME.RpcServerApiWrapper.PmeRpcServerApi.Execute("1", "Pme.Version")
[11] 2026-04-26 09:00:49,416 DEBUG Enter >>> PME.RpcServerApiWrapper.PmeRpcServerApi.Execute("1", "Pme.GetLatestVersion")
[11] 2026-04-26 09:00:49,418 INFO  PME 2.13.13.5640, Request Handler Agent 2.13.11.5117, File Cache Service Agent 2.13.11.5117, WUA 1451.2601.23012.0
[11] 2026-04-26 09:00:49,428 DEBUG Enter >>> PME.RpcServerApiWrapper.PmeRpcServerApi.AdaptResponse()
[11] 2026-04-26 09:00:49,428 DEBUG Adapter.AdaptResponse => using default Adapter. Params: 0
[11] 2026-04-26 09:00:49,429 DEBUG Enter >>> PME.Adapter.RmmAdapter.AdaptResponse()
[11] 2026-04-26 09:00:49,429 DEBUG Exit  <<< PME.Adapter.RmmAdapter.AdaptResponse()
[11] 2026-04-26 09:00:49,429 DEBUG Exit  <<< PME.RpcServerApiWrapper.PmeRpcServerApi.AdaptResponse()
[11] 2026-04-26 09:00:49,430 DEBUG Exit  <<< PME.RpcServerApiWrapper.PmeRpcServerApi.Execute("1", "Pme.GetLatestVersion")
[11] 2026-04-26 09:00:49,643 DEBUG Enter >>> PME.RpcServerApiWrapper.PmeRpcServerApi.Execute("1", "Pme.Install")
[11] 2026-04-26 09:00:49,644 INFO  PME 2.13.13.5640, Request Handler Agent 2.13.11.5117, File Cache Service Agent 2.13.11.5117, WUA 1451.2601.23012.0
[11] 2026-04-26 09:00:49,648 INFO  PME.RpcServerApiWrapper.PmeRpcServerApi.StartActions => Set 'InstallationTimeoutInMinutes' by config file to 180
[11] 2026-04-26 09:01:21,745 DEBUG Enter >>> PME.RpcServerApiWrapper.PmeRpcServerApi.AdaptResponse()
[11] 2026-04-26 09:01:21,746 DEBUG Adapter.AdaptResponse => using default Adapter. Params: 1
[11] 2026-04-26 09:01:21,746 DEBUG Enter >>> PME.Adapter.RmmAdapter.AdaptResponse()
[11] 2026-04-26 09:01:21,746 DEBUG Enter >>> PME.Adapter.RmmAdapter.GetAdaptedStartActionsResult()
[11] 2026-04-26 09:01:21,746 DEBUG Enter >>> PME.Adapter.RmmAdapter.GetOutputFileNameFromParams()
[11] 2026-04-26 09:01:21,747 DEBUG Exit  <<< PME.Adapter.RmmAdapter.GetOutputFileNameFromParams(), returns ""
[11] 2026-04-26 09:01:21,747 DEBUG Enter >>> PME.Adapter.RmmAdapter.GenerateOutputFileName()
[11] 2026-04-26 09:01:21,747 DEBUG Enter >>> PME.Adapter.RmmAdapter.GetOutputFilePath()
[11] 2026-04-26 09:01:21,748 DEBUG Exit  <<< PME.Adapter.RmmAdapter.GetOutputFilePath(), returns "C:\ProgramData\MspPlatform\PME\data"
[11] 2026-04-26 09:01:21,748 DEBUG Exit  <<< PME.Adapter.RmmAdapter.GenerateOutputFileName(), returns "C:\ProgramData\MspPlatform\PME\data\Pme.Install_20260426090121_1.xml"
[11] 2026-04-26 09:01:21,748 DEBUG Enter >>> PME.Adapter.RmmAdapter.GetStartActionRmmDataSkeleton()
[11] 2026-04-26 09:01:21,748 DEBUG Exit  <<< PME.Adapter.RmmAdapter.GetStartActionRmmDataSkeleton()
[11] 2026-04-26 09:01:21,749 DEBUG Enter >>> PME.Adapter.RmmAdapter.SaveXmlFile(outputFileName = "C:\ProgramData\MspPlatform\PME\data\Pme.Install_20260426090121_1.xml")
[11] 2026-04-26 09:01:21,750 DEBUG Exit  <<< PME.Adapter.RmmAdapter.SaveXmlFile(outputFileName = "C:\ProgramData\MspPlatform\PME\data\Pme.Install_20260426090121_1.xml")
[11] 2026-04-26 09:01:21,750 DEBUG Exit  <<< PME.Adapter.RmmAdapter.GetAdaptedStartActionsResult()
[11] 2026-04-26 09:01:21,750 DEBUG Exit  <<< PME.Adapter.RmmAdapter.AdaptResponse()
[11] 2026-04-26 09:01:21,750 DEBUG Exit  <<< PME.RpcServerApiWrapper.PmeRpcServerApi.AdaptResponse()
[11] 2026-04-26 09:01:21,750 DEBUG Exit  <<< PME.RpcServerApiWrapper.PmeRpcServerApi.Execute("1", "Pme.Install")
[11] 2026-04-26 09:01:49,659 DEBUG Enter >>> PME.RpcServerApiWrapper.PmeRpcServerApi.Execute("1", "Pme.Version")
[11] 2026-04-26 09:01:49,660 INFO  PME 2.13.13.5640, Request Handler Agent 2.13.11.5117, File Cache Service Agent 2.13.11.5117, WUA 1451.2601.23012.0
[11] 2026-04-26 09:01:49,662 DEBUG Enter >>> PME.RpcServerApiWrapper.PmeRpcServerApi.AdaptResponse()
[11] 2026-04-26 09:01:49,662 DEBUG Adapter.AdaptResponse => using default Adapter. Params: 0
[11] 2026-04-26 09:01:49,662 DEBUG Enter >>> PME.Adapter.RmmAdapter.AdaptResponse()
[11] 2026-04-26 09:01:49,662 DEBUG Exit  <<< PME.Adapter.RmmAdapter.AdaptResponse()
[11] 2026-04-26 09:01:49,663 DEBUG Exit  <<< PME.RpcServerApiWrapper.PmeRpcServerApi.AdaptResponse()
[11] 2026-04-26 09:01:49,663 DEBUG Exit  <<< PME.RpcServerApiWrapper.PmeRpcServerApi.Execute("1", "Pme.Version")
[11] 2026-04-26 09:01:49,685 DEBUG Enter >>> PME.RpcServerApiWrapper.PmeRpcServerApi.Execute("1", "Pme.GetLatestVersion")
[11] 2026-04-26 09:01:49,687 INFO  PME 2.13.13.5640, Request Handler Agent 2.13.11.5117, File Cache Service Agent 2.13.11.5117, WUA 1451.2601.23012.0
[11] 2026-04-26 09:01:49,693 DEBUG Enter >>> PME.RpcServerApiWrapper.PmeRpcServerApi.AdaptResponse()
[11] 2026-04-26 09:01:49,694 DEBUG Adapter.AdaptResponse => using default Adapter. Params: 0
[11] 2026-04-26 09:01:49,694 DEBUG Enter >>> PME.Adapter.RmmAdapter.AdaptResponse()
[11] 2026-04-26 09:01:49,694 DEBUG Exit  <<< PME.Adapter.RmmAdapter.AdaptResponse()
[11] 2026-04-26 09:01:49,694 DEBUG Exit  <<< PME.RpcServerApiWrapper.PmeRpcServerApi.AdaptResponse()
[11] 2026-04-26 09:01:49,694 DEBUG Exit  <<< PME.RpcServerApiWrapper.PmeRpcServerApi.Execute("1", "Pme.GetLatestVersion")
[11] 2026-04-26 09:01:49,722 DEBUG Enter >>> PME.RpcServerApiWrapper.PmeRpcServerApi.Execute("1", "Pme.StartScan")
[11] 2026-04-26 09:01:49,723 INFO  PME 2.13.13.5640, Request Handler Agent 2.13.11.5117, File Cache Service Agent 2.13.11.5117, WUA 1451.2601.23012.0
[11] 2026-04-26 09:01:49,727 DEBUG PME.RpcServerApiWrapper.PmeRpcServerApi.StartScan => parameters:
[11] 2026-04-26 09:01:49,727 DEBUG 	outputFileName=C:\PROGRA~2\ADVANC~1\scans\PatchMan_1113395437
[11] 2026-04-26 09:02:48,077 INFO  PME.RpcServerApiWrapper.PmeRpcServerApi.Execute => submitting to Perun is not enabled (feature flag check)
[11] 2026-04-26 09:02:48,077 DEBUG Enter >>> PME.RpcServerApiWrapper.PmeRpcServerApi.AdaptResponse()
[11] 2026-04-26 09:02:48,077 DEBUG Adapter.AdaptResponse => using default Adapter. Params: 1
[11] 2026-04-26 09:02:48,077 DEBUG Enter >>> PME.Adapter.RmmAdapter.AdaptResponse()
[11] 2026-04-26 09:02:48,078 DEBUG Enter >>> PME.Adapter.RmmAdapter.GetAdaptedStartScanResponse()
[11] 2026-04-26 09:02:48,078 DEBUG Enter >>> PME.Adapter.RmmAdapter.GetOutputFileNameFromParams()
[11] 2026-04-26 09:02:48,078 DEBUG Exit  <<< PME.Adapter.RmmAdapter.GetOutputFileNameFromParams(), returns "C:\PROGRA~2\ADVANC~1\scans\PatchMan_1113395437"
[11] 2026-04-26 09:02:48,078 DEBUG Enter >>> PME.Adapter.RmmAdapter.GetStartScanRmmDataSkeleton()
[11] 2026-04-26 09:02:48,078 DEBUG Enter >>> PME.Adapter.RmmAdapter.GetLocalIpAddress()
[11] 2026-04-26 09:02:48,080 DEBUG Exit  <<< PME.Adapter.RmmAdapter.GetLocalIpAddress(), returns "192.168.20.94"
[11] 2026-04-26 09:02:48,080 DEBUG Exit  <<< PME.Adapter.RmmAdapter.GetStartScanRmmDataSkeleton()
[11] 2026-04-26 09:02:48,080 DEBUG Enter >>> PME.Adapter.RmmAdapter.FillRmmData()
[11] 2026-04-26 09:02:48,081 DEBUG Enter >>> PME.Adapter.RmmAdapter.CreateListOfHotfixesAndMissingHotfixes()
[11] 2026-04-26 09:02:48,081 DEBUG Exit  <<< PME.Adapter.RmmAdapter.CreateListOfHotfixesAndMissingHotfixes()
[11] 2026-04-26 09:02:48,081 DEBUG Enter >>> PME.Adapter.RmmAdapter.GetProducts()
[11] 2026-04-26 09:02:48,086 WARN  Unknown severity: "Unspecified"
[11] 2026-04-26 09:02:48,089 DEBUG Exit  <<< PME.Adapter.RmmAdapter.GetProducts()
[11] 2026-04-26 09:02:48,089 DEBUG Enter >>> PME.Adapter.RmmAdapter.GetProducts()
[11] 2026-04-26 09:02:48,090 DEBUG Exit  <<< PME.Adapter.RmmAdapter.GetProducts()
[11] 2026-04-26 09:02:48,091 DEBUG Exit  <<< PME.Adapter.RmmAdapter.FillRmmData()
[11] 2026-04-26 09:02:48,091 OFF   GetAdaptedStartScanResponse => Scan result numbers: 14 installed patches, 3 missing patches
[11] 2026-04-26 09:02:48,091 DEBUG Enter >>> PME.Adapter.RmmAdapter.SaveXmlFile(outputFileName = "C:\PROGRA~2\ADVANC~1\scans\PatchMan_1113395437")
[11] 2026-04-26 09:02:48,092 DEBUG Exit  <<< PME.Adapter.RmmAdapter.SaveXmlFile(outputFileName = "C:\PROGRA~2\ADVANC~1\scans\PatchMan_1113395437")
[11] 2026-04-26 09:02:48,092 DEBUG Enter >>> PME.Adapter.RmmAdapter.SaveJsonFile(outputFileName = "C:\PROGRA~2\ADVANC~1\scans\PatchMan_1113395437.json")
[11] 2026-04-26 09:02:48,104 DEBUG Exit  <<< PME.Adapter.RmmAdapter.SaveJsonFile(outputFileName = "C:\PROGRA~2\ADVANC~1\scans\PatchMan_1113395437.json")
[11] 2026-04-26 09:02:48,105 DEBUG Exit  <<< PME.Adapter.RmmAdapter.GetAdaptedStartScanResponse()
[11] 2026-04-26 09:02:48,105 DEBUG Exit  <<< PME.Adapter.RmmAdapter.AdaptResponse()
[11] 2026-04-26 09:02:48,105 DEBUG Exit  <<< PME.RpcServerApiWrapper.PmeRpcServerApi.AdaptResponse()
[11] 2026-04-26 09:02:48,105 DEBUG Exit  <<< PME.RpcServerApiWrapper.PmeRpcServerApi.Execute("1", "Pme.StartScan")
[10] 2026-04-26 11:00:43,344 DEBUG Enter >>> PME.RpcServerApiWrapper.PmeRpcServerApi.Execute("1", "Pme.Version")
[10] 2026-04-26 11:00:43,351 INFO  PME 2.13.13.5640, Request Handler Agent 2.13.11.5117, File Cache Service Agent 2.13.11.5117, WUA 1451.2601.23012.0
[10] 2026-04-26 11:00:43,352 DEBUG Enter >>> PME.RpcServerApiWrapper.PmeRpcServerApi.AdaptResponse()
[10] 2026-04-26 11:00:43,353 DEBUG Adapter.AdaptResponse => using default Adapter. Params: 0
[10] 2026-04-26 11:00:43,353 DEBUG Enter >>> PME.Adapter.RmmAdapter.AdaptResponse()
[10] 2026-04-26 11:00:43,353 DEBUG Exit  <<< PME.Adapter.RmmAdapter.AdaptResponse()
[10] 2026-04-26 11:00:43,353 DEBUG Exit  <<< PME.RpcServerApiWrapper.PmeRpcServerApi.AdaptResponse()
[10] 2026-04-26 11:00:43,353 DEBUG Exit  <<< PME.RpcServerApiWrapper.PmeRpcServerApi.Execute("1", "Pme.Version")
[10] 2026-04-26 11:00:43,377 DEBUG Enter >>> PME.RpcServerApiWrapper.PmeRpcServerApi.Execute("1", "Pme.GetLatestVersion")
[10] 2026-04-26 11:00:43,378 INFO  PME 2.13.13.5640, Request Handler Agent 2.13.11.5117, File Cache Service Agent 2.13.11.5117, WUA 1451.2601.23012.0
[10] 2026-04-26 11:00:43,391 DEBUG Enter >>> PME.RpcServerApiWrapper.PmeRpcServerApi.AdaptResponse()
[10] 2026-04-26 11:00:43,392 DEBUG Adapter.AdaptResponse => using default Adapter. Params: 0
[10] 2026-04-26 11:00:43,392 DEBUG Enter >>> PME.Adapter.RmmAdapter.AdaptResponse()
[10] 2026-04-26 11:00:43,392 DEBUG Exit  <<< PME.Adapter.RmmAdapter.AdaptResponse()
[10] 2026-04-26 11:00:43,393 DEBUG Exit  <<< PME.RpcServerApiWrapper.PmeRpcServerApi.AdaptResponse()
[10] 2026-04-26 11:00:43,393 DEBUG Exit  <<< PME.RpcServerApiWrapper.PmeRpcServerApi.Execute("1", "Pme.GetLatestVersion")
[10] 2026-04-26 11:00:43,420 DEBUG Enter >>> PME.RpcServerApiWrapper.PmeRpcServerApi.Execute("1", "Pme.StartScan")
[10] 2026-04-26 11:00:43,421 INFO  PME 2.13.13.5640, Request Handler Agent 2.13.11.5117, File Cache Service Agent 2.13.11.5117, WUA 1451.2601.23012.0
[10] 2026-04-26 11:00:43,424 DEBUG PME.RpcServerApiWrapper.PmeRpcServerApi.StartScan => parameters:
[10] 2026-04-26 11:00:43,424 DEBUG 	outputFileName=C:\PROGRA~2\ADVANC~1\scans\PatchMan_1120529140
[10] 2026-04-26 11:03:33,439 INFO  PME.RpcServerApiWrapper.PmeRpcServerApi.Execute => submitting to Perun is not enabled (feature flag check)
[10] 2026-04-26 11:03:33,439 DEBUG Enter >>> PME.RpcServerApiWrapper.PmeRpcServerApi.AdaptResponse()
[10] 2026-04-26 11:03:33,439 DEBUG Adapter.AdaptResponse => using default Adapter. Params: 1
[10] 2026-04-26 11:03:33,439 DEBUG Enter >>> PME.Adapter.RmmAdapter.AdaptResponse()
[10] 2026-04-26 11:03:33,440 DEBUG Enter >>> PME.Adapter.RmmAdapter.GetAdaptedStartScanResponse()
[10] 2026-04-26 11:03:33,440 DEBUG Enter >>> PME.Adapter.RmmAdapter.GetOutputFileNameFromParams()
[10] 2026-04-26 11:03:33,440 DEBUG Exit  <<< PME.Adapter.RmmAdapter.GetOutputFileNameFromParams(), returns "C:\PROGRA~2\ADVANC~1\scans\PatchMan_1120529140"
[10] 2026-04-26 11:03:33,440 DEBUG Enter >>> PME.Adapter.RmmAdapter.GetStartScanRmmDataSkeleton()
[10] 2026-04-26 11:03:33,441 DEBUG Enter >>> PME.Adapter.RmmAdapter.GetLocalIpAddress()
[10] 2026-04-26 11:03:33,442 DEBUG Exit  <<< PME.Adapter.RmmAdapter.GetLocalIpAddress(), returns "192.168.20.94"
[10] 2026-04-26 11:03:33,442 DEBUG Exit  <<< PME.Adapter.RmmAdapter.GetStartScanRmmDataSkeleton()
[10] 2026-04-26 11:03:33,442 DEBUG Enter >>> PME.Adapter.RmmAdapter.FillRmmData()
[10] 2026-04-26 11:03:33,442 DEBUG Enter >>> PME.Adapter.RmmAdapter.CreateListOfHotfixesAndMissingHotfixes()
[10] 2026-04-26 11:03:33,442 DEBUG Exit  <<< PME.Adapter.RmmAdapter.CreateListOfHotfixesAndMissingHotfixes()
[10] 2026-04-26 11:03:33,443 DEBUG Enter >>> PME.Adapter.RmmAdapter.GetProducts()
[10] 2026-04-26 11:03:33,449 DEBUG Exit  <<< PME.Adapter.RmmAdapter.GetProducts()
[10] 2026-04-26 11:03:33,449 DEBUG Enter >>> PME.Adapter.RmmAdapter.GetProducts()
[10] 2026-04-26 11:03:33,452 DEBUG Exit  <<< PME.Adapter.RmmAdapter.GetProducts()
[10] 2026-04-26 11:03:33,452 DEBUG Exit  <<< PME.Adapter.RmmAdapter.FillRmmData()
[10] 2026-04-26 11:03:33,452 OFF   GetAdaptedStartScanResponse => Scan result numbers: 12 installed patches, 4 missing patches
[10] 2026-04-26 11:03:33,452 DEBUG Enter >>> PME.Adapter.RmmAdapter.SaveXmlFile(outputFileName = "C:\PROGRA~2\ADVANC~1\scans\PatchMan_1120529140")
[10] 2026-04-26 11:03:33,453 DEBUG Exit  <<< PME.Adapter.RmmAdapter.SaveXmlFile(outputFileName = "C:\PROGRA~2\ADVANC~1\scans\PatchMan_1120529140")
[10] 2026-04-26 11:03:33,454 DEBUG Enter >>> PME.Adapter.RmmAdapter.SaveJsonFile(outputFileName = "C:\PROGRA~2\ADVANC~1\scans\PatchMan_1120529140.json")
[10] 2026-04-26 11:03:33,465 DEBUG Exit  <<< PME.Adapter.RmmAdapter.SaveJsonFile(outputFileName = "C:\PROGRA~2\ADVANC~1\scans\PatchMan_1120529140.json")
[10] 2026-04-26 11:03:33,466 DEBUG Exit  <<< PME.Adapter.RmmAdapter.GetAdaptedStartScanResponse()
[10] 2026-04-26 11:03:33,466 DEBUG Exit  <<< PME.Adapter.RmmAdapter.AdaptResponse()
[10] 2026-04-26 11:03:33,466 DEBUG Exit  <<< PME.RpcServerApiWrapper.PmeRpcServerApi.AdaptResponse()
[10] 2026-04-26 11:03:33,466 DEBUG Exit  <<< PME.RpcServerApiWrapper.PmeRpcServerApi.Execute("1", "Pme.StartScan")
[9] 2026-04-27 08:51:39,390 DEBUG Enter >>> PME.RpcServerApiWrapper.PmeRpcServerApi.Execute("1", "Pme.Version")
[9] 2026-04-27 08:51:39,394 INFO  PME 2.13.13.5640, Request Handler Agent 2.13.11.5117, File Cache Service Agent 2.13.11.5117, WUA 1451.2601.23012.0
[9] 2026-04-27 08:51:39,407 DEBUG Enter >>> PME.RpcServerApiWrapper.PmeRpcServerApi.AdaptResponse()
[9] 2026-04-27 08:51:39,407 DEBUG Adapter.AdaptResponse => using default Adapter. Params: 0
[9] 2026-04-27 08:51:39,407 DEBUG Enter >>> PME.Adapter.RmmAdapter.AdaptResponse()
[9] 2026-04-27 08:51:39,407 DEBUG Exit  <<< PME.Adapter.RmmAdapter.AdaptResponse()
[9] 2026-04-27 08:51:39,408 DEBUG Exit  <<< PME.RpcServerApiWrapper.PmeRpcServerApi.AdaptResponse()
[9] 2026-04-27 08:51:39,408 DEBUG Exit  <<< PME.RpcServerApiWrapper.PmeRpcServerApi.Execute("1", "Pme.Version")
[9] 2026-04-27 08:51:39,451 DEBUG Enter >>> PME.RpcServerApiWrapper.PmeRpcServerApi.Execute("1", "Pme.GetLatestVersion")
[9] 2026-04-27 08:51:39,452 INFO  PME 2.13.13.5640, Request Handler Agent 2.13.11.5117, File Cache Service Agent 2.13.11.5117, WUA 1451.2601.23012.0
[9] 2026-04-27 08:51:39,581 DEBUG Enter >>> PME.RpcServerApiWrapper.PmeRpcServerApi.AdaptResponse()
[9] 2026-04-27 08:51:39,581 DEBUG Adapter.AdaptResponse => using default Adapter. Params: 0
[9] 2026-04-27 08:51:39,581 DEBUG Enter >>> PME.Adapter.RmmAdapter.AdaptResponse()
[9] 2026-04-27 08:51:39,581 DEBUG Exit  <<< PME.Adapter.RmmAdapter.AdaptResponse()
[9] 2026-04-27 08:51:39,582 DEBUG Exit  <<< PME.RpcServerApiWrapper.PmeRpcServerApi.AdaptResponse()
[9] 2026-04-27 08:51:39,582 DEBUG Exit  <<< PME.RpcServerApiWrapper.PmeRpcServerApi.Execute("1", "Pme.GetLatestVersion")
[RequestHandlerAgentThread] 2026-04-27 08:51:47,490 DEBUG Enter >>> PME.RpcServerApiWrapper.PmeRpcServerApi.Execute("f9ea800a-5191-448d-b8e1-5bd7110c92fa", "Pme.StopAllScansAndRemediationActions")
[RequestHandlerAgentThread] 2026-04-27 08:51:47,492 INFO  PME 2.13.13.5640, Request Handler Agent 2.13.11.5117, File Cache Service Agent 2.13.11.5117, WUA 1451.2601.23012.0
[RequestHandlerAgentThread] 2026-04-27 08:51:47,498 DEBUG Enter >>> PME.RpcServerApiWrapper.PmeRpcServerApi.AdaptResponse()
[RequestHandlerAgentThread] 2026-04-27 08:51:47,499 DEBUG Adapter.AdaptResponse => using default Adapter. Params: 0
[RequestHandlerAgentThread] 2026-04-27 08:51:47,499 DEBUG Enter >>> PME.Adapter.RmmAdapter.AdaptResponse()
[RequestHandlerAgentThread] 2026-04-27 08:51:47,499 DEBUG Exit  <<< PME.Adapter.RmmAdapter.AdaptResponse()
[RequestHandlerAgentThread] 2026-04-27 08:51:47,499 DEBUG Exit  <<< PME.RpcServerApiWrapper.PmeRpcServerApi.AdaptResponse()
[RequestHandlerAgentThread] 2026-04-27 08:51:47,499 DEBUG Exit  <<< PME.RpcServerApiWrapper.PmeRpcServerApi.Execute("f9ea800a-5191-448d-b8e1-5bd7110c92fa", "Pme.StopAllScansAndRemediationActions")
[4] 2026-04-27 09:00:43,794 DEBUG Enter >>> PME.RpcServerApiWrapper.PmeRpcServerApi.Execute("1", "Pme.Version")
[4] 2026-04-27 09:00:43,805 INFO  PME 2.13.14.5671, Request Handler Agent 2.13.14.5122, File Cache Service Agent 2.13.14.5122, WUA 1451.2601.23012.0
[4] 2026-04-27 09:00:43,854 DEBUG Enter >>> PME.RpcServerApiWrapper.PmeRpcServerApi.AdaptResponse()
[4] 2026-04-27 09:00:43,856 DEBUG Adapter.AdaptResponse => using default Adapter. Params: 0
[4] 2026-04-27 09:00:43,858 DEBUG Enter >>> PME.Adapter.RmmAdapter.AdaptResponse()
[4] 2026-04-27 09:00:43,858 DEBUG Exit  <<< PME.Adapter.RmmAdapter.AdaptResponse()
[4] 2026-04-27 09:00:43,859 DEBUG Exit  <<< PME.RpcServerApiWrapper.PmeRpcServerApi.AdaptResponse()
[4] 2026-04-27 09:00:43,859 DEBUG Exit  <<< PME.RpcServerApiWrapper.PmeRpcServerApi.Execute("1", "Pme.Version")
[4] 2026-04-27 09:00:43,916 DEBUG Enter >>> PME.RpcServerApiWrapper.PmeRpcServerApi.Execute("1", "Pme.GetLatestVersion")
[4] 2026-04-27 09:00:43,917 INFO  PME 2.13.14.5671, Request Handler Agent 2.13.14.5122, File Cache Service Agent 2.13.14.5122, WUA 1451.2601.23012.0
[4] 2026-04-27 09:00:44,060 DEBUG Enter >>> PME.RpcServerApiWrapper.PmeRpcServerApi.AdaptResponse()
[4] 2026-04-27 09:00:44,060 DEBUG Adapter.AdaptResponse => using default Adapter. Params: 0
[4] 2026-04-27 09:00:44,060 DEBUG Enter >>> PME.Adapter.RmmAdapter.AdaptResponse()
[4] 2026-04-27 09:00:44,060 DEBUG Exit  <<< PME.Adapter.RmmAdapter.AdaptResponse()
[4] 2026-04-27 09:00:44,060 DEBUG Exit  <<< PME.RpcServerApiWrapper.PmeRpcServerApi.AdaptResponse()
[4] 2026-04-27 09:00:44,061 DEBUG Exit  <<< PME.RpcServerApiWrapper.PmeRpcServerApi.Execute("1", "Pme.GetLatestVersion")
[4] 2026-04-27 09:00:44,280 DEBUG Enter >>> PME.RpcServerApiWrapper.PmeRpcServerApi.Execute("1", "Pme.Install")
[4] 2026-04-27 09:00:44,281 INFO  PME 2.13.14.5671, Request Handler Agent 2.13.14.5122, File Cache Service Agent 2.13.14.5122, WUA 1451.2601.23012.0
[4] 2026-04-27 09:00:44,300 INFO  PME.RpcServerApiWrapper.PmeRpcServerApi.StartActions => Set 'InstallationTimeoutInMinutes' by config file to 180
[4] 2026-04-27 09:01:15,309 DEBUG Enter >>> PME.RpcServerApiWrapper.PmeRpcServerApi.AdaptResponse()
[4] 2026-04-27 09:01:15,310 DEBUG Adapter.AdaptResponse => using default Adapter. Params: 1
[4] 2026-04-27 09:01:15,310 DEBUG Enter >>> PME.Adapter.RmmAdapter.AdaptResponse()
[4] 2026-04-27 09:01:15,311 DEBUG Enter >>> PME.Adapter.RmmAdapter.GetAdaptedStartActionsResult()
[4] 2026-04-27 09:01:15,311 DEBUG Enter >>> PME.Adapter.RmmAdapter.GetOutputFileNameFromParams()
[4] 2026-04-27 09:01:15,311 DEBUG Exit  <<< PME.Adapter.RmmAdapter.GetOutputFileNameFromParams(), returns ""
[4] 2026-04-27 09:01:15,312 DEBUG Enter >>> PME.Adapter.RmmAdapter.GenerateOutputFileName()
[4] 2026-04-27 09:01:15,312 DEBUG Enter >>> PME.Adapter.RmmAdapter.GetOutputFilePath()
[4] 2026-04-27 09:01:15,313 DEBUG Exit  <<< PME.Adapter.RmmAdapter.GetOutputFilePath(), returns "C:\ProgramData\MspPlatform\PME\data"
[4] 2026-04-27 09:01:15,313 DEBUG Exit  <<< PME.Adapter.RmmAdapter.GenerateOutputFileName(), returns "C:\ProgramData\MspPlatform\PME\data\Pme.Install_20260427090115_1.xml"
[4] 2026-04-27 09:01:15,313 DEBUG Enter >>> PME.Adapter.RmmAdapter.GetStartActionRmmDataSkeleton()
[4] 2026-04-27 09:01:15,313 DEBUG Exit  <<< PME.Adapter.RmmAdapter.GetStartActionRmmDataSkeleton()
[4] 2026-04-27 09:01:15,334 DEBUG Enter >>> PME.Adapter.RmmAdapter.SaveXmlFile(outputFileName = "C:\ProgramData\MspPlatform\PME\data\Pme.Install_20260427090115_1.xml")
[4] 2026-04-27 09:01:15,345 DEBUG Exit  <<< PME.Adapter.RmmAdapter.SaveXmlFile(outputFileName = "C:\ProgramData\MspPlatform\PME\data\Pme.Install_20260427090115_1.xml")
[4] 2026-04-27 09:01:15,345 DEBUG Exit  <<< PME.Adapter.RmmAdapter.GetAdaptedStartActionsResult()
[4] 2026-04-27 09:01:15,345 DEBUG Exit  <<< PME.Adapter.RmmAdapter.AdaptResponse()
[4] 2026-04-27 09:01:15,345 DEBUG Exit  <<< PME.RpcServerApiWrapper.PmeRpcServerApi.AdaptResponse()
[4] 2026-04-27 09:01:15,345 DEBUG Exit  <<< PME.RpcServerApiWrapper.PmeRpcServerApi.Execute("1", "Pme.Install")
[4] 2026-04-27 09:01:42,049 DEBUG Enter >>> PME.RpcServerApiWrapper.PmeRpcServerApi.Execute("1", "Pme.Version")
[4] 2026-04-27 09:01:42,050 INFO  PME 2.13.14.5671, Request Handler Agent 2.13.14.5122, File Cache Service Agent 2.13.14.5122, WUA 1451.2601.23012.0
[4] 2026-04-27 09:01:42,051 DEBUG Enter >>> PME.RpcServerApiWrapper.PmeRpcServerApi.AdaptResponse()
[4] 2026-04-27 09:01:42,051 DEBUG Adapter.AdaptResponse => using default Adapter. Params: 0
[4] 2026-04-27 09:01:42,052 DEBUG Enter >>> PME.Adapter.RmmAdapter.AdaptResponse()
[4] 2026-04-27 09:01:42,052 DEBUG Exit  <<< PME.Adapter.RmmAdapter.AdaptResponse()
[4] 2026-04-27 09:01:42,052 DEBUG Exit  <<< PME.RpcServerApiWrapper.PmeRpcServerApi.AdaptResponse()
[4] 2026-04-27 09:01:42,052 DEBUG Exit  <<< PME.RpcServerApiWrapper.PmeRpcServerApi.Execute("1", "Pme.Version")
[4] 2026-04-27 09:01:42,074 DEBUG Enter >>> PME.RpcServerApiWrapper.PmeRpcServerApi.Execute("1", "Pme.GetLatestVersion")
[4] 2026-04-27 09:01:42,075 INFO  PME 2.13.14.5671, Request Handler Agent 2.13.14.5122, File Cache Service Agent 2.13.14.5122, WUA 1451.2601.23012.0
[4] 2026-04-27 09:01:42,081 DEBUG Enter >>> PME.RpcServerApiWrapper.PmeRpcServerApi.AdaptResponse()
[4] 2026-04-27 09:01:42,082 DEBUG Adapter.AdaptResponse => using default Adapter. Params: 0
[4] 2026-04-27 09:01:42,082 DEBUG Enter >>> PME.Adapter.RmmAdapter.AdaptResponse()
[4] 2026-04-27 09:01:42,082 DEBUG Exit  <<< PME.Adapter.RmmAdapter.AdaptResponse()
[4] 2026-04-27 09:01:42,082 DEBUG Exit  <<< PME.RpcServerApiWrapper.PmeRpcServerApi.AdaptResponse()
[4] 2026-04-27 09:01:42,082 DEBUG Exit  <<< PME.RpcServerApiWrapper.PmeRpcServerApi.Execute("1", "Pme.GetLatestVersion")
[4] 2026-04-27 09:01:42,109 DEBUG Enter >>> PME.RpcServerApiWrapper.PmeRpcServerApi.Execute("1", "Pme.StartScan")
[4] 2026-04-27 09:01:42,110 INFO  PME 2.13.14.5671, Request Handler Agent 2.13.14.5122, File Cache Service Agent 2.13.14.5122, WUA 1451.2601.23012.0
[4] 2026-04-27 09:01:42,113 DEBUG PME.RpcServerApiWrapper.PmeRpcServerApi.StartScan => parameters:
[4] 2026-04-27 09:01:42,114 DEBUG 	outputFileName=C:\PROGRA~2\ADVANC~1\scans\PatchMan_1199789640
[4] 2026-04-27 09:02:20,290 INFO  PME.RpcServerApiWrapper.PmeRpcServerApi.Execute => submitting to Perun is not enabled (feature flag check)
[4] 2026-04-27 09:02:20,290 DEBUG Enter >>> PME.RpcServerApiWrapper.PmeRpcServerApi.AdaptResponse()
[4] 2026-04-27 09:02:20,290 DEBUG Adapter.AdaptResponse => using default Adapter. Params: 1
[4] 2026-04-27 09:02:20,291 DEBUG Enter >>> PME.Adapter.RmmAdapter.AdaptResponse()
[4] 2026-04-27 09:02:20,293 DEBUG Enter >>> PME.Adapter.RmmAdapter.GetAdaptedStartScanResponse()
[4] 2026-04-27 09:02:20,293 DEBUG Enter >>> PME.Adapter.RmmAdapter.GetOutputFileNameFromParams()
[4] 2026-04-27 09:02:20,293 DEBUG Exit  <<< PME.Adapter.RmmAdapter.GetOutputFileNameFromParams(), returns "C:\PROGRA~2\ADVANC~1\scans\PatchMan_1199789640"
[4] 2026-04-27 09:02:20,295 DEBUG Enter >>> PME.Adapter.RmmAdapter.GetStartScanRmmDataSkeleton()
[4] 2026-04-27 09:02:20,296 DEBUG Enter >>> PME.Adapter.RmmAdapter.GetLocalIpAddress()
[4] 2026-04-27 09:02:20,310 DEBUG Exit  <<< PME.Adapter.RmmAdapter.GetLocalIpAddress(), returns "192.168.20.120"
[4] 2026-04-27 09:02:20,310 DEBUG Exit  <<< PME.Adapter.RmmAdapter.GetStartScanRmmDataSkeleton()
[4] 2026-04-27 09:02:20,311 DEBUG Enter >>> PME.Adapter.RmmAdapter.FillRmmData()
[4] 2026-04-27 09:02:20,312 DEBUG Enter >>> PME.Adapter.RmmAdapter.CreateListOfHotfixesAndMissingHotfixes()
[4] 2026-04-27 09:02:20,312 DEBUG Exit  <<< PME.Adapter.RmmAdapter.CreateListOfHotfixesAndMissingHotfixes()
[4] 2026-04-27 09:02:20,315 DEBUG Enter >>> PME.Adapter.RmmAdapter.GetProducts()
[4] 2026-04-27 09:02:20,329 DEBUG Exit  <<< PME.Adapter.RmmAdapter.GetProducts()
[4] 2026-04-27 09:02:20,330 DEBUG Enter >>> PME.Adapter.RmmAdapter.GetProducts()
[4] 2026-04-27 09:02:20,332 DEBUG Exit  <<< PME.Adapter.RmmAdapter.GetProducts()
[4] 2026-04-27 09:02:20,333 DEBUG Exit  <<< PME.Adapter.RmmAdapter.FillRmmData()
[4] 2026-04-27 09:02:20,333 OFF   GetAdaptedStartScanResponse => Scan result numbers: 12 installed patches, 4 missing patches
[4] 2026-04-27 09:02:20,333 DEBUG Enter >>> PME.Adapter.RmmAdapter.SaveXmlFile(outputFileName = "C:\PROGRA~2\ADVANC~1\scans\PatchMan_1199789640")
[4] 2026-04-27 09:02:20,354 DEBUG Exit  <<< PME.Adapter.RmmAdapter.SaveXmlFile(outputFileName = "C:\PROGRA~2\ADVANC~1\scans\PatchMan_1199789640")
[4] 2026-04-27 09:02:20,355 DEBUG Enter >>> PME.Adapter.RmmAdapter.SaveJsonFile(outputFileName = "C:\PROGRA~2\ADVANC~1\scans\PatchMan_1199789640.json")
[4] 2026-04-27 09:02:20,381 DEBUG Exit  <<< PME.Adapter.RmmAdapter.SaveJsonFile(outputFileName = "C:\PROGRA~2\ADVANC~1\scans\PatchMan_1199789640.json")
[4] 2026-04-27 09:02:20,381 DEBUG Exit  <<< PME.Adapter.RmmAdapter.GetAdaptedStartScanResponse()
[4] 2026-04-27 09:02:20,382 DEBUG Exit  <<< PME.Adapter.RmmAdapter.AdaptResponse()
[4] 2026-04-27 09:02:20,382 DEBUG Exit  <<< PME.RpcServerApiWrapper.PmeRpcServerApi.AdaptResponse()
[4] 2026-04-27 09:02:20,382 DEBUG Exit  <<< PME.RpcServerApiWrapper.PmeRpcServerApi.Execute("1", "Pme.StartScan")
[4] 2026-04-27 10:31:42,388 DEBUG Enter >>> PME.RpcServerApiWrapper.PmeRpcServerApi.Execute("1", "Pme.Version")
[4] 2026-04-27 10:31:42,409 INFO  PME 2.13.14.5671, Request Handler Agent 2.13.14.5122, File Cache Service Agent 2.13.14.5122, WUA 1451.2601.23012.0
[4] 2026-04-27 10:31:42,435 DEBUG Enter >>> PME.RpcServerApiWrapper.PmeRpcServerApi.AdaptResponse()
[4] 2026-04-27 10:31:42,439 DEBUG Adapter.AdaptResponse => using default Adapter. Params: 0
[4] 2026-04-27 10:31:42,441 DEBUG Enter >>> PME.Adapter.RmmAdapter.AdaptResponse()
[4] 2026-04-27 10:31:42,441 DEBUG Exit  <<< PME.Adapter.RmmAdapter.AdaptResponse()
[4] 2026-04-27 10:31:42,441 DEBUG Exit  <<< PME.RpcServerApiWrapper.PmeRpcServerApi.AdaptResponse()
[4] 2026-04-27 10:31:42,441 DEBUG Exit  <<< PME.RpcServerApiWrapper.PmeRpcServerApi.Execute("1", "Pme.Version")
[4] 2026-04-27 10:31:42,498 DEBUG Enter >>> PME.RpcServerApiWrapper.PmeRpcServerApi.Execute("1", "Pme.GetLatestVersion")
[4] 2026-04-27 10:31:42,498 INFO  PME 2.13.14.5671, Request Handler Agent 2.13.14.5122, File Cache Service Agent 2.13.14.5122, WUA 1451.2601.23012.0
[4] 2026-04-27 10:31:42,714 DEBUG Enter >>> PME.RpcServerApiWrapper.PmeRpcServerApi.AdaptResponse()
[4] 2026-04-27 10:31:42,714 DEBUG Adapter.AdaptResponse => using default Adapter. Params: 0
[4] 2026-04-27 10:31:42,714 DEBUG Enter >>> PME.Adapter.RmmAdapter.AdaptResponse()
[4] 2026-04-27 10:31:42,714 DEBUG Exit  <<< PME.Adapter.RmmAdapter.AdaptResponse()
[4] 2026-04-27 10:31:42,714 DEBUG Exit  <<< PME.RpcServerApiWrapper.PmeRpcServerApi.AdaptResponse()
[4] 2026-04-27 10:31:42,714 DEBUG Exit  <<< PME.RpcServerApiWrapper.PmeRpcServerApi.Execute("1", "Pme.GetLatestVersion")
[4] 2026-04-27 10:31:42,744 DEBUG Enter >>> PME.RpcServerApiWrapper.PmeRpcServerApi.Execute("1", "Pme.StartScan")
[4] 2026-04-27 10:31:42,744 INFO  PME 2.13.14.5671, Request Handler Agent 2.13.14.5122, File Cache Service Agent 2.13.14.5122, WUA 1451.2601.23012.0
[4] 2026-04-27 10:31:42,754 DEBUG PME.RpcServerApiWrapper.PmeRpcServerApi.StartScan => parameters:
[4] 2026-04-27 10:31:42,754 DEBUG 	outputFileName=C:\PROGRA~2\ADVANC~1\scans\PatchMan_485718
[4] 2026-04-27 10:32:36,063 INFO  PME.RpcServerApiWrapper.PmeRpcServerApi.Execute => submitting to Perun is not enabled (feature flag check)
[4] 2026-04-27 10:32:36,063 DEBUG Enter >>> PME.RpcServerApiWrapper.PmeRpcServerApi.AdaptResponse()
[4] 2026-04-27 10:32:36,063 DEBUG Adapter.AdaptResponse => using default Adapter. Params: 1
[4] 2026-04-27 10:32:36,063 DEBUG Enter >>> PME.Adapter.RmmAdapter.AdaptResponse()
[4] 2026-04-27 10:32:36,070 DEBUG Enter >>> PME.Adapter.RmmAdapter.GetAdaptedStartScanResponse()
[4] 2026-04-27 10:32:36,070 DEBUG Enter >>> PME.Adapter.RmmAdapter.GetOutputFileNameFromParams()
[4] 2026-04-27 10:32:36,070 DEBUG Exit  <<< PME.Adapter.RmmAdapter.GetOutputFileNameFromParams(), returns "C:\PROGRA~2\ADVANC~1\scans\PatchMan_485718"
[4] 2026-04-27 10:32:36,073 DEBUG Enter >>> PME.Adapter.RmmAdapter.GetStartScanRmmDataSkeleton()
[4] 2026-04-27 10:32:36,073 DEBUG Enter >>> PME.Adapter.RmmAdapter.GetLocalIpAddress()
[4] 2026-04-27 10:32:36,083 DEBUG Exit  <<< PME.Adapter.RmmAdapter.GetLocalIpAddress(), returns "192.168.20.120"
[4] 2026-04-27 10:32:36,083 DEBUG Exit  <<< PME.Adapter.RmmAdapter.GetStartScanRmmDataSkeleton()
[4] 2026-04-27 10:32:36,083 DEBUG Enter >>> PME.Adapter.RmmAdapter.FillRmmData()
[4] 2026-04-27 10:32:36,083 DEBUG Enter >>> PME.Adapter.RmmAdapter.CreateListOfHotfixesAndMissingHotfixes()
[4] 2026-04-27 10:32:36,083 DEBUG Exit  <<< PME.Adapter.RmmAdapter.CreateListOfHotfixesAndMissingHotfixes()
[4] 2026-04-27 10:32:36,086 DEBUG Enter >>> PME.Adapter.RmmAdapter.GetProducts()
[4] 2026-04-27 10:32:36,103 DEBUG Exit  <<< PME.Adapter.RmmAdapter.GetProducts()
[4] 2026-04-27 10:32:36,103 DEBUG Enter >>> PME.Adapter.RmmAdapter.GetProducts()
[4] 2026-04-27 10:32:36,103 DEBUG Exit  <<< PME.Adapter.RmmAdapter.GetProducts()
[4] 2026-04-27 10:32:36,103 DEBUG Exit  <<< PME.Adapter.RmmAdapter.FillRmmData()
[4] 2026-04-27 10:32:36,103 OFF   GetAdaptedStartScanResponse => Scan result numbers: 13 installed patches, 2 missing patches
[4] 2026-04-27 10:32:36,103 DEBUG Enter >>> PME.Adapter.RmmAdapter.SaveXmlFile(outputFileName = "C:\PROGRA~2\ADVANC~1\scans\PatchMan_485718")
[4] 2026-04-27 10:32:36,118 DEBUG Exit  <<< PME.Adapter.RmmAdapter.SaveXmlFile(outputFileName = "C:\PROGRA~2\ADVANC~1\scans\PatchMan_485718")
[4] 2026-04-27 10:32:36,118 DEBUG Enter >>> PME.Adapter.RmmAdapter.SaveJsonFile(outputFileName = "C:\PROGRA~2\ADVANC~1\scans\PatchMan_485718.json")
[4] 2026-04-27 10:32:36,138 DEBUG Exit  <<< PME.Adapter.RmmAdapter.SaveJsonFile(outputFileName = "C:\PROGRA~2\ADVANC~1\scans\PatchMan_485718.json")
[4] 2026-04-27 10:32:36,138 DEBUG Exit  <<< PME.Adapter.RmmAdapter.GetAdaptedStartScanResponse()
[4] 2026-04-27 10:32:36,138 DEBUG Exit  <<< PME.Adapter.RmmAdapter.AdaptResponse()
[4] 2026-04-27 10:32:36,138 DEBUG Exit  <<< PME.RpcServerApiWrapper.PmeRpcServerApi.AdaptResponse()
[4] 2026-04-27 10:32:36,138 DEBUG Exit  <<< PME.RpcServerApiWrapper.PmeRpcServerApi.Execute("1", "Pme.StartScan")
[8] 2026-04-27 11:01:50,505 DEBUG Enter >>> PME.RpcServerApiWrapper.PmeRpcServerApi.Execute("1", "Pme.Version")
[8] 2026-04-27 11:01:50,505 INFO  PME 2.13.14.5671, Request Handler Agent 2.13.14.5122, File Cache Service Agent 2.13.14.5122, WUA 1451.2601.23012.0
[8] 2026-04-27 11:01:50,515 DEBUG Enter >>> PME.RpcServerApiWrapper.PmeRpcServerApi.AdaptResponse()
[8] 2026-04-27 11:01:50,515 DEBUG Adapter.AdaptResponse => using default Adapter. Params: 0
[8] 2026-04-27 11:01:50,515 DEBUG Enter >>> PME.Adapter.RmmAdapter.AdaptResponse()
[8] 2026-04-27 11:01:50,515 DEBUG Exit  <<< PME.Adapter.RmmAdapter.AdaptResponse()
[8] 2026-04-27 11:01:50,515 DEBUG Exit  <<< PME.RpcServerApiWrapper.PmeRpcServerApi.AdaptResponse()
[8] 2026-04-27 11:01:50,515 DEBUG Exit  <<< PME.RpcServerApiWrapper.PmeRpcServerApi.Execute("1", "Pme.Version")
[8] 2026-04-27 11:01:50,536 DEBUG Enter >>> PME.RpcServerApiWrapper.PmeRpcServerApi.Execute("1", "Pme.GetLatestVersion")
[8] 2026-04-27 11:01:50,536 INFO  PME 2.13.14.5671, Request Handler Agent 2.13.14.5122, File Cache Service Agent 2.13.14.5122, WUA 1451.2601.23012.0
[8] 2026-04-27 11:01:50,536 DEBUG Enter >>> PME.RpcServerApiWrapper.PmeRpcServerApi.AdaptResponse()
[8] 2026-04-27 11:01:50,536 DEBUG Adapter.AdaptResponse => using default Adapter. Params: 0
[8] 2026-04-27 11:01:50,536 DEBUG Enter >>> PME.Adapter.RmmAdapter.AdaptResponse()
[8] 2026-04-27 11:01:50,536 DEBUG Exit  <<< PME.Adapter.RmmAdapter.AdaptResponse()
[8] 2026-04-27 11:01:50,536 DEBUG Exit  <<< PME.RpcServerApiWrapper.PmeRpcServerApi.AdaptResponse()
[8] 2026-04-27 11:01:50,536 DEBUG Exit  <<< PME.RpcServerApiWrapper.PmeRpcServerApi.Execute("1", "Pme.GetLatestVersion")
[8] 2026-04-27 11:01:50,569 DEBUG Enter >>> PME.RpcServerApiWrapper.PmeRpcServerApi.Execute("1", "Pme.StartScan")
[8] 2026-04-27 11:01:50,569 INFO  PME 2.13.14.5671, Request Handler Agent 2.13.14.5122, File Cache Service Agent 2.13.14.5122, WUA 1451.2601.23012.0
[8] 2026-04-27 11:01:50,569 DEBUG PME.RpcServerApiWrapper.PmeRpcServerApi.StartScan => parameters:
[8] 2026-04-27 11:01:50,569 DEBUG 	outputFileName=C:\PROGRA~2\ADVANC~1\scans\PatchMan_2293546
[8] 2026-04-27 11:03:12,562 INFO  PME.RpcServerApiWrapper.PmeRpcServerApi.Execute => submitting to Perun is not enabled (feature flag check)
[8] 2026-04-27 11:03:12,562 DEBUG Enter >>> PME.RpcServerApiWrapper.PmeRpcServerApi.AdaptResponse()
[8] 2026-04-27 11:03:12,562 DEBUG Adapter.AdaptResponse => using default Adapter. Params: 1
[8] 2026-04-27 11:03:12,562 DEBUG Enter >>> PME.Adapter.RmmAdapter.AdaptResponse()
[8] 2026-04-27 11:03:12,562 DEBUG Enter >>> PME.Adapter.RmmAdapter.GetAdaptedStartScanResponse()
[8] 2026-04-27 11:03:12,562 DEBUG Enter >>> PME.Adapter.RmmAdapter.GetOutputFileNameFromParams()
[8] 2026-04-27 11:03:12,562 DEBUG Exit  <<< PME.Adapter.RmmAdapter.GetOutputFileNameFromParams(), returns "C:\PROGRA~2\ADVANC~1\scans\PatchMan_2293546"
[8] 2026-04-27 11:03:12,562 DEBUG Enter >>> PME.Adapter.RmmAdapter.GetStartScanRmmDataSkeleton()
[8] 2026-04-27 11:03:12,562 DEBUG Enter >>> PME.Adapter.RmmAdapter.GetLocalIpAddress()
[8] 2026-04-27 11:03:12,573 DEBUG Exit  <<< PME.Adapter.RmmAdapter.GetLocalIpAddress(), returns "192.168.20.120"
[8] 2026-04-27 11:03:12,573 DEBUG Exit  <<< PME.Adapter.RmmAdapter.GetStartScanRmmDataSkeleton()
[8] 2026-04-27 11:03:12,573 DEBUG Enter >>> PME.Adapter.RmmAdapter.FillRmmData()
[8] 2026-04-27 11:03:12,573 DEBUG Enter >>> PME.Adapter.RmmAdapter.CreateListOfHotfixesAndMissingHotfixes()
[8] 2026-04-27 11:03:12,573 DEBUG Exit  <<< PME.Adapter.RmmAdapter.CreateListOfHotfixesAndMissingHotfixes()
[8] 2026-04-27 11:03:12,573 DEBUG Enter >>> PME.Adapter.RmmAdapter.GetProducts()
[8] 2026-04-27 11:03:12,575 DEBUG Exit  <<< PME.Adapter.RmmAdapter.GetProducts()
[8] 2026-04-27 11:03:12,575 DEBUG Enter >>> PME.Adapter.RmmAdapter.GetProducts()
[8] 2026-04-27 11:03:12,575 DEBUG Exit  <<< PME.Adapter.RmmAdapter.GetProducts()
[8] 2026-04-27 11:03:12,575 DEBUG Exit  <<< PME.Adapter.RmmAdapter.FillRmmData()
[8] 2026-04-27 11:03:12,575 OFF   GetAdaptedStartScanResponse => Scan result numbers: 14 installed patches, 1 missing patches
[8] 2026-04-27 11:03:12,575 DEBUG Enter >>> PME.Adapter.RmmAdapter.SaveXmlFile(outputFileName = "C:\PROGRA~2\ADVANC~1\scans\PatchMan_2293546")
[8] 2026-04-27 11:03:12,575 DEBUG Exit  <<< PME.Adapter.RmmAdapter.SaveXmlFile(outputFileName = "C:\PROGRA~2\ADVANC~1\scans\PatchMan_2293546")
[8] 2026-04-27 11:03:12,575 DEBUG Enter >>> PME.Adapter.RmmAdapter.SaveJsonFile(outputFileName = "C:\PROGRA~2\ADVANC~1\scans\PatchMan_2293546.json")
[8] 2026-04-27 11:03:12,593 DEBUG Exit  <<< PME.Adapter.RmmAdapter.SaveJsonFile(outputFileName = "C:\PROGRA~2\ADVANC~1\scans\PatchMan_2293546.json")
[8] 2026-04-27 11:03:12,593 DEBUG Exit  <<< PME.Adapter.RmmAdapter.GetAdaptedStartScanResponse()
[8] 2026-04-27 11:03:12,593 DEBUG Exit  <<< PME.Adapter.RmmAdapter.AdaptResponse()
[8] 2026-04-27 11:03:12,593 DEBUG Exit  <<< PME.RpcServerApiWrapper.PmeRpcServerApi.AdaptResponse()
[8] 2026-04-27 11:03:12,593 DEBUG Exit  <<< PME.RpcServerApiWrapper.PmeRpcServerApi.Execute("1", "Pme.StartScan")
[11] 2026-04-28 08:59:01,494 DEBUG Enter >>> PME.RpcServerApiWrapper.PmeRpcServerApi.Execute("1", "Pme.Version")
[11] 2026-04-28 08:59:01,498 INFO  PME 2.13.14.5671, Request Handler Agent 2.13.14.5122, File Cache Service Agent 2.13.14.5122, WUA 1451.2601.23012.0
[11] 2026-04-28 08:59:01,502 DEBUG Enter >>> PME.RpcServerApiWrapper.PmeRpcServerApi.AdaptResponse()
[11] 2026-04-28 08:59:01,502 DEBUG Adapter.AdaptResponse => using default Adapter. Params: 0
[11] 2026-04-28 08:59:01,502 DEBUG Enter >>> PME.Adapter.RmmAdapter.AdaptResponse()
[11] 2026-04-28 08:59:01,503 DEBUG Exit  <<< PME.Adapter.RmmAdapter.AdaptResponse()
[11] 2026-04-28 08:59:01,503 DEBUG Exit  <<< PME.RpcServerApiWrapper.PmeRpcServerApi.AdaptResponse()
[11] 2026-04-28 08:59:01,504 DEBUG Exit  <<< PME.RpcServerApiWrapper.PmeRpcServerApi.Execute("1", "Pme.Version")
[11] 2026-04-28 08:59:01,552 DEBUG Enter >>> PME.RpcServerApiWrapper.PmeRpcServerApi.Execute("1", "Pme.GetLatestVersion")
[11] 2026-04-28 08:59:01,556 INFO  PME 2.13.14.5671, Request Handler Agent 2.13.14.5122, File Cache Service Agent 2.13.14.5122, WUA 1451.2601.23012.0
[11] 2026-04-28 08:59:01,571 DEBUG Enter >>> PME.RpcServerApiWrapper.PmeRpcServerApi.AdaptResponse()
[11] 2026-04-28 08:59:01,573 DEBUG Adapter.AdaptResponse => using default Adapter. Params: 0
[11] 2026-04-28 08:59:01,573 DEBUG Enter >>> PME.Adapter.RmmAdapter.AdaptResponse()
[11] 2026-04-28 08:59:01,573 DEBUG Exit  <<< PME.Adapter.RmmAdapter.AdaptResponse()
[11] 2026-04-28 08:59:01,573 DEBUG Exit  <<< PME.RpcServerApiWrapper.PmeRpcServerApi.AdaptResponse()
[11] 2026-04-28 08:59:01,573 DEBUG Exit  <<< PME.RpcServerApiWrapper.PmeRpcServerApi.Execute("1", "Pme.GetLatestVersion")
[11] 2026-04-28 09:00:01,828 DEBUG Enter >>> PME.RpcServerApiWrapper.PmeRpcServerApi.Execute("1", "Pme.Version")
[11] 2026-04-28 09:00:01,829 INFO  PME 2.13.14.5671, Request Handler Agent 2.13.14.5122, File Cache Service Agent 2.13.14.5122, WUA 1451.2601.23012.0
[11] 2026-04-28 09:00:01,830 DEBUG Enter >>> PME.RpcServerApiWrapper.PmeRpcServerApi.AdaptResponse()
[11] 2026-04-28 09:00:01,830 DEBUG Adapter.AdaptResponse => using default Adapter. Params: 0
[11] 2026-04-28 09:00:01,830 DEBUG Enter >>> PME.Adapter.RmmAdapter.AdaptResponse()
[11] 2026-04-28 09:00:01,831 DEBUG Exit  <<< PME.Adapter.RmmAdapter.AdaptResponse()
[11] 2026-04-28 09:00:01,831 DEBUG Exit  <<< PME.RpcServerApiWrapper.PmeRpcServerApi.AdaptResponse()
[11] 2026-04-28 09:00:01,831 DEBUG Exit  <<< PME.RpcServerApiWrapper.PmeRpcServerApi.Execute("1", "Pme.Version")
[11] 2026-04-28 09:00:01,853 DEBUG Enter >>> PME.RpcServerApiWrapper.PmeRpcServerApi.Execute("1", "Pme.GetLatestVersion")
[11] 2026-04-28 09:00:01,854 INFO  PME 2.13.14.5671, Request Handler Agent 2.13.14.5122, File Cache Service Agent 2.13.14.5122, WUA 1451.2601.23012.0
[11] 2026-04-28 09:00:01,858 DEBUG Enter >>> PME.RpcServerApiWrapper.PmeRpcServerApi.AdaptResponse()
[11] 2026-04-28 09:00:01,858 DEBUG Adapter.AdaptResponse => using default Adapter. Params: 0
[11] 2026-04-28 09:00:01,858 DEBUG Enter >>> PME.Adapter.RmmAdapter.AdaptResponse()
[11] 2026-04-28 09:00:01,859 DEBUG Exit  <<< PME.Adapter.RmmAdapter.AdaptResponse()
[11] 2026-04-28 09:00:01,859 DEBUG Exit  <<< PME.RpcServerApiWrapper.PmeRpcServerApi.AdaptResponse()
[11] 2026-04-28 09:00:01,859 DEBUG Exit  <<< PME.RpcServerApiWrapper.PmeRpcServerApi.Execute("1", "Pme.GetLatestVersion")
[12] 2026-04-28 11:12:58,317 DEBUG Enter >>> PME.RpcServerApiWrapper.PmeRpcServerApi.Execute("1", "Pme.Version")
[12] 2026-04-28 11:12:58,324 INFO  PME 2.13.14.5671, Request Handler Agent 2.13.14.5122, File Cache Service Agent 2.13.14.5122, WUA 1451.2601.23012.0
[12] 2026-04-28 11:12:58,401 DEBUG Enter >>> PME.RpcServerApiWrapper.PmeRpcServerApi.AdaptResponse()
[12] 2026-04-28 11:12:58,401 DEBUG Adapter.AdaptResponse => using default Adapter. Params: 0
[12] 2026-04-28 11:12:58,401 DEBUG Enter >>> PME.Adapter.RmmAdapter.AdaptResponse()
[12] 2026-04-28 11:12:58,401 DEBUG Exit  <<< PME.Adapter.RmmAdapter.AdaptResponse()
[12] 2026-04-28 11:12:58,401 DEBUG Exit  <<< PME.RpcServerApiWrapper.PmeRpcServerApi.AdaptResponse()
[12] 2026-04-28 11:12:58,401 DEBUG Exit  <<< PME.RpcServerApiWrapper.PmeRpcServerApi.Execute("1", "Pme.Version")
[12] 2026-04-28 11:12:58,428 DEBUG Enter >>> PME.RpcServerApiWrapper.PmeRpcServerApi.Execute("1", "Pme.GetLatestVersion")
[12] 2026-04-28 11:12:58,428 INFO  PME 2.13.14.5671, Request Handler Agent 2.13.14.5122, File Cache Service Agent 2.13.14.5122, WUA 1451.2601.23012.0
[12] 2026-04-28 11:12:58,443 DEBUG Enter >>> PME.RpcServerApiWrapper.PmeRpcServerApi.AdaptResponse()
[12] 2026-04-28 11:12:58,443 DEBUG Adapter.AdaptResponse => using default Adapter. Params: 0
[12] 2026-04-28 11:12:58,443 DEBUG Enter >>> PME.Adapter.RmmAdapter.AdaptResponse()
[12] 2026-04-28 11:12:58,443 DEBUG Exit  <<< PME.Adapter.RmmAdapter.AdaptResponse()
[12] 2026-04-28 11:12:58,443 DEBUG Exit  <<< PME.RpcServerApiWrapper.PmeRpcServerApi.AdaptResponse()
[12] 2026-04-28 11:12:58,443 DEBUG Exit  <<< PME.RpcServerApiWrapper.PmeRpcServerApi.Execute("1", "Pme.GetLatestVersion")
[12] 2026-04-28 11:12:58,464 DEBUG Enter >>> PME.RpcServerApiWrapper.PmeRpcServerApi.Execute("1", "Pme.StartScan")
[12] 2026-04-28 11:12:58,464 INFO  PME 2.13.14.5671, Request Handler Agent 2.13.14.5122, File Cache Service Agent 2.13.14.5122, WUA 1451.2601.23012.0
[12] 2026-04-28 11:12:58,474 DEBUG PME.RpcServerApiWrapper.PmeRpcServerApi.StartScan => parameters:
[12] 2026-04-28 11:12:58,475 DEBUG 	outputFileName=C:\PROGRA~2\ADVANC~1\scans\PatchMan_89361453_0
[12] 2026-04-28 11:15:11,589 INFO  PME.RpcServerApiWrapper.PmeRpcServerApi.Execute => submitting to Perun is not enabled (feature flag check)
[12] 2026-04-28 11:15:11,595 DEBUG Enter >>> PME.RpcServerApiWrapper.PmeRpcServerApi.AdaptResponse()
[12] 2026-04-28 11:15:11,595 DEBUG Adapter.AdaptResponse => using default Adapter. Params: 1
[12] 2026-04-28 11:15:11,595 DEBUG Enter >>> PME.Adapter.RmmAdapter.AdaptResponse()
[12] 2026-04-28 11:15:11,595 DEBUG Enter >>> PME.Adapter.RmmAdapter.GetAdaptedStartScanResponse()
[12] 2026-04-28 11:15:11,595 DEBUG Enter >>> PME.Adapter.RmmAdapter.GetOutputFileNameFromParams()
[12] 2026-04-28 11:15:11,595 DEBUG Exit  <<< PME.Adapter.RmmAdapter.GetOutputFileNameFromParams(), returns "C:\PROGRA~2\ADVANC~1\scans\PatchMan_89361453_0"
[12] 2026-04-28 11:15:11,595 DEBUG Enter >>> PME.Adapter.RmmAdapter.GetStartScanRmmDataSkeleton()
[12] 2026-04-28 11:15:11,595 DEBUG Enter >>> PME.Adapter.RmmAdapter.GetLocalIpAddress()
[12] 2026-04-28 11:15:11,595 DEBUG Exit  <<< PME.Adapter.RmmAdapter.GetLocalIpAddress(), returns "192.168.20.121"
[12] 2026-04-28 11:15:11,595 DEBUG Exit  <<< PME.Adapter.RmmAdapter.GetStartScanRmmDataSkeleton()
[12] 2026-04-28 11:15:11,595 DEBUG Enter >>> PME.Adapter.RmmAdapter.FillRmmData()
[12] 2026-04-28 11:15:11,595 DEBUG Enter >>> PME.Adapter.RmmAdapter.CreateListOfHotfixesAndMissingHotfixes()
[12] 2026-04-28 11:15:11,595 DEBUG Exit  <<< PME.Adapter.RmmAdapter.CreateListOfHotfixesAndMissingHotfixes()
[12] 2026-04-28 11:15:11,595 DEBUG Enter >>> PME.Adapter.RmmAdapter.GetProducts()
[12] 2026-04-28 11:15:11,601 DEBUG Exit  <<< PME.Adapter.RmmAdapter.GetProducts()
[12] 2026-04-28 11:15:11,601 DEBUG Enter >>> PME.Adapter.RmmAdapter.GetProducts()
[12] 2026-04-28 11:15:11,601 DEBUG Exit  <<< PME.Adapter.RmmAdapter.GetProducts()
[12] 2026-04-28 11:15:11,601 DEBUG Exit  <<< PME.Adapter.RmmAdapter.FillRmmData()
[12] 2026-04-28 11:15:11,601 OFF   GetAdaptedStartScanResponse => Scan result numbers: 13 installed patches, 2 missing patches
[12] 2026-04-28 11:15:11,601 DEBUG Enter >>> PME.Adapter.RmmAdapter.SaveXmlFile(outputFileName = "C:\PROGRA~2\ADVANC~1\scans\PatchMan_89361453_0")
[12] 2026-04-28 11:15:11,601 DEBUG Exit  <<< PME.Adapter.RmmAdapter.SaveXmlFile(outputFileName = "C:\PROGRA~2\ADVANC~1\scans\PatchMan_89361453_0")
[12] 2026-04-28 11:15:11,601 DEBUG Enter >>> PME.Adapter.RmmAdapter.SaveJsonFile(outputFileName = "C:\PROGRA~2\ADVANC~1\scans\PatchMan_89361453_0.json")
[12] 2026-04-28 11:15:11,621 DEBUG Exit  <<< PME.Adapter.RmmAdapter.SaveJsonFile(outputFileName = "C:\PROGRA~2\ADVANC~1\scans\PatchMan_89361453_0.json")
[12] 2026-04-28 11:15:11,621 DEBUG Exit  <<< PME.Adapter.RmmAdapter.GetAdaptedStartScanResponse()
[12] 2026-04-28 11:15:11,621 DEBUG Exit  <<< PME.Adapter.RmmAdapter.AdaptResponse()
[12] 2026-04-28 11:15:11,621 DEBUG Exit  <<< PME.RpcServerApiWrapper.PmeRpcServerApi.AdaptResponse()
[12] 2026-04-28 11:15:11,621 DEBUG Exit  <<< PME.RpcServerApiWrapper.PmeRpcServerApi.Execute("1", "Pme.StartScan")
[10] 2026-04-29 09:42:38,634 DEBUG Enter >>> PME.RpcServerApiWrapper.PmeRpcServerApi.Execute("1", "Pme.Version")
[10] 2026-04-29 09:42:38,636 INFO  PME 2.13.14.5671, Request Handler Agent 2.13.14.5122, File Cache Service Agent 2.13.14.5122, WUA 1451.2601.23012.0
[10] 2026-04-29 09:42:38,640 DEBUG Enter >>> PME.RpcServerApiWrapper.PmeRpcServerApi.AdaptResponse()
[10] 2026-04-29 09:42:38,640 DEBUG Adapter.AdaptResponse => using default Adapter. Params: 0
[10] 2026-04-29 09:42:38,640 DEBUG Enter >>> PME.Adapter.RmmAdapter.AdaptResponse()
[10] 2026-04-29 09:42:38,640 DEBUG Exit  <<< PME.Adapter.RmmAdapter.AdaptResponse()
[10] 2026-04-29 09:42:38,642 DEBUG Exit  <<< PME.RpcServerApiWrapper.PmeRpcServerApi.AdaptResponse()
[10] 2026-04-29 09:42:38,642 DEBUG Exit  <<< PME.RpcServerApiWrapper.PmeRpcServerApi.Execute("1", "Pme.Version")
[10] 2026-04-29 09:42:38,687 DEBUG Enter >>> PME.RpcServerApiWrapper.PmeRpcServerApi.Execute("1", "Pme.GetLatestVersion")
[10] 2026-04-29 09:42:38,687 INFO  PME 2.13.14.5671, Request Handler Agent 2.13.14.5122, File Cache Service Agent 2.13.14.5122, WUA 1451.2601.23012.0
[10] 2026-04-29 09:42:38,704 DEBUG Enter >>> PME.RpcServerApiWrapper.PmeRpcServerApi.AdaptResponse()
[10] 2026-04-29 09:42:38,704 DEBUG Adapter.AdaptResponse => using default Adapter. Params: 0
[10] 2026-04-29 09:42:38,704 DEBUG Enter >>> PME.Adapter.RmmAdapter.AdaptResponse()
[10] 2026-04-29 09:42:38,706 DEBUG Exit  <<< PME.Adapter.RmmAdapter.AdaptResponse()
[10] 2026-04-29 09:42:38,706 DEBUG Exit  <<< PME.RpcServerApiWrapper.PmeRpcServerApi.AdaptResponse()
[10] 2026-04-29 09:42:38,706 DEBUG Exit  <<< PME.RpcServerApiWrapper.PmeRpcServerApi.Execute("1", "Pme.GetLatestVersion")
[12] 2026-04-30 09:23:18,276 DEBUG Enter >>> PME.RpcServerApiWrapper.PmeRpcServerApi.Execute("1", "Pme.Version")
[12] 2026-04-30 09:23:18,282 INFO  PME 2.13.14.5671, Request Handler Agent 2.13.14.5122, File Cache Service Agent 2.13.14.5122, WUA 1451.2601.23012.0
[12] 2026-04-30 09:23:18,307 DEBUG Enter >>> PME.RpcServerApiWrapper.PmeRpcServerApi.AdaptResponse()
[12] 2026-04-30 09:23:18,307 DEBUG Adapter.AdaptResponse => using default Adapter. Params: 0
[12] 2026-04-30 09:23:18,309 DEBUG Enter >>> PME.Adapter.RmmAdapter.AdaptResponse()
[12] 2026-04-30 09:23:18,309 DEBUG Exit  <<< PME.Adapter.RmmAdapter.AdaptResponse()
[12] 2026-04-30 09:23:18,309 DEBUG Exit  <<< PME.RpcServerApiWrapper.PmeRpcServerApi.AdaptResponse()
[12] 2026-04-30 09:23:18,309 DEBUG Exit  <<< PME.RpcServerApiWrapper.PmeRpcServerApi.Execute("1", "Pme.Version")
[12] 2026-04-30 09:23:18,346 DEBUG Enter >>> PME.RpcServerApiWrapper.PmeRpcServerApi.Execute("1", "Pme.GetLatestVersion")
[12] 2026-04-30 09:23:18,349 INFO  PME 2.13.14.5671, Request Handler Agent 2.13.14.5122, File Cache Service Agent 2.13.14.5122, WUA 1451.2601.23012.0
[12] 2026-04-30 09:23:18,361 DEBUG Enter >>> PME.RpcServerApiWrapper.PmeRpcServerApi.AdaptResponse()
[12] 2026-04-30 09:23:18,361 DEBUG Adapter.AdaptResponse => using default Adapter. Params: 0
[12] 2026-04-30 09:23:18,362 DEBUG Enter >>> PME.Adapter.RmmAdapter.AdaptResponse()
[12] 2026-04-30 09:23:18,362 DEBUG Exit  <<< PME.Adapter.RmmAdapter.AdaptResponse()
[12] 2026-04-30 09:23:18,362 DEBUG Exit  <<< PME.RpcServerApiWrapper.PmeRpcServerApi.AdaptResponse()
[12] 2026-04-30 09:23:18,362 DEBUG Exit  <<< PME.RpcServerApiWrapper.PmeRpcServerApi.Execute("1", "Pme.GetLatestVersion")
[12] 2026-04-30 09:23:18,416 DEBUG Enter >>> PME.RpcServerApiWrapper.PmeRpcServerApi.Execute("1", "Pme.StartScan")
[12] 2026-04-30 09:23:18,422 INFO  PME 2.13.14.5671, Request Handler Agent 2.13.14.5122, File Cache Service Agent 2.13.14.5122, WUA 1451.2601.23012.0
[12] 2026-04-30 09:23:18,430 DEBUG PME.RpcServerApiWrapper.PmeRpcServerApi.StartScan => parameters:
[12] 2026-04-30 09:23:18,432 DEBUG 	outputFileName=C:\PROGRA~2\ADVANC~1\scans\PatchMan_255585421_0
[12] 2026-04-30 09:38:40,320 INFO  PME.RpcServerApiWrapper.PmeRpcServerApi.Execute => submitting to Perun is not enabled (feature flag check)
[12] 2026-04-30 09:38:40,320 DEBUG Enter >>> PME.RpcServerApiWrapper.PmeRpcServerApi.AdaptResponse()
[12] 2026-04-30 09:38:40,320 DEBUG Adapter.AdaptResponse => using default Adapter. Params: 1
[12] 2026-04-30 09:38:40,320 DEBUG Enter >>> PME.Adapter.RmmAdapter.AdaptResponse()
[12] 2026-04-30 09:38:40,320 DEBUG Enter >>> PME.Adapter.RmmAdapter.GetAdaptedStartScanResponse()
[12] 2026-04-30 09:38:40,320 DEBUG Enter >>> PME.Adapter.RmmAdapter.GetOutputFileNameFromParams()
[12] 2026-04-30 09:38:40,320 DEBUG Exit  <<< PME.Adapter.RmmAdapter.GetOutputFileNameFromParams(), returns "C:\PROGRA~2\ADVANC~1\scans\PatchMan_255585421_0"
[12] 2026-04-30 09:38:40,320 DEBUG Enter >>> PME.Adapter.RmmAdapter.GetStartScanRmmDataSkeleton()
[12] 2026-04-30 09:38:40,320 DEBUG Enter >>> PME.Adapter.RmmAdapter.GetLocalIpAddress()
[12] 2026-04-30 09:38:40,330 DEBUG Exit  <<< PME.Adapter.RmmAdapter.GetLocalIpAddress(), returns "192.168.20.172"
[12] 2026-04-30 09:38:40,330 DEBUG Exit  <<< PME.Adapter.RmmAdapter.GetStartScanRmmDataSkeleton()
[12] 2026-04-30 09:38:40,330 DEBUG Enter >>> PME.Adapter.RmmAdapter.FillRmmData()
[12] 2026-04-30 09:38:40,330 DEBUG Enter >>> PME.Adapter.RmmAdapter.CreateListOfHotfixesAndMissingHotfixes()
[12] 2026-04-30 09:38:40,330 DEBUG Exit  <<< PME.Adapter.RmmAdapter.CreateListOfHotfixesAndMissingHotfixes()
[12] 2026-04-30 09:38:40,330 DEBUG Enter >>> PME.Adapter.RmmAdapter.GetProducts()
[12] 2026-04-30 09:38:40,334 DEBUG Exit  <<< PME.Adapter.RmmAdapter.GetProducts()
[12] 2026-04-30 09:38:40,334 DEBUG Enter >>> PME.Adapter.RmmAdapter.GetProducts()
[12] 2026-04-30 09:38:40,340 DEBUG Exit  <<< PME.Adapter.RmmAdapter.GetProducts()
[12] 2026-04-30 09:38:40,340 DEBUG Exit  <<< PME.Adapter.RmmAdapter.FillRmmData()
[12] 2026-04-30 09:38:40,340 OFF   GetAdaptedStartScanResponse => Scan result numbers: 12 installed patches, 4 missing patches
[12] 2026-04-30 09:38:40,340 DEBUG Enter >>> PME.Adapter.RmmAdapter.SaveXmlFile(outputFileName = "C:\PROGRA~2\ADVANC~1\scans\PatchMan_255585421_0")
[12] 2026-04-30 09:38:40,340 DEBUG Exit  <<< PME.Adapter.RmmAdapter.SaveXmlFile(outputFileName = "C:\PROGRA~2\ADVANC~1\scans\PatchMan_255585421_0")
[12] 2026-04-30 09:38:40,340 DEBUG Enter >>> PME.Adapter.RmmAdapter.SaveJsonFile(outputFileName = "C:\PROGRA~2\ADVANC~1\scans\PatchMan_255585421_0.json")
[12] 2026-04-30 09:38:40,365 DEBUG Exit  <<< PME.Adapter.RmmAdapter.SaveJsonFile(outputFileName = "C:\PROGRA~2\ADVANC~1\scans\PatchMan_255585421_0.json")
[12] 2026-04-30 09:38:40,365 DEBUG Exit  <<< PME.Adapter.RmmAdapter.GetAdaptedStartScanResponse()
[12] 2026-04-30 09:38:40,365 DEBUG Exit  <<< PME.Adapter.RmmAdapter.AdaptResponse()
[12] 2026-04-30 09:38:40,365 DEBUG Exit  <<< PME.RpcServerApiWrapper.PmeRpcServerApi.AdaptResponse()
[12] 2026-04-30 09:38:40,365 DEBUG Exit  <<< PME.RpcServerApiWrapper.PmeRpcServerApi.Execute("1", "Pme.StartScan")
[12] 2026-04-30 09:39:25,782 DEBUG Enter >>> PME.RpcServerApiWrapper.PmeRpcServerApi.Execute("1", "Pme.Version")
[12] 2026-04-30 09:39:25,784 INFO  PME 2.13.14.5671, Request Handler Agent 2.13.14.5122, File Cache Service Agent 2.13.14.5122, WUA 1451.2601.23012.0
[12] 2026-04-30 09:39:25,784 DEBUG Enter >>> PME.RpcServerApiWrapper.PmeRpcServerApi.AdaptResponse()
[12] 2026-04-30 09:39:25,784 DEBUG Adapter.AdaptResponse => using default Adapter. Params: 0
[12] 2026-04-30 09:39:25,784 DEBUG Enter >>> PME.Adapter.RmmAdapter.AdaptResponse()
[12] 2026-04-30 09:39:25,784 DEBUG Exit  <<< PME.Adapter.RmmAdapter.AdaptResponse()
[12] 2026-04-30 09:39:25,784 DEBUG Exit  <<< PME.RpcServerApiWrapper.PmeRpcServerApi.AdaptResponse()
[12] 2026-04-30 09:39:25,786 DEBUG Exit  <<< PME.RpcServerApiWrapper.PmeRpcServerApi.Execute("1", "Pme.Version")
[12] 2026-04-30 09:39:25,807 DEBUG Enter >>> PME.RpcServerApiWrapper.PmeRpcServerApi.Execute("1", "Pme.GetLatestVersion")
[12] 2026-04-30 09:39:25,808 INFO  PME 2.13.14.5671, Request Handler Agent 2.13.14.5122, File Cache Service Agent 2.13.14.5122, WUA 1451.2601.23012.0
[12] 2026-04-30 09:39:25,815 DEBUG Enter >>> PME.RpcServerApiWrapper.PmeRpcServerApi.AdaptResponse()
[12] 2026-04-30 09:39:25,815 DEBUG Adapter.AdaptResponse => using default Adapter. Params: 0
[12] 2026-04-30 09:39:25,815 DEBUG Enter >>> PME.Adapter.RmmAdapter.AdaptResponse()
[12] 2026-04-30 09:39:25,815 DEBUG Exit  <<< PME.Adapter.RmmAdapter.AdaptResponse()
[12] 2026-04-30 09:39:25,815 DEBUG Exit  <<< PME.RpcServerApiWrapper.PmeRpcServerApi.AdaptResponse()
[12] 2026-04-30 09:39:25,816 DEBUG Exit  <<< PME.RpcServerApiWrapper.PmeRpcServerApi.Execute("1", "Pme.GetLatestVersion")
[9] 2026-04-30 11:00:36,359 DEBUG Enter >>> PME.RpcServerApiWrapper.PmeRpcServerApi.Execute("1", "Pme.Version")
[9] 2026-04-30 11:00:36,368 INFO  PME 2.13.14.5671, Request Handler Agent 2.13.14.5122, File Cache Service Agent 2.13.14.5122, WUA 1451.2601.23012.0
[9] 2026-04-30 11:00:36,373 DEBUG Enter >>> PME.RpcServerApiWrapper.PmeRpcServerApi.AdaptResponse()
[9] 2026-04-30 11:00:36,373 DEBUG Adapter.AdaptResponse => using default Adapter. Params: 0
[9] 2026-04-30 11:00:36,374 DEBUG Enter >>> PME.Adapter.RmmAdapter.AdaptResponse()
[9] 2026-04-30 11:00:36,374 DEBUG Exit  <<< PME.Adapter.RmmAdapter.AdaptResponse()
[9] 2026-04-30 11:00:36,374 DEBUG Exit  <<< PME.RpcServerApiWrapper.PmeRpcServerApi.AdaptResponse()
[9] 2026-04-30 11:00:36,375 DEBUG Exit  <<< PME.RpcServerApiWrapper.PmeRpcServerApi.Execute("1", "Pme.Version")
[9] 2026-04-30 11:00:36,455 DEBUG Enter >>> PME.RpcServerApiWrapper.PmeRpcServerApi.Execute("1", "Pme.GetLatestVersion")
[9] 2026-04-30 11:00:36,463 INFO  PME 2.13.14.5671, Request Handler Agent 2.13.14.5122, File Cache Service Agent 2.13.14.5122, WUA 1451.2601.23012.0
[9] 2026-04-30 11:00:36,517 DEBUG Enter >>> PME.RpcServerApiWrapper.PmeRpcServerApi.AdaptResponse()
[9] 2026-04-30 11:00:36,518 DEBUG Adapter.AdaptResponse => using default Adapter. Params: 0
[9] 2026-04-30 11:00:36,519 DEBUG Enter >>> PME.Adapter.RmmAdapter.AdaptResponse()
[9] 2026-04-30 11:00:36,520 DEBUG Exit  <<< PME.Adapter.RmmAdapter.AdaptResponse()
[9] 2026-04-30 11:00:36,521 DEBUG Exit  <<< PME.RpcServerApiWrapper.PmeRpcServerApi.AdaptResponse()
[9] 2026-04-30 11:00:36,523 DEBUG Exit  <<< PME.RpcServerApiWrapper.PmeRpcServerApi.Execute("1", "Pme.GetLatestVersion")
[9] 2026-04-30 11:00:36,592 DEBUG Enter >>> PME.RpcServerApiWrapper.PmeRpcServerApi.Execute("1", "Pme.StartScan")
[9] 2026-04-30 11:00:36,596 INFO  PME 2.13.14.5671, Request Handler Agent 2.13.14.5122, File Cache Service Agent 2.13.14.5122, WUA 1451.2601.23012.0
[9] 2026-04-30 11:00:36,607 DEBUG PME.RpcServerApiWrapper.PmeRpcServerApi.StartScan => parameters:
[9] 2026-04-30 11:00:36,607 DEBUG 	outputFileName=C:\PROGRA~2\ADVANC~1\scans\PatchMan_261423593
[9] 2026-04-30 11:01:35,778 INFO  PME.RpcServerApiWrapper.PmeRpcServerApi.Execute => submitting to Perun is not enabled (feature flag check)
[9] 2026-04-30 11:01:35,778 DEBUG Enter >>> PME.RpcServerApiWrapper.PmeRpcServerApi.AdaptResponse()
[9] 2026-04-30 11:01:35,779 DEBUG Adapter.AdaptResponse => using default Adapter. Params: 1
[9] 2026-04-30 11:01:35,780 DEBUG Enter >>> PME.Adapter.RmmAdapter.AdaptResponse()
[9] 2026-04-30 11:01:35,780 DEBUG Enter >>> PME.Adapter.RmmAdapter.GetAdaptedStartScanResponse()
[9] 2026-04-30 11:01:35,782 DEBUG Enter >>> PME.Adapter.RmmAdapter.GetOutputFileNameFromParams()
[9] 2026-04-30 11:01:35,782 DEBUG Exit  <<< PME.Adapter.RmmAdapter.GetOutputFileNameFromParams(), returns "C:\PROGRA~2\ADVANC~1\scans\PatchMan_261423593"
[9] 2026-04-30 11:01:35,783 DEBUG Enter >>> PME.Adapter.RmmAdapter.GetStartScanRmmDataSkeleton()
[9] 2026-04-30 11:01:35,784 DEBUG Enter >>> PME.Adapter.RmmAdapter.GetLocalIpAddress()
[9] 2026-04-30 11:01:35,786 DEBUG Exit  <<< PME.Adapter.RmmAdapter.GetLocalIpAddress(), returns "192.168.137.1"
[9] 2026-04-30 11:01:35,787 DEBUG Exit  <<< PME.Adapter.RmmAdapter.GetStartScanRmmDataSkeleton()
[9] 2026-04-30 11:01:35,787 DEBUG Enter >>> PME.Adapter.RmmAdapter.FillRmmData()
[9] 2026-04-30 11:01:35,787 DEBUG Enter >>> PME.Adapter.RmmAdapter.CreateListOfHotfixesAndMissingHotfixes()
[9] 2026-04-30 11:01:35,788 DEBUG Exit  <<< PME.Adapter.RmmAdapter.CreateListOfHotfixesAndMissingHotfixes()
[9] 2026-04-30 11:01:35,788 DEBUG Enter >>> PME.Adapter.RmmAdapter.GetProducts()
[9] 2026-04-30 11:01:35,806 DEBUG Exit  <<< PME.Adapter.RmmAdapter.GetProducts()
[9] 2026-04-30 11:01:35,807 DEBUG Enter >>> PME.Adapter.RmmAdapter.GetProducts()
[9] 2026-04-30 11:01:35,810 DEBUG Exit  <<< PME.Adapter.RmmAdapter.GetProducts()
[9] 2026-04-30 11:01:35,810 DEBUG Exit  <<< PME.Adapter.RmmAdapter.FillRmmData()
[9] 2026-04-30 11:01:35,811 OFF   GetAdaptedStartScanResponse => Scan result numbers: 13 installed patches, 3 missing patches
[9] 2026-04-30 11:01:35,812 DEBUG Enter >>> PME.Adapter.RmmAdapter.SaveXmlFile(outputFileName = "C:\PROGRA~2\ADVANC~1\scans\PatchMan_261423593")
[9] 2026-04-30 11:01:35,815 DEBUG Exit  <<< PME.Adapter.RmmAdapter.SaveXmlFile(outputFileName = "C:\PROGRA~2\ADVANC~1\scans\PatchMan_261423593")
[9] 2026-04-30 11:01:35,815 DEBUG Enter >>> PME.Adapter.RmmAdapter.SaveJsonFile(outputFileName = "C:\PROGRA~2\ADVANC~1\scans\PatchMan_261423593.json")
[9] 2026-04-30 11:01:35,867 DEBUG Exit  <<< PME.Adapter.RmmAdapter.SaveJsonFile(outputFileName = "C:\PROGRA~2\ADVANC~1\scans\PatchMan_261423593.json")
[9] 2026-04-30 11:01:35,868 DEBUG Exit  <<< PME.Adapter.RmmAdapter.GetAdaptedStartScanResponse()
[9] 2026-04-30 11:01:35,868 DEBUG Exit  <<< PME.Adapter.RmmAdapter.AdaptResponse()
[9] 2026-04-30 11:01:35,869 DEBUG Exit  <<< PME.RpcServerApiWrapper.PmeRpcServerApi.AdaptResponse()
[9] 2026-04-30 11:01:35,869 DEBUG Exit  <<< PME.RpcServerApiWrapper.PmeRpcServerApi.Execute("1", "Pme.StartScan")
