[1] 2026-03-09 11:06:01,377 DEBUG =============================== Launch at [09/03/2026 11:06:01] ===============================
[1] 2026-03-09 11:06:01,378 DEBUG ThirdPartyPatch (2.13.11.5031)
[1] 2026-03-09 11:06:01,379 DEBUG System Information: OS: WIN_11 [x64]
[1] 2026-03-09 11:06:01,380 DEBUG Command: ThirdPartyPatch.exe /query all /filter up_to_date /server https://sis.n-able.com 
[1] 2026-03-09 11:06:12,834 DEBUG Verifying correct bitness of following product: Google Chrome
[1] 2026-03-09 11:06:12,836 DEBUG Original architecture found for Google Chrome is correct!
[1] 2026-03-09 11:06:15,297 DEBUG Verifying correct bitness of following product: Microsoft Edge
[1] 2026-03-09 11:06:15,299 DEBUG Registry location does not correspond to actual product architecture. Adjusting information...
[1] 2026-03-09 11:06:15,300 DEBUG Product: Microsoft Edge. Previous detected architecture => Is64Bit: False / Corrected architecture => Is64Bit: True
[1] 2026-03-09 11:06:56,570 INFO  Applications matching filter: 4
[1] 2026-03-09 11:07:06,732 INFO  Application: [Chrome] Installed: [145.0.7632.160 (x64) (en)] Latest: [145.0.7632.160]
[1] 2026-03-09 11:07:06,758 INFO  Application: [OneDrive] Installed: [26.26.209.4 (x64) (en)] Latest: [26.22.203.6]
[1] 2026-03-09 11:07:06,794 INFO  Application: [Google Drive] Installed: [121.0.1.0 (x64) (en)] Latest: [115.0.1.0]
[1] 2026-03-09 11:07:06,811 INFO  Application: [Microsoft Edge] Installed: [145.0.3800.97 (x64) (en)] Latest: [145.0.3800.82]
[1] 2026-03-09 11:07:06,821 DEBUG DONE
[1] 2026-03-09 11:07:07,444 DEBUG =============================== Launch at [09/03/2026 11:07:07] ===============================
[1] 2026-03-09 11:07:07,445 DEBUG ThirdPartyPatch (2.13.11.5031)
[1] 2026-03-09 11:07:07,445 DEBUG System Information: OS: WIN_11 [x64]
[1] 2026-03-09 11:07:07,446 DEBUG Command: ThirdPartyPatch.exe /query all /filter update_available /server https://sis.n-able.com 
[1] 2026-03-09 11:07:17,726 DEBUG Local ThirdPartySoftware Timestamp: [1772790805] Repository Timestamp: [1772790805] Refreshing MetaFiles: [False]
[1] 2026-03-09 11:07:18,604 DEBUG Verifying correct bitness of following product: Google Chrome
[1] 2026-03-09 11:07:18,610 DEBUG Original architecture found for Google Chrome is correct!
[1] 2026-03-09 11:07:19,273 DEBUG Verifying correct bitness of following product: Microsoft Edge
[1] 2026-03-09 11:07:19,274 DEBUG Registry location does not correspond to actual product architecture. Adjusting information...
[1] 2026-03-09 11:07:19,275 DEBUG Product: Microsoft Edge. Previous detected architecture => Is64Bit: False / Corrected architecture => Is64Bit: True
[1] 2026-03-09 11:07:19,698 INFO  Applications matching filter: 0
[1] 2026-03-09 11:07:19,764 DEBUG DONE
[1] 2026-03-10 09:02:48,611 DEBUG =============================== Launch at [10/03/2026 9:02:48] ===============================
[1] 2026-03-10 09:02:48,613 DEBUG ThirdPartyPatch (2.13.11.5031)
[1] 2026-03-10 09:02:48,614 DEBUG System Information: OS: WIN_11 [x64]
[1] 2026-03-10 09:02:48,614 DEBUG Command: ThirdPartyPatch.exe /query all /filter up_to_date /server https://sis.n-able.com 
[1] 2026-03-10 09:02:48,631 DEBUG Found existing Repository XML [C:\ProgramData\MspPlatform\PME\ThirdPartyPatch\Downloads\Repository.xml] backing up to [C:\ProgramData\MspPlatform\PME\ThirdPartyPatch\Downloads\Repository.old] 
[1] 2026-03-10 09:02:58,882 DEBUG Local ThirdPartySoftware Timestamp: [1772790805] Repository Timestamp: [1772790805] Refreshing MetaFiles: [False]
[1] 2026-03-10 09:02:58,974 DEBUG Verifying correct bitness of following product: Google Chrome
[1] 2026-03-10 09:02:58,976 DEBUG Original architecture found for Google Chrome is correct!
[1] 2026-03-10 09:02:59,305 DEBUG Verifying correct bitness of following product: Microsoft Edge
[1] 2026-03-10 09:02:59,306 DEBUG Registry location does not correspond to actual product architecture. Adjusting information...
[1] 2026-03-10 09:02:59,307 DEBUG Product: Microsoft Edge. Previous detected architecture => Is64Bit: False / Corrected architecture => Is64Bit: True
[1] 2026-03-10 09:02:59,864 INFO  Applications matching filter: 4
[1] 2026-03-10 09:02:59,883 INFO  Application: [Chrome] Installed: [145.0.7632.160 (x64) (en)] Latest: [145.0.7632.160]
[1] 2026-03-10 09:02:59,896 INFO  Application: [OneDrive] Installed: [26.26.209.4 (x64) (en)] Latest: [26.22.203.6]
[1] 2026-03-10 09:02:59,906 INFO  Application: [Google Drive] Installed: [122.0.1.0 (x64) (en)] Latest: [115.0.1.0]
[1] 2026-03-10 09:02:59,913 INFO  Application: [Microsoft Edge] Installed: [145.0.3800.97 (x64) (en)] Latest: [145.0.3800.82]
[1] 2026-03-10 09:02:59,916 DEBUG DONE
[1] 2026-03-10 09:03:00,033 DEBUG =============================== Launch at [10/03/2026 9:03:00] ===============================
[1] 2026-03-10 09:03:00,034 DEBUG ThirdPartyPatch (2.13.11.5031)
[1] 2026-03-10 09:03:00,034 DEBUG System Information: OS: WIN_11 [x64]
[1] 2026-03-10 09:03:00,034 DEBUG Command: ThirdPartyPatch.exe /query all /filter update_available /server https://sis.n-able.com 
[1] 2026-03-10 09:03:00,044 DEBUG Found existing Repository XML [C:\ProgramData\MspPlatform\PME\ThirdPartyPatch\Downloads\Repository.xml] backing up to [C:\ProgramData\MspPlatform\PME\ThirdPartyPatch\Downloads\Repository.old] 
[1] 2026-03-10 09:03:00,087 DEBUG Local ThirdPartySoftware Timestamp: [1772790805] Repository Timestamp: [1772790805] Refreshing MetaFiles: [False]
[1] 2026-03-10 09:03:00,142 DEBUG Verifying correct bitness of following product: Google Chrome
[1] 2026-03-10 09:03:00,142 DEBUG Original architecture found for Google Chrome is correct!
[1] 2026-03-10 09:03:00,324 DEBUG Verifying correct bitness of following product: Microsoft Edge
[1] 2026-03-10 09:03:00,324 DEBUG Registry location does not correspond to actual product architecture. Adjusting information...
[1] 2026-03-10 09:03:00,325 DEBUG Product: Microsoft Edge. Previous detected architecture => Is64Bit: False / Corrected architecture => Is64Bit: True
[1] 2026-03-10 09:03:00,455 INFO  Applications matching filter: 0
[1] 2026-03-10 09:03:00,461 DEBUG DONE
[1] 2026-03-10 11:01:22,920 DEBUG =============================== Launch at [10/03/2026 11:01:22] ===============================
[1] 2026-03-10 11:01:22,922 DEBUG ThirdPartyPatch (2.13.11.5031)
[1] 2026-03-10 11:01:22,922 DEBUG System Information: OS: WIN_11 [x64]
[1] 2026-03-10 11:01:22,922 DEBUG Command: ThirdPartyPatch.exe /query all /filter up_to_date /server https://sis.n-able.com 
[1] 2026-03-10 11:01:22,931 DEBUG Found existing Repository XML [C:\ProgramData\MspPlatform\PME\ThirdPartyPatch\Downloads\Repository.xml] backing up to [C:\ProgramData\MspPlatform\PME\ThirdPartyPatch\Downloads\Repository.old] 
[1] 2026-03-10 11:01:23,074 DEBUG Local ThirdPartySoftware Timestamp: [1772790805] Repository Timestamp: [1772790805] Refreshing MetaFiles: [False]
[1] 2026-03-10 11:01:23,126 DEBUG Verifying correct bitness of following product: Google Chrome
[1] 2026-03-10 11:01:23,127 DEBUG Original architecture found for Google Chrome is correct!
[1] 2026-03-10 11:01:23,296 DEBUG Verifying correct bitness of following product: Microsoft Edge
[1] 2026-03-10 11:01:23,296 DEBUG Registry location does not correspond to actual product architecture. Adjusting information...
[1] 2026-03-10 11:01:23,297 DEBUG Product: Microsoft Edge. Previous detected architecture => Is64Bit: False / Corrected architecture => Is64Bit: True
[1] 2026-03-10 11:01:23,549 INFO  Applications matching filter: 4
[1] 2026-03-10 11:01:23,559 INFO  Application: [Chrome] Installed: [145.0.7632.160 (x64) (en)] Latest: [145.0.7632.160]
[1] 2026-03-10 11:01:23,565 INFO  Application: [OneDrive] Installed: [26.26.209.4 (x64) (en)] Latest: [26.22.203.6]
[1] 2026-03-10 11:01:23,571 INFO  Application: [Google Drive] Installed: [122.0.1.0 (x64) (en)] Latest: [115.0.1.0]
[1] 2026-03-10 11:01:23,575 INFO  Application: [Microsoft Edge] Installed: [145.0.3800.97 (x64) (en)] Latest: [145.0.3800.82]
[1] 2026-03-10 11:01:23,577 DEBUG DONE
[1] 2026-03-10 11:01:23,688 DEBUG =============================== Launch at [10/03/2026 11:01:23] ===============================
[1] 2026-03-10 11:01:23,689 DEBUG ThirdPartyPatch (2.13.11.5031)
[1] 2026-03-10 11:01:23,689 DEBUG System Information: OS: WIN_11 [x64]
[1] 2026-03-10 11:01:23,690 DEBUG Command: ThirdPartyPatch.exe /query all /filter update_available /server https://sis.n-able.com 
[1] 2026-03-10 11:01:23,699 DEBUG Found existing Repository XML [C:\ProgramData\MspPlatform\PME\ThirdPartyPatch\Downloads\Repository.xml] backing up to [C:\ProgramData\MspPlatform\PME\ThirdPartyPatch\Downloads\Repository.old] 
[1] 2026-03-10 11:01:23,740 DEBUG Local ThirdPartySoftware Timestamp: [1772790805] Repository Timestamp: [1772790805] Refreshing MetaFiles: [False]
[1] 2026-03-10 11:01:23,792 DEBUG Verifying correct bitness of following product: Google Chrome
[1] 2026-03-10 11:01:23,793 DEBUG Original architecture found for Google Chrome is correct!
[1] 2026-03-10 11:01:23,957 DEBUG Verifying correct bitness of following product: Microsoft Edge
[1] 2026-03-10 11:01:23,958 DEBUG Registry location does not correspond to actual product architecture. Adjusting information...
[1] 2026-03-10 11:01:23,958 DEBUG Product: Microsoft Edge. Previous detected architecture => Is64Bit: False / Corrected architecture => Is64Bit: True
[1] 2026-03-10 11:01:24,073 INFO  Applications matching filter: 0
[1] 2026-03-10 11:01:24,078 DEBUG DONE
[1] 2026-03-11 09:12:13,623 DEBUG =============================== Launch at [11/03/2026 9:12:13] ===============================
[1] 2026-03-11 09:12:13,625 DEBUG ThirdPartyPatch (2.13.11.5031)
[1] 2026-03-11 09:12:13,625 DEBUG System Information: OS: WIN_11 [x64]
[1] 2026-03-11 09:12:13,625 DEBUG Command: ThirdPartyPatch.exe /query all /filter up_to_date /server https://sis.n-able.com 
[1] 2026-03-11 09:12:13,643 DEBUG Found existing Repository XML [C:\ProgramData\MspPlatform\PME\ThirdPartyPatch\Downloads\Repository.xml] backing up to [C:\ProgramData\MspPlatform\PME\ThirdPartyPatch\Downloads\Repository.old] 
[1] 2026-03-11 09:12:23,818 DEBUG Local ThirdPartySoftware Timestamp: [1772790805] Repository Timestamp: [1772790805] Refreshing MetaFiles: [False]
[1] 2026-03-11 09:12:23,907 DEBUG Verifying correct bitness of following product: Google Chrome
[1] 2026-03-11 09:12:23,910 DEBUG Original architecture found for Google Chrome is correct!
[1] 2026-03-11 09:12:24,269 DEBUG Verifying correct bitness of following product: Microsoft Edge
[1] 2026-03-11 09:12:24,269 DEBUG Registry location does not correspond to actual product architecture. Adjusting information...
[1] 2026-03-11 09:12:24,269 DEBUG Product: Microsoft Edge. Previous detected architecture => Is64Bit: False / Corrected architecture => Is64Bit: True
[1] 2026-03-11 09:12:24,729 INFO  Applications matching filter: 4
[1] 2026-03-11 09:12:24,750 INFO  Application: [Chrome] Installed: [145.0.7632.160 (x64) (en)] Latest: [145.0.7632.160]
[1] 2026-03-11 09:12:24,761 INFO  Application: [OneDrive] Installed: [26.26.209.4 (x64) (en)] Latest: [26.22.203.6]
[1] 2026-03-11 09:12:24,768 INFO  Application: [Google Drive] Installed: [122.0.1.0 (x64) (en)] Latest: [115.0.1.0]
[1] 2026-03-11 09:12:24,779 INFO  Application: [Microsoft Edge] Installed: [145.0.3800.97 (x64) (en)] Latest: [145.0.3800.82]
[1] 2026-03-11 09:12:24,784 DEBUG DONE
[1] 2026-03-11 09:12:24,892 DEBUG =============================== Launch at [11/03/2026 9:12:24] ===============================
[1] 2026-03-11 09:12:24,892 DEBUG ThirdPartyPatch (2.13.11.5031)
[1] 2026-03-11 09:12:24,892 DEBUG System Information: OS: WIN_11 [x64]
[1] 2026-03-11 09:12:24,892 DEBUG Command: ThirdPartyPatch.exe /query all /filter update_available /server https://sis.n-able.com 
[1] 2026-03-11 09:12:24,911 DEBUG Found existing Repository XML [C:\ProgramData\MspPlatform\PME\ThirdPartyPatch\Downloads\Repository.xml] backing up to [C:\ProgramData\MspPlatform\PME\ThirdPartyPatch\Downloads\Repository.old] 
[1] 2026-03-11 09:12:24,958 DEBUG Local ThirdPartySoftware Timestamp: [1772790805] Repository Timestamp: [1772790805] Refreshing MetaFiles: [False]
[1] 2026-03-11 09:12:25,014 DEBUG Verifying correct bitness of following product: Google Chrome
[1] 2026-03-11 09:12:25,014 DEBUG Original architecture found for Google Chrome is correct!
[1] 2026-03-11 09:12:25,207 DEBUG Verifying correct bitness of following product: Microsoft Edge
[1] 2026-03-11 09:12:25,207 DEBUG Registry location does not correspond to actual product architecture. Adjusting information...
[1] 2026-03-11 09:12:25,207 DEBUG Product: Microsoft Edge. Previous detected architecture => Is64Bit: False / Corrected architecture => Is64Bit: True
[1] 2026-03-11 09:12:25,346 INFO  Applications matching filter: 0
[1] 2026-03-11 09:12:25,346 DEBUG DONE
[1] 2026-03-11 11:01:42,595 DEBUG =============================== Launch at [11/03/2026 11:01:42] ===============================
[1] 2026-03-11 11:01:42,595 DEBUG ThirdPartyPatch (2.13.11.5031)
[1] 2026-03-11 11:01:42,595 DEBUG System Information: OS: WIN_11 [x64]
[1] 2026-03-11 11:01:42,597 DEBUG Command: ThirdPartyPatch.exe /query all /filter up_to_date /server https://sis.n-able.com 
[1] 2026-03-11 11:01:42,605 DEBUG Found existing Repository XML [C:\ProgramData\MspPlatform\PME\ThirdPartyPatch\Downloads\Repository.xml] backing up to [C:\ProgramData\MspPlatform\PME\ThirdPartyPatch\Downloads\Repository.old] 
[1] 2026-03-11 11:01:42,657 DEBUG Local ThirdPartySoftware Timestamp: [1772790805] Repository Timestamp: [1772790805] Refreshing MetaFiles: [False]
[1] 2026-03-11 11:01:42,716 DEBUG Verifying correct bitness of following product: Google Chrome
[1] 2026-03-11 11:01:42,718 DEBUG Original architecture found for Google Chrome is correct!
[1] 2026-03-11 11:01:42,927 DEBUG Verifying correct bitness of following product: Microsoft Edge
[1] 2026-03-11 11:01:42,927 DEBUG Registry location does not correspond to actual product architecture. Adjusting information...
[1] 2026-03-11 11:01:42,929 DEBUG Product: Microsoft Edge. Previous detected architecture => Is64Bit: False / Corrected architecture => Is64Bit: True
[1] 2026-03-11 11:01:43,195 INFO  Applications matching filter: 4
[1] 2026-03-11 11:01:43,208 INFO  Application: [Chrome] Installed: [145.0.7632.160 (x64) (en)] Latest: [145.0.7632.160]
[1] 2026-03-11 11:01:43,215 INFO  Application: [OneDrive] Installed: [26.26.209.4 (x64) (en)] Latest: [26.22.203.6]
[1] 2026-03-11 11:01:43,223 INFO  Application: [Google Drive] Installed: [122.0.1.0 (x64) (en)] Latest: [115.0.1.0]
[1] 2026-03-11 11:01:43,228 INFO  Application: [Microsoft Edge] Installed: [145.0.3800.97 (x64) (en)] Latest: [145.0.3800.82]
[1] 2026-03-11 11:01:43,231 DEBUG DONE
[1] 2026-03-11 11:01:43,346 DEBUG =============================== Launch at [11/03/2026 11:01:43] ===============================
[1] 2026-03-11 11:01:43,346 DEBUG ThirdPartyPatch (2.13.11.5031)
[1] 2026-03-11 11:01:43,346 DEBUG System Information: OS: WIN_11 [x64]
[1] 2026-03-11 11:01:43,346 DEBUG Command: ThirdPartyPatch.exe /query all /filter update_available /server https://sis.n-able.com 
[1] 2026-03-11 11:01:43,357 DEBUG Found existing Repository XML [C:\ProgramData\MspPlatform\PME\ThirdPartyPatch\Downloads\Repository.xml] backing up to [C:\ProgramData\MspPlatform\PME\ThirdPartyPatch\Downloads\Repository.old] 
[1] 2026-03-11 11:01:43,403 DEBUG Local ThirdPartySoftware Timestamp: [1772790805] Repository Timestamp: [1772790805] Refreshing MetaFiles: [False]
[1] 2026-03-11 11:01:43,460 DEBUG Verifying correct bitness of following product: Google Chrome
[1] 2026-03-11 11:01:43,461 DEBUG Original architecture found for Google Chrome is correct!
[1] 2026-03-11 11:01:43,645 DEBUG Verifying correct bitness of following product: Microsoft Edge
[1] 2026-03-11 11:01:43,645 DEBUG Registry location does not correspond to actual product architecture. Adjusting information...
[1] 2026-03-11 11:01:43,650 DEBUG Product: Microsoft Edge. Previous detected architecture => Is64Bit: False / Corrected architecture => Is64Bit: True
[1] 2026-03-11 11:01:43,785 INFO  Applications matching filter: 0
[1] 2026-03-11 11:01:43,796 DEBUG DONE
[1] 2026-03-12 10:08:58,515 DEBUG =============================== Launch at [12/03/2026 10:08:58] ===============================
[1] 2026-03-12 10:08:58,515 DEBUG ThirdPartyPatch (2.13.11.5031)
[1] 2026-03-12 10:08:58,515 DEBUG System Information: OS: WIN_11 [x64]
[1] 2026-03-12 10:08:58,515 DEBUG Command: ThirdPartyPatch.exe /query all /filter up_to_date /server https://sis.n-able.com 
[1] 2026-03-12 10:08:58,532 DEBUG Found existing Repository XML [C:\ProgramData\MspPlatform\PME\ThirdPartyPatch\Downloads\Repository.xml] backing up to [C:\ProgramData\MspPlatform\PME\ThirdPartyPatch\Downloads\Repository.old] 
[1] 2026-03-12 10:09:08,690 DEBUG Local ThirdPartySoftware Timestamp: [1772790805] Repository Timestamp: [1773231175] Refreshing MetaFiles: [True]
[1] 2026-03-12 10:09:18,841 DEBUG Verifying correct bitness of following product: Google Chrome
[1] 2026-03-12 10:09:18,841 DEBUG Original architecture found for Google Chrome is correct!
[1] 2026-03-12 10:09:19,178 DEBUG Verifying correct bitness of following product: Microsoft Edge
[1] 2026-03-12 10:09:19,178 DEBUG Registry location does not correspond to actual product architecture. Adjusting information...
[1] 2026-03-12 10:09:19,188 DEBUG Product: Microsoft Edge. Previous detected architecture => Is64Bit: False / Corrected architecture => Is64Bit: True
[1] 2026-03-12 10:09:49,666 INFO  Applications matching filter: 3
[1] 2026-03-12 10:09:59,704 INFO  Application: [OneDrive] Installed: [26.26.209.4 (x64) (en)] Latest: [26.26.209.4]
[1] 2026-03-12 10:09:59,725 INFO  Application: [Google Drive] Installed: [122.0.1.0 (x64) (en)] Latest: [115.0.1.0]
[1] 2026-03-12 10:09:59,725 INFO  Application: [Microsoft Edge] Installed: [145.0.3800.97 (x64) (en)] Latest: [145.0.3800.97]
[1] 2026-03-12 10:09:59,736 DEBUG DONE
[1] 2026-03-12 10:09:59,850 DEBUG =============================== Launch at [12/03/2026 10:09:59] ===============================
[1] 2026-03-12 10:09:59,850 DEBUG ThirdPartyPatch (2.13.11.5031)
[1] 2026-03-12 10:09:59,850 DEBUG System Information: OS: WIN_11 [x64]
[1] 2026-03-12 10:09:59,850 DEBUG Command: ThirdPartyPatch.exe /query all /filter update_available /server https://sis.n-able.com 
[1] 2026-03-12 10:09:59,907 DEBUG Local ThirdPartySoftware Timestamp: [1773231175] Repository Timestamp: [1773231175] Refreshing MetaFiles: [False]
[1] 2026-03-12 10:09:59,960 DEBUG Verifying correct bitness of following product: Google Chrome
[1] 2026-03-12 10:09:59,970 DEBUG Original architecture found for Google Chrome is correct!
[1] 2026-03-12 10:10:00,213 DEBUG Verifying correct bitness of following product: Microsoft Edge
[1] 2026-03-12 10:10:00,213 DEBUG Registry location does not correspond to actual product architecture. Adjusting information...
[1] 2026-03-12 10:10:00,214 DEBUG Product: Microsoft Edge. Previous detected architecture => Is64Bit: False / Corrected architecture => Is64Bit: True
[1] 2026-03-12 10:10:10,494 INFO  Applications matching filter: 1
[1] 2026-03-12 10:10:10,506 INFO  Application: [Chrome] Installed: [145.0.7632.160 (x64) (en)] Latest: [146.0.7680.72]
[1] 2026-03-12 10:10:10,516 DEBUG DONE
[1] 2026-03-12 11:01:28,290 DEBUG =============================== Launch at [12/03/2026 11:01:28] ===============================
[1] 2026-03-12 11:01:28,290 DEBUG ThirdPartyPatch (2.13.11.5031)
[1] 2026-03-12 11:01:28,290 DEBUG System Information: OS: WIN_11 [x64]
[1] 2026-03-12 11:01:28,290 DEBUG Command: ThirdPartyPatch.exe /query all /filter up_to_date /server https://sis.n-able.com 
[1] 2026-03-12 11:01:28,311 DEBUG Found existing Repository XML [C:\ProgramData\MspPlatform\PME\ThirdPartyPatch\Downloads\Repository.xml] backing up to [C:\ProgramData\MspPlatform\PME\ThirdPartyPatch\Downloads\Repository.old] 
[1] 2026-03-12 11:01:28,469 DEBUG Local ThirdPartySoftware Timestamp: [1773231175] Repository Timestamp: [1773231175] Refreshing MetaFiles: [False]
[1] 2026-03-12 11:01:28,527 DEBUG Verifying correct bitness of following product: Google Chrome
[1] 2026-03-12 11:01:28,529 DEBUG Original architecture found for Google Chrome is correct!
[1] 2026-03-12 11:01:28,756 DEBUG Verifying correct bitness of following product: Microsoft Edge
[1] 2026-03-12 11:01:28,756 DEBUG Registry location does not correspond to actual product architecture. Adjusting information...
[1] 2026-03-12 11:01:28,756 DEBUG Product: Microsoft Edge. Previous detected architecture => Is64Bit: False / Corrected architecture => Is64Bit: True
[1] 2026-03-12 11:01:29,027 INFO  Applications matching filter: 3
[1] 2026-03-12 11:01:29,037 INFO  Application: [OneDrive] Installed: [26.26.209.4 (x64) (en)] Latest: [26.26.209.4]
[1] 2026-03-12 11:01:29,040 INFO  Application: [Google Drive] Installed: [122.0.1.0 (x64) (en)] Latest: [115.0.1.0]
[1] 2026-03-12 11:01:29,047 INFO  Application: [Microsoft Edge] Installed: [145.0.3800.97 (x64) (en)] Latest: [145.0.3800.97]
[1] 2026-03-12 11:01:29,047 DEBUG DONE
[1] 2026-03-12 11:01:29,161 DEBUG =============================== Launch at [12/03/2026 11:01:29] ===============================
[1] 2026-03-12 11:01:29,161 DEBUG ThirdPartyPatch (2.13.11.5031)
[1] 2026-03-12 11:01:29,161 DEBUG System Information: OS: WIN_11 [x64]
[1] 2026-03-12 11:01:29,161 DEBUG Command: ThirdPartyPatch.exe /query all /filter update_available /server https://sis.n-able.com 
[1] 2026-03-12 11:01:29,171 DEBUG Found existing Repository XML [C:\ProgramData\MspPlatform\PME\ThirdPartyPatch\Downloads\Repository.xml] backing up to [C:\ProgramData\MspPlatform\PME\ThirdPartyPatch\Downloads\Repository.old] 
[1] 2026-03-12 11:01:29,213 DEBUG Local ThirdPartySoftware Timestamp: [1773231175] Repository Timestamp: [1773231175] Refreshing MetaFiles: [False]
[1] 2026-03-12 11:01:29,274 DEBUG Verifying correct bitness of following product: Google Chrome
[1] 2026-03-12 11:01:29,274 DEBUG Original architecture found for Google Chrome is correct!
[1] 2026-03-12 11:01:29,485 DEBUG Verifying correct bitness of following product: Microsoft Edge
[1] 2026-03-12 11:01:29,485 DEBUG Registry location does not correspond to actual product architecture. Adjusting information...
[1] 2026-03-12 11:01:29,485 DEBUG Product: Microsoft Edge. Previous detected architecture => Is64Bit: False / Corrected architecture => Is64Bit: True
[1] 2026-03-12 11:01:29,676 INFO  Applications matching filter: 1
[1] 2026-03-12 11:01:29,687 INFO  Application: [Chrome] Installed: [145.0.7632.160 (x64) (en)] Latest: [146.0.7680.72]
[1] 2026-03-12 11:01:29,697 DEBUG DONE
[1] 2026-03-15 09:42:19,034 DEBUG =============================== Launch at [15/03/2026 9:42:19] ===============================
[1] 2026-03-15 09:42:19,038 DEBUG ThirdPartyPatch (2.13.11.5031)
[1] 2026-03-15 09:42:19,038 DEBUG System Information: OS: WIN_11 [x64]
[1] 2026-03-15 09:42:19,039 DEBUG Command: ThirdPartyPatch.exe /query all /filter up_to_date /server https://sis.n-able.com 
[1] 2026-03-15 09:42:19,049 DEBUG Found existing Repository XML [C:\ProgramData\MspPlatform\PME\ThirdPartyPatch\Downloads\Repository.xml] backing up to [C:\ProgramData\MspPlatform\PME\ThirdPartyPatch\Downloads\Repository.old] 
[1] 2026-03-15 09:42:29,207 DEBUG Local ThirdPartySoftware Timestamp: [1773231175] Repository Timestamp: [1773398160] Refreshing MetaFiles: [True]
[1] 2026-03-15 09:42:39,313 DEBUG Verifying correct bitness of following product: Google Chrome
[1] 2026-03-15 09:42:39,323 DEBUG Original architecture found for Google Chrome is correct!
[1] 2026-03-15 09:42:39,609 DEBUG Verifying correct bitness of following product: Microsoft Edge
[1] 2026-03-15 09:42:39,609 DEBUG Registry location does not correspond to actual product architecture. Adjusting information...
[1] 2026-03-15 09:42:39,610 DEBUG Product: Microsoft Edge. Previous detected architecture => Is64Bit: False / Corrected architecture => Is64Bit: True
[1] 2026-03-15 09:43:10,073 INFO  Applications matching filter: 3
[1] 2026-03-15 09:43:20,095 INFO  Application: [OneDrive] Installed: [26.26.209.4 (x64) (en)] Latest: [26.26.209.4]
[1] 2026-03-15 09:43:20,118 INFO  Application: [Google Drive] Installed: [122.0.1.0 (x64) (en)] Latest: [115.0.1.0]
[1] 2026-03-15 09:43:20,126 INFO  Application: [Microsoft Edge] Installed: [146.0.3856.59 (x64) (en)] Latest: [145.0.3800.97]
[1] 2026-03-15 09:43:20,130 DEBUG DONE
[1] 2026-03-15 09:43:20,249 DEBUG =============================== Launch at [15/03/2026 9:43:20] ===============================
[1] 2026-03-15 09:43:20,249 DEBUG ThirdPartyPatch (2.13.11.5031)
[1] 2026-03-15 09:43:20,249 DEBUG System Information: OS: WIN_11 [x64]
[1] 2026-03-15 09:43:20,251 DEBUG Command: ThirdPartyPatch.exe /query all /filter update_available /server https://sis.n-able.com 
[1] 2026-03-15 09:43:20,306 DEBUG Local ThirdPartySoftware Timestamp: [1773398160] Repository Timestamp: [1773398160] Refreshing MetaFiles: [False]
[1] 2026-03-15 09:43:20,364 DEBUG Verifying correct bitness of following product: Google Chrome
[1] 2026-03-15 09:43:20,364 DEBUG Original architecture found for Google Chrome is correct!
[1] 2026-03-15 09:43:20,556 DEBUG Verifying correct bitness of following product: Microsoft Edge
[1] 2026-03-15 09:43:20,556 DEBUG Registry location does not correspond to actual product architecture. Adjusting information...
[1] 2026-03-15 09:43:20,565 DEBUG Product: Microsoft Edge. Previous detected architecture => Is64Bit: False / Corrected architecture => Is64Bit: True
[1] 2026-03-15 09:43:30,825 INFO  Applications matching filter: 1
[1] 2026-03-15 09:43:30,841 INFO  Application: [Chrome] Installed: [145.0.7632.160 (x64) (en)] Latest: [146.0.7680.72]
[1] 2026-03-15 09:43:30,854 DEBUG DONE
[1] 2026-03-15 09:43:51,604 DEBUG =============================== Launch at [15/03/2026 9:43:51] ===============================
[1] 2026-03-15 09:43:51,604 DEBUG ThirdPartyPatch (2.13.11.5031)
[1] 2026-03-15 09:43:51,604 DEBUG System Information: OS: WIN_11 [x64]
[1] 2026-03-15 09:43:51,604 DEBUG Command: ThirdPartyPatch.exe /update Chrome /skipdownload /server https://sis.n-able.com 
[1] 2026-03-15 09:43:51,614 DEBUG Found existing Repository XML [C:\ProgramData\MspPlatform\PME\ThirdPartyPatch\Downloads\Repository.xml] backing up to [C:\ProgramData\MspPlatform\PME\ThirdPartyPatch\Downloads\Repository.old] 
[1] 2026-03-15 09:43:51,666 DEBUG Local ThirdPartySoftware Timestamp: [1773398160] Repository Timestamp: [1773398160] Refreshing MetaFiles: [False]
[1] 2026-03-15 09:43:51,703 DEBUG Verifying correct bitness of following product: Google Chrome
[1] 2026-03-15 09:43:51,708 DEBUG Original architecture found for Google Chrome is correct!
[1] 2026-03-15 09:43:51,708 DEBUG Chrome is installed. (145.0.7632.160)
[1] 2026-03-15 09:43:51,708 DEBUG Update available  [Chrome (146.0.7680.72)].
[1] 2026-03-15 09:43:53,787 DEBUG      Starting install: Chrome
[1] 2026-03-15 09:43:53,787 DEBUG Installing: Chrome [145.0.7632.160] -> [146.0.7680.72]
[1] 2026-03-15 09:43:53,792 DEBUG Getting Commands for OS: [WIN_11] Architecture: [x64] Locale: [en] Upgrade: [True]
[1] 2026-03-15 09:43:54,040 DEBUG [C:\ProgramData\MspPlatform\PME\ThirdPartyPatch\Downloads\f7aa248b-6982-498c-825d-847b0104f3a2\googlechromestandaloneenterprise64.msi] failed the checksum check. Actual: [FC1712FE49011E4C8100F1F160D252B0C64D8A60] Expected: [C00FA56582F984DC4A9E2754EF70B1B5C4B02DC2]
[1] 2026-03-15 09:43:59,063 INFO  Chrome version installed: [145.0.7632.160] latest version: [146.0.7680.72]
[1] 2026-03-15 09:43:59,068 DEBUG [ Chrome ] Return code: [ ERROR_CHECKSUM_MATCH_FAILURE - Detected a bad installer - The installer's checksum didn't match the expected checksum. Skipping installation. ]
[1] 2026-03-15 09:43:59,068 DEBUG -----END-----
[1] 2026-03-15 09:43:59,068 DEBUG DONE
[1] 2026-03-15 09:45:30,131 DEBUG =============================== Launch at [15/03/2026 9:45:30] ===============================
[1] 2026-03-15 09:45:30,131 DEBUG ThirdPartyPatch (2.13.11.5031)
[1] 2026-03-15 09:45:30,131 DEBUG System Information: OS: WIN_11 [x64]
[1] 2026-03-15 09:45:30,133 DEBUG Command: ThirdPartyPatch.exe /query all /filter up_to_date /server https://sis.n-able.com 
[1] 2026-03-15 09:45:30,144 DEBUG Found existing Repository XML [C:\ProgramData\MspPlatform\PME\ThirdPartyPatch\Downloads\Repository.xml] backing up to [C:\ProgramData\MspPlatform\PME\ThirdPartyPatch\Downloads\Repository.old] 
[1] 2026-03-15 09:45:30,192 DEBUG Local ThirdPartySoftware Timestamp: [1773398160] Repository Timestamp: [1773398160] Refreshing MetaFiles: [False]
[1] 2026-03-15 09:45:30,253 DEBUG Verifying correct bitness of following product: Google Chrome
[1] 2026-03-15 09:45:30,255 DEBUG Original architecture found for Google Chrome is correct!
[1] 2026-03-15 09:45:30,454 DEBUG Verifying correct bitness of following product: Microsoft Edge
[1] 2026-03-15 09:45:30,454 DEBUG Registry location does not correspond to actual product architecture. Adjusting information...
[1] 2026-03-15 09:45:30,454 DEBUG Product: Microsoft Edge. Previous detected architecture => Is64Bit: False / Corrected architecture => Is64Bit: True
[1] 2026-03-15 09:45:30,704 INFO  Applications matching filter: 3
[1] 2026-03-15 09:45:30,713 INFO  Application: [OneDrive] Installed: [26.26.209.4 (x64) (en)] Latest: [26.26.209.4]
[1] 2026-03-15 09:45:30,715 INFO  Application: [Google Drive] Installed: [122.0.1.0 (x64) (en)] Latest: [115.0.1.0]
[1] 2026-03-15 09:45:30,715 INFO  Application: [Microsoft Edge] Installed: [146.0.3856.59 (x64) (en)] Latest: [145.0.3800.97]
[1] 2026-03-15 09:45:30,729 DEBUG DONE
[1] 2026-03-15 09:45:30,844 DEBUG =============================== Launch at [15/03/2026 9:45:30] ===============================
[1] 2026-03-15 09:45:30,844 DEBUG ThirdPartyPatch (2.13.11.5031)
[1] 2026-03-15 09:45:30,844 DEBUG System Information: OS: WIN_11 [x64]
[1] 2026-03-15 09:45:30,846 DEBUG Command: ThirdPartyPatch.exe /query all /filter update_available /server https://sis.n-able.com 
[1] 2026-03-15 09:45:30,855 DEBUG Found existing Repository XML [C:\ProgramData\MspPlatform\PME\ThirdPartyPatch\Downloads\Repository.xml] backing up to [C:\ProgramData\MspPlatform\PME\ThirdPartyPatch\Downloads\Repository.old] 
[1] 2026-03-15 09:45:30,899 DEBUG Local ThirdPartySoftware Timestamp: [1773398160] Repository Timestamp: [1773398160] Refreshing MetaFiles: [False]
[1] 2026-03-15 09:45:30,950 DEBUG Verifying correct bitness of following product: Google Chrome
[1] 2026-03-15 09:45:30,950 DEBUG Original architecture found for Google Chrome is correct!
[1] 2026-03-15 09:45:31,140 DEBUG Verifying correct bitness of following product: Microsoft Edge
[1] 2026-03-15 09:45:31,140 DEBUG Registry location does not correspond to actual product architecture. Adjusting information...
[1] 2026-03-15 09:45:31,140 DEBUG Product: Microsoft Edge. Previous detected architecture => Is64Bit: False / Corrected architecture => Is64Bit: True
[1] 2026-03-15 09:45:31,319 INFO  Applications matching filter: 1
[1] 2026-03-15 09:45:31,339 INFO  Application: [Chrome] Installed: [145.0.7632.160 (x64) (en)] Latest: [146.0.7680.72]
[1] 2026-03-15 09:45:31,343 DEBUG DONE
[1] 2026-03-15 11:02:28,788 DEBUG =============================== Launch at [15/03/2026 11:02:28] ===============================
[1] 2026-03-15 11:02:28,789 DEBUG ThirdPartyPatch (2.13.11.5031)
[1] 2026-03-15 11:02:28,789 DEBUG System Information: OS: WIN_11 [x64]
[1] 2026-03-15 11:02:28,789 DEBUG Command: ThirdPartyPatch.exe /query all /filter up_to_date /server https://sis.n-able.com 
[1] 2026-03-15 11:02:28,808 DEBUG Found existing Repository XML [C:\ProgramData\MspPlatform\PME\ThirdPartyPatch\Downloads\Repository.xml] backing up to [C:\ProgramData\MspPlatform\PME\ThirdPartyPatch\Downloads\Repository.old] 
[1] 2026-03-15 11:02:28,983 DEBUG Local ThirdPartySoftware Timestamp: [1773398160] Repository Timestamp: [1773398160] Refreshing MetaFiles: [False]
[1] 2026-03-15 11:02:29,051 DEBUG Verifying correct bitness of following product: Google Chrome
[1] 2026-03-15 11:02:29,053 DEBUG Original architecture found for Google Chrome is correct!
[1] 2026-03-15 11:02:29,274 DEBUG Verifying correct bitness of following product: Microsoft Edge
[1] 2026-03-15 11:02:29,275 DEBUG Registry location does not correspond to actual product architecture. Adjusting information...
[1] 2026-03-15 11:02:29,275 DEBUG Product: Microsoft Edge. Previous detected architecture => Is64Bit: False / Corrected architecture => Is64Bit: True
[1] 2026-03-15 11:02:29,565 INFO  Applications matching filter: 3
[1] 2026-03-15 11:02:29,575 INFO  Application: [OneDrive] Installed: [26.26.209.4 (x64) (en)] Latest: [26.26.209.4]
[1] 2026-03-15 11:02:29,585 INFO  Application: [Google Drive] Installed: [122.0.1.0 (x64) (en)] Latest: [115.0.1.0]
[1] 2026-03-15 11:02:29,589 INFO  Application: [Microsoft Edge] Installed: [146.0.3856.59 (x64) (en)] Latest: [145.0.3800.97]
[1] 2026-03-15 11:02:29,592 DEBUG DONE
[1] 2026-03-15 11:02:29,712 DEBUG =============================== Launch at [15/03/2026 11:02:29] ===============================
[1] 2026-03-15 11:02:29,713 DEBUG ThirdPartyPatch (2.13.11.5031)
[1] 2026-03-15 11:02:29,713 DEBUG System Information: OS: WIN_11 [x64]
[1] 2026-03-15 11:02:29,714 DEBUG Command: ThirdPartyPatch.exe /query all /filter update_available /server https://sis.n-able.com 
[1] 2026-03-15 11:02:29,725 DEBUG Found existing Repository XML [C:\ProgramData\MspPlatform\PME\ThirdPartyPatch\Downloads\Repository.xml] backing up to [C:\ProgramData\MspPlatform\PME\ThirdPartyPatch\Downloads\Repository.old] 
[1] 2026-03-15 11:02:29,767 DEBUG Local ThirdPartySoftware Timestamp: [1773398160] Repository Timestamp: [1773398160] Refreshing MetaFiles: [False]
[1] 2026-03-15 11:02:29,823 DEBUG Verifying correct bitness of following product: Google Chrome
[1] 2026-03-15 11:02:29,824 DEBUG Original architecture found for Google Chrome is correct!
[1] 2026-03-15 11:02:30,031 DEBUG Verifying correct bitness of following product: Microsoft Edge
[1] 2026-03-15 11:02:30,032 DEBUG Registry location does not correspond to actual product architecture. Adjusting information...
[1] 2026-03-15 11:02:30,032 DEBUG Product: Microsoft Edge. Previous detected architecture => Is64Bit: False / Corrected architecture => Is64Bit: True
[1] 2026-03-15 11:02:30,244 INFO  Applications matching filter: 1
[1] 2026-03-15 11:02:30,254 INFO  Application: [Chrome] Installed: [145.0.7632.160 (x64) (en)] Latest: [146.0.7680.72]
[1] 2026-03-15 11:02:30,258 DEBUG DONE
[1] 2026-03-16 09:06:25,444 DEBUG =============================== Launch at [16/03/2026 9:06:25] ===============================
[1] 2026-03-16 09:06:25,445 DEBUG ThirdPartyPatch (2.13.11.5031)
[1] 2026-03-16 09:06:25,445 DEBUG System Information: OS: WIN_11 [x64]
[1] 2026-03-16 09:06:25,446 DEBUG Command: ThirdPartyPatch.exe /query all /filter up_to_date /server https://sis.n-able.com 
[1] 2026-03-16 09:06:25,456 DEBUG Found existing Repository XML [C:\ProgramData\MspPlatform\PME\ThirdPartyPatch\Downloads\Repository.xml] backing up to [C:\ProgramData\MspPlatform\PME\ThirdPartyPatch\Downloads\Repository.old] 
[1] 2026-03-16 09:06:35,669 DEBUG Local ThirdPartySoftware Timestamp: [1773398160] Repository Timestamp: [1773398160] Refreshing MetaFiles: [False]
[1] 2026-03-16 09:06:35,768 DEBUG Verifying correct bitness of following product: Google Chrome
[1] 2026-03-16 09:06:35,769 DEBUG Original architecture found for Google Chrome is correct!
[1] 2026-03-16 09:06:36,105 DEBUG Verifying correct bitness of following product: Microsoft Edge
[1] 2026-03-16 09:06:36,106 DEBUG Registry location does not correspond to actual product architecture. Adjusting information...
[1] 2026-03-16 09:06:36,106 DEBUG Product: Microsoft Edge. Previous detected architecture => Is64Bit: False / Corrected architecture => Is64Bit: True
[1] 2026-03-16 09:06:36,505 INFO  Applications matching filter: 3
[1] 2026-03-16 09:06:36,526 INFO  Application: [OneDrive] Installed: [26.26.209.4 (x64) (en)] Latest: [26.26.209.4]
[1] 2026-03-16 09:06:36,545 INFO  Application: [Google Drive] Installed: [122.0.1.0 (x64) (en)] Latest: [115.0.1.0]
[1] 2026-03-16 09:06:36,553 INFO  Application: [Microsoft Edge] Installed: [146.0.3856.59 (x64) (en)] Latest: [145.0.3800.97]
[1] 2026-03-16 09:06:36,557 DEBUG DONE
[1] 2026-03-16 09:06:36,665 DEBUG =============================== Launch at [16/03/2026 9:06:36] ===============================
[1] 2026-03-16 09:06:36,666 DEBUG ThirdPartyPatch (2.13.11.5031)
[1] 2026-03-16 09:06:36,666 DEBUG System Information: OS: WIN_11 [x64]
[1] 2026-03-16 09:06:36,666 DEBUG Command: ThirdPartyPatch.exe /query all /filter update_available /server https://sis.n-able.com 
[1] 2026-03-16 09:06:36,676 DEBUG Found existing Repository XML [C:\ProgramData\MspPlatform\PME\ThirdPartyPatch\Downloads\Repository.xml] backing up to [C:\ProgramData\MspPlatform\PME\ThirdPartyPatch\Downloads\Repository.old] 
[1] 2026-03-16 09:06:36,715 DEBUG Local ThirdPartySoftware Timestamp: [1773398160] Repository Timestamp: [1773398160] Refreshing MetaFiles: [False]
[1] 2026-03-16 09:06:36,771 DEBUG Verifying correct bitness of following product: Google Chrome
[1] 2026-03-16 09:06:36,772 DEBUG Original architecture found for Google Chrome is correct!
[1] 2026-03-16 09:06:36,952 DEBUG Verifying correct bitness of following product: Microsoft Edge
[1] 2026-03-16 09:06:36,952 DEBUG Registry location does not correspond to actual product architecture. Adjusting information...
[1] 2026-03-16 09:06:36,953 DEBUG Product: Microsoft Edge. Previous detected architecture => Is64Bit: False / Corrected architecture => Is64Bit: True
[1] 2026-03-16 09:06:37,142 INFO  Applications matching filter: 1
[1] 2026-03-16 09:06:37,152 INFO  Application: [Chrome] Installed: [145.0.7632.160 (x64) (en)] Latest: [146.0.7680.72]
[1] 2026-03-16 09:06:37,156 DEBUG DONE
[1] 2026-03-16 09:06:48,268 DEBUG =============================== Launch at [16/03/2026 9:06:48] ===============================
[1] 2026-03-16 09:06:48,268 DEBUG ThirdPartyPatch (2.13.11.5031)
[1] 2026-03-16 09:06:48,268 DEBUG System Information: OS: WIN_11 [x64]
[1] 2026-03-16 09:06:48,269 DEBUG Command: ThirdPartyPatch.exe /update Chrome /skipdownload /server https://sis.n-able.com 
[1] 2026-03-16 09:06:48,279 DEBUG Found existing Repository XML [C:\ProgramData\MspPlatform\PME\ThirdPartyPatch\Downloads\Repository.xml] backing up to [C:\ProgramData\MspPlatform\PME\ThirdPartyPatch\Downloads\Repository.old] 
[1] 2026-03-16 09:06:48,320 DEBUG Local ThirdPartySoftware Timestamp: [1773398160] Repository Timestamp: [1773398160] Refreshing MetaFiles: [False]
[1] 2026-03-16 09:06:48,360 DEBUG Verifying correct bitness of following product: Google Chrome
[1] 2026-03-16 09:06:48,361 DEBUG Original architecture found for Google Chrome is correct!
[1] 2026-03-16 09:06:48,362 DEBUG Chrome is installed. (145.0.7632.160)
[1] 2026-03-16 09:06:48,364 DEBUG Update available  [Chrome (146.0.7680.72)].
[1] 2026-03-16 09:06:50,447 DEBUG      Starting install: Chrome
[1] 2026-03-16 09:06:50,448 DEBUG Installing: Chrome [145.0.7632.160] -> [146.0.7680.72]
[1] 2026-03-16 09:06:50,457 DEBUG Getting Commands for OS: [WIN_11] Architecture: [x64] Locale: [en] Upgrade: [True]
[1] 2026-03-16 09:06:50,682 DEBUG [C:\ProgramData\MspPlatform\PME\ThirdPartyPatch\Downloads\f7aa248b-6982-498c-825d-847b0104f3a2\googlechromestandaloneenterprise64.msi] failed the checksum check. Actual: [FC1712FE49011E4C8100F1F160D252B0C64D8A60] Expected: [C00FA56582F984DC4A9E2754EF70B1B5C4B02DC2]
[1] 2026-03-16 09:06:55,711 INFO  Chrome version installed: [145.0.7632.160] latest version: [146.0.7680.72]
[1] 2026-03-16 09:06:55,715 DEBUG [ Chrome ] Return code: [ ERROR_CHECKSUM_MATCH_FAILURE - Detected a bad installer - The installer's checksum didn't match the expected checksum. Skipping installation. ]
[1] 2026-03-16 09:06:55,715 DEBUG -----END-----
[1] 2026-03-16 09:06:55,718 DEBUG DONE
[1] 2026-03-16 09:08:30,172 DEBUG =============================== Launch at [16/03/2026 9:08:30] ===============================
[1] 2026-03-16 09:08:30,173 DEBUG ThirdPartyPatch (2.13.11.5031)
[1] 2026-03-16 09:08:30,173 DEBUG System Information: OS: WIN_11 [x64]
[1] 2026-03-16 09:08:30,173 DEBUG Command: ThirdPartyPatch.exe /query all /filter up_to_date /server https://sis.n-able.com 
[1] 2026-03-16 09:08:30,183 DEBUG Found existing Repository XML [C:\ProgramData\MspPlatform\PME\ThirdPartyPatch\Downloads\Repository.xml] backing up to [C:\ProgramData\MspPlatform\PME\ThirdPartyPatch\Downloads\Repository.old] 
[1] 2026-03-16 09:08:30,229 DEBUG Local ThirdPartySoftware Timestamp: [1773398160] Repository Timestamp: [1773398160] Refreshing MetaFiles: [False]
[1] 2026-03-16 09:08:30,293 DEBUG Verifying correct bitness of following product: Google Chrome
[1] 2026-03-16 09:08:30,294 DEBUG Original architecture found for Google Chrome is correct!
[1] 2026-03-16 09:08:30,506 DEBUG Verifying correct bitness of following product: Microsoft Edge
[1] 2026-03-16 09:08:30,507 DEBUG Registry location does not correspond to actual product architecture. Adjusting information...
[1] 2026-03-16 09:08:30,507 DEBUG Product: Microsoft Edge. Previous detected architecture => Is64Bit: False / Corrected architecture => Is64Bit: True
[1] 2026-03-16 09:08:30,745 INFO  Applications matching filter: 3
[1] 2026-03-16 09:08:30,757 INFO  Application: [OneDrive] Installed: [26.26.209.4 (x64) (en)] Latest: [26.26.209.4]
[1] 2026-03-16 09:08:30,765 INFO  Application: [Google Drive] Installed: [122.0.1.0 (x64) (en)] Latest: [115.0.1.0]
[1] 2026-03-16 09:08:30,769 INFO  Application: [Microsoft Edge] Installed: [146.0.3856.59 (x64) (en)] Latest: [145.0.3800.97]
[1] 2026-03-16 09:08:30,772 DEBUG DONE
[1] 2026-03-16 09:08:30,886 DEBUG =============================== Launch at [16/03/2026 9:08:30] ===============================
[1] 2026-03-16 09:08:30,886 DEBUG ThirdPartyPatch (2.13.11.5031)
[1] 2026-03-16 09:08:30,886 DEBUG System Information: OS: WIN_11 [x64]
[1] 2026-03-16 09:08:30,887 DEBUG Command: ThirdPartyPatch.exe /query all /filter update_available /server https://sis.n-able.com 
[1] 2026-03-16 09:08:30,895 DEBUG Found existing Repository XML [C:\ProgramData\MspPlatform\PME\ThirdPartyPatch\Downloads\Repository.xml] backing up to [C:\ProgramData\MspPlatform\PME\ThirdPartyPatch\Downloads\Repository.old] 
[1] 2026-03-16 09:08:30,936 DEBUG Local ThirdPartySoftware Timestamp: [1773398160] Repository Timestamp: [1773398160] Refreshing MetaFiles: [False]
[1] 2026-03-16 09:08:30,989 DEBUG Verifying correct bitness of following product: Google Chrome
[1] 2026-03-16 09:08:30,990 DEBUG Original architecture found for Google Chrome is correct!
[1] 2026-03-16 09:08:31,177 DEBUG Verifying correct bitness of following product: Microsoft Edge
[1] 2026-03-16 09:08:31,177 DEBUG Registry location does not correspond to actual product architecture. Adjusting information...
[1] 2026-03-16 09:08:31,178 DEBUG Product: Microsoft Edge. Previous detected architecture => Is64Bit: False / Corrected architecture => Is64Bit: True
[1] 2026-03-16 09:08:31,377 INFO  Applications matching filter: 1
[1] 2026-03-16 09:08:31,388 INFO  Application: [Chrome] Installed: [145.0.7632.160 (x64) (en)] Latest: [146.0.7680.72]
[1] 2026-03-16 09:08:31,392 DEBUG DONE
[1] 2026-03-16 11:01:37,336 DEBUG =============================== Launch at [16/03/2026 11:01:37] ===============================
[1] 2026-03-16 11:01:37,337 DEBUG ThirdPartyPatch (2.13.11.5031)
[1] 2026-03-16 11:01:37,337 DEBUG System Information: OS: WIN_11 [x64]
[1] 2026-03-16 11:01:37,338 DEBUG Command: ThirdPartyPatch.exe /query all /filter up_to_date /server https://sis.n-able.com 
[1] 2026-03-16 11:01:37,349 DEBUG Found existing Repository XML [C:\ProgramData\MspPlatform\PME\ThirdPartyPatch\Downloads\Repository.xml] backing up to [C:\ProgramData\MspPlatform\PME\ThirdPartyPatch\Downloads\Repository.old] 
[1] 2026-03-16 11:01:37,397 DEBUG Local ThirdPartySoftware Timestamp: [1773398160] Repository Timestamp: [1773398160] Refreshing MetaFiles: [False]
[1] 2026-03-16 11:01:37,462 DEBUG Verifying correct bitness of following product: Google Chrome
[1] 2026-03-16 11:01:37,463 DEBUG Original architecture found for Google Chrome is correct!
[1] 2026-03-16 11:01:37,662 DEBUG Verifying correct bitness of following product: Microsoft Edge
[1] 2026-03-16 11:01:37,662 DEBUG Registry location does not correspond to actual product architecture. Adjusting information...
[1] 2026-03-16 11:01:37,662 DEBUG Product: Microsoft Edge. Previous detected architecture => Is64Bit: False / Corrected architecture => Is64Bit: True
[1] 2026-03-16 11:01:37,911 INFO  Applications matching filter: 3
[1] 2026-03-16 11:01:37,922 INFO  Application: [OneDrive] Installed: [26.26.209.4 (x64) (en)] Latest: [26.26.209.4]
[1] 2026-03-16 11:01:37,932 INFO  Application: [Google Drive] Installed: [122.0.1.0 (x64) (en)] Latest: [115.0.1.0]
[1] 2026-03-16 11:01:37,936 INFO  Application: [Microsoft Edge] Installed: [146.0.3856.59 (x64) (en)] Latest: [145.0.3800.97]
[1] 2026-03-16 11:01:37,939 DEBUG DONE
[1] 2026-03-16 11:01:38,053 DEBUG =============================== Launch at [16/03/2026 11:01:38] ===============================
[1] 2026-03-16 11:01:38,054 DEBUG ThirdPartyPatch (2.13.11.5031)
[1] 2026-03-16 11:01:38,054 DEBUG System Information: OS: WIN_11 [x64]
[1] 2026-03-16 11:01:38,054 DEBUG Command: ThirdPartyPatch.exe /query all /filter update_available /server https://sis.n-able.com 
[1] 2026-03-16 11:01:38,064 DEBUG Found existing Repository XML [C:\ProgramData\MspPlatform\PME\ThirdPartyPatch\Downloads\Repository.xml] backing up to [C:\ProgramData\MspPlatform\PME\ThirdPartyPatch\Downloads\Repository.old] 
[1] 2026-03-16 11:01:38,111 DEBUG Local ThirdPartySoftware Timestamp: [1773398160] Repository Timestamp: [1773398160] Refreshing MetaFiles: [False]
[1] 2026-03-16 11:01:38,172 DEBUG Verifying correct bitness of following product: Google Chrome
[1] 2026-03-16 11:01:38,173 DEBUG Original architecture found for Google Chrome is correct!
[1] 2026-03-16 11:01:38,356 DEBUG Verifying correct bitness of following product: Microsoft Edge
[1] 2026-03-16 11:01:38,356 DEBUG Registry location does not correspond to actual product architecture. Adjusting information...
[1] 2026-03-16 11:01:38,356 DEBUG Product: Microsoft Edge. Previous detected architecture => Is64Bit: False / Corrected architecture => Is64Bit: True
[1] 2026-03-16 11:01:38,540 INFO  Applications matching filter: 1
[1] 2026-03-16 11:01:38,550 INFO  Application: [Chrome] Installed: [145.0.7632.160 (x64) (en)] Latest: [146.0.7680.72]
[1] 2026-03-16 11:01:38,553 DEBUG DONE
[1] 2026-03-17 09:09:07,864 DEBUG =============================== Launch at [17/03/2026 9:09:07] ===============================
[1] 2026-03-17 09:09:07,866 DEBUG ThirdPartyPatch (2.13.11.5031)
[1] 2026-03-17 09:09:07,867 DEBUG System Information: OS: WIN_11 [x64]
[1] 2026-03-17 09:09:07,868 DEBUG Command: ThirdPartyPatch.exe /query all /filter up_to_date /server https://sis.n-able.com 
[1] 2026-03-17 09:09:07,899 DEBUG Found existing Repository XML [C:\ProgramData\MspPlatform\PME\ThirdPartyPatch\Downloads\Repository.xml] backing up to [C:\ProgramData\MspPlatform\PME\ThirdPartyPatch\Downloads\Repository.old] 
[1] 2026-03-17 09:09:18,057 DEBUG Local ThirdPartySoftware Timestamp: [1773398160] Repository Timestamp: [1773655258] Refreshing MetaFiles: [True]
[1] 2026-03-17 09:09:34,959 DEBUG Verifying correct bitness of following product: Google Chrome
[1] 2026-03-17 09:09:34,963 DEBUG Original architecture found for Google Chrome is correct!
[1] 2026-03-17 09:09:35,586 DEBUG Verifying correct bitness of following product: Microsoft Edge
[1] 2026-03-17 09:09:35,587 DEBUG Registry location does not correspond to actual product architecture. Adjusting information...
[1] 2026-03-17 09:09:35,588 DEBUG Product: Microsoft Edge. Previous detected architecture => Is64Bit: False / Corrected architecture => Is64Bit: True
[1] 2026-03-17 09:09:56,431 INFO  Applications matching filter: 2
[1] 2026-03-17 09:10:12,029 INFO  Application: [OneDrive] Installed: [26.32.217.3 (x64) (en)] Latest: [26.26.209.4]
[1] 2026-03-17 09:10:12,053 INFO  Application: [Google Drive] Installed: [122.0.1.0 (x64) (en)] Latest: [115.0.1.0]
[1] 2026-03-17 09:10:12,057 DEBUG DONE
[1] 2026-03-17 09:10:12,354 DEBUG =============================== Launch at [17/03/2026 9:10:12] ===============================
[1] 2026-03-17 09:10:12,355 DEBUG ThirdPartyPatch (2.13.11.5031)
[1] 2026-03-17 09:10:12,356 DEBUG System Information: OS: WIN_11 [x64]
[1] 2026-03-17 09:10:12,357 DEBUG Command: ThirdPartyPatch.exe /query all /filter update_available /server https://sis.n-able.com 
[1] 2026-03-17 09:10:12,492 DEBUG Local ThirdPartySoftware Timestamp: [1773655258] Repository Timestamp: [1773655258] Refreshing MetaFiles: [False]
[1] 2026-03-17 09:10:12,637 DEBUG Verifying correct bitness of following product: Google Chrome
[1] 2026-03-17 09:10:12,640 DEBUG Original architecture found for Google Chrome is correct!
[1] 2026-03-17 09:10:13,113 DEBUG Verifying correct bitness of following product: Microsoft Edge
[1] 2026-03-17 09:10:13,114 DEBUG Registry location does not correspond to actual product architecture. Adjusting information...
[1] 2026-03-17 09:10:13,115 DEBUG Product: Microsoft Edge. Previous detected architecture => Is64Bit: False / Corrected architecture => Is64Bit: True
[1] 2026-03-17 09:10:33,656 INFO  Applications matching filter: 2
[1] 2026-03-17 09:10:33,686 INFO  Application: [Chrome] Installed: [145.0.7632.162 (x64) (en)] Latest: [146.0.7680.80]
[1] 2026-03-17 09:10:33,704 INFO  Application: [Microsoft Edge] Installed: [146.0.3856.59 (x64) (en)] Latest: [146.0.3856.62]
[1] 2026-03-17 09:10:33,710 DEBUG DONE
[1] 2026-03-17 09:26:59,022 DEBUG =============================== Launch at [17/03/2026 9:26:59] ===============================
[1] 2026-03-17 09:26:59,023 DEBUG ThirdPartyPatch (2.13.11.5031)
[1] 2026-03-17 09:26:59,024 DEBUG System Information: OS: WIN_11 [x64]
[1] 2026-03-17 09:26:59,025 DEBUG Command: ThirdPartyPatch.exe /query all /filter up_to_date /server https://sis.n-able.com 
[1] 2026-03-17 09:26:59,050 DEBUG Found existing Repository XML [C:\ProgramData\MspPlatform\PME\ThirdPartyPatch\Downloads\Repository.xml] backing up to [C:\ProgramData\MspPlatform\PME\ThirdPartyPatch\Downloads\Repository.old] 
[1] 2026-03-17 09:26:59,160 DEBUG Local ThirdPartySoftware Timestamp: [1773655258] Repository Timestamp: [1773655258] Refreshing MetaFiles: [False]
[1] 2026-03-17 09:26:59,303 DEBUG Verifying correct bitness of following product: Google Chrome
[1] 2026-03-17 09:26:59,306 DEBUG Original architecture found for Google Chrome is correct!
[1] 2026-03-17 09:26:59,812 DEBUG Verifying correct bitness of following product: Microsoft Edge
[1] 2026-03-17 09:26:59,812 DEBUG Registry location does not correspond to actual product architecture. Adjusting information...
[1] 2026-03-17 09:26:59,813 DEBUG Product: Microsoft Edge. Previous detected architecture => Is64Bit: False / Corrected architecture => Is64Bit: True
[1] 2026-03-17 09:27:00,330 INFO  Applications matching filter: 2
[1] 2026-03-17 09:27:00,357 INFO  Application: [OneDrive] Installed: [26.32.217.3 (x64) (en)] Latest: [26.26.209.4]
[1] 2026-03-17 09:27:00,377 INFO  Application: [Google Drive] Installed: [122.0.1.0 (x64) (en)] Latest: [115.0.1.0]
[1] 2026-03-17 09:27:00,383 DEBUG DONE
[1] 2026-03-17 09:27:00,692 DEBUG =============================== Launch at [17/03/2026 9:27:00] ===============================
[1] 2026-03-17 09:27:00,694 DEBUG ThirdPartyPatch (2.13.11.5031)
[1] 2026-03-17 09:27:00,695 DEBUG System Information: OS: WIN_11 [x64]
[1] 2026-03-17 09:27:00,696 DEBUG Command: ThirdPartyPatch.exe /query all /filter update_available /server https://sis.n-able.com 
[1] 2026-03-17 09:27:00,721 DEBUG Found existing Repository XML [C:\ProgramData\MspPlatform\PME\ThirdPartyPatch\Downloads\Repository.xml] backing up to [C:\ProgramData\MspPlatform\PME\ThirdPartyPatch\Downloads\Repository.old] 
[1] 2026-03-17 09:27:00,835 DEBUG Local ThirdPartySoftware Timestamp: [1773655258] Repository Timestamp: [1773655258] Refreshing MetaFiles: [False]
[1] 2026-03-17 09:27:00,998 DEBUG Verifying correct bitness of following product: Google Chrome
[1] 2026-03-17 09:27:01,000 DEBUG Original architecture found for Google Chrome is correct!
[1] 2026-03-17 09:27:01,467 DEBUG Verifying correct bitness of following product: Microsoft Edge
[1] 2026-03-17 09:27:01,468 DEBUG Registry location does not correspond to actual product architecture. Adjusting information...
[1] 2026-03-17 09:27:01,471 DEBUG Product: Microsoft Edge. Previous detected architecture => Is64Bit: False / Corrected architecture => Is64Bit: True
[1] 2026-03-17 09:27:01,946 INFO  Applications matching filter: 2
[1] 2026-03-17 09:27:01,978 INFO  Application: [Chrome] Installed: [145.0.7632.162 (x64) (en)] Latest: [146.0.7680.80]
[1] 2026-03-17 09:27:01,993 INFO  Application: [Microsoft Edge] Installed: [146.0.3856.59 (x64) (en)] Latest: [146.0.3856.62]
[1] 2026-03-17 09:27:02,000 DEBUG DONE
[1] 2026-03-17 11:08:26,665 DEBUG =============================== Launch at [17/03/2026 11:08:26] ===============================
[1] 2026-03-17 11:08:26,667 DEBUG ThirdPartyPatch (2.13.11.5031)
[1] 2026-03-17 11:08:26,668 DEBUG System Information: OS: WIN_11 [x64]
[1] 2026-03-17 11:08:26,668 DEBUG Command: ThirdPartyPatch.exe /query all /filter up_to_date /server https://sis.n-able.com 
[1] 2026-03-17 11:08:26,694 DEBUG Found existing Repository XML [C:\ProgramData\MspPlatform\PME\ThirdPartyPatch\Downloads\Repository.xml] backing up to [C:\ProgramData\MspPlatform\PME\ThirdPartyPatch\Downloads\Repository.old] 
[1] 2026-03-17 11:08:26,804 DEBUG Local ThirdPartySoftware Timestamp: [1773655258] Repository Timestamp: [1773655258] Refreshing MetaFiles: [False]
[1] 2026-03-17 11:08:26,953 DEBUG Verifying correct bitness of following product: Google Chrome
[1] 2026-03-17 11:08:26,955 DEBUG Original architecture found for Google Chrome is correct!
[1] 2026-03-17 11:08:27,424 DEBUG Verifying correct bitness of following product: Microsoft Edge
[1] 2026-03-17 11:08:27,424 DEBUG Registry location does not correspond to actual product architecture. Adjusting information...
[1] 2026-03-17 11:08:27,426 DEBUG Product: Microsoft Edge. Previous detected architecture => Is64Bit: False / Corrected architecture => Is64Bit: True
[1] 2026-03-17 11:09:26,363 INFO  Applications matching filter: 2
[1] 2026-03-17 11:09:26,398 INFO  Application: [OneDrive] Installed: [26.32.217.3 (x64) (en)] Latest: [26.26.209.4]
[1] 2026-03-17 11:09:26,427 INFO  Application: [Google Drive] Installed: [122.0.1.0 (x64) (en)] Latest: [115.0.1.0]
[1] 2026-03-17 11:09:26,436 DEBUG DONE
[1] 2026-03-17 11:09:26,781 DEBUG =============================== Launch at [17/03/2026 11:09:26] ===============================
[1] 2026-03-17 11:09:26,782 DEBUG ThirdPartyPatch (2.13.11.5031)
[1] 2026-03-17 11:09:26,783 DEBUG System Information: OS: WIN_11 [x64]
[1] 2026-03-17 11:09:26,784 DEBUG Command: ThirdPartyPatch.exe /query all /filter update_available /server https://sis.n-able.com 
[1] 2026-03-17 11:09:26,815 DEBUG Found existing Repository XML [C:\ProgramData\MspPlatform\PME\ThirdPartyPatch\Downloads\Repository.xml] backing up to [C:\ProgramData\MspPlatform\PME\ThirdPartyPatch\Downloads\Repository.old] 
[1] 2026-03-17 11:09:55,973 DEBUG Local ThirdPartySoftware Timestamp: [1773655258] Repository Timestamp: [1773655258] Refreshing MetaFiles: [False]
[1] 2026-03-17 11:09:56,175 DEBUG Verifying correct bitness of following product: Google Chrome
[1] 2026-03-17 11:09:56,178 DEBUG Original architecture found for Google Chrome is correct!
[1] 2026-03-17 11:09:56,924 DEBUG Verifying correct bitness of following product: Microsoft Edge
[1] 2026-03-17 11:09:56,925 DEBUG Registry location does not correspond to actual product architecture. Adjusting information...
[1] 2026-03-17 11:09:56,926 DEBUG Product: Microsoft Edge. Previous detected architecture => Is64Bit: False / Corrected architecture => Is64Bit: True
[1] 2026-03-17 11:10:26,692 INFO  Applications matching filter: 2
[1] 2026-03-17 11:10:26,732 INFO  Application: [Chrome] Installed: [145.0.7632.162 (x64) (en)] Latest: [146.0.7680.80]
[1] 2026-03-17 11:10:26,757 INFO  Application: [Microsoft Edge] Installed: [146.0.3856.59 (x64) (en)] Latest: [146.0.3856.62]
[1] 2026-03-17 11:10:26,763 DEBUG DONE
[1] 2026-03-19 09:40:04,465 DEBUG =============================== Launch at [19/03/2026 9:40:04] ===============================
[1] 2026-03-19 09:40:04,466 DEBUG ThirdPartyPatch (2.13.11.5031)
[1] 2026-03-19 09:40:04,466 DEBUG System Information: OS: WIN_11 [x64]
[1] 2026-03-19 09:40:04,466 DEBUG Command: ThirdPartyPatch.exe /query all /filter up_to_date /server https://sis.n-able.com 
[1] 2026-03-19 09:40:04,482 DEBUG Found existing Repository XML [C:\ProgramData\MspPlatform\PME\ThirdPartyPatch\Downloads\Repository.xml] backing up to [C:\ProgramData\MspPlatform\PME\ThirdPartyPatch\Downloads\Repository.old] 
[1] 2026-03-19 09:40:14,578 DEBUG Local ThirdPartySoftware Timestamp: [1773655258] Repository Timestamp: [1773831661] Refreshing MetaFiles: [True]
[1] 2026-03-19 09:40:24,730 DEBUG Verifying correct bitness of following product: Google Chrome
[1] 2026-03-19 09:40:24,732 DEBUG Original architecture found for Google Chrome is correct!
[1] 2026-03-19 09:40:25,274 DEBUG Verifying correct bitness of following product: Microsoft Edge
[1] 2026-03-19 09:40:25,276 DEBUG Registry location does not correspond to actual product architecture. Adjusting information...
[1] 2026-03-19 09:40:25,277 DEBUG Product: Microsoft Edge. Previous detected architecture => Is64Bit: False / Corrected architecture => Is64Bit: True
[1] 2026-03-19 09:40:45,820 INFO  Applications matching filter: 2
[1] 2026-03-19 09:40:55,874 INFO  Application: [OneDrive] Installed: [26.32.217.3 (x64) (en)] Latest: [26.26.209.4]
[1] 2026-03-19 09:40:55,896 INFO  Application: [Google Drive] Installed: [122.0.1.0 (x64) (en)] Latest: [115.0.1.0]
[1] 2026-03-19 09:40:55,899 DEBUG DONE
[1] 2026-03-19 09:40:56,073 DEBUG =============================== Launch at [19/03/2026 9:40:56] ===============================
[1] 2026-03-19 09:40:56,074 DEBUG ThirdPartyPatch (2.13.11.5031)
[1] 2026-03-19 09:40:56,074 DEBUG System Information: OS: WIN_11 [x64]
[1] 2026-03-19 09:40:56,075 DEBUG Command: ThirdPartyPatch.exe /query all /filter update_available /server https://sis.n-able.com 
[1] 2026-03-19 09:40:56,147 DEBUG Local ThirdPartySoftware Timestamp: [1773831661] Repository Timestamp: [1773831661] Refreshing MetaFiles: [False]
[1] 2026-03-19 09:40:56,230 DEBUG Verifying correct bitness of following product: Google Chrome
[1] 2026-03-19 09:40:56,232 DEBUG Original architecture found for Google Chrome is correct!
[1] 2026-03-19 09:40:56,492 DEBUG Verifying correct bitness of following product: Microsoft Edge
[1] 2026-03-19 09:40:56,493 DEBUG Registry location does not correspond to actual product architecture. Adjusting information...
[1] 2026-03-19 09:40:56,494 DEBUG Product: Microsoft Edge. Previous detected architecture => Is64Bit: False / Corrected architecture => Is64Bit: True
[1] 2026-03-19 09:41:06,812 INFO  Applications matching filter: 1
[1] 2026-03-19 09:41:06,842 INFO  Application: [Chrome] Installed: [145.0.7632.162 (x64) (en)] Latest: [146.0.7680.80]
[1] 2026-03-19 09:41:06,851 DEBUG DONE
[1] 2026-03-19 09:41:18,071 DEBUG =============================== Launch at [19/03/2026 9:41:18] ===============================
[1] 2026-03-19 09:41:18,071 DEBUG ThirdPartyPatch (2.13.11.5031)
[1] 2026-03-19 09:41:18,072 DEBUG System Information: OS: WIN_11 [x64]
[1] 2026-03-19 09:41:18,072 DEBUG Command: ThirdPartyPatch.exe /update Chrome /skipdownload /server https://sis.n-able.com 
[1] 2026-03-19 09:41:18,086 DEBUG Found existing Repository XML [C:\ProgramData\MspPlatform\PME\ThirdPartyPatch\Downloads\Repository.xml] backing up to [C:\ProgramData\MspPlatform\PME\ThirdPartyPatch\Downloads\Repository.old] 
[1] 2026-03-19 09:41:18,144 DEBUG Local ThirdPartySoftware Timestamp: [1773831661] Repository Timestamp: [1773831661] Refreshing MetaFiles: [False]
[1] 2026-03-19 09:41:18,202 DEBUG Verifying correct bitness of following product: Google Chrome
[1] 2026-03-19 09:41:18,204 DEBUG Original architecture found for Google Chrome is correct!
[1] 2026-03-19 09:41:18,206 DEBUG Chrome is installed. (145.0.7632.162)
[1] 2026-03-19 09:41:18,207 DEBUG Update available  [Chrome (146.0.7680.80)].
[1] 2026-03-19 09:41:20,314 DEBUG      Starting install: Chrome
[1] 2026-03-19 09:41:20,315 DEBUG Installing: Chrome [145.0.7632.162] -> [146.0.7680.80]
[1] 2026-03-19 09:41:20,324 DEBUG Getting Commands for OS: [WIN_11] Architecture: [x64] Locale: [en] Upgrade: [True]
[1] 2026-03-19 09:41:20,662 DEBUG [C:\ProgramData\MspPlatform\PME\ThirdPartyPatch\Downloads\f7aa248b-6982-498c-825d-847b0104f3a2\googlechromestandaloneenterprise64.msi] failed the checksum check. Actual: [4272741F7261377C4DBB3D360387E81953E108BD] Expected: [FC1712FE49011E4C8100F1F160D252B0C64D8A60]
[1] 2026-03-19 09:41:25,700 INFO  Chrome version installed: [145.0.7632.162] latest version: [146.0.7680.80]
[1] 2026-03-19 09:41:25,703 DEBUG [ Chrome ] Return code: [ ERROR_CHECKSUM_MATCH_FAILURE - Detected a bad installer - The installer's checksum didn't match the expected checksum. Skipping installation. ]
[1] 2026-03-19 09:41:25,705 DEBUG -----END-----
[1] 2026-03-19 09:41:25,708 DEBUG DONE
[1] 2026-03-19 09:43:48,098 DEBUG =============================== Launch at [19/03/2026 9:43:48] ===============================
[1] 2026-03-19 09:43:48,098 DEBUG ThirdPartyPatch (2.13.11.5031)
[1] 2026-03-19 09:43:48,098 DEBUG System Information: OS: WIN_11 [x64]
[1] 2026-03-19 09:43:48,100 DEBUG Command: ThirdPartyPatch.exe /query all /filter up_to_date /server https://sis.n-able.com 
[1] 2026-03-19 09:43:48,116 DEBUG Found existing Repository XML [C:\ProgramData\MspPlatform\PME\ThirdPartyPatch\Downloads\Repository.xml] backing up to [C:\ProgramData\MspPlatform\PME\ThirdPartyPatch\Downloads\Repository.old] 
[1] 2026-03-19 09:43:48,222 DEBUG Local ThirdPartySoftware Timestamp: [1773831661] Repository Timestamp: [1773831661] Refreshing MetaFiles: [False]
[1] 2026-03-19 09:43:48,359 DEBUG Verifying correct bitness of following product: Google Chrome
[1] 2026-03-19 09:43:48,361 DEBUG Original architecture found for Google Chrome is correct!
[1] 2026-03-19 09:43:48,729 DEBUG Verifying correct bitness of following product: Microsoft Edge
[1] 2026-03-19 09:43:48,730 DEBUG Registry location does not correspond to actual product architecture. Adjusting information...
[1] 2026-03-19 09:43:48,731 DEBUG Product: Microsoft Edge. Previous detected architecture => Is64Bit: False / Corrected architecture => Is64Bit: True
[1] 2026-03-19 09:43:59,388 INFO  Applications matching filter: 3
[1] 2026-03-19 09:43:59,434 INFO  Application: [OneDrive] Installed: [26.32.217.3 (x64) (en)] Latest: [26.26.209.4]
[1] 2026-03-19 09:43:59,504 INFO  Application: [Google Drive] Installed: [122.0.1.0 (x64) (en)] Latest: [115.0.1.0]
[1] 2026-03-19 09:43:59,528 INFO  Application: [Microsoft Edge] Installed: [146.0.3856.62 (x64) (en)] Latest: [146.0.3856.62]
[1] 2026-03-19 09:43:59,568 DEBUG DONE
[1] 2026-03-19 09:44:00,066 DEBUG =============================== Launch at [19/03/2026 9:44:00] ===============================
[1] 2026-03-19 09:44:00,067 DEBUG ThirdPartyPatch (2.13.11.5031)
[1] 2026-03-19 09:44:00,068 DEBUG System Information: OS: WIN_11 [x64]
[1] 2026-03-19 09:44:00,069 DEBUG Command: ThirdPartyPatch.exe /query all /filter update_available /server https://sis.n-able.com 
[1] 2026-03-19 09:44:00,101 DEBUG Found existing Repository XML [C:\ProgramData\MspPlatform\PME\ThirdPartyPatch\Downloads\Repository.xml] backing up to [C:\ProgramData\MspPlatform\PME\ThirdPartyPatch\Downloads\Repository.old] 
[1] 2026-03-19 09:44:00,239 DEBUG Local ThirdPartySoftware Timestamp: [1773831661] Repository Timestamp: [1773831661] Refreshing MetaFiles: [False]
[1] 2026-03-19 09:44:00,501 DEBUG Verifying correct bitness of following product: Google Chrome
[1] 2026-03-19 09:44:00,505 DEBUG Original architecture found for Google Chrome is correct!
[1] 2026-03-19 09:44:00,967 DEBUG Verifying correct bitness of following product: Microsoft Edge
[1] 2026-03-19 09:44:00,967 DEBUG Registry location does not correspond to actual product architecture. Adjusting information...
[1] 2026-03-19 09:44:00,968 DEBUG Product: Microsoft Edge. Previous detected architecture => Is64Bit: False / Corrected architecture => Is64Bit: True
[1] 2026-03-19 09:44:01,288 INFO  Applications matching filter: 1
[1] 2026-03-19 09:44:01,305 INFO  Application: [Chrome] Installed: [145.0.7632.162 (x64) (en)] Latest: [146.0.7680.80]
[1] 2026-03-19 09:44:01,312 DEBUG DONE
[1] 2026-03-23 06:36:52,988 DEBUG =============================== Launch at [23/03/2026 6:36:52] ===============================
[1] 2026-03-23 06:36:52,990 DEBUG ThirdPartyPatch (2.13.11.5031)
[1] 2026-03-23 06:36:52,991 DEBUG System Information: OS: WIN_11 [x64]
[1] 2026-03-23 06:36:52,991 DEBUG Command: ThirdPartyPatch.exe /query all /filter up_to_date /server https://sis.n-able.com 
[1] 2026-03-23 06:36:53,005 DEBUG Found existing Repository XML [C:\ProgramData\MspPlatform\PME\ThirdPartyPatch\Downloads\Repository.xml] backing up to [C:\ProgramData\MspPlatform\PME\ThirdPartyPatch\Downloads\Repository.old] 
[1] 2026-03-23 15:31:57,069 DEBUG Local ThirdPartySoftware Timestamp: [1773831661] Repository Timestamp: [0] Refreshing MetaFiles: [True]
[1] 2026-03-23 15:32:27,165 DEBUG Error downloading ThirdPartySoftware.xml from server. File was not found on local disc.
[1] 2026-03-23 15:32:27,166 DEBUG Could not download ThirdPartySoftware.xml
[1] 2026-03-23 15:32:27,169 INFO  Applications matching filter: 0
[1] 2026-03-25 09:43:09,457 DEBUG DONE
[1] 2026-03-25 09:43:09,666 DEBUG =============================== Launch at [25/03/2026 9:43:09] ===============================
[1] 2026-03-25 09:43:09,667 DEBUG ThirdPartyPatch (2.13.11.5031)
[1] 2026-03-25 09:43:09,667 DEBUG System Information: OS: WIN_11 [x64]
[1] 2026-03-25 09:43:09,668 DEBUG Command: ThirdPartyPatch.exe /query all /filter update_available /server https://sis.n-able.com 
[1] 2026-03-25 09:43:39,923 DEBUG Verifying correct bitness of following product: Google Chrome
[1] 2026-03-25 09:43:39,926 DEBUG Original architecture found for Google Chrome is correct!
[1] 2026-03-25 09:43:40,220 DEBUG Verifying correct bitness of following product: Microsoft Edge
[1] 2026-03-25 09:43:40,220 DEBUG Registry location does not correspond to actual product architecture. Adjusting information...
[1] 2026-03-25 09:43:40,221 DEBUG Product: Microsoft Edge. Previous detected architecture => Is64Bit: False / Corrected architecture => Is64Bit: True
[1] 2026-03-25 09:44:00,600 INFO  Applications matching filter: 2
[1] 2026-03-25 09:44:00,620 INFO  Application: [Chrome] Installed: [145.0.7632.162 (x64) (en)] Latest: [146.0.7680.165]
[1] 2026-03-25 09:44:00,634 INFO  Application: [Microsoft Edge] Installed: [146.0.3856.62 (x64) (en)] Latest: [146.0.3856.78]
[1] 2026-03-25 09:44:00,637 DEBUG DONE
[1] 2026-03-25 09:45:17,209 DEBUG =============================== Launch at [25/03/2026 9:45:17] ===============================
[1] 2026-03-25 09:45:17,211 DEBUG ThirdPartyPatch (2.13.11.5031)
[1] 2026-03-25 09:45:17,212 DEBUG System Information: OS: WIN_11 [x64]
[1] 2026-03-25 09:45:17,212 DEBUG Command: ThirdPartyPatch.exe /query all /filter up_to_date /server https://sis.n-able.com 
[1] 2026-03-25 09:45:27,737 DEBUG Local ThirdPartySoftware Timestamp: [1774356022] Repository Timestamp: [1774356022] Refreshing MetaFiles: [False]
[1] 2026-03-25 09:45:27,871 DEBUG Verifying correct bitness of following product: Google Chrome
[1] 2026-03-25 09:45:27,875 DEBUG Original architecture found for Google Chrome is correct!
[1] 2026-03-25 09:45:28,320 DEBUG Verifying correct bitness of following product: Microsoft Edge
[1] 2026-03-25 09:45:28,321 DEBUG Registry location does not correspond to actual product architecture. Adjusting information...
[1] 2026-03-25 09:45:28,322 DEBUG Product: Microsoft Edge. Previous detected architecture => Is64Bit: False / Corrected architecture => Is64Bit: True
[1] 2026-03-25 09:45:48,941 INFO  Applications matching filter: 2
[1] 2026-03-25 09:45:48,980 INFO  Application: [OneDrive] Installed: [26.32.217.3 (x64) (en)] Latest: [26.32.217.3]
[1] 2026-03-25 09:45:49,035 INFO  Application: [Google Drive] Installed: [122.0.1.0 (x64) (en)] Latest: [115.0.1.0]
[1] 2026-03-25 09:45:49,043 DEBUG DONE
[1] 2026-03-25 09:45:49,281 DEBUG =============================== Launch at [25/03/2026 9:45:49] ===============================
[1] 2026-03-25 09:45:49,282 DEBUG ThirdPartyPatch (2.13.11.5031)
[1] 2026-03-25 09:45:49,282 DEBUG System Information: OS: WIN_11 [x64]
[1] 2026-03-25 09:45:49,283 DEBUG Command: ThirdPartyPatch.exe /query all /filter update_available /server https://sis.n-able.com 
[1] 2026-03-25 09:45:49,297 DEBUG Found existing Repository XML [C:\ProgramData\MspPlatform\PME\ThirdPartyPatch\Downloads\Repository.xml] backing up to [C:\ProgramData\MspPlatform\PME\ThirdPartyPatch\Downloads\Repository.old] 
[1] 2026-03-25 09:45:49,368 DEBUG Local ThirdPartySoftware Timestamp: [1774356022] Repository Timestamp: [1774356022] Refreshing MetaFiles: [False]
[1] 2026-03-25 09:45:49,452 DEBUG Verifying correct bitness of following product: Google Chrome
[1] 2026-03-25 09:45:49,453 DEBUG Original architecture found for Google Chrome is correct!
[1] 2026-03-25 09:45:49,751 DEBUG Verifying correct bitness of following product: Microsoft Edge
[1] 2026-03-25 09:45:49,752 DEBUG Registry location does not correspond to actual product architecture. Adjusting information...
[1] 2026-03-25 09:45:49,753 DEBUG Product: Microsoft Edge. Previous detected architecture => Is64Bit: False / Corrected architecture => Is64Bit: True
[1] 2026-03-25 09:45:50,032 INFO  Applications matching filter: 2
[1] 2026-03-25 09:45:50,047 INFO  Application: [Chrome] Installed: [146.0.7680.154 (x64) (en)] Latest: [146.0.7680.165]
[1] 2026-03-25 09:45:50,055 INFO  Application: [Microsoft Edge] Installed: [146.0.3856.62 (x64) (en)] Latest: [146.0.3856.78]
[1] 2026-03-25 09:45:50,058 DEBUG DONE
[1] 2026-03-25 09:46:43,491 DEBUG =============================== Launch at [25/03/2026 9:46:43] ===============================
[1] 2026-03-25 09:46:43,492 DEBUG ThirdPartyPatch (2.13.11.5031)
[1] 2026-03-25 09:46:43,495 DEBUG System Information: OS: WIN_11 [x64]
[1] 2026-03-25 09:46:43,496 DEBUG Command: ThirdPartyPatch.exe /query all /filter up_to_date /server https://sis.n-able.com 
[1] 2026-03-25 09:46:43,527 DEBUG Found existing Repository XML [C:\ProgramData\MspPlatform\PME\ThirdPartyPatch\Downloads\Repository.xml] backing up to [C:\ProgramData\MspPlatform\PME\ThirdPartyPatch\Downloads\Repository.old] 
[1] 2026-03-25 09:46:43,666 DEBUG Local ThirdPartySoftware Timestamp: [1774356022] Repository Timestamp: [1774356022] Refreshing MetaFiles: [False]
[1] 2026-03-25 09:46:43,870 DEBUG Verifying correct bitness of following product: Google Chrome
[1] 2026-03-25 09:46:43,874 DEBUG Original architecture found for Google Chrome is correct!
[1] 2026-03-25 09:46:44,568 DEBUG Verifying correct bitness of following product: Microsoft Edge
[1] 2026-03-25 09:46:44,569 DEBUG Registry location does not correspond to actual product architecture. Adjusting information...
[1] 2026-03-25 09:46:44,570 DEBUG Product: Microsoft Edge. Previous detected architecture => Is64Bit: False / Corrected architecture => Is64Bit: True
[1] 2026-03-25 09:46:45,145 INFO  Applications matching filter: 2
[1] 2026-03-25 09:46:45,179 INFO  Application: [OneDrive] Installed: [26.32.217.3 (x64) (en)] Latest: [26.32.217.3]
[1] 2026-03-25 09:46:45,202 INFO  Application: [Google Drive] Installed: [122.0.1.0 (x64) (en)] Latest: [115.0.1.0]
[1] 2026-03-25 09:46:45,208 DEBUG DONE
[1] 2026-03-25 09:46:45,570 DEBUG =============================== Launch at [25/03/2026 9:46:45] ===============================
[1] 2026-03-25 09:46:45,572 DEBUG ThirdPartyPatch (2.13.11.5031)
[1] 2026-03-25 09:46:45,574 DEBUG System Information: OS: WIN_11 [x64]
[1] 2026-03-25 09:46:45,575 DEBUG Command: ThirdPartyPatch.exe /query all /filter update_available /server https://sis.n-able.com 
[1] 2026-03-25 09:46:45,611 DEBUG Found existing Repository XML [C:\ProgramData\MspPlatform\PME\ThirdPartyPatch\Downloads\Repository.xml] backing up to [C:\ProgramData\MspPlatform\PME\ThirdPartyPatch\Downloads\Repository.old] 
[1] 2026-03-25 09:46:45,759 DEBUG Local ThirdPartySoftware Timestamp: [1774356022] Repository Timestamp: [1774356022] Refreshing MetaFiles: [False]
[1] 2026-03-25 09:46:45,946 DEBUG Verifying correct bitness of following product: Google Chrome
[1] 2026-03-25 09:46:45,949 DEBUG Original architecture found for Google Chrome is correct!
[1] 2026-03-25 09:46:46,691 DEBUG Verifying correct bitness of following product: Microsoft Edge
[1] 2026-03-25 09:46:46,692 DEBUG Registry location does not correspond to actual product architecture. Adjusting information...
[1] 2026-03-25 09:46:46,695 DEBUG Product: Microsoft Edge. Previous detected architecture => Is64Bit: False / Corrected architecture => Is64Bit: True
[1] 2026-03-25 09:46:47,464 INFO  Applications matching filter: 2
[1] 2026-03-25 09:46:47,493 INFO  Application: [Chrome] Installed: [146.0.7680.154 (x64) (en)] Latest: [146.0.7680.165]
[1] 2026-03-25 09:46:47,511 INFO  Application: [Microsoft Edge] Installed: [146.0.3856.62 (x64) (en)] Latest: [146.0.3856.78]
[1] 2026-03-25 09:46:47,517 DEBUG DONE
[1] 2026-03-25 09:48:57,784 DEBUG =============================== Launch at [25/03/2026 9:48:57] ===============================
[1] 2026-03-25 09:48:57,785 DEBUG ThirdPartyPatch (2.13.11.5031)
[1] 2026-03-25 09:48:57,786 DEBUG System Information: OS: WIN_11 [x64]
[1] 2026-03-25 09:48:57,786 DEBUG Command: ThirdPartyPatch.exe /query all /filter up_to_date /server https://sis.n-able.com 
[1] 2026-03-25 09:48:57,800 DEBUG Found existing Repository XML [C:\ProgramData\MspPlatform\PME\ThirdPartyPatch\Downloads\Repository.xml] backing up to [C:\ProgramData\MspPlatform\PME\ThirdPartyPatch\Downloads\Repository.old] 
[1] 2026-03-25 09:48:57,862 DEBUG Local ThirdPartySoftware Timestamp: [1774356022] Repository Timestamp: [1774356022] Refreshing MetaFiles: [False]
[1] 2026-03-25 09:48:57,943 DEBUG Verifying correct bitness of following product: Google Chrome
[1] 2026-03-25 09:48:57,944 DEBUG Original architecture found for Google Chrome is correct!
[1] 2026-03-25 09:48:58,264 DEBUG Verifying correct bitness of following product: Microsoft Edge
[1] 2026-03-25 09:48:58,264 DEBUG Registry location does not correspond to actual product architecture. Adjusting information...
[1] 2026-03-25 09:48:58,266 DEBUG Product: Microsoft Edge. Previous detected architecture => Is64Bit: False / Corrected architecture => Is64Bit: True
[1] 2026-03-25 09:48:58,558 INFO  Applications matching filter: 2
[1] 2026-03-25 09:48:58,574 INFO  Application: [OneDrive] Installed: [26.32.217.3 (x64) (en)] Latest: [26.32.217.3]
[1] 2026-03-25 09:48:58,585 INFO  Application: [Google Drive] Installed: [122.0.1.0 (x64) (en)] Latest: [115.0.1.0]
[1] 2026-03-25 09:48:58,588 DEBUG DONE
[1] 2026-03-25 09:48:58,772 DEBUG =============================== Launch at [25/03/2026 9:48:58] ===============================
[1] 2026-03-25 09:48:58,773 DEBUG ThirdPartyPatch (2.13.11.5031)
[1] 2026-03-25 09:48:58,773 DEBUG System Information: OS: WIN_11 [x64]
[1] 2026-03-25 09:48:58,774 DEBUG Command: ThirdPartyPatch.exe /query all /filter update_available /server https://sis.n-able.com 
[1] 2026-03-25 09:48:58,788 DEBUG Found existing Repository XML [C:\ProgramData\MspPlatform\PME\ThirdPartyPatch\Downloads\Repository.xml] backing up to [C:\ProgramData\MspPlatform\PME\ThirdPartyPatch\Downloads\Repository.old] 
[1] 2026-03-25 09:48:58,888 DEBUG Local ThirdPartySoftware Timestamp: [1774356022] Repository Timestamp: [1774356022] Refreshing MetaFiles: [False]
[1] 2026-03-25 09:48:58,970 DEBUG Verifying correct bitness of following product: Google Chrome
[1] 2026-03-25 09:48:58,972 DEBUG Original architecture found for Google Chrome is correct!
[1] 2026-03-25 09:48:59,282 DEBUG Verifying correct bitness of following product: Microsoft Edge
[1] 2026-03-25 09:48:59,282 DEBUG Registry location does not correspond to actual product architecture. Adjusting information...
[1] 2026-03-25 09:48:59,283 DEBUG Product: Microsoft Edge. Previous detected architecture => Is64Bit: False / Corrected architecture => Is64Bit: True
[1] 2026-03-25 09:48:59,543 INFO  Applications matching filter: 2
[1] 2026-03-25 09:48:59,557 INFO  Application: [Chrome] Installed: [146.0.7680.154 (x64) (en)] Latest: [146.0.7680.165]
[1] 2026-03-25 09:48:59,566 INFO  Application: [Microsoft Edge] Installed: [146.0.3856.62 (x64) (en)] Latest: [146.0.3856.78]
[1] 2026-03-25 09:48:59,569 DEBUG DONE
[1] 2026-03-25 14:32:52,203 DEBUG =============================== Launch at [25/03/2026 14:32:52] ===============================
[1] 2026-03-25 14:32:52,234 DEBUG ThirdPartyPatch (2.13.11.5031)
[1] 2026-03-25 14:32:52,235 DEBUG System Information: OS: WIN_11 [x64]
[1] 2026-03-25 14:32:52,235 DEBUG Command: ThirdPartyPatch.exe /query all /filter up_to_date /server https://sis.n-able.com 
[1] 2026-03-25 14:32:52,248 DEBUG Found existing Repository XML [C:\ProgramData\MspPlatform\PME\ThirdPartyPatch\Downloads\Repository.xml] backing up to [C:\ProgramData\MspPlatform\PME\ThirdPartyPatch\Downloads\Repository.old] 
[1] 2026-03-25 14:33:02,645 DEBUG Local ThirdPartySoftware Timestamp: [1774356022] Repository Timestamp: [1774356022] Refreshing MetaFiles: [False]
[1] 2026-03-25 14:33:02,802 DEBUG Verifying correct bitness of following product: Google Chrome
[1] 2026-03-25 14:33:02,804 DEBUG Original architecture found for Google Chrome is correct!
[1] 2026-03-25 14:33:03,405 DEBUG Verifying correct bitness of following product: Microsoft Edge
[1] 2026-03-25 14:33:03,407 DEBUG Registry location does not correspond to actual product architecture. Adjusting information...
[1] 2026-03-25 14:33:03,408 DEBUG Product: Microsoft Edge. Previous detected architecture => Is64Bit: False / Corrected architecture => Is64Bit: True
[1] 2026-03-25 14:33:03,969 INFO  Applications matching filter: 2
[1] 2026-03-25 14:33:03,991 INFO  Application: [OneDrive] Installed: [26.35.222.2 (x64) (en)] Latest: [26.32.217.3]
[1] 2026-03-25 14:33:04,017 INFO  Application: [Google Drive] Installed: [122.0.1.0 (x64) (en)] Latest: [115.0.1.0]
[1] 2026-03-25 14:33:04,023 DEBUG DONE
[1] 2026-03-25 14:33:04,196 DEBUG =============================== Launch at [25/03/2026 14:33:04] ===============================
[1] 2026-03-25 14:33:04,197 DEBUG ThirdPartyPatch (2.13.11.5031)
[1] 2026-03-25 14:33:04,197 DEBUG System Information: OS: WIN_11 [x64]
[1] 2026-03-25 14:33:04,198 DEBUG Command: ThirdPartyPatch.exe /query all /filter update_available /server https://sis.n-able.com 
[1] 2026-03-25 14:33:04,211 DEBUG Found existing Repository XML [C:\ProgramData\MspPlatform\PME\ThirdPartyPatch\Downloads\Repository.xml] backing up to [C:\ProgramData\MspPlatform\PME\ThirdPartyPatch\Downloads\Repository.old] 
[1] 2026-03-25 14:33:04,273 DEBUG Local ThirdPartySoftware Timestamp: [1774356022] Repository Timestamp: [1774356022] Refreshing MetaFiles: [False]
[1] 2026-03-25 14:33:04,353 DEBUG Verifying correct bitness of following product: Google Chrome
[1] 2026-03-25 14:33:04,354 DEBUG Original architecture found for Google Chrome is correct!
[1] 2026-03-25 14:33:04,724 DEBUG Verifying correct bitness of following product: Microsoft Edge
[1] 2026-03-25 14:33:04,725 DEBUG Registry location does not correspond to actual product architecture. Adjusting information...
[1] 2026-03-25 14:33:04,725 DEBUG Product: Microsoft Edge. Previous detected architecture => Is64Bit: False / Corrected architecture => Is64Bit: True
[1] 2026-03-25 14:33:05,016 INFO  Applications matching filter: 2
[1] 2026-03-25 14:33:05,034 INFO  Application: [Chrome] Installed: [146.0.7680.154 (x64) (en)] Latest: [146.0.7680.165]
[1] 2026-03-25 14:33:05,044 INFO  Application: [Microsoft Edge] Installed: [146.0.3856.62 (x64) (en)] Latest: [146.0.3856.78]
[1] 2026-03-25 14:33:05,047 DEBUG DONE
[1] 2026-03-26 09:21:30,213 DEBUG =============================== Launch at [26/03/2026 9:21:30] ===============================
[1] 2026-03-26 09:21:30,213 DEBUG ThirdPartyPatch (2.13.11.5031)
[1] 2026-03-26 09:21:30,214 DEBUG System Information: OS: WIN_11 [x64]
[1] 2026-03-26 09:21:30,214 DEBUG Command: ThirdPartyPatch.exe /query all /filter up_to_date /server https://sis.n-able.com 
[1] 2026-03-26 09:21:30,224 DEBUG Found existing Repository XML [C:\ProgramData\MspPlatform\PME\ThirdPartyPatch\Downloads\Repository.xml] backing up to [C:\ProgramData\MspPlatform\PME\ThirdPartyPatch\Downloads\Repository.old] 
[1] 2026-03-26 09:21:40,303 DEBUG Local ThirdPartySoftware Timestamp: [1774356022] Repository Timestamp: [1774445037] Refreshing MetaFiles: [True]
[1] 2026-03-26 09:21:50,452 DEBUG Verifying correct bitness of following product: Google Chrome
[1] 2026-03-26 09:21:50,454 DEBUG Original architecture found for Google Chrome is correct!
[1] 2026-03-26 09:21:50,863 DEBUG Verifying correct bitness of following product: Microsoft Edge
[1] 2026-03-26 09:21:50,864 DEBUG Registry location does not correspond to actual product architecture. Adjusting information...
[1] 2026-03-26 09:21:50,865 DEBUG Product: Microsoft Edge. Previous detected architecture => Is64Bit: False / Corrected architecture => Is64Bit: True
[1] 2026-03-26 09:22:11,283 INFO  Applications matching filter: 2
[1] 2026-03-26 09:22:21,314 INFO  Application: [OneDrive] Installed: [26.35.222.2 (x64) (en)] Latest: [26.32.217.3]
[1] 2026-03-26 09:22:21,325 INFO  Application: [Google Drive] Installed: [122.0.1.0 (x64) (en)] Latest: [115.0.1.0]
[1] 2026-03-26 09:22:21,327 DEBUG DONE
[1] 2026-03-26 09:22:21,446 DEBUG =============================== Launch at [26/03/2026 9:22:21] ===============================
[1] 2026-03-26 09:22:21,447 DEBUG ThirdPartyPatch (2.13.11.5031)
[1] 2026-03-26 09:22:21,447 DEBUG System Information: OS: WIN_11 [x64]
[1] 2026-03-26 09:22:21,447 DEBUG Command: ThirdPartyPatch.exe /query all /filter update_available /server https://sis.n-able.com 
[1] 2026-03-26 09:22:21,498 DEBUG Local ThirdPartySoftware Timestamp: [1774445037] Repository Timestamp: [1774445037] Refreshing MetaFiles: [False]
[1] 2026-03-26 09:22:21,555 DEBUG Verifying correct bitness of following product: Google Chrome
[1] 2026-03-26 09:22:21,557 DEBUG Original architecture found for Google Chrome is correct!
[1] 2026-03-26 09:22:21,764 DEBUG Verifying correct bitness of following product: Microsoft Edge
[1] 2026-03-26 09:22:21,764 DEBUG Registry location does not correspond to actual product architecture. Adjusting information...
[1] 2026-03-26 09:22:21,764 DEBUG Product: Microsoft Edge. Previous detected architecture => Is64Bit: False / Corrected architecture => Is64Bit: True
[1] 2026-03-26 09:22:42,045 INFO  Applications matching filter: 2
[1] 2026-03-26 09:22:42,061 INFO  Application: [Chrome] Installed: [146.0.7680.154 (x64) (en)] Latest: [146.0.7680.165]
[1] 2026-03-26 09:22:42,071 INFO  Application: [Microsoft Edge] Installed: [146.0.3856.72 (x64) (en)] Latest: [146.0.3856.78]
[1] 2026-03-26 09:22:42,074 DEBUG DONE
[1] 2026-03-26 09:26:03,053 DEBUG =============================== Launch at [26/03/2026 9:26:03] ===============================
[1] 2026-03-26 09:26:03,054 DEBUG ThirdPartyPatch (2.13.11.5031)
[1] 2026-03-26 09:26:03,054 DEBUG System Information: OS: WIN_11 [x64]
[1] 2026-03-26 09:26:03,054 DEBUG Command: ThirdPartyPatch.exe /update Chrome /skipdownload /server https://sis.n-able.com 
[1] 2026-03-26 09:26:03,064 DEBUG Found existing Repository XML [C:\ProgramData\MspPlatform\PME\ThirdPartyPatch\Downloads\Repository.xml] backing up to [C:\ProgramData\MspPlatform\PME\ThirdPartyPatch\Downloads\Repository.old] 
[1] 2026-03-26 09:26:03,107 DEBUG Local ThirdPartySoftware Timestamp: [1774445037] Repository Timestamp: [1774445037] Refreshing MetaFiles: [False]
[1] 2026-03-26 09:26:03,148 DEBUG Verifying correct bitness of following product: Google Chrome
[1] 2026-03-26 09:26:03,149 DEBUG Original architecture found for Google Chrome is correct!
[1] 2026-03-26 09:26:03,150 DEBUG Chrome is installed. (146.0.7680.154)
[1] 2026-03-26 09:26:03,151 DEBUG Update available  [Chrome (146.0.7680.165)].
[1] 2026-03-26 09:26:05,225 DEBUG      Starting install: Chrome
[1] 2026-03-26 09:26:05,227 DEBUG Installing: Chrome [146.0.7680.154] -> [146.0.7680.165]
[1] 2026-03-26 09:26:05,234 DEBUG Getting Commands for OS: [WIN_11] Architecture: [x64] Locale: [en] Upgrade: [True]
[1] 2026-03-26 09:26:05,481 DEBUG Passed checksum verification: [C:\ProgramData\MspPlatform\PME\ThirdPartyPatch\Downloads\f7aa248b-6982-498c-825d-847b0104f3a2\googlechromestandaloneenterprise64.msi]
[1] 2026-03-26 09:26:05,482 DEBUG Executing
[1] 2026-03-26 09:26:05,487 DEBUG Getting Commands for OS: [WIN_11] Architecture: [x64] Locale: [en] Upgrade: [True]
[1] 2026-03-26 09:26:05,489 DEBUG Checking if MSIExec process is live (possibly another installation)
[1] 2026-03-26 09:26:05,497 DEBUG No MSIExec processes are live.
[1] 2026-03-26 09:26:05,499 DEBUG --------------------
[1] 2026-03-26 09:26:05,499 DEBUG Launching Command: msiexec /i googlechromestandaloneenterprise64.msi /qn /norestart /lv Chrome-upgrade.log
[1] 2026-03-26 09:26:05,499 DEBUG --------------------
[1] 2026-03-26 09:26:05,505 DEBUG Process started: 38628
[1] 2026-03-26 09:26:19,741 DEBUG Exit status code: 0: Action completed successfully.
[1] 2026-03-26 09:26:19,744 DEBUG Installation.SaveLogs => Started saving logs for Chrome - f7aa248b-6982-498c-825d-847b0104f3a2.
[1] 2026-03-26 09:26:19,746 DEBUG Copy logs from: C:\ProgramData\MspPlatform\PME\ThirdPartyPatch\Downloads\f7aa248b-6982-498c-825d-847b0104f3a2\Chrome-upgrade.log to: C:\ProgramData\MspPlatform\PME\ThirdPartyPatch\logs\f7aa248b-6982-498c-825d-847b0104f3a2-Chrome-upgrade.log
[1] 2026-03-26 09:26:19,748 DEBUG Found 1 log(s) Chrome-upgrade.log
[1] 2026-03-26 09:26:19,749 DEBUG Installation.SaveLogs => Finished saving logs for Chrome - f7aa248b-6982-498c-825d-847b0104f3a2.
[1] 2026-03-26 09:26:19,750 DEBUG Checking if MSIExec process is live (possibly another installation)
[1] 2026-03-26 09:26:19,758 DEBUG --- Found [1] instance(s) of MSIExec.
[1] 2026-03-26 09:26:19,759 DEBUG Only helper MSIExec process found, can continue.
[1] 2026-03-26 09:26:19,759 DEBUG --------------------
[1] 2026-03-26 09:26:19,759 DEBUG Launching Command: C:\Windows\system32\cmd.exe /c REG ADD "HKLM\SOFTWARE\Policies\Google\Update" /v "AutoUpdateCheckPeriodMinutes" /d "0" /t REG_SZ /f
[1] 2026-03-26 09:26:19,760 DEBUG --------------------
[1] 2026-03-26 09:26:19,768 DEBUG Process started: 1028
[ReadStdOut] 2026-03-26 09:26:19,801 DEBUG Process Message: The operation completed successfully. 
[ReadStdOut] 2026-03-26 09:26:19,802 DEBUG Process Message:  
[1] 2026-03-26 09:26:19,805 DEBUG Installation.SaveLogs => Started saving logs for Chrome - f7aa248b-6982-498c-825d-847b0104f3a2.
[1] 2026-03-26 09:26:19,805 DEBUG Found 0 log(s) 
[1] 2026-03-26 09:26:19,806 DEBUG Installation.SaveLogs => Finished saving logs for Chrome - f7aa248b-6982-498c-825d-847b0104f3a2.
[1] 2026-03-26 09:26:19,806 DEBUG Checking if MSIExec process is live (possibly another installation)
[1] 2026-03-26 09:26:19,818 DEBUG --- Found [1] instance(s) of MSIExec.
[1] 2026-03-26 09:26:19,819 DEBUG Only helper MSIExec process found, can continue.
[1] 2026-03-26 09:26:19,819 DEBUG --------------------
[1] 2026-03-26 09:26:19,819 DEBUG Launching Command: C:\Windows\system32\cmd.exe /c REG ADD "HKLM\SOFTWARE\Wow6432Node\Policies\Google\Update" /v "AutoUpdateCheckPeriodMinutes" /d "0" /t REG_SZ /f
[1] 2026-03-26 09:26:19,820 DEBUG --------------------
[1] 2026-03-26 09:26:19,828 DEBUG Process started: 43760
[ReadStdOut] 2026-03-26 09:26:19,850 DEBUG Process Message: The operation completed successfully. 
[ReadStdOut] 2026-03-26 09:26:19,850 DEBUG Process Message:  
[1] 2026-03-26 09:26:19,854 DEBUG Installation.SaveLogs => Started saving logs for Chrome - f7aa248b-6982-498c-825d-847b0104f3a2.
[1] 2026-03-26 09:26:19,854 DEBUG Found 0 log(s) 
[1] 2026-03-26 09:26:19,855 DEBUG Installation.SaveLogs => Finished saving logs for Chrome - f7aa248b-6982-498c-825d-847b0104f3a2.
[1] 2026-03-26 09:26:19,856 DEBUG Process Exit code: 0
[1] 2026-03-26 09:26:24,899 INFO  Chrome version installed: [146.0.7680.154] latest version: [146.0.7680.165]
[1] 2026-03-26 09:26:24,900 DEBUG [ Chrome ] Return code: [ ERROR_SUCCESS - Action completed successfully. ]
[1] 2026-03-26 09:26:24,900 DEBUG -----END-----
[1] 2026-03-26 09:26:24,904 DEBUG CleanOldLogs => Started.
[1] 2026-03-26 09:26:24,904 DEBUG CleanOldLogs => Finished.
[1] 2026-03-26 09:26:24,905 DEBUG DONE
[1] 2026-03-26 09:27:21,247 DEBUG =============================== Launch at [26/03/2026 9:27:21] ===============================
[1] 2026-03-26 09:27:21,247 DEBUG ThirdPartyPatch (2.13.11.5031)
[1] 2026-03-26 09:27:21,247 DEBUG System Information: OS: WIN_11 [x64]
[1] 2026-03-26 09:27:21,248 DEBUG Command: ThirdPartyPatch.exe /query all /filter up_to_date /server https://sis.n-able.com 
[1] 2026-03-26 09:27:21,256 DEBUG Found existing Repository XML [C:\ProgramData\MspPlatform\PME\ThirdPartyPatch\Downloads\Repository.xml] backing up to [C:\ProgramData\MspPlatform\PME\ThirdPartyPatch\Downloads\Repository.old] 
[1] 2026-03-26 09:27:21,298 DEBUG Local ThirdPartySoftware Timestamp: [1774445037] Repository Timestamp: [1774445037] Refreshing MetaFiles: [False]
[1] 2026-03-26 09:27:21,356 DEBUG Verifying correct bitness of following product: Google Chrome
[1] 2026-03-26 09:27:21,357 DEBUG Original architecture found for Google Chrome is correct!
[1] 2026-03-26 09:27:21,561 DEBUG Verifying correct bitness of following product: Microsoft Edge
[1] 2026-03-26 09:27:21,561 DEBUG Registry location does not correspond to actual product architecture. Adjusting information...
[1] 2026-03-26 09:27:21,562 DEBUG Product: Microsoft Edge. Previous detected architecture => Is64Bit: False / Corrected architecture => Is64Bit: True
[1] 2026-03-26 09:27:21,761 INFO  Applications matching filter: 2
[1] 2026-03-26 09:27:21,771 INFO  Application: [OneDrive] Installed: [26.35.222.2 (x64) (en)] Latest: [26.32.217.3]
[1] 2026-03-26 09:27:21,778 INFO  Application: [Google Drive] Installed: [122.0.1.0 (x64) (en)] Latest: [115.0.1.0]
[1] 2026-03-26 09:27:21,780 DEBUG CleanOldLogs => Started.
[1] 2026-03-26 09:27:21,781 DEBUG CleanOldLogs => Finished.
[1] 2026-03-26 09:27:21,781 DEBUG DONE
[1] 2026-03-26 09:27:21,898 DEBUG =============================== Launch at [26/03/2026 9:27:21] ===============================
[1] 2026-03-26 09:27:21,898 DEBUG ThirdPartyPatch (2.13.11.5031)
[1] 2026-03-26 09:27:21,898 DEBUG System Information: OS: WIN_11 [x64]
[1] 2026-03-26 09:27:21,898 DEBUG Command: ThirdPartyPatch.exe /query all /filter update_available /server https://sis.n-able.com 
[1] 2026-03-26 09:27:21,908 DEBUG Found existing Repository XML [C:\ProgramData\MspPlatform\PME\ThirdPartyPatch\Downloads\Repository.xml] backing up to [C:\ProgramData\MspPlatform\PME\ThirdPartyPatch\Downloads\Repository.old] 
[1] 2026-03-26 09:27:21,951 DEBUG Local ThirdPartySoftware Timestamp: [1774445037] Repository Timestamp: [1774445037] Refreshing MetaFiles: [False]
[1] 2026-03-26 09:27:22,010 DEBUG Verifying correct bitness of following product: Google Chrome
[1] 2026-03-26 09:27:22,011 DEBUG Original architecture found for Google Chrome is correct!
[1] 2026-03-26 09:27:22,203 DEBUG Verifying correct bitness of following product: Microsoft Edge
[1] 2026-03-26 09:27:22,204 DEBUG Registry location does not correspond to actual product architecture. Adjusting information...
[1] 2026-03-26 09:27:22,204 DEBUG Product: Microsoft Edge. Previous detected architecture => Is64Bit: False / Corrected architecture => Is64Bit: True
[1] 2026-03-26 09:27:22,382 INFO  Applications matching filter: 2
[1] 2026-03-26 09:27:22,392 INFO  Application: [Chrome] Installed: [146.0.7680.154 (x64) (en)] Latest: [146.0.7680.165]
[1] 2026-03-26 09:27:22,399 INFO  Application: [Microsoft Edge] Installed: [146.0.3856.72 (x64) (en)] Latest: [146.0.3856.78]
[1] 2026-03-26 09:27:22,400 DEBUG CleanOldLogs => Started.
[1] 2026-03-26 09:27:22,401 DEBUG CleanOldLogs => Finished.
[1] 2026-03-26 09:27:22,401 DEBUG DONE
[1] 2026-03-26 11:01:06,959 DEBUG =============================== Launch at [26/03/2026 11:01:06] ===============================
[1] 2026-03-26 11:01:06,960 DEBUG ThirdPartyPatch (2.13.11.5031)
[1] 2026-03-26 11:01:06,960 DEBUG System Information: OS: WIN_11 [x64]
[1] 2026-03-26 11:01:06,960 DEBUG Command: ThirdPartyPatch.exe /query all /filter up_to_date /server https://sis.n-able.com 
[1] 2026-03-26 11:01:06,971 DEBUG Found existing Repository XML [C:\ProgramData\MspPlatform\PME\ThirdPartyPatch\Downloads\Repository.xml] backing up to [C:\ProgramData\MspPlatform\PME\ThirdPartyPatch\Downloads\Repository.old] 
[1] 2026-03-26 11:01:07,013 DEBUG Local ThirdPartySoftware Timestamp: [1774445037] Repository Timestamp: [1774445037] Refreshing MetaFiles: [False]
[1] 2026-03-26 11:01:07,075 DEBUG Verifying correct bitness of following product: Google Chrome
[1] 2026-03-26 11:01:07,076 DEBUG Original architecture found for Google Chrome is correct!
[1] 2026-03-26 11:01:07,293 DEBUG Verifying correct bitness of following product: Microsoft Edge
[1] 2026-03-26 11:01:07,293 DEBUG Registry location does not correspond to actual product architecture. Adjusting information...
[1] 2026-03-26 11:01:07,294 DEBUG Product: Microsoft Edge. Previous detected architecture => Is64Bit: False / Corrected architecture => Is64Bit: True
[1] 2026-03-26 11:01:07,501 INFO  Applications matching filter: 2
[1] 2026-03-26 11:01:07,511 INFO  Application: [OneDrive] Installed: [26.35.222.2 (x64) (en)] Latest: [26.32.217.3]
[1] 2026-03-26 11:01:07,519 INFO  Application: [Google Drive] Installed: [122.0.1.0 (x64) (en)] Latest: [115.0.1.0]
[1] 2026-03-26 11:01:07,520 DEBUG CleanOldLogs => Started.
[1] 2026-03-26 11:01:07,521 DEBUG CleanOldLogs => Finished.
[1] 2026-03-26 11:01:07,522 DEBUG DONE
[1] 2026-03-26 11:01:07,639 DEBUG =============================== Launch at [26/03/2026 11:01:07] ===============================
[1] 2026-03-26 11:01:07,639 DEBUG ThirdPartyPatch (2.13.11.5031)
[1] 2026-03-26 11:01:07,639 DEBUG System Information: OS: WIN_11 [x64]
[1] 2026-03-26 11:01:07,640 DEBUG Command: ThirdPartyPatch.exe /query all /filter update_available /server https://sis.n-able.com 
[1] 2026-03-26 11:01:07,649 DEBUG Found existing Repository XML [C:\ProgramData\MspPlatform\PME\ThirdPartyPatch\Downloads\Repository.xml] backing up to [C:\ProgramData\MspPlatform\PME\ThirdPartyPatch\Downloads\Repository.old] 
[1] 2026-03-26 11:01:07,692 DEBUG Local ThirdPartySoftware Timestamp: [1774445037] Repository Timestamp: [1774445037] Refreshing MetaFiles: [False]
[1] 2026-03-26 11:01:07,749 DEBUG Verifying correct bitness of following product: Google Chrome
[1] 2026-03-26 11:01:07,750 DEBUG Original architecture found for Google Chrome is correct!
[1] 2026-03-26 11:01:07,948 DEBUG Verifying correct bitness of following product: Microsoft Edge
[1] 2026-03-26 11:01:07,948 DEBUG Registry location does not correspond to actual product architecture. Adjusting information...
[1] 2026-03-26 11:01:07,948 DEBUG Product: Microsoft Edge. Previous detected architecture => Is64Bit: False / Corrected architecture => Is64Bit: True
[1] 2026-03-26 11:01:08,137 INFO  Applications matching filter: 2
[1] 2026-03-26 11:01:08,146 INFO  Application: [Chrome] Installed: [146.0.7680.154 (x64) (en)] Latest: [146.0.7680.165]
[1] 2026-03-26 11:01:08,152 INFO  Application: [Microsoft Edge] Installed: [146.0.3856.72 (x64) (en)] Latest: [146.0.3856.78]
[1] 2026-03-26 11:01:08,153 DEBUG CleanOldLogs => Started.
[1] 2026-03-26 11:01:08,154 DEBUG CleanOldLogs => Finished.
[1] 2026-03-26 11:01:08,154 DEBUG DONE
[1] 2026-03-28 08:12:08,741 DEBUG =============================== Launch at [28/03/2026 8:12:08] ===============================
[1] 2026-03-28 08:12:08,742 DEBUG ThirdPartyPatch (2.13.11.5031)
[1] 2026-03-28 08:12:08,744 DEBUG System Information: OS: WIN_11 [x64]
[1] 2026-03-28 08:12:08,744 DEBUG Command: ThirdPartyPatch.exe /query all /filter up_to_date /server https://sis.n-able.com 
[1] 2026-03-28 08:12:08,759 DEBUG Found existing Repository XML [C:\ProgramData\MspPlatform\PME\ThirdPartyPatch\Downloads\Repository.xml] backing up to [C:\ProgramData\MspPlatform\PME\ThirdPartyPatch\Downloads\Repository.old] 
[1] 2026-03-28 08:12:19,230 DEBUG Local ThirdPartySoftware Timestamp: [1774445037] Repository Timestamp: [1774445037] Refreshing MetaFiles: [False]
[1] 2026-03-28 08:12:19,438 DEBUG Verifying correct bitness of following product: Google Chrome
[1] 2026-03-28 08:12:19,440 DEBUG Original architecture found for Google Chrome is correct!
[1] 2026-03-28 08:12:20,030 DEBUG Verifying correct bitness of following product: Microsoft Edge
[1] 2026-03-28 08:12:20,030 DEBUG Registry location does not correspond to actual product architecture. Adjusting information...
[1] 2026-03-28 08:12:20,031 DEBUG Product: Microsoft Edge. Previous detected architecture => Is64Bit: False / Corrected architecture => Is64Bit: True
[1] 2026-03-28 08:12:20,682 INFO  Applications matching filter: 2
[1] 2026-03-28 08:12:20,707 INFO  Application: [OneDrive] Installed: [26.35.222.2 (x64) (en)] Latest: [26.32.217.3]
[1] 2026-03-28 08:12:20,732 INFO  Application: [Google Drive] Installed: [122.0.1.0 (x64) (en)] Latest: [115.0.1.0]
[1] 2026-03-28 08:12:20,738 DEBUG CleanOldLogs => Started.
[1] 2026-03-28 08:12:20,739 DEBUG CleanOldLogs => Finished.
[1] 2026-03-28 08:12:20,741 DEBUG DONE
[1] 2026-03-28 08:12:20,930 DEBUG =============================== Launch at [28/03/2026 8:12:20] ===============================
[1] 2026-03-28 08:12:20,931 DEBUG ThirdPartyPatch (2.13.11.5031)
[1] 2026-03-28 08:12:20,931 DEBUG System Information: OS: WIN_11 [x64]
[1] 2026-03-28 08:12:20,932 DEBUG Command: ThirdPartyPatch.exe /query all /filter update_available /server https://sis.n-able.com 
[1] 2026-03-28 08:12:20,946 DEBUG Found existing Repository XML [C:\ProgramData\MspPlatform\PME\ThirdPartyPatch\Downloads\Repository.xml] backing up to [C:\ProgramData\MspPlatform\PME\ThirdPartyPatch\Downloads\Repository.old] 
[1] 2026-03-28 08:12:21,020 DEBUG Local ThirdPartySoftware Timestamp: [1774445037] Repository Timestamp: [1774445037] Refreshing MetaFiles: [False]
[1] 2026-03-28 08:12:21,136 DEBUG Verifying correct bitness of following product: Google Chrome
[1] 2026-03-28 08:12:21,137 DEBUG Original architecture found for Google Chrome is correct!
[1] 2026-03-28 08:12:21,482 DEBUG Verifying correct bitness of following product: Microsoft Edge
[1] 2026-03-28 08:12:21,483 DEBUG Registry location does not correspond to actual product architecture. Adjusting information...
[1] 2026-03-28 08:12:21,483 DEBUG Product: Microsoft Edge. Previous detected architecture => Is64Bit: False / Corrected architecture => Is64Bit: True
[1] 2026-03-28 08:12:21,830 INFO  Applications matching filter: 2
[1] 2026-03-28 08:12:21,846 INFO  Application: [Chrome] Installed: [146.0.7680.154 (x64) (en)] Latest: [146.0.7680.165]
[1] 2026-03-28 08:12:21,858 INFO  Application: [Microsoft Edge] Installed: [146.0.3856.72 (x64) (en)] Latest: [146.0.3856.78]
[1] 2026-03-28 08:12:21,861 DEBUG CleanOldLogs => Started.
[1] 2026-03-28 08:12:21,862 DEBUG CleanOldLogs => Finished.
[1] 2026-03-28 08:12:21,863 DEBUG DONE
[1] 2026-03-29 08:14:14,695 DEBUG =============================== Launch at [29/03/2026 8:14:14] ===============================
[1] 2026-03-29 08:14:14,707 DEBUG ThirdPartyPatch (2.13.11.5031)
[1] 2026-03-29 08:14:14,707 DEBUG System Information: OS: WIN_11 [x64]
[1] 2026-03-29 08:14:14,708 DEBUG Command: ThirdPartyPatch.exe /query all /filter up_to_date /server https://sis.n-able.com 
[1] 2026-03-29 08:14:14,728 DEBUG Found existing Repository XML [C:\ProgramData\MspPlatform\PME\ThirdPartyPatch\Downloads\Repository.xml] backing up to [C:\ProgramData\MspPlatform\PME\ThirdPartyPatch\Downloads\Repository.old] 
[1] 2026-03-29 08:14:25,087 DEBUG Local ThirdPartySoftware Timestamp: [1774445037] Repository Timestamp: [1774445037] Refreshing MetaFiles: [False]
[1] 2026-03-29 08:14:25,295 DEBUG Verifying correct bitness of following product: Google Chrome
[1] 2026-03-29 08:14:25,298 DEBUG Original architecture found for Google Chrome is correct!
[1] 2026-03-29 08:14:25,909 DEBUG Verifying correct bitness of following product: Microsoft Edge
[1] 2026-03-29 08:14:25,940 DEBUG Registry location does not correspond to actual product architecture. Adjusting information...
[1] 2026-03-29 08:14:25,941 DEBUG Product: Microsoft Edge. Previous detected architecture => Is64Bit: False / Corrected architecture => Is64Bit: True
[1] 2026-03-29 08:14:26,555 INFO  Applications matching filter: 3
[1] 2026-03-29 08:14:26,586 INFO  Application: [OneDrive] Installed: [26.35.222.2 (x64) (en)] Latest: [26.32.217.3]
[1] 2026-03-29 08:14:26,613 INFO  Application: [Google Drive] Installed: [122.0.1.0 (x64) (en)] Latest: [115.0.1.0]
[1] 2026-03-29 08:14:26,623 INFO  Application: [Microsoft Edge] Installed: [146.0.3856.84 (x64) (en)] Latest: [146.0.3856.78]
[1] 2026-03-29 08:14:26,629 DEBUG CleanOldLogs => Started.
[1] 2026-03-29 08:14:26,629 DEBUG CleanOldLogs => Finished.
[1] 2026-03-29 08:14:26,630 DEBUG DONE
[1] 2026-03-29 08:14:26,852 DEBUG =============================== Launch at [29/03/2026 8:14:26] ===============================
[1] 2026-03-29 08:14:26,853 DEBUG ThirdPartyPatch (2.13.11.5031)
[1] 2026-03-29 08:14:26,853 DEBUG System Information: OS: WIN_11 [x64]
[1] 2026-03-29 08:14:26,854 DEBUG Command: ThirdPartyPatch.exe /query all /filter update_available /server https://sis.n-able.com 
[1] 2026-03-29 08:14:26,869 DEBUG Found existing Repository XML [C:\ProgramData\MspPlatform\PME\ThirdPartyPatch\Downloads\Repository.xml] backing up to [C:\ProgramData\MspPlatform\PME\ThirdPartyPatch\Downloads\Repository.old] 
[1] 2026-03-29 08:14:26,944 DEBUG Local ThirdPartySoftware Timestamp: [1774445037] Repository Timestamp: [1774445037] Refreshing MetaFiles: [False]
[1] 2026-03-29 08:14:27,064 DEBUG Verifying correct bitness of following product: Google Chrome
[1] 2026-03-29 08:14:27,066 DEBUG Original architecture found for Google Chrome is correct!
[1] 2026-03-29 08:14:27,530 DEBUG Verifying correct bitness of following product: Microsoft Edge
[1] 2026-03-29 08:14:27,531 DEBUG Registry location does not correspond to actual product architecture. Adjusting information...
[1] 2026-03-29 08:14:27,531 DEBUG Product: Microsoft Edge. Previous detected architecture => Is64Bit: False / Corrected architecture => Is64Bit: True
[1] 2026-03-29 08:14:27,864 INFO  Applications matching filter: 1
[1] 2026-03-29 08:14:27,880 INFO  Application: [Chrome] Installed: [146.0.7680.154 (x64) (en)] Latest: [146.0.7680.165]
[1] 2026-03-29 08:14:27,886 DEBUG CleanOldLogs => Started.
[1] 2026-03-29 08:14:27,887 DEBUG CleanOldLogs => Finished.
[1] 2026-03-29 08:14:27,887 DEBUG DONE
[1] 2026-03-29 09:02:22,560 DEBUG =============================== Launch at [29/03/2026 9:02:22] ===============================
[1] 2026-03-29 09:02:22,561 DEBUG ThirdPartyPatch (2.13.11.5031)
[1] 2026-03-29 09:02:22,562 DEBUG System Information: OS: WIN_11 [x64]
[1] 2026-03-29 09:02:22,562 DEBUG Command: ThirdPartyPatch.exe /query all /filter up_to_date /server https://sis.n-able.com 
[1] 2026-03-29 09:02:22,572 DEBUG Found existing Repository XML [C:\ProgramData\MspPlatform\PME\ThirdPartyPatch\Downloads\Repository.xml] backing up to [C:\ProgramData\MspPlatform\PME\ThirdPartyPatch\Downloads\Repository.old] 
[1] 2026-03-29 09:02:22,619 DEBUG Local ThirdPartySoftware Timestamp: [1774445037] Repository Timestamp: [1774445037] Refreshing MetaFiles: [False]
[1] 2026-03-29 09:02:22,688 DEBUG Verifying correct bitness of following product: Google Chrome
[1] 2026-03-29 09:02:22,689 DEBUG Original architecture found for Google Chrome is correct!
[1] 2026-03-29 09:02:22,902 DEBUG Verifying correct bitness of following product: Microsoft Edge
[1] 2026-03-29 09:02:22,903 DEBUG Registry location does not correspond to actual product architecture. Adjusting information...
[1] 2026-03-29 09:02:22,903 DEBUG Product: Microsoft Edge. Previous detected architecture => Is64Bit: False / Corrected architecture => Is64Bit: True
[1] 2026-03-29 09:02:23,103 INFO  Applications matching filter: 3
[1] 2026-03-29 09:02:23,113 INFO  Application: [OneDrive] Installed: [26.35.222.2 (x64) (en)] Latest: [26.32.217.3]
[1] 2026-03-29 09:02:23,122 INFO  Application: [Google Drive] Installed: [122.0.1.0 (x64) (en)] Latest: [115.0.1.0]
[1] 2026-03-29 09:02:23,126 INFO  Application: [Microsoft Edge] Installed: [146.0.3856.84 (x64) (en)] Latest: [146.0.3856.78]
[1] 2026-03-29 09:02:23,129 DEBUG CleanOldLogs => Started.
[1] 2026-03-29 09:02:23,129 DEBUG CleanOldLogs => Finished.
[1] 2026-03-29 09:02:23,129 DEBUG DONE
[1] 2026-03-29 09:02:23,235 DEBUG =============================== Launch at [29/03/2026 9:02:23] ===============================
[1] 2026-03-29 09:02:23,235 DEBUG ThirdPartyPatch (2.13.11.5031)
[1] 2026-03-29 09:02:23,236 DEBUG System Information: OS: WIN_11 [x64]
[1] 2026-03-29 09:02:23,236 DEBUG Command: ThirdPartyPatch.exe /query all /filter update_available /server https://sis.n-able.com 
[1] 2026-03-29 09:02:23,243 DEBUG Found existing Repository XML [C:\ProgramData\MspPlatform\PME\ThirdPartyPatch\Downloads\Repository.xml] backing up to [C:\ProgramData\MspPlatform\PME\ThirdPartyPatch\Downloads\Repository.old] 
[1] 2026-03-29 09:02:23,283 DEBUG Local ThirdPartySoftware Timestamp: [1774445037] Repository Timestamp: [1774445037] Refreshing MetaFiles: [False]
[1] 2026-03-29 09:02:23,334 DEBUG Verifying correct bitness of following product: Google Chrome
[1] 2026-03-29 09:02:23,334 DEBUG Original architecture found for Google Chrome is correct!
[1] 2026-03-29 09:02:23,521 DEBUG Verifying correct bitness of following product: Microsoft Edge
[1] 2026-03-29 09:02:23,521 DEBUG Registry location does not correspond to actual product architecture. Adjusting information...
[1] 2026-03-29 09:02:23,521 DEBUG Product: Microsoft Edge. Previous detected architecture => Is64Bit: False / Corrected architecture => Is64Bit: True
[1] 2026-03-29 09:02:23,694 INFO  Applications matching filter: 1
[1] 2026-03-29 09:02:23,704 INFO  Application: [Chrome] Installed: [146.0.7680.154 (x64) (en)] Latest: [146.0.7680.165]
[1] 2026-03-29 09:02:23,708 DEBUG CleanOldLogs => Started.
[1] 2026-03-29 09:02:23,708 DEBUG CleanOldLogs => Finished.
[1] 2026-03-29 09:02:23,709 DEBUG DONE
[1] 2026-03-29 09:02:34,737 DEBUG =============================== Launch at [29/03/2026 9:02:34] ===============================
[1] 2026-03-29 09:02:34,737 DEBUG ThirdPartyPatch (2.13.11.5031)
[1] 2026-03-29 09:02:34,738 DEBUG System Information: OS: WIN_11 [x64]
[1] 2026-03-29 09:02:34,738 DEBUG Command: ThirdPartyPatch.exe /update Chrome /skipdownload /server https://sis.n-able.com 
[1] 2026-03-29 09:02:34,748 DEBUG Found existing Repository XML [C:\ProgramData\MspPlatform\PME\ThirdPartyPatch\Downloads\Repository.xml] backing up to [C:\ProgramData\MspPlatform\PME\ThirdPartyPatch\Downloads\Repository.old] 
[1] 2026-03-29 09:02:34,790 DEBUG Local ThirdPartySoftware Timestamp: [1774445037] Repository Timestamp: [1774445037] Refreshing MetaFiles: [False]
[1] 2026-03-29 09:02:34,830 DEBUG Verifying correct bitness of following product: Google Chrome
[1] 2026-03-29 09:02:34,831 DEBUG Original architecture found for Google Chrome is correct!
[1] 2026-03-29 09:02:34,832 DEBUG Chrome is installed. (146.0.7680.154)
[1] 2026-03-29 09:02:34,833 DEBUG Update available  [Chrome (146.0.7680.165)].
[1] 2026-03-29 09:02:36,912 DEBUG      Starting install: Chrome
[1] 2026-03-29 09:02:36,913 DEBUG Installing: Chrome [146.0.7680.154] -> [146.0.7680.165]
[1] 2026-03-29 09:02:36,920 DEBUG Getting Commands for OS: [WIN_11] Architecture: [x64] Locale: [en] Upgrade: [True]
[1] 2026-03-29 09:02:37,166 DEBUG Passed checksum verification: [C:\ProgramData\MspPlatform\PME\ThirdPartyPatch\Downloads\f7aa248b-6982-498c-825d-847b0104f3a2\googlechromestandaloneenterprise64.msi]
[1] 2026-03-29 09:02:37,168 DEBUG Executing
[1] 2026-03-29 09:02:37,173 DEBUG Getting Commands for OS: [WIN_11] Architecture: [x64] Locale: [en] Upgrade: [True]
[1] 2026-03-29 09:02:37,175 DEBUG Checking if MSIExec process is live (possibly another installation)
[1] 2026-03-29 09:02:37,185 DEBUG No MSIExec processes are live.
[1] 2026-03-29 09:02:37,186 DEBUG --------------------
[1] 2026-03-29 09:02:37,186 DEBUG Launching Command: msiexec /i googlechromestandaloneenterprise64.msi /qn /norestart /lv Chrome-upgrade.log
[1] 2026-03-29 09:02:37,186 DEBUG --------------------
[1] 2026-03-29 09:02:37,192 DEBUG Process started: 18936
[1] 2026-03-29 09:02:37,544 DEBUG Exit status code: 0: Action completed successfully.
[1] 2026-03-29 09:02:37,546 DEBUG Installation.SaveLogs => Started saving logs for Chrome - f7aa248b-6982-498c-825d-847b0104f3a2.
[1] 2026-03-29 09:02:37,546 DEBUG Copy logs from: C:\ProgramData\MspPlatform\PME\ThirdPartyPatch\Downloads\f7aa248b-6982-498c-825d-847b0104f3a2\Chrome-upgrade.log to: C:\ProgramData\MspPlatform\PME\ThirdPartyPatch\logs\f7aa248b-6982-498c-825d-847b0104f3a2-Chrome-upgrade.log
[1] 2026-03-29 09:02:37,547 DEBUG Found 1 log(s) Chrome-upgrade.log
[1] 2026-03-29 09:02:37,547 DEBUG Installation.SaveLogs => Finished saving logs for Chrome - f7aa248b-6982-498c-825d-847b0104f3a2.
[1] 2026-03-29 09:02:37,548 DEBUG Checking if MSIExec process is live (possibly another installation)
[1] 2026-03-29 09:02:37,555 DEBUG --- Found [1] instance(s) of MSIExec.
[1] 2026-03-29 09:02:37,555 DEBUG Only helper MSIExec process found, can continue.
[1] 2026-03-29 09:02:37,556 DEBUG --------------------
[1] 2026-03-29 09:02:37,556 DEBUG Launching Command: C:\Windows\system32\cmd.exe /c REG ADD "HKLM\SOFTWARE\Policies\Google\Update" /v "AutoUpdateCheckPeriodMinutes" /d "0" /t REG_SZ /f
[1] 2026-03-29 09:02:37,556 DEBUG --------------------
[1] 2026-03-29 09:02:37,565 DEBUG Process started: 20072
[ReadStdOut] 2026-03-29 09:02:37,591 DEBUG Process Message: The operation completed successfully. 
[ReadStdOut] 2026-03-29 09:02:37,591 DEBUG Process Message:  
[1] 2026-03-29 09:02:37,594 DEBUG Installation.SaveLogs => Started saving logs for Chrome - f7aa248b-6982-498c-825d-847b0104f3a2.
[1] 2026-03-29 09:02:37,595 DEBUG Found 0 log(s) 
[1] 2026-03-29 09:02:37,595 DEBUG Installation.SaveLogs => Finished saving logs for Chrome - f7aa248b-6982-498c-825d-847b0104f3a2.
[1] 2026-03-29 09:02:37,595 DEBUG Checking if MSIExec process is live (possibly another installation)
[1] 2026-03-29 09:02:37,606 DEBUG --- Found [1] instance(s) of MSIExec.
[1] 2026-03-29 09:02:37,606 DEBUG Only helper MSIExec process found, can continue.
[1] 2026-03-29 09:02:37,607 DEBUG --------------------
[1] 2026-03-29 09:02:37,607 DEBUG Launching Command: C:\Windows\system32\cmd.exe /c REG ADD "HKLM\SOFTWARE\Wow6432Node\Policies\Google\Update" /v "AutoUpdateCheckPeriodMinutes" /d "0" /t REG_SZ /f
[1] 2026-03-29 09:02:37,607 DEBUG --------------------
[1] 2026-03-29 09:02:37,614 DEBUG Process started: 7904
[ReadStdOut] 2026-03-29 09:02:37,634 DEBUG Process Message: The operation completed successfully. 
[ReadStdOut] 2026-03-29 09:02:37,634 DEBUG Process Message:  
[1] 2026-03-29 09:02:37,636 DEBUG Installation.SaveLogs => Started saving logs for Chrome - f7aa248b-6982-498c-825d-847b0104f3a2.
[1] 2026-03-29 09:02:37,637 DEBUG Found 0 log(s) 
[1] 2026-03-29 09:02:37,637 DEBUG Installation.SaveLogs => Finished saving logs for Chrome - f7aa248b-6982-498c-825d-847b0104f3a2.
[1] 2026-03-29 09:02:37,638 DEBUG Process Exit code: 0
[1] 2026-03-29 09:02:42,691 INFO  Chrome version installed: [146.0.7680.154] latest version: [146.0.7680.165]
[1] 2026-03-29 09:02:42,692 DEBUG [ Chrome ] Return code: [ ERROR_SUCCESS - Action completed successfully. ]
[1] 2026-03-29 09:02:42,693 DEBUG -----END-----
[1] 2026-03-29 09:02:42,695 DEBUG CleanOldLogs => Started.
[1] 2026-03-29 09:02:42,696 DEBUG CleanOldLogs => Finished.
[1] 2026-03-29 09:02:42,697 DEBUG DONE
[1] 2026-03-29 09:03:58,727 DEBUG =============================== Launch at [29/03/2026 9:03:58] ===============================
[1] 2026-03-29 09:03:58,727 DEBUG ThirdPartyPatch (2.13.11.5031)
[1] 2026-03-29 09:03:58,728 DEBUG System Information: OS: WIN_11 [x64]
[1] 2026-03-29 09:03:58,728 DEBUG Command: ThirdPartyPatch.exe /query all /filter up_to_date /server https://sis.n-able.com 
[1] 2026-03-29 09:03:58,738 DEBUG Found existing Repository XML [C:\ProgramData\MspPlatform\PME\ThirdPartyPatch\Downloads\Repository.xml] backing up to [C:\ProgramData\MspPlatform\PME\ThirdPartyPatch\Downloads\Repository.old] 
[1] 2026-03-29 09:03:58,779 DEBUG Local ThirdPartySoftware Timestamp: [1774445037] Repository Timestamp: [1774445037] Refreshing MetaFiles: [False]
[1] 2026-03-29 09:03:58,837 DEBUG Verifying correct bitness of following product: Google Chrome
[1] 2026-03-29 09:03:58,839 DEBUG Original architecture found for Google Chrome is correct!
[1] 2026-03-29 09:03:59,049 DEBUG Verifying correct bitness of following product: Microsoft Edge
[1] 2026-03-29 09:03:59,049 DEBUG Registry location does not correspond to actual product architecture. Adjusting information...
[1] 2026-03-29 09:03:59,050 DEBUG Product: Microsoft Edge. Previous detected architecture => Is64Bit: False / Corrected architecture => Is64Bit: True
[1] 2026-03-29 09:03:59,261 INFO  Applications matching filter: 3
[1] 2026-03-29 09:03:59,271 INFO  Application: [OneDrive] Installed: [26.35.222.2 (x64) (en)] Latest: [26.32.217.3]
[1] 2026-03-29 09:03:59,278 INFO  Application: [Google Drive] Installed: [122.0.1.0 (x64) (en)] Latest: [115.0.1.0]
[1] 2026-03-29 09:03:59,282 INFO  Application: [Microsoft Edge] Installed: [146.0.3856.84 (x64) (en)] Latest: [146.0.3856.78]
[1] 2026-03-29 09:03:59,284 DEBUG CleanOldLogs => Started.
[1] 2026-03-29 09:03:59,284 DEBUG CleanOldLogs => Finished.
[1] 2026-03-29 09:03:59,286 DEBUG DONE
[1] 2026-03-29 09:03:59,404 DEBUG =============================== Launch at [29/03/2026 9:03:59] ===============================
[1] 2026-03-29 09:03:59,404 DEBUG ThirdPartyPatch (2.13.11.5031)
[1] 2026-03-29 09:03:59,405 DEBUG System Information: OS: WIN_11 [x64]
[1] 2026-03-29 09:03:59,405 DEBUG Command: ThirdPartyPatch.exe /query all /filter update_available /server https://sis.n-able.com 
[1] 2026-03-29 09:03:59,415 DEBUG Found existing Repository XML [C:\ProgramData\MspPlatform\PME\ThirdPartyPatch\Downloads\Repository.xml] backing up to [C:\ProgramData\MspPlatform\PME\ThirdPartyPatch\Downloads\Repository.old] 
[1] 2026-03-29 09:03:59,457 DEBUG Local ThirdPartySoftware Timestamp: [1774445037] Repository Timestamp: [1774445037] Refreshing MetaFiles: [False]
[1] 2026-03-29 09:03:59,513 DEBUG Verifying correct bitness of following product: Google Chrome
[1] 2026-03-29 09:03:59,514 DEBUG Original architecture found for Google Chrome is correct!
[1] 2026-03-29 09:03:59,731 DEBUG Verifying correct bitness of following product: Microsoft Edge
[1] 2026-03-29 09:03:59,731 DEBUG Registry location does not correspond to actual product architecture. Adjusting information...
[1] 2026-03-29 09:03:59,731 DEBUG Product: Microsoft Edge. Previous detected architecture => Is64Bit: False / Corrected architecture => Is64Bit: True
[1] 2026-03-29 09:03:59,902 INFO  Applications matching filter: 1
[1] 2026-03-29 09:03:59,913 INFO  Application: [Chrome] Installed: [146.0.7680.154 (x64) (en)] Latest: [146.0.7680.165]
[1] 2026-03-29 09:03:59,917 DEBUG CleanOldLogs => Started.
[1] 2026-03-29 09:03:59,918 DEBUG CleanOldLogs => Finished.
[1] 2026-03-29 09:03:59,918 DEBUG DONE
[1] 2026-03-29 11:04:53,389 DEBUG =============================== Launch at [29/03/2026 11:04:53] ===============================
[1] 2026-03-29 11:04:53,390 DEBUG ThirdPartyPatch (2.13.11.5031)
[1] 2026-03-29 11:04:53,391 DEBUG System Information: OS: WIN_11 [x64]
[1] 2026-03-29 11:04:53,392 DEBUG Command: ThirdPartyPatch.exe /query all /filter up_to_date /server https://sis.n-able.com 
[1] 2026-03-29 11:04:53,407 DEBUG Found existing Repository XML [C:\ProgramData\MspPlatform\PME\ThirdPartyPatch\Downloads\Repository.xml] backing up to [C:\ProgramData\MspPlatform\PME\ThirdPartyPatch\Downloads\Repository.old] 
[1] 2026-03-29 11:04:53,475 DEBUG Local ThirdPartySoftware Timestamp: [1774445037] Repository Timestamp: [1774445037] Refreshing MetaFiles: [False]
[1] 2026-03-29 11:04:53,597 DEBUG Verifying correct bitness of following product: Google Chrome
[1] 2026-03-29 11:04:53,598 DEBUG Original architecture found for Google Chrome is correct!
[1] 2026-03-29 11:04:53,936 DEBUG Verifying correct bitness of following product: Microsoft Edge
[1] 2026-03-29 11:04:53,936 DEBUG Registry location does not correspond to actual product architecture. Adjusting information...
[1] 2026-03-29 11:04:53,937 DEBUG Product: Microsoft Edge. Previous detected architecture => Is64Bit: False / Corrected architecture => Is64Bit: True
[1] 2026-03-29 11:04:54,256 INFO  Applications matching filter: 3
[1] 2026-03-29 11:04:54,272 INFO  Application: [OneDrive] Installed: [26.35.222.2 (x64) (en)] Latest: [26.32.217.3]
[1] 2026-03-29 11:04:54,283 INFO  Application: [Google Drive] Installed: [122.0.1.0 (x64) (en)] Latest: [115.0.1.0]
[1] 2026-03-29 11:04:54,290 INFO  Application: [Microsoft Edge] Installed: [146.0.3856.84 (x64) (en)] Latest: [146.0.3856.78]
[1] 2026-03-29 11:04:54,293 DEBUG CleanOldLogs => Started.
[1] 2026-03-29 11:04:54,294 DEBUG CleanOldLogs => Finished.
[1] 2026-03-29 11:04:54,294 DEBUG DONE
[1] 2026-03-29 11:04:54,477 DEBUG =============================== Launch at [29/03/2026 11:04:54] ===============================
[1] 2026-03-29 11:04:54,478 DEBUG ThirdPartyPatch (2.13.11.5031)
[1] 2026-03-29 11:04:54,479 DEBUG System Information: OS: WIN_11 [x64]
[1] 2026-03-29 11:04:54,480 DEBUG Command: ThirdPartyPatch.exe /query all /filter update_available /server https://sis.n-able.com 
[1] 2026-03-29 11:04:54,494 DEBUG Found existing Repository XML [C:\ProgramData\MspPlatform\PME\ThirdPartyPatch\Downloads\Repository.xml] backing up to [C:\ProgramData\MspPlatform\PME\ThirdPartyPatch\Downloads\Repository.old] 
[1] 2026-03-29 11:04:54,588 DEBUG Local ThirdPartySoftware Timestamp: [1774445037] Repository Timestamp: [1774445037] Refreshing MetaFiles: [False]
[1] 2026-03-29 11:04:54,676 DEBUG Verifying correct bitness of following product: Google Chrome
[1] 2026-03-29 11:04:54,678 DEBUG Original architecture found for Google Chrome is correct!
[1] 2026-03-29 11:04:54,985 DEBUG Verifying correct bitness of following product: Microsoft Edge
[1] 2026-03-29 11:04:54,986 DEBUG Registry location does not correspond to actual product architecture. Adjusting information...
[1] 2026-03-29 11:04:54,986 DEBUG Product: Microsoft Edge. Previous detected architecture => Is64Bit: False / Corrected architecture => Is64Bit: True
[1] 2026-03-29 11:04:55,245 INFO  Applications matching filter: 1
[1] 2026-03-29 11:04:55,282 INFO  Application: [Chrome] Installed: [146.0.7680.154 (x64) (en)] Latest: [146.0.7680.165]
[1] 2026-03-29 11:04:55,287 DEBUG CleanOldLogs => Started.
[1] 2026-03-29 11:04:55,288 DEBUG CleanOldLogs => Finished.
[1] 2026-03-29 11:04:55,288 DEBUG DONE
[1] 2026-03-30 09:00:37,046 DEBUG =============================== Launch at [30/03/2026 9:00:37] ===============================
[1] 2026-03-30 09:00:37,049 DEBUG ThirdPartyPatch (2.13.11.5031)
[1] 2026-03-30 09:00:37,049 DEBUG System Information: OS: WIN_11 [x64]
[1] 2026-03-30 09:00:37,050 DEBUG Command: ThirdPartyPatch.exe /query all /filter up_to_date /server https://sis.n-able.com 
[1] 2026-03-30 09:00:37,061 DEBUG Found existing Repository XML [C:\ProgramData\MspPlatform\PME\ThirdPartyPatch\Downloads\Repository.xml] backing up to [C:\ProgramData\MspPlatform\PME\ThirdPartyPatch\Downloads\Repository.old] 
[1] 2026-03-30 09:00:47,268 DEBUG Local ThirdPartySoftware Timestamp: [1774445037] Repository Timestamp: [1774445037] Refreshing MetaFiles: [False]
[1] 2026-03-30 09:00:47,395 DEBUG Verifying correct bitness of following product: Google Chrome
[1] 2026-03-30 09:00:47,397 DEBUG Original architecture found for Google Chrome is correct!
[1] 2026-03-30 09:00:48,039 DEBUG Verifying correct bitness of following product: Microsoft Edge
[1] 2026-03-30 09:00:48,040 DEBUG Registry location does not correspond to actual product architecture. Adjusting information...
[1] 2026-03-30 09:00:48,041 DEBUG Product: Microsoft Edge. Previous detected architecture => Is64Bit: False / Corrected architecture => Is64Bit: True
[1] 2026-03-30 09:00:48,618 INFO  Applications matching filter: 3
[1] 2026-03-30 09:00:48,641 INFO  Application: [OneDrive] Installed: [26.35.222.2 (x64) (en)] Latest: [26.32.217.3]
[1] 2026-03-30 09:00:48,661 INFO  Application: [Google Drive] Installed: [122.0.1.0 (x64) (en)] Latest: [115.0.1.0]
[1] 2026-03-30 09:00:48,676 INFO  Application: [Microsoft Edge] Installed: [146.0.3856.84 (x64) (en)] Latest: [146.0.3856.78]
[1] 2026-03-30 09:00:48,685 DEBUG CleanOldLogs => Started.
[1] 2026-03-30 09:00:48,688 DEBUG CleanOldLogs => Finished.
[1] 2026-03-30 09:00:48,689 DEBUG DONE
[1] 2026-03-30 09:00:48,889 DEBUG =============================== Launch at [30/03/2026 9:00:48] ===============================
[1] 2026-03-30 09:00:48,890 DEBUG ThirdPartyPatch (2.13.11.5031)
[1] 2026-03-30 09:00:48,890 DEBUG System Information: OS: WIN_11 [x64]
[1] 2026-03-30 09:00:48,891 DEBUG Command: ThirdPartyPatch.exe /query all /filter update_available /server https://sis.n-able.com 
[1] 2026-03-30 09:00:48,901 DEBUG Found existing Repository XML [C:\ProgramData\MspPlatform\PME\ThirdPartyPatch\Downloads\Repository.xml] backing up to [C:\ProgramData\MspPlatform\PME\ThirdPartyPatch\Downloads\Repository.old] 
[1] 2026-03-30 09:00:48,956 DEBUG Local ThirdPartySoftware Timestamp: [1774445037] Repository Timestamp: [1774445037] Refreshing MetaFiles: [False]
[1] 2026-03-30 09:00:49,036 DEBUG Verifying correct bitness of following product: Google Chrome
[1] 2026-03-30 09:00:49,037 DEBUG Original architecture found for Google Chrome is correct!
[1] 2026-03-30 09:00:49,408 DEBUG Verifying correct bitness of following product: Microsoft Edge
[1] 2026-03-30 09:00:49,409 DEBUG Registry location does not correspond to actual product architecture. Adjusting information...
[1] 2026-03-30 09:00:49,410 DEBUG Product: Microsoft Edge. Previous detected architecture => Is64Bit: False / Corrected architecture => Is64Bit: True
[1] 2026-03-30 09:00:49,720 INFO  Applications matching filter: 1
[1] 2026-03-30 09:00:49,735 INFO  Application: [Chrome] Installed: [146.0.7680.154 (x64) (en)] Latest: [146.0.7680.165]
[1] 2026-03-30 09:00:49,739 DEBUG CleanOldLogs => Started.
[1] 2026-03-30 09:00:49,740 DEBUG CleanOldLogs => Finished.
[1] 2026-03-30 09:00:49,740 DEBUG DONE
[1] 2026-03-30 09:00:50,824 DEBUG =============================== Launch at [30/03/2026 9:00:50] ===============================
[1] 2026-03-30 09:00:50,825 DEBUG ThirdPartyPatch (2.13.11.5031)
[1] 2026-03-30 09:00:50,825 DEBUG System Information: OS: WIN_11 [x64]
[1] 2026-03-30 09:00:50,826 DEBUG Command: ThirdPartyPatch.exe /update Chrome /skipdownload /server https://sis.n-able.com 
[1] 2026-03-30 09:00:50,841 DEBUG Found existing Repository XML [C:\ProgramData\MspPlatform\PME\ThirdPartyPatch\Downloads\Repository.xml] backing up to [C:\ProgramData\MspPlatform\PME\ThirdPartyPatch\Downloads\Repository.old] 
[1] 2026-03-30 09:00:50,906 DEBUG Local ThirdPartySoftware Timestamp: [1774445037] Repository Timestamp: [1774445037] Refreshing MetaFiles: [False]
[1] 2026-03-30 09:00:50,950 DEBUG Verifying correct bitness of following product: Google Chrome
[1] 2026-03-30 09:00:50,951 DEBUG Original architecture found for Google Chrome is correct!
[1] 2026-03-30 09:00:50,953 DEBUG Chrome is installed. (146.0.7680.154)
[1] 2026-03-30 09:00:50,954 DEBUG Update available  [Chrome (146.0.7680.165)].
[1] 2026-03-30 09:00:53,030 DEBUG      Starting install: Chrome
[1] 2026-03-30 09:00:53,032 DEBUG Installing: Chrome [146.0.7680.154] -> [146.0.7680.165]
[1] 2026-03-30 09:00:53,042 DEBUG Getting Commands for OS: [WIN_11] Architecture: [x64] Locale: [en] Upgrade: [True]
[1] 2026-03-30 09:00:53,359 DEBUG Passed checksum verification: [C:\ProgramData\MspPlatform\PME\ThirdPartyPatch\Downloads\f7aa248b-6982-498c-825d-847b0104f3a2\googlechromestandaloneenterprise64.msi]
[1] 2026-03-30 09:00:53,360 DEBUG Executing
[1] 2026-03-30 09:00:53,369 DEBUG Getting Commands for OS: [WIN_11] Architecture: [x64] Locale: [en] Upgrade: [True]
[1] 2026-03-30 09:00:53,371 DEBUG Checking if MSIExec process is live (possibly another installation)
[1] 2026-03-30 09:00:53,382 DEBUG No MSIExec processes are live.
[1] 2026-03-30 09:00:53,382 DEBUG --------------------
[1] 2026-03-30 09:00:53,383 DEBUG Launching Command: msiexec /i googlechromestandaloneenterprise64.msi /qn /norestart /lv Chrome-upgrade.log
[1] 2026-03-30 09:00:53,383 DEBUG --------------------
[1] 2026-03-30 09:00:53,410 DEBUG Process started: 23524
[1] 2026-03-30 09:00:53,800 DEBUG Exit status code: 0: Action completed successfully.
[1] 2026-03-30 09:00:53,802 DEBUG Installation.SaveLogs => Started saving logs for Chrome - f7aa248b-6982-498c-825d-847b0104f3a2.
[1] 2026-03-30 09:00:53,803 DEBUG Copy logs from: C:\ProgramData\MspPlatform\PME\ThirdPartyPatch\Downloads\f7aa248b-6982-498c-825d-847b0104f3a2\Chrome-upgrade.log to: C:\ProgramData\MspPlatform\PME\ThirdPartyPatch\logs\f7aa248b-6982-498c-825d-847b0104f3a2-Chrome-upgrade.log
[1] 2026-03-30 09:00:53,807 DEBUG Found 1 log(s) Chrome-upgrade.log
[1] 2026-03-30 09:00:53,809 DEBUG Installation.SaveLogs => Finished saving logs for Chrome - f7aa248b-6982-498c-825d-847b0104f3a2.
[1] 2026-03-30 09:00:53,810 DEBUG Checking if MSIExec process is live (possibly another installation)
[1] 2026-03-30 09:00:53,818 DEBUG --- Found [1] instance(s) of MSIExec.
[1] 2026-03-30 09:00:53,820 DEBUG Only helper MSIExec process found, can continue.
[1] 2026-03-30 09:00:53,820 DEBUG --------------------
[1] 2026-03-30 09:00:53,821 DEBUG Launching Command: C:\Windows\system32\cmd.exe /c REG ADD "HKLM\SOFTWARE\Policies\Google\Update" /v "AutoUpdateCheckPeriodMinutes" /d "0" /t REG_SZ /f
[1] 2026-03-30 09:00:53,822 DEBUG --------------------
[1] 2026-03-30 09:00:53,845 DEBUG Process started: 44320
[ReadStdOut] 2026-03-30 09:00:53,910 DEBUG Process Message: The operation completed successfully. 
[ReadStdOut] 2026-03-30 09:00:53,911 DEBUG Process Message:  
[1] 2026-03-30 09:00:53,917 DEBUG Installation.SaveLogs => Started saving logs for Chrome - f7aa248b-6982-498c-825d-847b0104f3a2.
[1] 2026-03-30 09:00:53,919 DEBUG Found 0 log(s) 
[1] 2026-03-30 09:00:53,919 DEBUG Installation.SaveLogs => Finished saving logs for Chrome - f7aa248b-6982-498c-825d-847b0104f3a2.
[1] 2026-03-30 09:00:53,920 DEBUG Checking if MSIExec process is live (possibly another installation)
[1] 2026-03-30 09:00:53,933 DEBUG --- Found [1] instance(s) of MSIExec.
[1] 2026-03-30 09:00:53,935 DEBUG Only helper MSIExec process found, can continue.
[1] 2026-03-30 09:00:53,935 DEBUG --------------------
[1] 2026-03-30 09:00:53,937 DEBUG Launching Command: C:\Windows\system32\cmd.exe /c REG ADD "HKLM\SOFTWARE\Wow6432Node\Policies\Google\Update" /v "AutoUpdateCheckPeriodMinutes" /d "0" /t REG_SZ /f
[1] 2026-03-30 09:00:53,937 DEBUG --------------------
[1] 2026-03-30 09:00:53,964 DEBUG Process started: 27864
[ReadStdOut] 2026-03-30 09:00:54,020 DEBUG Process Message: The operation completed successfully. 
[ReadStdOut] 2026-03-30 09:00:54,020 DEBUG Process Message:  
[1] 2026-03-30 09:00:54,026 DEBUG Installation.SaveLogs => Started saving logs for Chrome - f7aa248b-6982-498c-825d-847b0104f3a2.
[1] 2026-03-30 09:00:54,029 DEBUG Found 0 log(s) 
[1] 2026-03-30 09:00:54,029 DEBUG Installation.SaveLogs => Finished saving logs for Chrome - f7aa248b-6982-498c-825d-847b0104f3a2.
[1] 2026-03-30 09:00:54,030 DEBUG Process Exit code: 0
[1] 2026-03-30 09:00:59,098 INFO  Chrome version installed: [146.0.7680.154] latest version: [146.0.7680.165]
[1] 2026-03-30 09:00:59,100 DEBUG [ Chrome ] Return code: [ ERROR_SUCCESS - Action completed successfully. ]
[1] 2026-03-30 09:00:59,101 DEBUG -----END-----
[1] 2026-03-30 09:00:59,104 DEBUG CleanOldLogs => Started.
[1] 2026-03-30 09:00:59,105 DEBUG CleanOldLogs => Finished.
[1] 2026-03-30 09:00:59,106 DEBUG DONE
[1] 2026-03-30 09:02:43,484 DEBUG =============================== Launch at [30/03/2026 9:02:43] ===============================
[1] 2026-03-30 09:02:43,485 DEBUG ThirdPartyPatch (2.13.11.5031)
[1] 2026-03-30 09:02:43,486 DEBUG System Information: OS: WIN_11 [x64]
[1] 2026-03-30 09:02:43,486 DEBUG Command: ThirdPartyPatch.exe /query all /filter up_to_date /server https://sis.n-able.com 
[1] 2026-03-30 09:02:43,497 DEBUG Found existing Repository XML [C:\ProgramData\MspPlatform\PME\ThirdPartyPatch\Downloads\Repository.xml] backing up to [C:\ProgramData\MspPlatform\PME\ThirdPartyPatch\Downloads\Repository.old] 
[1] 2026-03-30 09:02:43,559 DEBUG Local ThirdPartySoftware Timestamp: [1774445037] Repository Timestamp: [1774445037] Refreshing MetaFiles: [False]
[1] 2026-03-30 09:02:43,629 DEBUG Verifying correct bitness of following product: Google Chrome
[1] 2026-03-30 09:02:43,631 DEBUG Original architecture found for Google Chrome is correct!
[1] 2026-03-30 09:02:43,966 DEBUG Verifying correct bitness of following product: Microsoft Edge
[1] 2026-03-30 09:02:43,968 DEBUG Registry location does not correspond to actual product architecture. Adjusting information...
[1] 2026-03-30 09:02:43,969 DEBUG Product: Microsoft Edge. Previous detected architecture => Is64Bit: False / Corrected architecture => Is64Bit: True
[1] 2026-03-30 09:02:44,262 INFO  Applications matching filter: 3
[1] 2026-03-30 09:02:44,276 INFO  Application: [OneDrive] Installed: [26.35.222.2 (x64) (en)] Latest: [26.32.217.3]
[1] 2026-03-30 09:02:44,287 INFO  Application: [Google Drive] Installed: [122.0.1.0 (x64) (en)] Latest: [115.0.1.0]
[1] 2026-03-30 09:02:44,293 INFO  Application: [Microsoft Edge] Installed: [146.0.3856.84 (x64) (en)] Latest: [146.0.3856.78]
[1] 2026-03-30 09:02:44,296 DEBUG CleanOldLogs => Started.
[1] 2026-03-30 09:02:44,297 DEBUG CleanOldLogs => Finished.
[1] 2026-03-30 09:02:44,297 DEBUG DONE
[1] 2026-03-30 09:02:44,466 DEBUG =============================== Launch at [30/03/2026 9:02:44] ===============================
[1] 2026-03-30 09:02:44,466 DEBUG ThirdPartyPatch (2.13.11.5031)
[1] 2026-03-30 09:02:44,467 DEBUG System Information: OS: WIN_11 [x64]
[1] 2026-03-30 09:02:44,467 DEBUG Command: ThirdPartyPatch.exe /query all /filter update_available /server https://sis.n-able.com 
[1] 2026-03-30 09:02:44,477 DEBUG Found existing Repository XML [C:\ProgramData\MspPlatform\PME\ThirdPartyPatch\Downloads\Repository.xml] backing up to [C:\ProgramData\MspPlatform\PME\ThirdPartyPatch\Downloads\Repository.old] 
[1] 2026-03-30 09:02:44,533 DEBUG Local ThirdPartySoftware Timestamp: [1774445037] Repository Timestamp: [1774445037] Refreshing MetaFiles: [False]
[1] 2026-03-30 09:02:44,605 DEBUG Verifying correct bitness of following product: Google Chrome
[1] 2026-03-30 09:02:44,606 DEBUG Original architecture found for Google Chrome is correct!
[1] 2026-03-30 09:02:44,962 DEBUG Verifying correct bitness of following product: Microsoft Edge
[1] 2026-03-30 09:02:44,962 DEBUG Registry location does not correspond to actual product architecture. Adjusting information...
[1] 2026-03-30 09:02:44,964 DEBUG Product: Microsoft Edge. Previous detected architecture => Is64Bit: False / Corrected architecture => Is64Bit: True
[1] 2026-03-30 09:02:45,250 INFO  Applications matching filter: 1
[1] 2026-03-30 09:02:45,265 INFO  Application: [Chrome] Installed: [146.0.7680.154 (x64) (en)] Latest: [146.0.7680.165]
[1] 2026-03-30 09:02:45,270 DEBUG CleanOldLogs => Started.
[1] 2026-03-30 09:02:45,270 DEBUG CleanOldLogs => Finished.
[1] 2026-03-30 09:02:45,271 DEBUG DONE
[1] 2026-03-30 11:01:44,816 DEBUG =============================== Launch at [30/03/2026 11:01:44] ===============================
[1] 2026-03-30 11:01:44,816 DEBUG ThirdPartyPatch (2.13.11.5031)
[1] 2026-03-30 11:01:44,817 DEBUG System Information: OS: WIN_11 [x64]
[1] 2026-03-30 11:01:44,817 DEBUG Command: ThirdPartyPatch.exe /query all /filter up_to_date /server https://sis.n-able.com 
[1] 2026-03-30 11:01:44,827 DEBUG Found existing Repository XML [C:\ProgramData\MspPlatform\PME\ThirdPartyPatch\Downloads\Repository.xml] backing up to [C:\ProgramData\MspPlatform\PME\ThirdPartyPatch\Downloads\Repository.old] 
[1] 2026-03-30 11:01:44,884 DEBUG Local ThirdPartySoftware Timestamp: [1774445037] Repository Timestamp: [1774445037] Refreshing MetaFiles: [False]
[1] 2026-03-30 11:01:44,953 DEBUG Verifying correct bitness of following product: Google Chrome
[1] 2026-03-30 11:01:44,954 DEBUG Original architecture found for Google Chrome is correct!
[1] 2026-03-30 11:01:45,291 DEBUG Verifying correct bitness of following product: Microsoft Edge
[1] 2026-03-30 11:01:45,292 DEBUG Registry location does not correspond to actual product architecture. Adjusting information...
[1] 2026-03-30 11:01:45,292 DEBUG Product: Microsoft Edge. Previous detected architecture => Is64Bit: False / Corrected architecture => Is64Bit: True
[1] 2026-03-30 11:01:45,586 INFO  Applications matching filter: 3
[1] 2026-03-30 11:01:45,600 INFO  Application: [OneDrive] Installed: [26.35.222.2 (x64) (en)] Latest: [26.32.217.3]
[1] 2026-03-30 11:01:45,612 INFO  Application: [Google Drive] Installed: [122.0.1.0 (x64) (en)] Latest: [115.0.1.0]
[1] 2026-03-30 11:01:45,619 INFO  Application: [Microsoft Edge] Installed: [146.0.3856.84 (x64) (en)] Latest: [146.0.3856.78]
[1] 2026-03-30 11:01:45,621 DEBUG CleanOldLogs => Started.
[1] 2026-03-30 11:01:45,622 DEBUG CleanOldLogs => Finished.
[1] 2026-03-30 11:01:45,622 DEBUG DONE
[1] 2026-03-30 11:01:45,802 DEBUG =============================== Launch at [30/03/2026 11:01:45] ===============================
[1] 2026-03-30 11:01:45,802 DEBUG ThirdPartyPatch (2.13.11.5031)
[1] 2026-03-30 11:01:45,803 DEBUG System Information: OS: WIN_11 [x64]
[1] 2026-03-30 11:01:45,803 DEBUG Command: ThirdPartyPatch.exe /query all /filter update_available /server https://sis.n-able.com 
[1] 2026-03-30 11:01:45,812 DEBUG Found existing Repository XML [C:\ProgramData\MspPlatform\PME\ThirdPartyPatch\Downloads\Repository.xml] backing up to [C:\ProgramData\MspPlatform\PME\ThirdPartyPatch\Downloads\Repository.old] 
[1] 2026-03-30 11:01:45,866 DEBUG Local ThirdPartySoftware Timestamp: [1774445037] Repository Timestamp: [1774445037] Refreshing MetaFiles: [False]
[1] 2026-03-30 11:01:45,937 DEBUG Verifying correct bitness of following product: Google Chrome
[1] 2026-03-30 11:01:45,938 DEBUG Original architecture found for Google Chrome is correct!
[1] 2026-03-30 11:01:46,277 DEBUG Verifying correct bitness of following product: Microsoft Edge
[1] 2026-03-30 11:01:46,278 DEBUG Registry location does not correspond to actual product architecture. Adjusting information...
[1] 2026-03-30 11:01:46,279 DEBUG Product: Microsoft Edge. Previous detected architecture => Is64Bit: False / Corrected architecture => Is64Bit: True
[1] 2026-03-30 11:01:46,543 INFO  Applications matching filter: 1
[1] 2026-03-30 11:01:46,558 INFO  Application: [Chrome] Installed: [146.0.7680.154 (x64) (en)] Latest: [146.0.7680.165]
[1] 2026-03-30 11:01:46,564 DEBUG CleanOldLogs => Started.
[1] 2026-03-30 11:01:46,565 DEBUG CleanOldLogs => Finished.
[1] 2026-03-30 11:01:46,565 DEBUG DONE
[1] 2026-03-31 13:16:43,921 DEBUG =============================== Launch at [31/03/2026 13:16:43] ===============================
[1] 2026-03-31 13:16:43,922 DEBUG ThirdPartyPatch (2.13.11.5031)
[1] 2026-03-31 13:16:43,923 DEBUG System Information: OS: WIN_11 [x64]
[1] 2026-03-31 13:16:43,924 DEBUG Command: ThirdPartyPatch.exe /query all /filter up_to_date /server https://sis.n-able.com 
[1] 2026-03-31 13:16:43,939 DEBUG Found existing Repository XML [C:\ProgramData\MspPlatform\PME\ThirdPartyPatch\Downloads\Repository.xml] backing up to [C:\ProgramData\MspPlatform\PME\ThirdPartyPatch\Downloads\Repository.old] 
[1] 2026-03-31 13:16:54,354 DEBUG Local ThirdPartySoftware Timestamp: [1774445037] Repository Timestamp: [1774445037] Refreshing MetaFiles: [False]
[1] 2026-03-31 13:16:54,587 DEBUG Verifying correct bitness of following product: Google Chrome
[1] 2026-03-31 13:16:54,590 DEBUG Original architecture found for Google Chrome is correct!
[1] 2026-03-31 13:16:55,533 DEBUG Verifying correct bitness of following product: Microsoft Edge
[1] 2026-03-31 13:16:55,536 DEBUG Registry location does not correspond to actual product architecture. Adjusting information...
[1] 2026-03-31 13:16:55,538 DEBUG Product: Microsoft Edge. Previous detected architecture => Is64Bit: False / Corrected architecture => Is64Bit: True
[1] 2026-03-31 13:16:56,425 INFO  Applications matching filter: 3
[1] 2026-03-31 13:16:56,465 INFO  Application: [OneDrive] Installed: [26.40.301.1 (x64) (en)] Latest: [26.32.217.3]
[1] 2026-03-31 13:16:56,499 INFO  Application: [Google Drive] Installed: [123.0.1.0 (x64) (en)] Latest: [115.0.1.0]
[1] 2026-03-31 13:16:56,517 INFO  Application: [Microsoft Edge] Installed: [146.0.3856.84 (x64) (en)] Latest: [146.0.3856.78]
[1] 2026-03-31 13:16:56,522 DEBUG CleanOldLogs => Started.
[1] 2026-03-31 13:16:56,524 DEBUG CleanOldLogs => Finished.
[1] 2026-03-31 13:16:56,526 DEBUG DONE
[1] 2026-03-31 13:16:56,859 DEBUG =============================== Launch at [31/03/2026 13:16:56] ===============================
[1] 2026-03-31 13:16:56,860 DEBUG ThirdPartyPatch (2.13.11.5031)
[1] 2026-03-31 13:16:56,861 DEBUG System Information: OS: WIN_11 [x64]
[1] 2026-03-31 13:16:56,861 DEBUG Command: ThirdPartyPatch.exe /query all /filter update_available /server https://sis.n-able.com 
[1] 2026-03-31 13:16:56,877 DEBUG Found existing Repository XML [C:\ProgramData\MspPlatform\PME\ThirdPartyPatch\Downloads\Repository.xml] backing up to [C:\ProgramData\MspPlatform\PME\ThirdPartyPatch\Downloads\Repository.old] 
[1] 2026-03-31 13:16:56,969 DEBUG Local ThirdPartySoftware Timestamp: [1774445037] Repository Timestamp: [1774445037] Refreshing MetaFiles: [False]
[1] 2026-03-31 13:16:57,085 DEBUG Verifying correct bitness of following product: Google Chrome
[1] 2026-03-31 13:16:57,088 DEBUG Original architecture found for Google Chrome is correct!
[1] 2026-03-31 13:16:57,707 DEBUG Verifying correct bitness of following product: Microsoft Edge
[1] 2026-03-31 13:16:57,708 DEBUG Registry location does not correspond to actual product architecture. Adjusting information...
[1] 2026-03-31 13:16:57,709 DEBUG Product: Microsoft Edge. Previous detected architecture => Is64Bit: False / Corrected architecture => Is64Bit: True
[1] 2026-03-31 13:16:58,194 INFO  Applications matching filter: 1
[1] 2026-03-31 13:16:58,217 INFO  Application: [Chrome] Installed: [146.0.7680.154 (x64) (en)] Latest: [146.0.7680.165]
[1] 2026-03-31 13:16:58,225 DEBUG CleanOldLogs => Started.
[1] 2026-03-31 13:16:58,226 DEBUG CleanOldLogs => Finished.
[1] 2026-03-31 13:16:58,227 DEBUG DONE
[1] 2026-04-02 08:02:16,147 DEBUG =============================== Launch at [02/04/2026 8:02:16] ===============================
[1] 2026-04-02 08:02:16,175 DEBUG ThirdPartyPatch (2.13.11.5031)
[1] 2026-04-02 08:02:16,177 DEBUG System Information: OS: WIN_11 [x64]
[1] 2026-04-02 08:02:16,179 DEBUG Command: ThirdPartyPatch.exe /query all /filter up_to_date /server https://sis.n-able.com 
[1] 2026-04-02 08:02:16,205 DEBUG Found existing Repository XML [C:\ProgramData\MspPlatform\PME\ThirdPartyPatch\Downloads\Repository.xml] backing up to [C:\ProgramData\MspPlatform\PME\ThirdPartyPatch\Downloads\Repository.old] 
[1] 2026-04-02 08:02:26,546 DEBUG Local ThirdPartySoftware Timestamp: [1774445037] Repository Timestamp: [1775041649] Refreshing MetaFiles: [True]
[1] 2026-04-02 08:02:26,583 DEBUG CleanOldLogs => Started.
[1] 2026-04-02 08:02:26,585 DEBUG CleanOldLogs => Finished.
[1] 2026-04-02 08:02:36,899 DEBUG Verifying correct bitness of following product: Google Chrome
[1] 2026-04-02 08:02:36,903 DEBUG Original architecture found for Google Chrome is correct!
[1] 2026-04-02 08:02:37,884 DEBUG Verifying correct bitness of following product: Microsoft Edge
[1] 2026-04-02 08:02:37,885 DEBUG Registry location does not correspond to actual product architecture. Adjusting information...
[1] 2026-04-02 08:02:37,888 DEBUG Product: Microsoft Edge. Previous detected architecture => Is64Bit: False / Corrected architecture => Is64Bit: True
[1] 2026-04-02 08:03:08,774 INFO  Applications matching filter: 3
[1] 2026-04-02 08:03:18,861 INFO  Application: [OneDrive] Installed: [26.40.301.1 (x64) (en)] Latest: [26.40.301.1]
[1] 2026-04-02 08:03:18,894 INFO  Application: [Google Drive] Installed: [123.0.1.0 (x64) (en)] Latest: [115.0.1.0]
[1] 2026-04-02 08:03:18,914 INFO  Application: [Microsoft Edge] Installed: [146.0.3856.84 (x64) (en)] Latest: [146.0.3856.84]
[1] 2026-04-02 08:03:18,918 DEBUG CleanOldLogs => Started.
[1] 2026-04-02 08:03:18,919 DEBUG CleanOldLogs => Finished.
[1] 2026-04-02 08:03:18,920 DEBUG DONE
[1] 2026-04-02 08:03:19,134 DEBUG =============================== Launch at [02/04/2026 8:03:19] ===============================
[1] 2026-04-02 08:03:19,135 DEBUG ThirdPartyPatch (2.13.11.5031)
[1] 2026-04-02 08:03:19,135 DEBUG System Information: OS: WIN_11 [x64]
[1] 2026-04-02 08:03:19,135 DEBUG Command: ThirdPartyPatch.exe /query all /filter update_available /server https://sis.n-able.com 
[1] 2026-04-02 08:03:19,215 DEBUG Local ThirdPartySoftware Timestamp: [1775041649] Repository Timestamp: [1775041649] Refreshing MetaFiles: [False]
[1] 2026-04-02 08:03:19,305 DEBUG Verifying correct bitness of following product: Google Chrome
[1] 2026-04-02 08:03:19,307 DEBUG Original architecture found for Google Chrome is correct!
[1] 2026-04-02 08:03:19,664 DEBUG Verifying correct bitness of following product: Microsoft Edge
[1] 2026-04-02 08:03:19,666 DEBUG Registry location does not correspond to actual product architecture. Adjusting information...
[1] 2026-04-02 08:03:19,666 DEBUG Product: Microsoft Edge. Previous detected architecture => Is64Bit: False / Corrected architecture => Is64Bit: True
[1] 2026-04-02 08:03:30,147 INFO  Applications matching filter: 1
[1] 2026-04-02 08:03:30,183 INFO  Application: [Chrome] Installed: [146.0.7680.154 (x64) (en)] Latest: [146.0.7680.165]
[1] 2026-04-02 08:03:30,195 DEBUG CleanOldLogs => Started.
[1] 2026-04-02 08:03:30,196 DEBUG CleanOldLogs => Finished.
[1] 2026-04-02 08:03:30,198 DEBUG DONE
[1] 2026-04-04 07:50:25,236 DEBUG =============================== Launch at [04/04/2026 7:50:25] ===============================
[1] 2026-04-04 07:50:25,237 DEBUG ThirdPartyPatch (2.13.11.5031)
[1] 2026-04-04 07:50:25,238 DEBUG System Information: OS: WIN_11 [x64]
[1] 2026-04-04 07:50:25,238 DEBUG Command: ThirdPartyPatch.exe /query all /filter up_to_date /server https://sis.n-able.com 
[1] 2026-04-04 07:50:25,253 DEBUG Found existing Repository XML [C:\ProgramData\MspPlatform\PME\ThirdPartyPatch\Downloads\Repository.xml] backing up to [C:\ProgramData\MspPlatform\PME\ThirdPartyPatch\Downloads\Repository.old] 
[1] 2026-04-04 07:50:35,643 DEBUG Local ThirdPartySoftware Timestamp: [1775041649] Repository Timestamp: [1775211916] Refreshing MetaFiles: [True]
[1] 2026-04-04 07:50:35,654 DEBUG CleanOldLogs => Started.
[1] 2026-04-04 07:50:35,655 DEBUG CleanOldLogs => Finished.
[1] 2026-04-04 07:50:46,129 DEBUG Verifying correct bitness of following product: Google Chrome
[1] 2026-04-04 07:50:46,131 DEBUG Original architecture found for Google Chrome is correct!
[1] 2026-04-04 07:50:46,969 DEBUG Verifying correct bitness of following product: Microsoft Edge
[1] 2026-04-04 07:50:46,971 DEBUG Registry location does not correspond to actual product architecture. Adjusting information...
[1] 2026-04-04 07:50:46,973 DEBUG Product: Microsoft Edge. Previous detected architecture => Is64Bit: False / Corrected architecture => Is64Bit: True
[1] 2026-04-04 07:51:18,024 INFO  Applications matching filter: 3
[1] 2026-04-04 07:51:28,143 INFO  Application: [OneDrive] Installed: [26.40.301.1 (x64) (en)] Latest: [26.40.301.1]
[1] 2026-04-04 07:51:28,189 INFO  Application: [Google Drive] Installed: [123.0.1.0 (x64) (en)] Latest: [115.0.1.0]
[1] 2026-04-04 07:51:28,204 INFO  Application: [Microsoft Edge] Installed: [146.0.3856.97 (x64) (en)] Latest: [146.0.3856.97]
[1] 2026-04-04 07:51:28,210 DEBUG CleanOldLogs => Started.
[1] 2026-04-04 07:51:28,211 DEBUG CleanOldLogs => Finished.
[1] 2026-04-04 07:51:28,212 DEBUG DONE
[1] 2026-04-04 07:51:28,593 DEBUG =============================== Launch at [04/04/2026 7:51:28] ===============================
[1] 2026-04-04 07:51:28,595 DEBUG ThirdPartyPatch (2.13.11.5031)
[1] 2026-04-04 07:51:28,595 DEBUG System Information: OS: WIN_11 [x64]
[1] 2026-04-04 07:51:28,596 DEBUG Command: ThirdPartyPatch.exe /query all /filter update_available /server https://sis.n-able.com 
[1] 2026-04-04 07:51:28,752 DEBUG Local ThirdPartySoftware Timestamp: [1775211916] Repository Timestamp: [1775211916] Refreshing MetaFiles: [False]
[1] 2026-04-04 07:51:28,975 DEBUG Verifying correct bitness of following product: Google Chrome
[1] 2026-04-04 07:51:28,989 DEBUG Original architecture found for Google Chrome is correct!
[1] 2026-04-04 07:51:29,799 DEBUG Verifying correct bitness of following product: Microsoft Edge
[1] 2026-04-04 07:51:29,800 DEBUG Registry location does not correspond to actual product architecture. Adjusting information...
[1] 2026-04-04 07:51:29,801 DEBUG Product: Microsoft Edge. Previous detected architecture => Is64Bit: False / Corrected architecture => Is64Bit: True
[1] 2026-04-04 07:51:40,299 INFO  Applications matching filter: 1
[1] 2026-04-04 07:51:40,336 INFO  Application: [Chrome] Installed: [146.0.7680.154 (x64) (en)] Latest: [146.0.7680.178]
[1] 2026-04-04 07:51:40,350 DEBUG CleanOldLogs => Started.
[1] 2026-04-04 07:51:40,351 DEBUG CleanOldLogs => Finished.
[1] 2026-04-04 07:51:40,355 DEBUG DONE
[1] 2026-04-05 08:24:29,468 DEBUG =============================== Launch at [05/04/2026 8:24:29] ===============================
[1] 2026-04-05 08:24:29,470 DEBUG ThirdPartyPatch (2.13.11.5031)
[1] 2026-04-05 08:24:29,470 DEBUG System Information: OS: WIN_11 [x64]
[1] 2026-04-05 08:24:29,470 DEBUG Command: ThirdPartyPatch.exe /query all /filter up_to_date /server https://sis.n-able.com 
[1] 2026-04-05 08:24:29,480 DEBUG Found existing Repository XML [C:\ProgramData\MspPlatform\PME\ThirdPartyPatch\Downloads\Repository.xml] backing up to [C:\ProgramData\MspPlatform\PME\ThirdPartyPatch\Downloads\Repository.old] 
[1] 2026-04-05 08:24:59,719 DEBUG Local ThirdPartySoftware Timestamp: [1775211916] Repository Timestamp: [0] Refreshing MetaFiles: [True]
[1] 2026-04-05 08:24:59,722 DEBUG CleanOldLogs => Started.
[1] 2026-04-05 08:24:59,723 DEBUG CleanOldLogs => Finished.
[1] 2026-04-05 08:25:29,780 DEBUG Error downloading ThirdPartySoftware.xml from server. File was not found on local disc.
[1] 2026-04-05 08:25:29,781 DEBUG Could not download ThirdPartySoftware.xml
[1] 2026-04-05 08:25:29,783 INFO  Applications matching filter: 0
[1] 2026-04-05 08:25:59,831 DEBUG Could not move C:\ProgramData\MspPlatform\PME\ThirdPartyPatch\Downloads\Vendors.xml to C:\ProgramData\MspPlatform\PME\ThirdPartyPatch\installed_vendors.xml
[1] 2026-04-05 08:25:59,838 DEBUG CleanOldLogs => Started.
[1] 2026-04-05 08:25:59,838 DEBUG CleanOldLogs => Finished.
[1] 2026-04-05 08:25:59,839 DEBUG DONE
[1] 2026-04-05 10:00:56,749 DEBUG =============================== Launch at [05/04/2026 10:00:56] ===============================
[1] 2026-04-05 10:00:56,749 DEBUG ThirdPartyPatch (2.13.11.5031)
[1] 2026-04-05 10:00:56,750 DEBUG System Information: OS: WIN_11 [x64]
[1] 2026-04-05 10:00:56,750 DEBUG Command: ThirdPartyPatch.exe /query all /filter up_to_date /server https://sis.n-able.com 
[1] 2026-04-05 10:00:56,877 DEBUG Verifying correct bitness of following product: Google Chrome
[1] 2026-04-05 10:00:56,878 DEBUG Original architecture found for Google Chrome is correct!
[1] 2026-04-05 10:00:57,049 DEBUG Verifying correct bitness of following product: Microsoft Edge
[1] 2026-04-05 10:00:57,049 DEBUG Registry location does not correspond to actual product architecture. Adjusting information...
[1] 2026-04-05 10:00:57,050 DEBUG Product: Microsoft Edge. Previous detected architecture => Is64Bit: False / Corrected architecture => Is64Bit: True
[1] 2026-04-05 10:01:37,389 INFO  Applications matching filter: 4
[1] 2026-04-05 10:01:42,422 INFO  Application: [Chrome] Installed: [146.0.7680.178 (x64) (en)] Latest: [146.0.7680.178]
[1] 2026-04-05 10:01:42,437 INFO  Application: [OneDrive] Installed: [26.40.301.1 (x64) (en)] Latest: [26.40.301.1]
[1] 2026-04-05 10:01:42,447 INFO  Application: [Google Drive] Installed: [123.0.1.0 (x64) (en)] Latest: [115.0.1.0]
[1] 2026-04-05 10:01:42,455 INFO  Application: [Microsoft Edge] Installed: [146.0.3856.97 (x64) (en)] Latest: [146.0.3856.97]
[1] 2026-04-05 10:01:42,458 DEBUG CleanOldLogs => Started.
[1] 2026-04-05 10:01:42,459 DEBUG CleanOldLogs => Finished.
[1] 2026-04-05 10:01:42,460 DEBUG DONE
[1] 2026-04-05 10:01:42,576 DEBUG =============================== Launch at [05/04/2026 10:01:42] ===============================
[1] 2026-04-05 10:01:42,576 DEBUG ThirdPartyPatch (2.13.11.5031)
[1] 2026-04-05 10:01:42,576 DEBUG System Information: OS: WIN_11 [x64]
[1] 2026-04-05 10:01:42,577 DEBUG Command: ThirdPartyPatch.exe /query all /filter update_available /server https://sis.n-able.com 
[1] 2026-04-05 10:01:42,625 DEBUG Local ThirdPartySoftware Timestamp: [1775211916] Repository Timestamp: [1775211916] Refreshing MetaFiles: [False]
[1] 2026-04-05 10:01:42,675 DEBUG Verifying correct bitness of following product: Google Chrome
[1] 2026-04-05 10:01:42,676 DEBUG Original architecture found for Google Chrome is correct!
[1] 2026-04-05 10:01:42,845 DEBUG Verifying correct bitness of following product: Microsoft Edge
[1] 2026-04-05 10:01:42,845 DEBUG Registry location does not correspond to actual product architecture. Adjusting information...
[1] 2026-04-05 10:01:42,847 DEBUG Product: Microsoft Edge. Previous detected architecture => Is64Bit: False / Corrected architecture => Is64Bit: True
[1] 2026-04-05 10:01:42,960 INFO  Applications matching filter: 0
[1] 2026-04-05 10:01:42,965 DEBUG CleanOldLogs => Started.
[1] 2026-04-05 10:01:42,966 DEBUG CleanOldLogs => Finished.
[1] 2026-04-05 10:01:42,966 DEBUG DONE
[1] 2026-04-05 10:04:04,041 DEBUG =============================== Launch at [05/04/2026 10:04:04] ===============================
[1] 2026-04-05 10:04:04,042 DEBUG ThirdPartyPatch (2.13.11.5031)
[1] 2026-04-05 10:04:04,042 DEBUG System Information: OS: WIN_11 [x64]
[1] 2026-04-05 10:04:04,042 DEBUG Command: ThirdPartyPatch.exe /query all /filter up_to_date /server https://sis.n-able.com 
[1] 2026-04-05 10:04:04,052 DEBUG Found existing Repository XML [C:\ProgramData\MspPlatform\PME\ThirdPartyPatch\Downloads\Repository.xml] backing up to [C:\ProgramData\MspPlatform\PME\ThirdPartyPatch\Downloads\Repository.old] 
[1] 2026-04-05 10:04:04,092 DEBUG Local ThirdPartySoftware Timestamp: [1775211916] Repository Timestamp: [1775211916] Refreshing MetaFiles: [False]
[1] 2026-04-05 10:04:04,146 DEBUG Verifying correct bitness of following product: Google Chrome
[1] 2026-04-05 10:04:04,147 DEBUG Original architecture found for Google Chrome is correct!
[1] 2026-04-05 10:04:04,326 DEBUG Verifying correct bitness of following product: Microsoft Edge
[1] 2026-04-05 10:04:04,327 DEBUG Registry location does not correspond to actual product architecture. Adjusting information...
[1] 2026-04-05 10:04:04,327 DEBUG Product: Microsoft Edge. Previous detected architecture => Is64Bit: False / Corrected architecture => Is64Bit: True
[1] 2026-04-05 10:04:04,509 INFO  Applications matching filter: 4
[1] 2026-04-05 10:04:04,520 INFO  Application: [Chrome] Installed: [146.0.7680.178 (x64) (en)] Latest: [146.0.7680.178]
[1] 2026-04-05 10:04:04,526 INFO  Application: [OneDrive] Installed: [26.40.301.1 (x64) (en)] Latest: [26.40.301.1]
[1] 2026-04-05 10:04:04,530 INFO  Application: [Google Drive] Installed: [123.0.1.0 (x64) (en)] Latest: [115.0.1.0]
[1] 2026-04-05 10:04:04,534 INFO  Application: [Microsoft Edge] Installed: [146.0.3856.97 (x64) (en)] Latest: [146.0.3856.97]
[1] 2026-04-05 10:04:04,537 DEBUG CleanOldLogs => Started.
[1] 2026-04-05 10:04:04,537 DEBUG CleanOldLogs => Finished.
[1] 2026-04-05 10:04:04,538 DEBUG DONE
[1] 2026-04-05 10:04:04,649 DEBUG =============================== Launch at [05/04/2026 10:04:04] ===============================
[1] 2026-04-05 10:04:04,649 DEBUG ThirdPartyPatch (2.13.11.5031)
[1] 2026-04-05 10:04:04,650 DEBUG System Information: OS: WIN_11 [x64]
[1] 2026-04-05 10:04:04,650 DEBUG Command: ThirdPartyPatch.exe /query all /filter update_available /server https://sis.n-able.com 
[1] 2026-04-05 10:04:04,659 DEBUG Found existing Repository XML [C:\ProgramData\MspPlatform\PME\ThirdPartyPatch\Downloads\Repository.xml] backing up to [C:\ProgramData\MspPlatform\PME\ThirdPartyPatch\Downloads\Repository.old] 
[1] 2026-04-05 10:04:04,698 DEBUG Local ThirdPartySoftware Timestamp: [1775211916] Repository Timestamp: [1775211916] Refreshing MetaFiles: [False]
[1] 2026-04-05 10:04:04,750 DEBUG Verifying correct bitness of following product: Google Chrome
[1] 2026-04-05 10:04:04,751 DEBUG Original architecture found for Google Chrome is correct!
[1] 2026-04-05 10:04:04,913 DEBUG Verifying correct bitness of following product: Microsoft Edge
[1] 2026-04-05 10:04:04,913 DEBUG Registry location does not correspond to actual product architecture. Adjusting information...
[1] 2026-04-05 10:04:04,914 DEBUG Product: Microsoft Edge. Previous detected architecture => Is64Bit: False / Corrected architecture => Is64Bit: True
[1] 2026-04-05 10:04:05,017 INFO  Applications matching filter: 0
[1] 2026-04-05 10:04:05,022 DEBUG CleanOldLogs => Started.
[1] 2026-04-05 10:04:05,023 DEBUG CleanOldLogs => Finished.
[1] 2026-04-05 10:04:05,023 DEBUG DONE
[1] 2026-04-05 10:48:16,096 DEBUG =============================== Launch at [05/04/2026 10:48:16] ===============================
[1] 2026-04-05 10:48:16,097 DEBUG ThirdPartyPatch (2.13.11.5031)
[1] 2026-04-05 10:48:16,098 DEBUG System Information: OS: WIN_11 [x64]
[1] 2026-04-05 10:48:16,099 DEBUG Command: ThirdPartyPatch.exe /query all /filter up_to_date /server https://sis.n-able.com 
[1] 2026-04-05 10:48:16,127 DEBUG Found existing Repository XML [C:\ProgramData\MspPlatform\PME\ThirdPartyPatch\Downloads\Repository.xml] backing up to [C:\ProgramData\MspPlatform\PME\ThirdPartyPatch\Downloads\Repository.old] 
[1] 2026-04-05 10:48:16,240 DEBUG Local ThirdPartySoftware Timestamp: [1775211916] Repository Timestamp: [1775211916] Refreshing MetaFiles: [False]
[1] 2026-04-05 10:48:16,393 DEBUG Verifying correct bitness of following product: Google Chrome
[1] 2026-04-05 10:48:16,395 DEBUG Original architecture found for Google Chrome is correct!
[1] 2026-04-05 10:48:17,053 DEBUG Verifying correct bitness of following product: Microsoft Edge
[1] 2026-04-05 10:48:17,054 DEBUG Registry location does not correspond to actual product architecture. Adjusting information...
[1] 2026-04-05 10:48:17,055 DEBUG Product: Microsoft Edge. Previous detected architecture => Is64Bit: False / Corrected architecture => Is64Bit: True
[1] 2026-04-05 10:48:17,727 INFO  Applications matching filter: 4
[1] 2026-04-05 10:48:17,756 INFO  Application: [Chrome] Installed: [146.0.7680.178 (x64) (en)] Latest: [146.0.7680.178]
[1] 2026-04-05 10:48:17,779 INFO  Application: [OneDrive] Installed: [26.40.301.1 (x64) (en)] Latest: [26.40.301.1]
[1] 2026-04-05 10:48:17,796 INFO  Application: [Google Drive] Installed: [123.0.1.0 (x64) (en)] Latest: [115.0.1.0]
[1] 2026-04-05 10:48:17,810 INFO  Application: [Microsoft Edge] Installed: [146.0.3856.97 (x64) (en)] Latest: [146.0.3856.97]
[1] 2026-04-05 10:48:17,816 DEBUG CleanOldLogs => Started.
[1] 2026-04-05 10:48:17,818 DEBUG CleanOldLogs => Finished.
[1] 2026-04-05 10:48:17,821 DEBUG DONE
[1] 2026-04-05 10:48:18,152 DEBUG =============================== Launch at [05/04/2026 10:48:18] ===============================
[1] 2026-04-05 10:48:18,153 DEBUG ThirdPartyPatch (2.13.11.5031)
[1] 2026-04-05 10:48:18,154 DEBUG System Information: OS: WIN_11 [x64]
[1] 2026-04-05 10:48:18,154 DEBUG Command: ThirdPartyPatch.exe /query all /filter update_available /server https://sis.n-able.com 
[1] 2026-04-05 10:48:18,185 DEBUG Found existing Repository XML [C:\ProgramData\MspPlatform\PME\ThirdPartyPatch\Downloads\Repository.xml] backing up to [C:\ProgramData\MspPlatform\PME\ThirdPartyPatch\Downloads\Repository.old] 
[1] 2026-04-05 10:48:18,301 DEBUG Local ThirdPartySoftware Timestamp: [1775211916] Repository Timestamp: [1775211916] Refreshing MetaFiles: [False]
[1] 2026-04-05 10:48:18,478 DEBUG Verifying correct bitness of following product: Google Chrome
[1] 2026-04-05 10:48:18,481 DEBUG Original architecture found for Google Chrome is correct!
[1] 2026-04-05 10:48:19,140 DEBUG Verifying correct bitness of following product: Microsoft Edge
[1] 2026-04-05 10:48:19,142 DEBUG Registry location does not correspond to actual product architecture. Adjusting information...
[1] 2026-04-05 10:48:19,143 DEBUG Product: Microsoft Edge. Previous detected architecture => Is64Bit: False / Corrected architecture => Is64Bit: True
[1] 2026-04-05 10:48:19,589 INFO  Applications matching filter: 0
[1] 2026-04-05 10:48:19,604 DEBUG CleanOldLogs => Started.
[1] 2026-04-05 10:48:19,606 DEBUG CleanOldLogs => Finished.
[1] 2026-04-05 10:48:19,607 DEBUG DONE
[1] 2026-04-05 11:29:53,225 DEBUG =============================== Launch at [05/04/2026 11:29:53] ===============================
[1] 2026-04-05 11:29:53,226 DEBUG ThirdPartyPatch (2.13.11.5031)
[1] 2026-04-05 11:29:53,226 DEBUG System Information: OS: WIN_11 [x64]
[1] 2026-04-05 11:29:53,228 DEBUG Command: ThirdPartyPatch.exe /query all /filter up_to_date /server https://sis.n-able.com 
[1] 2026-04-05 11:29:53,253 DEBUG Found existing Repository XML [C:\ProgramData\MspPlatform\PME\ThirdPartyPatch\Downloads\Repository.xml] backing up to [C:\ProgramData\MspPlatform\PME\ThirdPartyPatch\Downloads\Repository.old] 
[1] 2026-04-05 11:29:53,363 DEBUG Local ThirdPartySoftware Timestamp: [1775211916] Repository Timestamp: [1775211916] Refreshing MetaFiles: [False]
[1] 2026-04-05 11:29:53,510 DEBUG Verifying correct bitness of following product: Google Chrome
[1] 2026-04-05 11:29:53,514 DEBUG Original architecture found for Google Chrome is correct!
[1] 2026-04-05 11:29:54,080 DEBUG Verifying correct bitness of following product: Microsoft Edge
[1] 2026-04-05 11:29:54,082 DEBUG Registry location does not correspond to actual product architecture. Adjusting information...
[1] 2026-04-05 11:29:54,083 DEBUG Product: Microsoft Edge. Previous detected architecture => Is64Bit: False / Corrected architecture => Is64Bit: True
[1] 2026-04-05 11:29:54,642 INFO  Applications matching filter: 4
[1] 2026-04-05 11:29:54,669 INFO  Application: [Chrome] Installed: [146.0.7680.178 (x64) (en)] Latest: [146.0.7680.178]
[1] 2026-04-05 11:29:54,695 INFO  Application: [OneDrive] Installed: [26.40.301.1 (x64) (en)] Latest: [26.40.301.1]
[1] 2026-04-05 11:29:54,713 INFO  Application: [Google Drive] Installed: [123.0.1.0 (x64) (en)] Latest: [115.0.1.0]
[1] 2026-04-05 11:29:54,726 INFO  Application: [Microsoft Edge] Installed: [146.0.3856.97 (x64) (en)] Latest: [146.0.3856.97]
[1] 2026-04-05 11:29:54,734 DEBUG CleanOldLogs => Started.
[1] 2026-04-05 11:29:54,736 DEBUG CleanOldLogs => Finished.
[1] 2026-04-05 11:29:54,737 DEBUG DONE
[1] 2026-04-05 11:29:55,055 DEBUG =============================== Launch at [05/04/2026 11:29:55] ===============================
[1] 2026-04-05 11:29:55,056 DEBUG ThirdPartyPatch (2.13.11.5031)
[1] 2026-04-05 11:29:55,057 DEBUG System Information: OS: WIN_11 [x64]
[1] 2026-04-05 11:29:55,058 DEBUG Command: ThirdPartyPatch.exe /query all /filter update_available /server https://sis.n-able.com 
[1] 2026-04-05 11:29:55,083 DEBUG Found existing Repository XML [C:\ProgramData\MspPlatform\PME\ThirdPartyPatch\Downloads\Repository.xml] backing up to [C:\ProgramData\MspPlatform\PME\ThirdPartyPatch\Downloads\Repository.old] 
[1] 2026-04-05 11:29:55,193 DEBUG Local ThirdPartySoftware Timestamp: [1775211916] Repository Timestamp: [1775211916] Refreshing MetaFiles: [False]
[1] 2026-04-05 11:29:55,342 DEBUG Verifying correct bitness of following product: Google Chrome
[1] 2026-04-05 11:29:55,346 DEBUG Original architecture found for Google Chrome is correct!
[1] 2026-04-05 11:29:55,927 DEBUG Verifying correct bitness of following product: Microsoft Edge
[1] 2026-04-05 11:29:55,929 DEBUG Registry location does not correspond to actual product architecture. Adjusting information...
[1] 2026-04-05 11:29:55,931 DEBUG Product: Microsoft Edge. Previous detected architecture => Is64Bit: False / Corrected architecture => Is64Bit: True
[1] 2026-04-05 11:29:56,288 INFO  Applications matching filter: 0
[1] 2026-04-05 11:29:56,302 DEBUG CleanOldLogs => Started.
[1] 2026-04-05 11:29:56,303 DEBUG CleanOldLogs => Finished.
[1] 2026-04-05 11:29:56,304 DEBUG DONE
[1] 2026-04-06 11:02:40,945 DEBUG =============================== Launch at [06/04/2026 11:02:40] ===============================
[1] 2026-04-06 11:02:40,946 DEBUG ThirdPartyPatch (2.13.11.5031)
[1] 2026-04-06 11:02:40,947 DEBUG System Information: OS: WIN_11 [x64]
[1] 2026-04-06 11:02:40,948 DEBUG Command: ThirdPartyPatch.exe /query all /filter up_to_date /server https://sis.n-able.com 
[1] 2026-04-06 11:02:40,963 DEBUG Found existing Repository XML [C:\ProgramData\MspPlatform\PME\ThirdPartyPatch\Downloads\Repository.xml] backing up to [C:\ProgramData\MspPlatform\PME\ThirdPartyPatch\Downloads\Repository.old] 
[1] 2026-04-06 11:02:51,153 DEBUG Local ThirdPartySoftware Timestamp: [1775211916] Repository Timestamp: [1775211916] Refreshing MetaFiles: [False]
[1] 2026-04-06 11:02:51,401 DEBUG Verifying correct bitness of following product: Google Chrome
[1] 2026-04-06 11:02:51,404 DEBUG Original architecture found for Google Chrome is correct!
[1] 2026-04-06 11:02:52,317 DEBUG Verifying correct bitness of following product: Microsoft Edge
[1] 2026-04-06 11:02:52,320 DEBUG Registry location does not correspond to actual product architecture. Adjusting information...
[1] 2026-04-06 11:02:52,320 DEBUG Product: Microsoft Edge. Previous detected architecture => Is64Bit: False / Corrected architecture => Is64Bit: True
[1] 2026-04-06 11:02:53,119 INFO  Applications matching filter: 4
[1] 2026-04-06 11:02:53,157 INFO  Application: [Chrome] Installed: [146.0.7680.178 (x64) (en)] Latest: [146.0.7680.178]
[1] 2026-04-06 11:02:53,186 INFO  Application: [OneDrive] Installed: [26.40.301.1 (x64) (en)] Latest: [26.40.301.1]
[1] 2026-04-06 11:02:53,206 INFO  Application: [Google Drive] Installed: [123.0.1.0 (x64) (en)] Latest: [115.0.1.0]
[1] 2026-04-06 11:02:53,223 INFO  Application: [Microsoft Edge] Installed: [146.0.3856.97 (x64) (en)] Latest: [146.0.3856.97]
[1] 2026-04-06 11:02:53,229 DEBUG CleanOldLogs => Started.
[1] 2026-04-06 11:02:53,229 DEBUG CleanOldLogs => Finished.
[1] 2026-04-06 11:02:53,230 DEBUG DONE
[1] 2026-04-06 11:02:53,420 DEBUG =============================== Launch at [06/04/2026 11:02:53] ===============================
[1] 2026-04-06 11:02:53,420 DEBUG ThirdPartyPatch (2.13.11.5031)
[1] 2026-04-06 11:02:53,422 DEBUG System Information: OS: WIN_11 [x64]
[1] 2026-04-06 11:02:53,422 DEBUG Command: ThirdPartyPatch.exe /query all /filter update_available /server https://sis.n-able.com 
[1] 2026-04-06 11:02:53,437 DEBUG Found existing Repository XML [C:\ProgramData\MspPlatform\PME\ThirdPartyPatch\Downloads\Repository.xml] backing up to [C:\ProgramData\MspPlatform\PME\ThirdPartyPatch\Downloads\Repository.old] 
[1] 2026-04-06 11:02:53,532 DEBUG Local ThirdPartySoftware Timestamp: [1775211916] Repository Timestamp: [1775211916] Refreshing MetaFiles: [False]
[1] 2026-04-06 11:02:53,632 DEBUG Verifying correct bitness of following product: Google Chrome
[1] 2026-04-06 11:02:53,634 DEBUG Original architecture found for Google Chrome is correct!
[1] 2026-04-06 11:02:54,005 DEBUG Verifying correct bitness of following product: Microsoft Edge
[1] 2026-04-06 11:02:54,006 DEBUG Registry location does not correspond to actual product architecture. Adjusting information...
[1] 2026-04-06 11:02:54,006 DEBUG Product: Microsoft Edge. Previous detected architecture => Is64Bit: False / Corrected architecture => Is64Bit: True
[1] 2026-04-06 11:02:54,244 INFO  Applications matching filter: 0
[1] 2026-04-06 11:02:54,252 DEBUG CleanOldLogs => Started.
[1] 2026-04-06 11:02:54,253 DEBUG CleanOldLogs => Finished.
[1] 2026-04-06 11:02:54,254 DEBUG DONE
[1] 2026-04-07 11:02:49,117 DEBUG =============================== Launch at [07/04/2026 11:02:49] ===============================
[1] 2026-04-07 11:02:49,118 DEBUG ThirdPartyPatch (2.13.11.5031)
[1] 2026-04-07 11:02:49,119 DEBUG System Information: OS: WIN_11 [x64]
[1] 2026-04-07 11:02:49,119 DEBUG Command: ThirdPartyPatch.exe /query all /filter up_to_date /server https://sis.n-able.com 
[1] 2026-04-07 11:02:49,133 DEBUG Found existing Repository XML [C:\ProgramData\MspPlatform\PME\ThirdPartyPatch\Downloads\Repository.xml] backing up to [C:\ProgramData\MspPlatform\PME\ThirdPartyPatch\Downloads\Repository.old] 
[1] 2026-04-07 11:02:59,277 DEBUG Local ThirdPartySoftware Timestamp: [1775211916] Repository Timestamp: [1775473761] Refreshing MetaFiles: [True]
[1] 2026-04-07 11:02:59,290 DEBUG CleanOldLogs => Started.
[1] 2026-04-07 11:02:59,295 DEBUG CleanOldLogs => Finished.
[1] 2026-04-07 11:03:09,584 DEBUG Verifying correct bitness of following product: Google Chrome
[1] 2026-04-07 11:03:09,587 DEBUG Original architecture found for Google Chrome is correct!
[1] 2026-04-07 11:03:10,434 DEBUG Verifying correct bitness of following product: Microsoft Edge
[1] 2026-04-07 11:03:10,436 DEBUG Registry location does not correspond to actual product architecture. Adjusting information...
[1] 2026-04-07 11:03:10,437 DEBUG Product: Microsoft Edge. Previous detected architecture => Is64Bit: False / Corrected architecture => Is64Bit: True
[1] 2026-04-07 11:03:51,466 INFO  Applications matching filter: 4
[1] 2026-04-07 11:04:01,533 INFO  Application: [Chrome] Installed: [146.0.7680.178 (x64) (en)] Latest: [146.0.7680.178]
[1] 2026-04-07 11:04:01,589 INFO  Application: [OneDrive] Installed: [26.40.301.1 (x64) (en)] Latest: [26.40.301.1]
[1] 2026-04-07 11:04:01,623 INFO  Application: [Google Drive] Installed: [123.0.1.0 (x64) (en)] Latest: [115.0.1.0]
[1] 2026-04-07 11:04:01,641 INFO  Application: [Microsoft Edge] Installed: [146.0.3856.97 (x64) (en)] Latest: [146.0.3856.97]
[1] 2026-04-07 11:04:01,646 DEBUG CleanOldLogs => Started.
[1] 2026-04-07 11:04:01,647 DEBUG CleanOldLogs => Finished.
[1] 2026-04-07 11:04:01,648 DEBUG DONE
[1] 2026-04-07 11:04:01,970 DEBUG =============================== Launch at [07/04/2026 11:04:01] ===============================
[1] 2026-04-07 11:04:01,972 DEBUG ThirdPartyPatch (2.13.11.5031)
[1] 2026-04-07 11:04:01,973 DEBUG System Information: OS: WIN_11 [x64]
[1] 2026-04-07 11:04:01,975 DEBUG Command: ThirdPartyPatch.exe /query all /filter update_available /server https://sis.n-able.com 
[1] 2026-04-07 11:04:02,118 DEBUG Local ThirdPartySoftware Timestamp: [1775473761] Repository Timestamp: [1775473761] Refreshing MetaFiles: [False]
[1] 2026-04-07 11:04:02,308 DEBUG Verifying correct bitness of following product: Google Chrome
[1] 2026-04-07 11:04:02,311 DEBUG Original architecture found for Google Chrome is correct!
[1] 2026-04-07 11:04:03,108 DEBUG Verifying correct bitness of following product: Microsoft Edge
[1] 2026-04-07 11:04:03,109 DEBUG Registry location does not correspond to actual product architecture. Adjusting information...
[1] 2026-04-07 11:04:03,110 DEBUG Product: Microsoft Edge. Previous detected architecture => Is64Bit: False / Corrected architecture => Is64Bit: True
[1] 2026-04-07 11:04:03,350 INFO  Applications matching filter: 0
[1] 2026-04-07 11:04:03,359 DEBUG CleanOldLogs => Started.
[1] 2026-04-07 11:04:03,360 DEBUG CleanOldLogs => Finished.
[1] 2026-04-07 11:04:03,361 DEBUG DONE
[1] 2026-04-09 08:28:26,005 DEBUG =============================== Launch at [09/04/2026 8:28:26] ===============================
[1] 2026-04-09 08:28:26,007 DEBUG ThirdPartyPatch (2.13.11.5031)
[1] 2026-04-09 08:28:26,009 DEBUG System Information: OS: WIN_11 [x64]
[1] 2026-04-09 08:28:26,010 DEBUG Command: ThirdPartyPatch.exe /query all /filter up_to_date /server https://sis.n-able.com 
[1] 2026-04-09 08:28:26,041 DEBUG Found existing Repository XML [C:\ProgramData\MspPlatform\PME\ThirdPartyPatch\Downloads\Repository.xml] backing up to [C:\ProgramData\MspPlatform\PME\ThirdPartyPatch\Downloads\Repository.old] 
[1] 2026-04-09 08:35:15,607 DEBUG Local ThirdPartySoftware Timestamp: [1775473761] Repository Timestamp: [1775643786] Refreshing MetaFiles: [True]
[1] 2026-04-09 08:35:15,616 DEBUG CleanOldLogs => Started.
[1] 2026-04-09 08:35:15,617 DEBUG CleanOldLogs => Finished.
[1] 2026-04-09 08:35:26,003 DEBUG Verifying correct bitness of following product: Google Chrome
[1] 2026-04-09 08:35:26,007 DEBUG Original architecture found for Google Chrome is correct!
[1] 2026-04-09 08:35:26,878 DEBUG Verifying correct bitness of following product: Microsoft Edge
[1] 2026-04-09 08:35:26,879 DEBUG Registry location does not correspond to actual product architecture. Adjusting information...
[1] 2026-04-09 08:35:26,880 DEBUG Product: Microsoft Edge. Previous detected architecture => Is64Bit: False / Corrected architecture => Is64Bit: True
[1] 2026-04-09 08:35:58,003 INFO  Applications matching filter: 3
[1] 2026-04-09 08:36:08,116 INFO  Application: [OneDrive] Installed: [26.40.301.1 (x64) (en)] Latest: [26.40.301.1]
[1] 2026-04-09 08:36:08,160 INFO  Application: [Google Drive] Installed: [123.0.1.0 (x64) (en)] Latest: [115.0.1.0]
[1] 2026-04-09 08:36:08,192 INFO  Application: [Microsoft Edge] Installed: [146.0.3856.109 (x64) (en)] Latest: [146.0.3856.109]
[1] 2026-04-09 08:36:08,198 DEBUG CleanOldLogs => Started.
[1] 2026-04-09 08:36:08,201 DEBUG CleanOldLogs => Finished.
[1] 2026-04-09 08:36:08,202 DEBUG DONE
[1] 2026-04-09 08:36:08,598 DEBUG =============================== Launch at [09/04/2026 8:36:08] ===============================
[1] 2026-04-09 08:36:08,599 DEBUG ThirdPartyPatch (2.13.11.5031)
[1] 2026-04-09 08:36:08,600 DEBUG System Information: OS: WIN_11 [x64]
[1] 2026-04-09 08:36:08,601 DEBUG Command: ThirdPartyPatch.exe /query all /filter update_available /server https://sis.n-able.com 
[1] 2026-04-09 08:36:08,779 DEBUG Local ThirdPartySoftware Timestamp: [1775643786] Repository Timestamp: [1775643786] Refreshing MetaFiles: [False]
[1] 2026-04-09 08:36:08,985 DEBUG Verifying correct bitness of following product: Google Chrome
[1] 2026-04-09 08:36:08,987 DEBUG Original architecture found for Google Chrome is correct!
[1] 2026-04-09 08:36:09,329 DEBUG Verifying correct bitness of following product: Microsoft Edge
[1] 2026-04-09 08:36:09,330 DEBUG Registry location does not correspond to actual product architecture. Adjusting information...
[1] 2026-04-09 08:36:09,330 DEBUG Product: Microsoft Edge. Previous detected architecture => Is64Bit: False / Corrected architecture => Is64Bit: True
[1] 2026-04-09 08:36:19,791 INFO  Applications matching filter: 1
[1] 2026-04-09 08:36:19,834 INFO  Application: [Chrome] Installed: [146.0.7680.178 (x64) (en)] Latest: [147.0.7727.56]
[1] 2026-04-09 08:36:19,846 DEBUG CleanOldLogs => Started.
[1] 2026-04-09 08:36:19,848 DEBUG CleanOldLogs => Finished.
[1] 2026-04-09 08:36:19,849 DEBUG DONE
[1] 2026-04-09 11:16:39,530 DEBUG =============================== Launch at [09/04/2026 11:16:39] ===============================
[1] 2026-04-09 11:16:39,531 DEBUG ThirdPartyPatch (2.13.11.5031)
[1] 2026-04-09 11:16:39,533 DEBUG System Information: OS: WIN_11 [x64]
[1] 2026-04-09 11:16:39,534 DEBUG Command: ThirdPartyPatch.exe /query all /filter up_to_date /server https://sis.n-able.com 
[1] 2026-04-09 11:16:39,562 DEBUG Found existing Repository XML [C:\ProgramData\MspPlatform\PME\ThirdPartyPatch\Downloads\Repository.xml] backing up to [C:\ProgramData\MspPlatform\PME\ThirdPartyPatch\Downloads\Repository.old] 
[1] 2026-04-09 11:17:08,764 DEBUG Local ThirdPartySoftware Timestamp: [1775643786] Repository Timestamp: [1775643786] Refreshing MetaFiles: [False]
[1] 2026-04-09 11:17:09,119 DEBUG Verifying correct bitness of following product: Google Chrome
[1] 2026-04-09 11:17:09,123 DEBUG Original architecture found for Google Chrome is correct!
[1] 2026-04-09 11:17:10,127 DEBUG Verifying correct bitness of following product: Microsoft Edge
[1] 2026-04-09 11:17:10,129 DEBUG Registry location does not correspond to actual product architecture. Adjusting information...
[1] 2026-04-09 11:17:10,130 DEBUG Product: Microsoft Edge. Previous detected architecture => Is64Bit: False / Corrected architecture => Is64Bit: True
[1] 2026-04-09 11:17:10,939 INFO  Applications matching filter: 3
[1] 2026-04-09 11:17:10,975 INFO  Application: [OneDrive] Installed: [26.40.301.1 (x64) (en)] Latest: [26.40.301.1]
[1] 2026-04-09 11:17:11,001 INFO  Application: [Google Drive] Installed: [123.0.1.0 (x64) (en)] Latest: [115.0.1.0]
[1] 2026-04-09 11:17:11,016 INFO  Application: [Microsoft Edge] Installed: [146.0.3856.109 (x64) (en)] Latest: [146.0.3856.109]
[1] 2026-04-09 11:17:11,022 DEBUG CleanOldLogs => Started.
[1] 2026-04-09 11:17:11,023 DEBUG CleanOldLogs => Finished.
[1] 2026-04-09 11:17:11,025 DEBUG DONE
[1] 2026-04-09 11:17:11,347 DEBUG =============================== Launch at [09/04/2026 11:17:11] ===============================
[1] 2026-04-09 11:17:11,349 DEBUG ThirdPartyPatch (2.13.11.5031)
[1] 2026-04-09 11:17:11,350 DEBUG System Information: OS: WIN_11 [x64]
[1] 2026-04-09 11:17:11,351 DEBUG Command: ThirdPartyPatch.exe /query all /filter update_available /server https://sis.n-able.com 
[1] 2026-04-09 11:17:11,378 DEBUG Found existing Repository XML [C:\ProgramData\MspPlatform\PME\ThirdPartyPatch\Downloads\Repository.xml] backing up to [C:\ProgramData\MspPlatform\PME\ThirdPartyPatch\Downloads\Repository.old] 
[1] 2026-04-09 11:17:11,490 DEBUG Local ThirdPartySoftware Timestamp: [1775643786] Repository Timestamp: [1775643786] Refreshing MetaFiles: [False]
[1] 2026-04-09 11:17:11,650 DEBUG Verifying correct bitness of following product: Google Chrome
[1] 2026-04-09 11:17:11,652 DEBUG Original architecture found for Google Chrome is correct!
[1] 2026-04-09 11:17:12,250 DEBUG Verifying correct bitness of following product: Microsoft Edge
[1] 2026-04-09 11:17:12,250 DEBUG Registry location does not correspond to actual product architecture. Adjusting information...
[1] 2026-04-09 11:17:12,252 DEBUG Product: Microsoft Edge. Previous detected architecture => Is64Bit: False / Corrected architecture => Is64Bit: True
[1] 2026-04-09 11:17:12,819 INFO  Applications matching filter: 1
[1] 2026-04-09 11:17:41,874 INFO  Application: [Chrome] Installed: [146.0.7680.178 (x64) (en)] Latest: [147.0.7727.56]
[1] 2026-04-09 11:17:41,890 DEBUG CleanOldLogs => Started.
[1] 2026-04-09 11:17:41,891 DEBUG CleanOldLogs => Finished.
[1] 2026-04-09 11:17:41,894 DEBUG DONE
[1] 2026-04-12 08:27:59,028 DEBUG =============================== Launch at [12/04/2026 8:27:59] ===============================
[1] 2026-04-12 08:27:59,029 DEBUG ThirdPartyPatch (2.13.11.5031)
[1] 2026-04-12 08:27:59,029 DEBUG System Information: OS: WIN_11 [x64]
[1] 2026-04-12 08:27:59,029 DEBUG Command: ThirdPartyPatch.exe /query all /filter up_to_date /server https://sis.n-able.com 
[1] 2026-04-12 08:27:59,038 DEBUG Found existing Repository XML [C:\ProgramData\MspPlatform\PME\ThirdPartyPatch\Downloads\Repository.xml] backing up to [C:\ProgramData\MspPlatform\PME\ThirdPartyPatch\Downloads\Repository.old] 
[1] 2026-04-12 08:28:09,104 DEBUG Local ThirdPartySoftware Timestamp: [1775643786] Repository Timestamp: [1775817969] Refreshing MetaFiles: [True]
[1] 2026-04-12 08:28:09,108 DEBUG CleanOldLogs => Started.
[1] 2026-04-12 08:28:09,109 DEBUG CleanOldLogs => Finished.
[1] 2026-04-12 08:28:19,256 DEBUG Verifying correct bitness of following product: Google Chrome
[1] 2026-04-12 08:28:19,258 DEBUG Original architecture found for Google Chrome is correct!
[1] 2026-04-12 08:28:19,625 DEBUG Verifying correct bitness of following product: Microsoft Edge
[1] 2026-04-12 08:28:19,625 DEBUG Registry location does not correspond to actual product architecture. Adjusting information...
[1] 2026-04-12 08:28:19,627 DEBUG Product: Microsoft Edge. Previous detected architecture => Is64Bit: False / Corrected architecture => Is64Bit: True
[1] 2026-04-12 08:28:50,095 INFO  Applications matching filter: 3
[1] 2026-04-12 08:29:00,140 INFO  Application: [OneDrive] Installed: [26.40.301.1 (x64) (en)] Latest: [26.40.301.1]
[1] 2026-04-12 08:29:00,154 INFO  Application: [Google Drive] Installed: [123.0.1.0 (x64) (en)] Latest: [115.0.1.0]
[1] 2026-04-12 08:29:00,162 INFO  Application: [Microsoft Edge] Installed: [146.0.3856.109 (x64) (en)] Latest: [146.0.3856.109]
[1] 2026-04-12 08:29:00,164 DEBUG CleanOldLogs => Started.
[1] 2026-04-12 08:29:00,165 DEBUG CleanOldLogs => Finished.
[1] 2026-04-12 08:29:00,165 DEBUG DONE
[1] 2026-04-12 08:29:00,284 DEBUG =============================== Launch at [12/04/2026 8:29:00] ===============================
[1] 2026-04-12 08:29:00,285 DEBUG ThirdPartyPatch (2.13.11.5031)
[1] 2026-04-12 08:29:00,285 DEBUG System Information: OS: WIN_11 [x64]
[1] 2026-04-12 08:29:00,287 DEBUG Command: ThirdPartyPatch.exe /query all /filter update_available /server https://sis.n-able.com 
[1] 2026-04-12 08:29:00,337 DEBUG Local ThirdPartySoftware Timestamp: [1775817969] Repository Timestamp: [1775817969] Refreshing MetaFiles: [False]
[1] 2026-04-12 08:29:00,394 DEBUG Verifying correct bitness of following product: Google Chrome
[1] 2026-04-12 08:29:00,395 DEBUG Original architecture found for Google Chrome is correct!
[1] 2026-04-12 08:29:00,621 DEBUG Verifying correct bitness of following product: Microsoft Edge
[1] 2026-04-12 08:29:00,621 DEBUG Registry location does not correspond to actual product architecture. Adjusting information...
[1] 2026-04-12 08:29:00,621 DEBUG Product: Microsoft Edge. Previous detected architecture => Is64Bit: False / Corrected architecture => Is64Bit: True
[1] 2026-04-12 08:29:10,879 INFO  Applications matching filter: 1
[1] 2026-04-12 08:29:10,897 INFO  Application: [Chrome] Installed: [146.0.7680.178 (x64) (en)] Latest: [147.0.7727.56]
[1] 2026-04-12 08:29:10,904 DEBUG CleanOldLogs => Started.
[1] 2026-04-12 08:29:10,904 DEBUG CleanOldLogs => Finished.
[1] 2026-04-12 08:29:10,905 DEBUG DONE
[1] 2026-04-12 09:00:34,278 DEBUG =============================== Launch at [12/04/2026 9:00:34] ===============================
[1] 2026-04-12 09:00:34,279 DEBUG ThirdPartyPatch (2.13.11.5031)
[1] 2026-04-12 09:00:34,279 DEBUG System Information: OS: WIN_11 [x64]
[1] 2026-04-12 09:00:34,279 DEBUG Command: ThirdPartyPatch.exe /query all /filter up_to_date /server https://sis.n-able.com 
[1] 2026-04-12 09:00:34,288 DEBUG Found existing Repository XML [C:\ProgramData\MspPlatform\PME\ThirdPartyPatch\Downloads\Repository.xml] backing up to [C:\ProgramData\MspPlatform\PME\ThirdPartyPatch\Downloads\Repository.old] 
[1] 2026-04-12 09:00:34,333 DEBUG Local ThirdPartySoftware Timestamp: [1775817969] Repository Timestamp: [1775817969] Refreshing MetaFiles: [False]
[1] 2026-04-12 09:00:34,397 DEBUG Verifying correct bitness of following product: Google Chrome
[1] 2026-04-12 09:00:34,398 DEBUG Original architecture found for Google Chrome is correct!
[1] 2026-04-12 09:00:34,590 DEBUG Verifying correct bitness of following product: Microsoft Edge
[1] 2026-04-12 09:00:34,591 DEBUG Registry location does not correspond to actual product architecture. Adjusting information...
[1] 2026-04-12 09:00:34,591 DEBUG Product: Microsoft Edge. Previous detected architecture => Is64Bit: False / Corrected architecture => Is64Bit: True
[1] 2026-04-12 09:00:34,780 INFO  Applications matching filter: 3
[1] 2026-04-12 09:00:34,790 INFO  Application: [OneDrive] Installed: [26.40.301.1 (x64) (en)] Latest: [26.40.301.1]
[1] 2026-04-12 09:00:34,798 INFO  Application: [Google Drive] Installed: [123.0.1.0 (x64) (en)] Latest: [115.0.1.0]
[1] 2026-04-12 09:00:34,801 INFO  Application: [Microsoft Edge] Installed: [146.0.3856.109 (x64) (en)] Latest: [146.0.3856.109]
[1] 2026-04-12 09:00:34,804 DEBUG CleanOldLogs => Started.
[1] 2026-04-12 09:00:34,804 DEBUG CleanOldLogs => Finished.
[1] 2026-04-12 09:00:34,805 DEBUG DONE
[1] 2026-04-12 09:00:34,908 DEBUG =============================== Launch at [12/04/2026 9:00:34] ===============================
[1] 2026-04-12 09:00:34,909 DEBUG ThirdPartyPatch (2.13.11.5031)
[1] 2026-04-12 09:00:34,909 DEBUG System Information: OS: WIN_11 [x64]
[1] 2026-04-12 09:00:34,909 DEBUG Command: ThirdPartyPatch.exe /query all /filter update_available /server https://sis.n-able.com 
[1] 2026-04-12 09:00:34,919 DEBUG Found existing Repository XML [C:\ProgramData\MspPlatform\PME\ThirdPartyPatch\Downloads\Repository.xml] backing up to [C:\ProgramData\MspPlatform\PME\ThirdPartyPatch\Downloads\Repository.old] 
[1] 2026-04-12 09:00:34,958 DEBUG Local ThirdPartySoftware Timestamp: [1775817969] Repository Timestamp: [1775817969] Refreshing MetaFiles: [False]
[1] 2026-04-12 09:00:35,009 DEBUG Verifying correct bitness of following product: Google Chrome
[1] 2026-04-12 09:00:35,010 DEBUG Original architecture found for Google Chrome is correct!
[1] 2026-04-12 09:00:35,210 DEBUG Verifying correct bitness of following product: Microsoft Edge
[1] 2026-04-12 09:00:35,211 DEBUG Registry location does not correspond to actual product architecture. Adjusting information...
[1] 2026-04-12 09:00:35,211 DEBUG Product: Microsoft Edge. Previous detected architecture => Is64Bit: False / Corrected architecture => Is64Bit: True
[1] 2026-04-12 09:00:35,387 INFO  Applications matching filter: 1
[1] 2026-04-12 09:00:35,397 INFO  Application: [Chrome] Installed: [146.0.7680.178 (x64) (en)] Latest: [147.0.7727.56]
[1] 2026-04-12 09:00:35,401 DEBUG CleanOldLogs => Started.
[1] 2026-04-12 09:00:35,401 DEBUG CleanOldLogs => Finished.
[1] 2026-04-12 09:00:35,402 DEBUG DONE
[1] 2026-04-12 09:00:56,380 DEBUG =============================== Launch at [12/04/2026 9:00:56] ===============================
[1] 2026-04-12 09:00:56,380 DEBUG ThirdPartyPatch (2.13.11.5031)
[1] 2026-04-12 09:00:56,380 DEBUG System Information: OS: WIN_11 [x64]
[1] 2026-04-12 09:00:56,380 DEBUG Command: ThirdPartyPatch.exe /update Chrome /skipdownload /server https://sis.n-able.com 
[1] 2026-04-12 09:00:56,391 DEBUG Found existing Repository XML [C:\ProgramData\MspPlatform\PME\ThirdPartyPatch\Downloads\Repository.xml] backing up to [C:\ProgramData\MspPlatform\PME\ThirdPartyPatch\Downloads\Repository.old] 
[1] 2026-04-12 09:00:56,435 DEBUG Local ThirdPartySoftware Timestamp: [1775817969] Repository Timestamp: [1775817969] Refreshing MetaFiles: [False]
[1] 2026-04-12 09:00:56,477 DEBUG Verifying correct bitness of following product: Google Chrome
[1] 2026-04-12 09:00:56,478 DEBUG Original architecture found for Google Chrome is correct!
[1] 2026-04-12 09:00:56,479 DEBUG Chrome is installed. (146.0.7680.178)
[1] 2026-04-12 09:00:56,481 DEBUG Update available  [Chrome (147.0.7727.56)].
[1] 2026-04-12 09:00:58,557 DEBUG      Starting install: Chrome
[1] 2026-04-12 09:00:58,558 DEBUG Installing: Chrome [146.0.7680.178] -> [147.0.7727.56]
[1] 2026-04-12 09:00:58,566 DEBUG Getting Commands for OS: [WIN_11] Architecture: [x64] Locale: [en] Upgrade: [True]
[1] 2026-04-12 09:00:58,804 DEBUG Passed checksum verification: [C:\ProgramData\MspPlatform\PME\ThirdPartyPatch\Downloads\f7aa248b-6982-498c-825d-847b0104f3a2\googlechromestandaloneenterprise64.msi]
[1] 2026-04-12 09:00:58,806 DEBUG Executing
[1] 2026-04-12 09:00:58,811 DEBUG Getting Commands for OS: [WIN_11] Architecture: [x64] Locale: [en] Upgrade: [True]
[1] 2026-04-12 09:00:58,816 DEBUG Checking if MSIExec process is live (possibly another installation)
[1] 2026-04-12 09:00:58,827 DEBUG No MSIExec processes are live.
[1] 2026-04-12 09:00:58,828 DEBUG --------------------
[1] 2026-04-12 09:00:58,828 DEBUG Launching Command: msiexec /i googlechromestandaloneenterprise64.msi /qn /norestart /lv Chrome-upgrade.log
[1] 2026-04-12 09:00:58,828 DEBUG --------------------
[1] 2026-04-12 09:00:58,835 DEBUG Process started: 32980
[1] 2026-04-12 09:01:11,520 DEBUG Exit status code: 0: Action completed successfully.
[1] 2026-04-12 09:01:11,523 DEBUG Installation.SaveLogs => Started saving logs for Chrome - f7aa248b-6982-498c-825d-847b0104f3a2.
[1] 2026-04-12 09:01:11,524 DEBUG Copy logs from: C:\ProgramData\MspPlatform\PME\ThirdPartyPatch\Downloads\f7aa248b-6982-498c-825d-847b0104f3a2\Chrome-upgrade.log to: C:\ProgramData\MspPlatform\PME\ThirdPartyPatch\logs\f7aa248b-6982-498c-825d-847b0104f3a2-Chrome-upgrade.log
[1] 2026-04-12 09:01:11,526 DEBUG Found 1 log(s) Chrome-upgrade.log
[1] 2026-04-12 09:01:11,527 DEBUG Installation.SaveLogs => Finished saving logs for Chrome - f7aa248b-6982-498c-825d-847b0104f3a2.
[1] 2026-04-12 09:01:11,528 DEBUG Checking if MSIExec process is live (possibly another installation)
[1] 2026-04-12 09:01:11,537 DEBUG --- Found [1] instance(s) of MSIExec.
[1] 2026-04-12 09:01:11,538 DEBUG Only helper MSIExec process found, can continue.
[1] 2026-04-12 09:01:11,539 DEBUG --------------------
[1] 2026-04-12 09:01:11,539 DEBUG Launching Command: C:\Windows\system32\cmd.exe /c REG ADD "HKLM\SOFTWARE\Policies\Google\Update" /v "AutoUpdateCheckPeriodMinutes" /d "0" /t REG_SZ /f
[1] 2026-04-12 09:01:11,540 DEBUG --------------------
[1] 2026-04-12 09:01:11,549 DEBUG Process started: 44376
[ReadStdOut] 2026-04-12 09:01:11,579 DEBUG Process Message: The operation completed successfully. 
[ReadStdOut] 2026-04-12 09:01:11,580 DEBUG Process Message:  
[1] 2026-04-12 09:01:11,583 DEBUG Installation.SaveLogs => Started saving logs for Chrome - f7aa248b-6982-498c-825d-847b0104f3a2.
[1] 2026-04-12 09:01:11,586 DEBUG Found 0 log(s) 
[1] 2026-04-12 09:01:11,586 DEBUG Installation.SaveLogs => Finished saving logs for Chrome - f7aa248b-6982-498c-825d-847b0104f3a2.
[1] 2026-04-12 09:01:11,586 DEBUG Checking if MSIExec process is live (possibly another installation)
[1] 2026-04-12 09:01:11,596 DEBUG --- Found [1] instance(s) of MSIExec.
[1] 2026-04-12 09:01:11,597 DEBUG Only helper MSIExec process found, can continue.
[1] 2026-04-12 09:01:11,598 DEBUG --------------------
[1] 2026-04-12 09:01:11,598 DEBUG Launching Command: C:\Windows\system32\cmd.exe /c REG ADD "HKLM\SOFTWARE\Wow6432Node\Policies\Google\Update" /v "AutoUpdateCheckPeriodMinutes" /d "0" /t REG_SZ /f
[1] 2026-04-12 09:01:11,599 DEBUG --------------------
[1] 2026-04-12 09:01:11,607 DEBUG Process started: 41264
[ReadStdOut] 2026-04-12 09:01:11,628 DEBUG Process Message: The operation completed successfully. 
[ReadStdOut] 2026-04-12 09:01:11,629 DEBUG Process Message:  
[1] 2026-04-12 09:01:11,632 DEBUG Installation.SaveLogs => Started saving logs for Chrome - f7aa248b-6982-498c-825d-847b0104f3a2.
[1] 2026-04-12 09:01:11,633 DEBUG Found 0 log(s) 
[1] 2026-04-12 09:01:11,633 DEBUG Installation.SaveLogs => Finished saving logs for Chrome - f7aa248b-6982-498c-825d-847b0104f3a2.
[1] 2026-04-12 09:01:11,633 DEBUG Process Exit code: 0
[1] 2026-04-12 09:01:16,687 INFO  Chrome version installed: [146.0.7680.178] latest version: [147.0.7727.56]
[1] 2026-04-12 09:01:16,687 DEBUG [ Chrome ] Return code: [ ERROR_SUCCESS - Action completed successfully. ]
[1] 2026-04-12 09:01:16,688 DEBUG -----END-----
[1] 2026-04-12 09:01:16,691 DEBUG CleanOldLogs => Started.
[1] 2026-04-12 09:01:16,691 DEBUG CleanOldLogs => Finished.
[1] 2026-04-12 09:01:16,692 DEBUG DONE
[1] 2026-04-12 09:02:50,064 DEBUG =============================== Launch at [12/04/2026 9:02:50] ===============================
[1] 2026-04-12 09:02:50,064 DEBUG ThirdPartyPatch (2.13.11.5031)
[1] 2026-04-12 09:02:50,065 DEBUG System Information: OS: WIN_11 [x64]
[1] 2026-04-12 09:02:50,065 DEBUG Command: ThirdPartyPatch.exe /query all /filter up_to_date /server https://sis.n-able.com 
[1] 2026-04-12 09:02:50,076 DEBUG Found existing Repository XML [C:\ProgramData\MspPlatform\PME\ThirdPartyPatch\Downloads\Repository.xml] backing up to [C:\ProgramData\MspPlatform\PME\ThirdPartyPatch\Downloads\Repository.old] 
[1] 2026-04-12 09:02:50,118 DEBUG Local ThirdPartySoftware Timestamp: [1775817969] Repository Timestamp: [1775817969] Refreshing MetaFiles: [False]
[1] 2026-04-12 09:02:50,179 DEBUG Verifying correct bitness of following product: Google Chrome
[1] 2026-04-12 09:02:50,180 DEBUG Original architecture found for Google Chrome is correct!
[1] 2026-04-12 09:02:50,398 DEBUG Verifying correct bitness of following product: Microsoft Edge
[1] 2026-04-12 09:02:50,399 DEBUG Registry location does not correspond to actual product architecture. Adjusting information...
[1] 2026-04-12 09:02:50,399 DEBUG Product: Microsoft Edge. Previous detected architecture => Is64Bit: False / Corrected architecture => Is64Bit: True
[1] 2026-04-12 09:02:50,609 INFO  Applications matching filter: 3
[1] 2026-04-12 09:02:50,619 INFO  Application: [OneDrive] Installed: [26.40.301.1 (x64) (en)] Latest: [26.40.301.1]
[1] 2026-04-12 09:02:50,628 INFO  Application: [Google Drive] Installed: [123.0.1.0 (x64) (en)] Latest: [115.0.1.0]
[1] 2026-04-12 09:02:50,632 INFO  Application: [Microsoft Edge] Installed: [146.0.3856.109 (x64) (en)] Latest: [146.0.3856.109]
[1] 2026-04-12 09:02:50,634 DEBUG CleanOldLogs => Started.
[1] 2026-04-12 09:02:50,635 DEBUG CleanOldLogs => Finished.
[1] 2026-04-12 09:02:50,635 DEBUG DONE
[1] 2026-04-12 09:02:50,755 DEBUG =============================== Launch at [12/04/2026 9:02:50] ===============================
[1] 2026-04-12 09:02:50,756 DEBUG ThirdPartyPatch (2.13.11.5031)
[1] 2026-04-12 09:02:50,756 DEBUG System Information: OS: WIN_11 [x64]
[1] 2026-04-12 09:02:50,756 DEBUG Command: ThirdPartyPatch.exe /query all /filter update_available /server https://sis.n-able.com 
[1] 2026-04-12 09:02:50,767 DEBUG Found existing Repository XML [C:\ProgramData\MspPlatform\PME\ThirdPartyPatch\Downloads\Repository.xml] backing up to [C:\ProgramData\MspPlatform\PME\ThirdPartyPatch\Downloads\Repository.old] 
[1] 2026-04-12 09:02:50,809 DEBUG Local ThirdPartySoftware Timestamp: [1775817969] Repository Timestamp: [1775817969] Refreshing MetaFiles: [False]
[1] 2026-04-12 09:02:50,867 DEBUG Verifying correct bitness of following product: Google Chrome
[1] 2026-04-12 09:02:50,868 DEBUG Original architecture found for Google Chrome is correct!
[1] 2026-04-12 09:02:51,062 DEBUG Verifying correct bitness of following product: Microsoft Edge
[1] 2026-04-12 09:02:51,062 DEBUG Registry location does not correspond to actual product architecture. Adjusting information...
[1] 2026-04-12 09:02:51,062 DEBUG Product: Microsoft Edge. Previous detected architecture => Is64Bit: False / Corrected architecture => Is64Bit: True
[1] 2026-04-12 09:02:51,236 INFO  Applications matching filter: 1
[1] 2026-04-12 09:02:51,248 INFO  Application: [Chrome] Installed: [146.0.7680.178 (x64) (en)] Latest: [147.0.7727.56]
[1] 2026-04-12 09:02:51,251 DEBUG CleanOldLogs => Started.
[1] 2026-04-12 09:02:51,251 DEBUG CleanOldLogs => Finished.
[1] 2026-04-12 09:02:51,252 DEBUG DONE
[1] 2026-04-12 11:03:20,195 DEBUG =============================== Launch at [12/04/2026 11:03:20] ===============================
[1] 2026-04-12 11:03:20,196 DEBUG ThirdPartyPatch (2.13.11.5031)
[1] 2026-04-12 11:03:20,197 DEBUG System Information: OS: WIN_11 [x64]
[1] 2026-04-12 11:03:20,198 DEBUG Command: ThirdPartyPatch.exe /query all /filter up_to_date /server https://sis.n-able.com 
[1] 2026-04-12 11:03:20,224 DEBUG Found existing Repository XML [C:\ProgramData\MspPlatform\PME\ThirdPartyPatch\Downloads\Repository.xml] backing up to [C:\ProgramData\MspPlatform\PME\ThirdPartyPatch\Downloads\Repository.old] 
[1] 2026-04-12 11:03:20,341 DEBUG Local ThirdPartySoftware Timestamp: [1775817969] Repository Timestamp: [1775817969] Refreshing MetaFiles: [False]
[1] 2026-04-12 11:03:20,507 DEBUG Verifying correct bitness of following product: Google Chrome
[1] 2026-04-12 11:03:20,509 DEBUG Original architecture found for Google Chrome is correct!
[1] 2026-04-12 11:03:21,155 DEBUG Verifying correct bitness of following product: Microsoft Edge
[1] 2026-04-12 11:03:21,156 DEBUG Registry location does not correspond to actual product architecture. Adjusting information...
[1] 2026-04-12 11:03:21,157 DEBUG Product: Microsoft Edge. Previous detected architecture => Is64Bit: False / Corrected architecture => Is64Bit: True
[1] 2026-04-12 11:03:21,776 INFO  Applications matching filter: 3
[1] 2026-04-12 11:03:21,803 INFO  Application: [OneDrive] Installed: [26.40.301.1 (x64) (en)] Latest: [26.40.301.1]
[1] 2026-04-12 11:03:21,825 INFO  Application: [Google Drive] Installed: [123.0.1.0 (x64) (en)] Latest: [115.0.1.0]
[1] 2026-04-12 11:03:21,840 INFO  Application: [Microsoft Edge] Installed: [146.0.3856.109 (x64) (en)] Latest: [146.0.3856.109]
[1] 2026-04-12 11:03:21,846 DEBUG CleanOldLogs => Started.
[1] 2026-04-12 11:03:21,847 DEBUG CleanOldLogs => Finished.
[1] 2026-04-12 11:03:21,848 DEBUG DONE
[1] 2026-04-12 11:03:22,151 DEBUG =============================== Launch at [12/04/2026 11:03:22] ===============================
[1] 2026-04-12 11:03:22,152 DEBUG ThirdPartyPatch (2.13.11.5031)
[1] 2026-04-12 11:03:22,153 DEBUG System Information: OS: WIN_11 [x64]
[1] 2026-04-12 11:03:22,154 DEBUG Command: ThirdPartyPatch.exe /query all /filter update_available /server https://sis.n-able.com 
[1] 2026-04-12 11:03:22,180 DEBUG Found existing Repository XML [C:\ProgramData\MspPlatform\PME\ThirdPartyPatch\Downloads\Repository.xml] backing up to [C:\ProgramData\MspPlatform\PME\ThirdPartyPatch\Downloads\Repository.old] 
[1] 2026-04-12 11:03:22,291 DEBUG Local ThirdPartySoftware Timestamp: [1775817969] Repository Timestamp: [1775817969] Refreshing MetaFiles: [False]
[1] 2026-04-12 11:03:22,458 DEBUG Verifying correct bitness of following product: Google Chrome
[1] 2026-04-12 11:03:22,461 DEBUG Original architecture found for Google Chrome is correct!
[1] 2026-04-12 11:03:23,089 DEBUG Verifying correct bitness of following product: Microsoft Edge
[1] 2026-04-12 11:03:23,090 DEBUG Registry location does not correspond to actual product architecture. Adjusting information...
[1] 2026-04-12 11:03:23,091 DEBUG Product: Microsoft Edge. Previous detected architecture => Is64Bit: False / Corrected architecture => Is64Bit: True
[1] 2026-04-12 11:03:23,647 INFO  Applications matching filter: 1
[1] 2026-04-12 11:03:23,677 INFO  Application: [Chrome] Installed: [146.0.7680.178 (x64) (en)] Latest: [147.0.7727.56]
[1] 2026-04-12 11:03:23,689 DEBUG CleanOldLogs => Started.
[1] 2026-04-12 11:03:23,690 DEBUG CleanOldLogs => Finished.
[1] 2026-04-12 11:03:23,691 DEBUG DONE
[1] 2026-04-13 09:01:18,215 DEBUG =============================== Launch at [13/04/2026 9:01:18] ===============================
[1] 2026-04-13 09:01:18,215 DEBUG ThirdPartyPatch (2.13.11.5031)
[1] 2026-04-13 09:01:18,216 DEBUG System Information: OS: WIN_11 [x64]
[1] 2026-04-13 09:01:18,216 DEBUG Command: ThirdPartyPatch.exe /query all /filter up_to_date /server https://sis.n-able.com 
[1] 2026-04-13 09:01:18,226 DEBUG Found existing Repository XML [C:\ProgramData\MspPlatform\PME\ThirdPartyPatch\Downloads\Repository.xml] backing up to [C:\ProgramData\MspPlatform\PME\ThirdPartyPatch\Downloads\Repository.old] 
[1] 2026-04-13 09:01:28,310 DEBUG Local ThirdPartySoftware Timestamp: [1775817969] Repository Timestamp: [1775817969] Refreshing MetaFiles: [False]
[1] 2026-04-13 09:01:28,399 DEBUG Verifying correct bitness of following product: Google Chrome
[1] 2026-04-13 09:01:28,400 DEBUG Original architecture found for Google Chrome is correct!
[1] 2026-04-13 09:01:28,757 DEBUG Verifying correct bitness of following product: Microsoft Edge
[1] 2026-04-13 09:01:28,757 DEBUG Registry location does not correspond to actual product architecture. Adjusting information...
[1] 2026-04-13 09:01:28,758 DEBUG Product: Microsoft Edge. Previous detected architecture => Is64Bit: False / Corrected architecture => Is64Bit: True
[1] 2026-04-13 09:01:29,105 INFO  Applications matching filter: 3
[1] 2026-04-13 09:01:29,121 INFO  Application: [OneDrive] Installed: [26.40.301.1 (x64) (en)] Latest: [26.40.301.1]
[1] 2026-04-13 09:01:29,135 INFO  Application: [Google Drive] Installed: [123.0.1.0 (x64) (en)] Latest: [115.0.1.0]
[1] 2026-04-13 09:01:29,143 INFO  Application: [Microsoft Edge] Installed: [146.0.3856.109 (x64) (en)] Latest: [146.0.3856.109]
[1] 2026-04-13 09:01:29,147 DEBUG CleanOldLogs => Started.
[1] 2026-04-13 09:01:29,148 DEBUG CleanOldLogs => Finished.
[1] 2026-04-13 09:01:29,148 DEBUG DONE
[1] 2026-04-13 09:01:29,269 DEBUG =============================== Launch at [13/04/2026 9:01:29] ===============================
[1] 2026-04-13 09:01:29,269 DEBUG ThirdPartyPatch (2.13.11.5031)
[1] 2026-04-13 09:01:29,271 DEBUG System Information: OS: WIN_11 [x64]
[1] 2026-04-13 09:01:29,271 DEBUG Command: ThirdPartyPatch.exe /query all /filter update_available /server https://sis.n-able.com 
[1] 2026-04-13 09:01:29,280 DEBUG Found existing Repository XML [C:\ProgramData\MspPlatform\PME\ThirdPartyPatch\Downloads\Repository.xml] backing up to [C:\ProgramData\MspPlatform\PME\ThirdPartyPatch\Downloads\Repository.old] 
[1] 2026-04-13 09:01:29,322 DEBUG Local ThirdPartySoftware Timestamp: [1775817969] Repository Timestamp: [1775817969] Refreshing MetaFiles: [False]
[1] 2026-04-13 09:01:29,378 DEBUG Verifying correct bitness of following product: Google Chrome
[1] 2026-04-13 09:01:29,379 DEBUG Original architecture found for Google Chrome is correct!
[1] 2026-04-13 09:01:29,582 DEBUG Verifying correct bitness of following product: Microsoft Edge
[1] 2026-04-13 09:01:29,582 DEBUG Registry location does not correspond to actual product architecture. Adjusting information...
[1] 2026-04-13 09:01:29,582 DEBUG Product: Microsoft Edge. Previous detected architecture => Is64Bit: False / Corrected architecture => Is64Bit: True
[1] 2026-04-13 09:01:29,778 INFO  Applications matching filter: 1
[1] 2026-04-13 09:01:29,790 INFO  Application: [Chrome] Installed: [146.0.7680.178 (x64) (en)] Latest: [147.0.7727.56]
[1] 2026-04-13 09:01:29,793 DEBUG CleanOldLogs => Started.
[1] 2026-04-13 09:01:29,794 DEBUG CleanOldLogs => Finished.
[1] 2026-04-13 09:01:29,794 DEBUG DONE
[1] 2026-04-13 09:01:40,704 DEBUG =============================== Launch at [13/04/2026 9:01:40] ===============================
[1] 2026-04-13 09:01:40,705 DEBUG ThirdPartyPatch (2.13.11.5031)
[1] 2026-04-13 09:01:40,705 DEBUG System Information: OS: WIN_11 [x64]
[1] 2026-04-13 09:01:40,705 DEBUG Command: ThirdPartyPatch.exe /update Chrome /skipdownload /server https://sis.n-able.com 
[1] 2026-04-13 09:01:40,715 DEBUG Found existing Repository XML [C:\ProgramData\MspPlatform\PME\ThirdPartyPatch\Downloads\Repository.xml] backing up to [C:\ProgramData\MspPlatform\PME\ThirdPartyPatch\Downloads\Repository.old] 
[1] 2026-04-13 09:01:40,757 DEBUG Local ThirdPartySoftware Timestamp: [1775817969] Repository Timestamp: [1775817969] Refreshing MetaFiles: [False]
[1] 2026-04-13 09:01:40,797 DEBUG Verifying correct bitness of following product: Google Chrome
[1] 2026-04-13 09:01:40,798 DEBUG Original architecture found for Google Chrome is correct!
[1] 2026-04-13 09:01:40,799 DEBUG Chrome is installed. (146.0.7680.178)
[1] 2026-04-13 09:01:40,800 DEBUG Update available  [Chrome (147.0.7727.56)].
[1] 2026-04-13 09:01:42,888 DEBUG      Starting install: Chrome
[1] 2026-04-13 09:01:42,889 DEBUG Installing: Chrome [146.0.7680.178] -> [147.0.7727.56]
[1] 2026-04-13 09:01:42,897 DEBUG Getting Commands for OS: [WIN_11] Architecture: [x64] Locale: [en] Upgrade: [True]
[1] 2026-04-13 09:01:43,142 DEBUG Passed checksum verification: [C:\ProgramData\MspPlatform\PME\ThirdPartyPatch\Downloads\f7aa248b-6982-498c-825d-847b0104f3a2\googlechromestandaloneenterprise64.msi]
[1] 2026-04-13 09:01:43,144 DEBUG Executing
[1] 2026-04-13 09:01:43,149 DEBUG Getting Commands for OS: [WIN_11] Architecture: [x64] Locale: [en] Upgrade: [True]
[1] 2026-04-13 09:01:43,151 DEBUG Checking if MSIExec process is live (possibly another installation)
[1] 2026-04-13 09:01:43,162 DEBUG No MSIExec processes are live.
[1] 2026-04-13 09:01:43,162 DEBUG --------------------
[1] 2026-04-13 09:01:43,162 DEBUG Launching Command: msiexec /i googlechromestandaloneenterprise64.msi /qn /norestart /lv Chrome-upgrade.log
[1] 2026-04-13 09:01:43,163 DEBUG --------------------
[1] 2026-04-13 09:01:43,173 DEBUG Process started: 34620
[1] 2026-04-13 09:01:43,554 DEBUG Exit status code: 0: Action completed successfully.
[1] 2026-04-13 09:01:43,555 DEBUG Installation.SaveLogs => Started saving logs for Chrome - f7aa248b-6982-498c-825d-847b0104f3a2.
[1] 2026-04-13 09:01:43,556 DEBUG Copy logs from: C:\ProgramData\MspPlatform\PME\ThirdPartyPatch\Downloads\f7aa248b-6982-498c-825d-847b0104f3a2\Chrome-upgrade.log to: C:\ProgramData\MspPlatform\PME\ThirdPartyPatch\logs\f7aa248b-6982-498c-825d-847b0104f3a2-Chrome-upgrade.log
[1] 2026-04-13 09:01:43,557 DEBUG Found 1 log(s) Chrome-upgrade.log
[1] 2026-04-13 09:01:43,557 DEBUG Installation.SaveLogs => Finished saving logs for Chrome - f7aa248b-6982-498c-825d-847b0104f3a2.
[1] 2026-04-13 09:01:43,557 DEBUG Checking if MSIExec process is live (possibly another installation)
[1] 2026-04-13 09:01:43,565 DEBUG --- Found [1] instance(s) of MSIExec.
[1] 2026-04-13 09:01:43,566 DEBUG Only helper MSIExec process found, can continue.
[1] 2026-04-13 09:01:43,566 DEBUG --------------------
[1] 2026-04-13 09:01:43,566 DEBUG Launching Command: C:\Windows\system32\cmd.exe /c REG ADD "HKLM\SOFTWARE\Policies\Google\Update" /v "AutoUpdateCheckPeriodMinutes" /d "0" /t REG_SZ /f
[1] 2026-04-13 09:01:43,566 DEBUG --------------------
[1] 2026-04-13 09:01:43,573 DEBUG Process started: 40968
[ReadStdOut] 2026-04-13 09:01:43,595 DEBUG Process Message: The operation completed successfully. 
[ReadStdOut] 2026-04-13 09:01:43,595 DEBUG Process Message:  
[1] 2026-04-13 09:01:43,598 DEBUG Installation.SaveLogs => Started saving logs for Chrome - f7aa248b-6982-498c-825d-847b0104f3a2.
[1] 2026-04-13 09:01:43,598 DEBUG Found 0 log(s) 
[1] 2026-04-13 09:01:43,598 DEBUG Installation.SaveLogs => Finished saving logs for Chrome - f7aa248b-6982-498c-825d-847b0104f3a2.
[1] 2026-04-13 09:01:43,599 DEBUG Checking if MSIExec process is live (possibly another installation)
[1] 2026-04-13 09:01:43,611 DEBUG --- Found [1] instance(s) of MSIExec.
[1] 2026-04-13 09:01:43,612 DEBUG Only helper MSIExec process found, can continue.
[1] 2026-04-13 09:01:43,612 DEBUG --------------------
[1] 2026-04-13 09:01:43,613 DEBUG Launching Command: C:\Windows\system32\cmd.exe /c REG ADD "HKLM\SOFTWARE\Wow6432Node\Policies\Google\Update" /v "AutoUpdateCheckPeriodMinutes" /d "0" /t REG_SZ /f
[1] 2026-04-13 09:01:43,613 DEBUG --------------------
[1] 2026-04-13 09:01:43,620 DEBUG Process started: 41632
[ReadStdOut] 2026-04-13 09:01:43,641 DEBUG Process Message: The operation completed successfully. 
[ReadStdOut] 2026-04-13 09:01:43,641 DEBUG Process Message:  
[1] 2026-04-13 09:01:43,643 DEBUG Installation.SaveLogs => Started saving logs for Chrome - f7aa248b-6982-498c-825d-847b0104f3a2.
[1] 2026-04-13 09:01:43,644 DEBUG Found 0 log(s) 
[1] 2026-04-13 09:01:43,644 DEBUG Installation.SaveLogs => Finished saving logs for Chrome - f7aa248b-6982-498c-825d-847b0104f3a2.
[1] 2026-04-13 09:01:43,645 DEBUG Process Exit code: 0
[1] 2026-04-13 09:01:48,696 INFO  Chrome version installed: [146.0.7680.178] latest version: [147.0.7727.56]
[1] 2026-04-13 09:01:48,697 DEBUG [ Chrome ] Return code: [ ERROR_SUCCESS - Action completed successfully. ]
[1] 2026-04-13 09:01:48,697 DEBUG -----END-----
[1] 2026-04-13 09:01:48,699 DEBUG CleanOldLogs => Started.
[1] 2026-04-13 09:01:48,700 DEBUG CleanOldLogs => Finished.
[1] 2026-04-13 09:01:48,701 DEBUG DONE
[1] 2026-04-13 09:05:08,492 DEBUG =============================== Launch at [13/04/2026 9:05:08] ===============================
[1] 2026-04-13 09:05:08,493 DEBUG ThirdPartyPatch (2.13.11.5031)
[1] 2026-04-13 09:05:08,493 DEBUG System Information: OS: WIN_11 [x64]
[1] 2026-04-13 09:05:08,493 DEBUG Command: ThirdPartyPatch.exe /query all /filter up_to_date /server https://sis.n-able.com 
[1] 2026-04-13 09:05:08,502 DEBUG Found existing Repository XML [C:\ProgramData\MspPlatform\PME\ThirdPartyPatch\Downloads\Repository.xml] backing up to [C:\ProgramData\MspPlatform\PME\ThirdPartyPatch\Downloads\Repository.old] 
[1] 2026-04-13 09:05:08,546 DEBUG Local ThirdPartySoftware Timestamp: [1775817969] Repository Timestamp: [1775817969] Refreshing MetaFiles: [False]
[1] 2026-04-13 09:05:08,602 DEBUG Verifying correct bitness of following product: Google Chrome
[1] 2026-04-13 09:05:08,603 DEBUG Original architecture found for Google Chrome is correct!
[1] 2026-04-13 09:05:08,811 DEBUG Verifying correct bitness of following product: Microsoft Edge
[1] 2026-04-13 09:05:08,811 DEBUG Registry location does not correspond to actual product architecture. Adjusting information...
[1] 2026-04-13 09:05:08,812 DEBUG Product: Microsoft Edge. Previous detected architecture => Is64Bit: False / Corrected architecture => Is64Bit: True
[1] 2026-04-13 09:05:09,011 INFO  Applications matching filter: 3
[1] 2026-04-13 09:05:09,020 INFO  Application: [OneDrive] Installed: [26.40.301.1 (x64) (en)] Latest: [26.40.301.1]
[1] 2026-04-13 09:05:09,028 INFO  Application: [Google Drive] Installed: [123.0.1.0 (x64) (en)] Latest: [115.0.1.0]
[1] 2026-04-13 09:05:09,032 INFO  Application: [Microsoft Edge] Installed: [146.0.3856.109 (x64) (en)] Latest: [146.0.3856.109]
[1] 2026-04-13 09:05:09,034 DEBUG CleanOldLogs => Started.
[1] 2026-04-13 09:05:09,034 DEBUG CleanOldLogs => Finished.
[1] 2026-04-13 09:05:09,035 DEBUG DONE
[1] 2026-04-13 09:05:09,148 DEBUG =============================== Launch at [13/04/2026 9:05:09] ===============================
[1] 2026-04-13 09:05:09,148 DEBUG ThirdPartyPatch (2.13.11.5031)
[1] 2026-04-13 09:05:09,149 DEBUG System Information: OS: WIN_11 [x64]
[1] 2026-04-13 09:05:09,149 DEBUG Command: ThirdPartyPatch.exe /query all /filter update_available /server https://sis.n-able.com 
[1] 2026-04-13 09:05:09,159 DEBUG Found existing Repository XML [C:\ProgramData\MspPlatform\PME\ThirdPartyPatch\Downloads\Repository.xml] backing up to [C:\ProgramData\MspPlatform\PME\ThirdPartyPatch\Downloads\Repository.old] 
[1] 2026-04-13 09:05:09,200 DEBUG Local ThirdPartySoftware Timestamp: [1775817969] Repository Timestamp: [1775817969] Refreshing MetaFiles: [False]
[1] 2026-04-13 09:05:09,261 DEBUG Verifying correct bitness of following product: Google Chrome
[1] 2026-04-13 09:05:09,262 DEBUG Original architecture found for Google Chrome is correct!
[1] 2026-04-13 09:05:09,447 DEBUG Verifying correct bitness of following product: Microsoft Edge
[1] 2026-04-13 09:05:09,448 DEBUG Registry location does not correspond to actual product architecture. Adjusting information...
[1] 2026-04-13 09:05:09,448 DEBUG Product: Microsoft Edge. Previous detected architecture => Is64Bit: False / Corrected architecture => Is64Bit: True
[1] 2026-04-13 09:05:09,616 INFO  Applications matching filter: 1
[1] 2026-04-13 09:05:09,625 INFO  Application: [Chrome] Installed: [146.0.7680.178 (x64) (en)] Latest: [147.0.7727.56]
[1] 2026-04-13 09:05:09,628 DEBUG CleanOldLogs => Started.
[1] 2026-04-13 09:05:09,629 DEBUG CleanOldLogs => Finished.
[1] 2026-04-13 09:05:09,629 DEBUG DONE
[1] 2026-04-13 11:12:07,463 DEBUG =============================== Launch at [13/04/2026 11:12:07] ===============================
[1] 2026-04-13 11:12:07,464 DEBUG ThirdPartyPatch (2.13.11.5031)
[1] 2026-04-13 11:12:07,465 DEBUG System Information: OS: WIN_11 [x64]
[1] 2026-04-13 11:12:07,466 DEBUG Command: ThirdPartyPatch.exe /query all /filter up_to_date /server https://sis.n-able.com 
[1] 2026-04-13 11:12:07,491 DEBUG Found existing Repository XML [C:\ProgramData\MspPlatform\PME\ThirdPartyPatch\Downloads\Repository.xml] backing up to [C:\ProgramData\MspPlatform\PME\ThirdPartyPatch\Downloads\Repository.old] 
[1] 2026-04-13 11:12:07,603 DEBUG Local ThirdPartySoftware Timestamp: [1775817969] Repository Timestamp: [1775817969] Refreshing MetaFiles: [False]
[1] 2026-04-13 11:12:07,762 DEBUG Verifying correct bitness of following product: Google Chrome
[1] 2026-04-13 11:12:07,765 DEBUG Original architecture found for Google Chrome is correct!
[1] 2026-04-13 11:12:08,362 DEBUG Verifying correct bitness of following product: Microsoft Edge
[1] 2026-04-13 11:12:08,363 DEBUG Registry location does not correspond to actual product architecture. Adjusting information...
[1] 2026-04-13 11:12:08,364 DEBUG Product: Microsoft Edge. Previous detected architecture => Is64Bit: False / Corrected architecture => Is64Bit: True
[1] 2026-04-13 11:12:08,938 INFO  Applications matching filter: 3
[1] 2026-04-13 11:12:08,965 INFO  Application: [OneDrive] Installed: [26.40.301.1 (x64) (en)] Latest: [26.40.301.1]
[1] 2026-04-13 11:12:08,987 INFO  Application: [Google Drive] Installed: [123.0.1.0 (x64) (en)] Latest: [115.0.1.0]
[1] 2026-04-13 11:12:08,998 INFO  Application: [Microsoft Edge] Installed: [146.0.3856.109 (x64) (en)] Latest: [146.0.3856.109]
[1] 2026-04-13 11:12:09,004 DEBUG CleanOldLogs => Started.
[1] 2026-04-13 11:12:09,008 DEBUG CleanOldLogs => Finished.
[1] 2026-04-13 11:12:09,010 DEBUG DONE
[1] 2026-04-13 11:12:09,312 DEBUG =============================== Launch at [13/04/2026 11:12:09] ===============================
[1] 2026-04-13 11:12:09,313 DEBUG ThirdPartyPatch (2.13.11.5031)
[1] 2026-04-13 11:12:09,314 DEBUG System Information: OS: WIN_11 [x64]
[1] 2026-04-13 11:12:09,315 DEBUG Command: ThirdPartyPatch.exe /query all /filter update_available /server https://sis.n-able.com 
[1] 2026-04-13 11:12:09,342 DEBUG Found existing Repository XML [C:\ProgramData\MspPlatform\PME\ThirdPartyPatch\Downloads\Repository.xml] backing up to [C:\ProgramData\MspPlatform\PME\ThirdPartyPatch\Downloads\Repository.old] 
[1] 2026-04-13 11:12:09,452 DEBUG Local ThirdPartySoftware Timestamp: [1775817969] Repository Timestamp: [1775817969] Refreshing MetaFiles: [False]
[1] 2026-04-13 11:12:09,611 DEBUG Verifying correct bitness of following product: Google Chrome
[1] 2026-04-13 11:12:09,614 DEBUG Original architecture found for Google Chrome is correct!
[1] 2026-04-13 11:12:10,210 DEBUG Verifying correct bitness of following product: Microsoft Edge
[1] 2026-04-13 11:12:10,211 DEBUG Registry location does not correspond to actual product architecture. Adjusting information...
[1] 2026-04-13 11:12:10,212 DEBUG Product: Microsoft Edge. Previous detected architecture => Is64Bit: False / Corrected architecture => Is64Bit: True
[1] 2026-04-13 11:12:10,767 INFO  Applications matching filter: 1
[1] 2026-04-13 11:12:10,798 INFO  Application: [Chrome] Installed: [146.0.7680.178 (x64) (en)] Latest: [147.0.7727.56]
[1] 2026-04-13 11:12:10,809 DEBUG CleanOldLogs => Started.
[1] 2026-04-13 11:12:10,810 DEBUG CleanOldLogs => Finished.
[1] 2026-04-13 11:12:10,812 DEBUG DONE
[1] 2026-04-14 09:05:01,154 DEBUG =============================== Launch at [14/04/2026 9:05:01] ===============================
[1] 2026-04-14 09:05:01,156 DEBUG ThirdPartyPatch (2.13.11.5031)
[1] 2026-04-14 09:05:01,156 DEBUG System Information: OS: WIN_11 [x64]
[1] 2026-04-14 09:05:01,157 DEBUG Command: ThirdPartyPatch.exe /query all /filter up_to_date /server https://sis.n-able.com 
[1] 2026-04-14 09:05:01,173 DEBUG Found existing Repository XML [C:\ProgramData\MspPlatform\PME\ThirdPartyPatch\Downloads\Repository.xml] backing up to [C:\ProgramData\MspPlatform\PME\ThirdPartyPatch\Downloads\Repository.old] 
[1] 2026-04-14 09:05:11,310 DEBUG Local ThirdPartySoftware Timestamp: [1775817969] Repository Timestamp: [1776077034] Refreshing MetaFiles: [True]
[1] 2026-04-14 09:05:11,314 DEBUG CleanOldLogs => Started.
[1] 2026-04-14 09:05:11,315 DEBUG CleanOldLogs => Finished.
[1] 2026-04-14 09:05:21,498 DEBUG Verifying correct bitness of following product: Google Chrome
[1] 2026-04-14 09:05:21,501 DEBUG Original architecture found for Google Chrome is correct!
[1] 2026-04-14 09:05:22,062 DEBUG Verifying correct bitness of following product: Microsoft Edge
[1] 2026-04-14 09:05:22,063 DEBUG Registry location does not correspond to actual product architecture. Adjusting information...
[1] 2026-04-14 09:05:22,066 DEBUG Product: Microsoft Edge. Previous detected architecture => Is64Bit: False / Corrected architecture => Is64Bit: True
[1] 2026-04-14 09:05:52,696 INFO  Applications matching filter: 3
[1] 2026-04-14 09:06:02,771 INFO  Application: [Chrome] Installed: [147.0.7727.56 (x64) (en)] Latest: [147.0.7727.56]
[1] 2026-04-14 09:06:02,785 INFO  Application: [OneDrive] Installed: [26.51.316.4 (x64) (en)] Latest: [26.51.316.4]
[1] 2026-04-14 09:06:02,799 INFO  Application: [Google Drive] Installed: [123.0.1.0 (x64) (en)] Latest: [115.0.1.0]
[1] 2026-04-14 09:06:02,803 DEBUG CleanOldLogs => Started.
[1] 2026-04-14 09:06:02,803 DEBUG CleanOldLogs => Finished.
[1] 2026-04-14 09:06:02,803 DEBUG DONE
[1] 2026-04-14 09:06:03,065 DEBUG =============================== Launch at [14/04/2026 9:06:03] ===============================
[1] 2026-04-14 09:06:03,065 DEBUG ThirdPartyPatch (2.13.11.5031)
[1] 2026-04-14 09:06:03,066 DEBUG System Information: OS: WIN_11 [x64]
[1] 2026-04-14 09:06:03,066 DEBUG Command: ThirdPartyPatch.exe /query all /filter update_available /server https://sis.n-able.com 
[1] 2026-04-14 09:06:03,163 DEBUG Local ThirdPartySoftware Timestamp: [1776077034] Repository Timestamp: [1776077034] Refreshing MetaFiles: [False]
[1] 2026-04-14 09:06:03,245 DEBUG Verifying correct bitness of following product: Google Chrome
[1] 2026-04-14 09:06:03,246 DEBUG Original architecture found for Google Chrome is correct!
[1] 2026-04-14 09:06:03,570 DEBUG Verifying correct bitness of following product: Microsoft Edge
[1] 2026-04-14 09:06:03,570 DEBUG Registry location does not correspond to actual product architecture. Adjusting information...
[1] 2026-04-14 09:06:03,571 DEBUG Product: Microsoft Edge. Previous detected architecture => Is64Bit: False / Corrected architecture => Is64Bit: True
[1] 2026-04-14 09:06:13,995 INFO  Applications matching filter: 1
[1] 2026-04-14 09:06:14,013 INFO  Application: [Microsoft Edge] Installed: [146.0.3856.109 (x64) (en)] Latest: [147.0.3912.60]
[1] 2026-04-14 09:06:14,022 DEBUG CleanOldLogs => Started.
[1] 2026-04-14 09:06:14,023 DEBUG CleanOldLogs => Finished.
[1] 2026-04-14 09:06:14,025 DEBUG DONE
[1] 2026-04-14 09:08:05,676 DEBUG =============================== Launch at [14/04/2026 9:08:05] ===============================
[1] 2026-04-14 09:08:05,677 DEBUG ThirdPartyPatch (2.13.11.5031)
[1] 2026-04-14 09:08:05,678 DEBUG System Information: OS: WIN_11 [x64]
[1] 2026-04-14 09:08:05,678 DEBUG Command: ThirdPartyPatch.exe /query all /filter up_to_date /server https://sis.n-able.com 
[1] 2026-04-14 09:08:05,693 DEBUG Found existing Repository XML [C:\ProgramData\MspPlatform\PME\ThirdPartyPatch\Downloads\Repository.xml] backing up to [C:\ProgramData\MspPlatform\PME\ThirdPartyPatch\Downloads\Repository.old] 
[1] 2026-04-14 09:08:05,756 DEBUG Local ThirdPartySoftware Timestamp: [1776077034] Repository Timestamp: [1776077034] Refreshing MetaFiles: [False]
[1] 2026-04-14 09:08:05,842 DEBUG Verifying correct bitness of following product: Google Chrome
[1] 2026-04-14 09:08:05,843 DEBUG Original architecture found for Google Chrome is correct!
[1] 2026-04-14 09:08:06,114 DEBUG Verifying correct bitness of following product: Microsoft Edge
[1] 2026-04-14 09:08:06,115 DEBUG Registry location does not correspond to actual product architecture. Adjusting information...
[1] 2026-04-14 09:08:06,115 DEBUG Product: Microsoft Edge. Previous detected architecture => Is64Bit: False / Corrected architecture => Is64Bit: True
[1] 2026-04-14 09:08:06,417 INFO  Applications matching filter: 3
[1] 2026-04-14 09:08:06,442 INFO  Application: [Chrome] Installed: [147.0.7727.56 (x64) (en)] Latest: [147.0.7727.56]
[1] 2026-04-14 09:08:06,453 INFO  Application: [OneDrive] Installed: [26.51.316.4 (x64) (en)] Latest: [26.51.316.4]
[1] 2026-04-14 09:08:06,461 INFO  Application: [Google Drive] Installed: [123.0.1.0 (x64) (en)] Latest: [115.0.1.0]
[1] 2026-04-14 09:08:06,464 DEBUG CleanOldLogs => Started.
[1] 2026-04-14 09:08:06,464 DEBUG CleanOldLogs => Finished.
[1] 2026-04-14 09:08:06,465 DEBUG DONE
[1] 2026-04-14 09:08:06,635 DEBUG =============================== Launch at [14/04/2026 9:08:06] ===============================
[1] 2026-04-14 09:08:06,636 DEBUG ThirdPartyPatch (2.13.11.5031)
[1] 2026-04-14 09:08:06,636 DEBUG System Information: OS: WIN_11 [x64]
[1] 2026-04-14 09:08:06,637 DEBUG Command: ThirdPartyPatch.exe /query all /filter update_available /server https://sis.n-able.com 
[1] 2026-04-14 09:08:06,652 DEBUG Found existing Repository XML [C:\ProgramData\MspPlatform\PME\ThirdPartyPatch\Downloads\Repository.xml] backing up to [C:\ProgramData\MspPlatform\PME\ThirdPartyPatch\Downloads\Repository.old] 
[1] 2026-04-14 09:08:06,712 DEBUG Local ThirdPartySoftware Timestamp: [1776077034] Repository Timestamp: [1776077034] Refreshing MetaFiles: [False]
[1] 2026-04-14 09:08:06,795 DEBUG Verifying correct bitness of following product: Google Chrome
[1] 2026-04-14 09:08:06,797 DEBUG Original architecture found for Google Chrome is correct!
[1] 2026-04-14 09:08:07,095 DEBUG Verifying correct bitness of following product: Microsoft Edge
[1] 2026-04-14 09:08:07,095 DEBUG Registry location does not correspond to actual product architecture. Adjusting information...
[1] 2026-04-14 09:08:07,096 DEBUG Product: Microsoft Edge. Previous detected architecture => Is64Bit: False / Corrected architecture => Is64Bit: True
[1] 2026-04-14 09:08:07,310 INFO  Applications matching filter: 1
[1] 2026-04-14 09:08:07,320 INFO  Application: [Microsoft Edge] Installed: [146.0.3856.109 (x64) (en)] Latest: [147.0.3912.60]
[1] 2026-04-14 09:08:07,325 DEBUG CleanOldLogs => Started.
[1] 2026-04-14 09:08:07,325 DEBUG CleanOldLogs => Finished.
[1] 2026-04-14 09:08:07,326 DEBUG DONE
[1] 2026-04-14 11:14:02,622 DEBUG =============================== Launch at [14/04/2026 11:14:02] ===============================
[1] 2026-04-14 11:14:02,624 DEBUG ThirdPartyPatch (2.13.11.5031)
[1] 2026-04-14 11:14:02,626 DEBUG System Information: OS: WIN_11 [x64]
[1] 2026-04-14 11:14:02,627 DEBUG Command: ThirdPartyPatch.exe /query all /filter up_to_date /server https://sis.n-able.com 
[1] 2026-04-14 11:14:02,659 DEBUG Found existing Repository XML [C:\ProgramData\MspPlatform\PME\ThirdPartyPatch\Downloads\Repository.xml] backing up to [C:\ProgramData\MspPlatform\PME\ThirdPartyPatch\Downloads\Repository.old] 
[1] 2026-04-14 11:14:02,776 DEBUG Local ThirdPartySoftware Timestamp: [1776077034] Repository Timestamp: [1776077034] Refreshing MetaFiles: [False]
[1] 2026-04-14 11:16:52,147 DEBUG Verifying correct bitness of following product: Google Chrome
[1] 2026-04-14 11:16:52,156 DEBUG Original architecture found for Google Chrome is correct!
[1] 2026-04-14 11:16:52,983 DEBUG Verifying correct bitness of following product: Microsoft Edge
[1] 2026-04-14 11:16:52,985 DEBUG Registry location does not correspond to actual product architecture. Adjusting information...
[1] 2026-04-14 11:16:52,986 DEBUG Product: Microsoft Edge. Previous detected architecture => Is64Bit: False / Corrected architecture => Is64Bit: True
[1] 2026-04-14 11:19:40,201 INFO  Applications matching filter: 3
[1] 2026-04-14 11:19:40,242 INFO  Application: [Chrome] Installed: [147.0.7727.56 (x64) (en)] Latest: [147.0.7727.56]
[1] 2026-04-14 11:19:40,268 INFO  Application: [OneDrive] Installed: [26.51.316.4 (x64) (en)] Latest: [26.51.316.4]
[1] 2026-04-14 11:19:40,288 INFO  Application: [Google Drive] Installed: [123.0.1.0 (x64) (en)] Latest: [115.0.1.0]
[1] 2026-04-14 11:19:40,295 DEBUG CleanOldLogs => Started.
[1] 2026-04-14 11:19:40,296 DEBUG CleanOldLogs => Finished.
[1] 2026-04-14 11:19:40,298 DEBUG DONE
[1] 2026-04-14 11:20:53,535 DEBUG =============================== Launch at [14/04/2026 11:20:53] ===============================
[1] 2026-04-14 11:20:53,537 DEBUG ThirdPartyPatch (2.13.11.5031)
[1] 2026-04-14 11:20:53,539 DEBUG System Information: OS: WIN_11 [x64]
[1] 2026-04-14 11:20:53,540 DEBUG Command: ThirdPartyPatch.exe /query all /filter update_available /server https://sis.n-able.com 
[1] 2026-04-14 11:20:53,661 DEBUG Found existing Repository XML [C:\ProgramData\MspPlatform\PME\ThirdPartyPatch\Downloads\Repository.xml] backing up to [C:\ProgramData\MspPlatform\PME\ThirdPartyPatch\Downloads\Repository.old] 
[1] 2026-04-14 11:20:53,810 DEBUG Local ThirdPartySoftware Timestamp: [1776077034] Repository Timestamp: [1776077034] Refreshing MetaFiles: [False]
[1] 2026-04-14 11:20:54,027 DEBUG Verifying correct bitness of following product: Google Chrome
[1] 2026-04-14 11:20:54,031 DEBUG Original architecture found for Google Chrome is correct!
[1] 2026-04-14 11:20:59,974 DEBUG Verifying correct bitness of following product: Microsoft Edge
[1] 2026-04-14 11:20:59,976 DEBUG Registry location does not correspond to actual product architecture. Adjusting information...
[1] 2026-04-14 11:20:59,978 DEBUG Product: Microsoft Edge. Previous detected architecture => Is64Bit: False / Corrected architecture => Is64Bit: True
[1] 2026-04-14 11:21:29,755 INFO  Applications matching filter: 1
[1] 2026-04-14 11:21:29,790 INFO  Application: [Microsoft Edge] Installed: [146.0.3856.109 (x64) (en)] Latest: [147.0.3912.60]
[1] 2026-04-14 11:21:29,804 DEBUG CleanOldLogs => Started.
[1] 2026-04-14 11:21:29,806 DEBUG CleanOldLogs => Finished.
[1] 2026-04-14 11:21:29,808 DEBUG DONE
[1] 2026-04-15 11:03:05,840 DEBUG =============================== Launch at [15/04/2026 11:03:05] ===============================
[1] 2026-04-15 11:03:05,841 DEBUG ThirdPartyPatch (2.13.11.5031)
[1] 2026-04-15 11:03:05,841 DEBUG System Information: OS: WIN_11 [x64]
[1] 2026-04-15 11:03:05,842 DEBUG Command: ThirdPartyPatch.exe /query all /filter up_to_date /server https://sis.n-able.com 
[1] 2026-04-15 11:03:05,851 DEBUG Found existing Repository XML [C:\ProgramData\MspPlatform\PME\ThirdPartyPatch\Downloads\Repository.xml] backing up to [C:\ProgramData\MspPlatform\PME\ThirdPartyPatch\Downloads\Repository.old] 
[1] 2026-04-15 11:03:15,934 DEBUG Local ThirdPartySoftware Timestamp: [1776077034] Repository Timestamp: [1776077034] Refreshing MetaFiles: [False]
[1] 2026-04-15 11:03:16,018 DEBUG Verifying correct bitness of following product: Google Chrome
[1] 2026-04-15 11:03:16,020 DEBUG Original architecture found for Google Chrome is correct!
[1] 2026-04-15 11:03:16,320 DEBUG Verifying correct bitness of following product: Microsoft Edge
[1] 2026-04-15 11:03:16,320 DEBUG Registry location does not correspond to actual product architecture. Adjusting information...
[1] 2026-04-15 11:03:16,321 DEBUG Product: Microsoft Edge. Previous detected architecture => Is64Bit: False / Corrected architecture => Is64Bit: True
[1] 2026-04-15 11:03:16,629 INFO  Applications matching filter: 4
[1] 2026-04-15 11:03:16,645 INFO  Application: [Chrome] Installed: [147.0.7727.56 (x64) (en)] Latest: [147.0.7727.56]
[1] 2026-04-15 11:03:16,658 INFO  Application: [OneDrive] Installed: [26.51.316.4 (x64) (en)] Latest: [26.51.316.4]
[1] 2026-04-15 11:03:16,670 INFO  Application: [Google Drive] Installed: [123.0.1.0 (x64) (en)] Latest: [115.0.1.0]
[1] 2026-04-15 11:03:16,676 INFO  Application: [Microsoft Edge] Installed: [147.0.3912.60 (x64) (en)] Latest: [147.0.3912.60]
[1] 2026-04-15 11:03:16,679 DEBUG CleanOldLogs => Started.
[1] 2026-04-15 11:03:16,680 DEBUG CleanOldLogs => Finished.
[1] 2026-04-15 11:03:16,680 DEBUG DONE
[1] 2026-04-15 11:03:16,796 DEBUG =============================== Launch at [15/04/2026 11:03:16] ===============================
[1] 2026-04-15 11:03:16,796 DEBUG ThirdPartyPatch (2.13.11.5031)
[1] 2026-04-15 11:03:16,796 DEBUG System Information: OS: WIN_11 [x64]
[1] 2026-04-15 11:03:16,797 DEBUG Command: ThirdPartyPatch.exe /query all /filter update_available /server https://sis.n-able.com 
[1] 2026-04-15 11:03:16,806 DEBUG Found existing Repository XML [C:\ProgramData\MspPlatform\PME\ThirdPartyPatch\Downloads\Repository.xml] backing up to [C:\ProgramData\MspPlatform\PME\ThirdPartyPatch\Downloads\Repository.old] 
[1] 2026-04-15 11:03:16,848 DEBUG Local ThirdPartySoftware Timestamp: [1776077034] Repository Timestamp: [1776077034] Refreshing MetaFiles: [False]
[1] 2026-04-15 11:03:16,902 DEBUG Verifying correct bitness of following product: Google Chrome
[1] 2026-04-15 11:03:16,903 DEBUG Original architecture found for Google Chrome is correct!
[1] 2026-04-15 11:03:17,072 DEBUG Verifying correct bitness of following product: Microsoft Edge
[1] 2026-04-15 11:03:17,072 DEBUG Registry location does not correspond to actual product architecture. Adjusting information...
[1] 2026-04-15 11:03:17,072 DEBUG Product: Microsoft Edge. Previous detected architecture => Is64Bit: False / Corrected architecture => Is64Bit: True
[1] 2026-04-15 11:03:17,182 INFO  Applications matching filter: 0
[1] 2026-04-15 11:03:17,187 DEBUG CleanOldLogs => Started.
[1] 2026-04-15 11:03:17,187 DEBUG CleanOldLogs => Finished.
[1] 2026-04-15 11:03:17,188 DEBUG DONE
[1] 2026-04-16 09:31:08,385 DEBUG =============================== Launch at [16/04/2026 9:31:08] ===============================
[1] 2026-04-16 09:31:08,385 DEBUG ThirdPartyPatch (2.13.11.5031)
[1] 2026-04-16 09:31:08,386 DEBUG System Information: OS: WIN_11 [x64]
[1] 2026-04-16 09:31:08,386 DEBUG Command: ThirdPartyPatch.exe /query all /filter up_to_date /server https://sis.n-able.com 
[1] 2026-04-16 09:31:08,396 DEBUG Found existing Repository XML [C:\ProgramData\MspPlatform\PME\ThirdPartyPatch\Downloads\Repository.xml] backing up to [C:\ProgramData\MspPlatform\PME\ThirdPartyPatch\Downloads\Repository.old] 
[1] 2026-04-16 09:31:18,478 DEBUG Local ThirdPartySoftware Timestamp: [1776077034] Repository Timestamp: [1776243769] Refreshing MetaFiles: [True]
[1] 2026-04-16 09:31:18,482 DEBUG CleanOldLogs => Started.
[1] 2026-04-16 09:31:18,484 DEBUG CleanOldLogs => Finished.
[1] 2026-04-16 09:31:28,648 DEBUG Verifying correct bitness of following product: Google Chrome
[1] 2026-04-16 09:31:28,651 DEBUG Original architecture found for Google Chrome is correct!
[1] 2026-04-16 09:31:28,956 DEBUG Verifying correct bitness of following product: Microsoft Edge
[1] 2026-04-16 09:31:28,961 DEBUG Registry location does not correspond to actual product architecture. Adjusting information...
[1] 2026-04-16 09:31:28,962 DEBUG Product: Microsoft Edge. Previous detected architecture => Is64Bit: False / Corrected architecture => Is64Bit: True
[1] 2026-04-16 09:32:09,403 INFO  Applications matching filter: 4
[1] 2026-04-16 09:32:19,447 INFO  Application: [Chrome] Installed: [147.0.7727.56 (x64) (en)] Latest: [147.0.7727.56]
[1] 2026-04-16 09:32:19,461 INFO  Application: [OneDrive] Installed: [26.51.316.4 (x64) (en)] Latest: [26.51.316.4]
[1] 2026-04-16 09:32:19,471 INFO  Application: [Google Drive] Installed: [123.0.1.0 (x64) (en)] Latest: [115.0.1.0]
[1] 2026-04-16 09:32:19,478 INFO  Application: [Microsoft Edge] Installed: [147.0.3912.60 (x64) (en)] Latest: [147.0.3912.60]
[1] 2026-04-16 09:32:19,480 DEBUG CleanOldLogs => Started.
[1] 2026-04-16 09:32:19,480 DEBUG CleanOldLogs => Finished.
[1] 2026-04-16 09:32:19,481 DEBUG DONE
[1] 2026-04-16 09:32:19,601 DEBUG =============================== Launch at [16/04/2026 9:32:19] ===============================
[1] 2026-04-16 09:32:19,602 DEBUG ThirdPartyPatch (2.13.11.5031)
[1] 2026-04-16 09:32:19,602 DEBUG System Information: OS: WIN_11 [x64]
[1] 2026-04-16 09:32:19,602 DEBUG Command: ThirdPartyPatch.exe /query all /filter update_available /server https://sis.n-able.com 
[1] 2026-04-16 09:32:19,652 DEBUG Local ThirdPartySoftware Timestamp: [1776243769] Repository Timestamp: [1776243769] Refreshing MetaFiles: [False]
[1] 2026-04-16 09:32:19,705 DEBUG Verifying correct bitness of following product: Google Chrome
[1] 2026-04-16 09:32:19,707 DEBUG Original architecture found for Google Chrome is correct!
[1] 2026-04-16 09:32:19,887 DEBUG Verifying correct bitness of following product: Microsoft Edge
[1] 2026-04-16 09:32:19,888 DEBUG Registry location does not correspond to actual product architecture. Adjusting information...
[1] 2026-04-16 09:32:19,888 DEBUG Product: Microsoft Edge. Previous detected architecture => Is64Bit: False / Corrected architecture => Is64Bit: True
[1] 2026-04-16 09:32:20,017 INFO  Applications matching filter: 0
[1] 2026-04-16 09:32:20,023 DEBUG CleanOldLogs => Started.
[1] 2026-04-16 09:32:20,023 DEBUG CleanOldLogs => Finished.
[1] 2026-04-16 09:32:20,024 DEBUG DONE
[1] 2026-04-16 11:02:35,537 DEBUG =============================== Launch at [16/04/2026 11:02:35] ===============================
[1] 2026-04-16 11:02:35,538 DEBUG ThirdPartyPatch (2.13.11.5031)
[1] 2026-04-16 11:02:35,538 DEBUG System Information: OS: WIN_11 [x64]
[1] 2026-04-16 11:02:35,538 DEBUG Command: ThirdPartyPatch.exe /query all /filter up_to_date /server https://sis.n-able.com 
[1] 2026-04-16 11:02:35,547 DEBUG Found existing Repository XML [C:\ProgramData\MspPlatform\PME\ThirdPartyPatch\Downloads\Repository.xml] backing up to [C:\ProgramData\MspPlatform\PME\ThirdPartyPatch\Downloads\Repository.old] 
[1] 2026-04-16 11:02:35,588 DEBUG Local ThirdPartySoftware Timestamp: [1776243769] Repository Timestamp: [1776243769] Refreshing MetaFiles: [False]
[1] 2026-04-16 11:02:35,640 DEBUG Verifying correct bitness of following product: Google Chrome
[1] 2026-04-16 11:02:35,640 DEBUG Original architecture found for Google Chrome is correct!
[1] 2026-04-16 11:02:35,813 DEBUG Verifying correct bitness of following product: Microsoft Edge
[1] 2026-04-16 11:02:35,813 DEBUG Registry location does not correspond to actual product architecture. Adjusting information...
[1] 2026-04-16 11:02:35,813 DEBUG Product: Microsoft Edge. Previous detected architecture => Is64Bit: False / Corrected architecture => Is64Bit: True
[1] 2026-04-16 11:02:36,002 INFO  Applications matching filter: 4
[1] 2026-04-16 11:02:36,014 INFO  Application: [Chrome] Installed: [147.0.7727.56 (x64) (en)] Latest: [147.0.7727.56]
[1] 2026-04-16 11:02:36,020 INFO  Application: [OneDrive] Installed: [26.51.316.4 (x64) (en)] Latest: [26.51.316.4]
[1] 2026-04-16 11:02:36,025 INFO  Application: [Google Drive] Installed: [123.0.1.0 (x64) (en)] Latest: [115.0.1.0]
[1] 2026-04-16 11:02:36,028 INFO  Application: [Microsoft Edge] Installed: [147.0.3912.60 (x64) (en)] Latest: [147.0.3912.60]
[1] 2026-04-16 11:02:36,030 DEBUG CleanOldLogs => Started.
[1] 2026-04-16 11:02:36,030 DEBUG CleanOldLogs => Finished.
[1] 2026-04-16 11:02:36,031 DEBUG DONE
[1] 2026-04-16 11:02:36,145 DEBUG =============================== Launch at [16/04/2026 11:02:36] ===============================
[1] 2026-04-16 11:02:36,146 DEBUG ThirdPartyPatch (2.13.11.5031)
[1] 2026-04-16 11:02:36,146 DEBUG System Information: OS: WIN_11 [x64]
[1] 2026-04-16 11:02:36,146 DEBUG Command: ThirdPartyPatch.exe /query all /filter update_available /server https://sis.n-able.com 
[1] 2026-04-16 11:02:36,155 DEBUG Found existing Repository XML [C:\ProgramData\MspPlatform\PME\ThirdPartyPatch\Downloads\Repository.xml] backing up to [C:\ProgramData\MspPlatform\PME\ThirdPartyPatch\Downloads\Repository.old] 
[1] 2026-04-16 11:02:36,195 DEBUG Local ThirdPartySoftware Timestamp: [1776243769] Repository Timestamp: [1776243769] Refreshing MetaFiles: [False]
[1] 2026-04-16 11:02:36,245 DEBUG Verifying correct bitness of following product: Google Chrome
[1] 2026-04-16 11:02:36,246 DEBUG Original architecture found for Google Chrome is correct!
[1] 2026-04-16 11:02:36,409 DEBUG Verifying correct bitness of following product: Microsoft Edge
[1] 2026-04-16 11:02:36,409 DEBUG Registry location does not correspond to actual product architecture. Adjusting information...
[1] 2026-04-16 11:02:36,409 DEBUG Product: Microsoft Edge. Previous detected architecture => Is64Bit: False / Corrected architecture => Is64Bit: True
[1] 2026-04-16 11:02:36,510 INFO  Applications matching filter: 0
[1] 2026-04-16 11:02:36,514 DEBUG CleanOldLogs => Started.
[1] 2026-04-16 11:02:36,514 DEBUG CleanOldLogs => Finished.
[1] 2026-04-16 11:02:36,515 DEBUG DONE
[1] 2026-04-18 08:36:02,804 DEBUG =============================== Launch at [18/04/2026 8:36:02] ===============================
[1] 2026-04-18 08:36:02,806 DEBUG ThirdPartyPatch (2.13.11.5031)
[1] 2026-04-18 08:36:02,807 DEBUG System Information: OS: WIN_11 [x64]
[1] 2026-04-18 08:36:02,807 DEBUG Command: ThirdPartyPatch.exe /query all /filter up_to_date /server https://sis.n-able.com 
[1] 2026-04-18 08:36:02,830 DEBUG Found existing Repository XML [C:\ProgramData\MspPlatform\PME\ThirdPartyPatch\Downloads\Repository.xml] backing up to [C:\ProgramData\MspPlatform\PME\ThirdPartyPatch\Downloads\Repository.old] 
[1] 2026-04-18 08:36:13,013 DEBUG Local ThirdPartySoftware Timestamp: [1776243769] Repository Timestamp: [1776423605] Refreshing MetaFiles: [True]
[1] 2026-04-18 08:36:13,026 DEBUG CleanOldLogs => Started.
[1] 2026-04-18 08:36:13,027 DEBUG CleanOldLogs => Finished.
[1] 2026-04-18 08:36:23,375 DEBUG Verifying correct bitness of following product: Google Chrome
[1] 2026-04-18 08:36:23,380 DEBUG Original architecture found for Google Chrome is correct!
[1] 2026-04-18 08:36:24,012 DEBUG Verifying correct bitness of following product: Microsoft Edge
[1] 2026-04-18 08:36:24,047 DEBUG Registry location does not correspond to actual product architecture. Adjusting information...
[1] 2026-04-18 08:36:24,050 DEBUG Product: Microsoft Edge. Previous detected architecture => Is64Bit: False / Corrected architecture => Is64Bit: True
[1] 2026-04-18 08:36:44,914 INFO  Applications matching filter: 2
[1] 2026-04-18 08:36:55,019 INFO  Application: [OneDrive] Installed: [26.51.316.4 (x64) (en)] Latest: [26.51.316.4]
[1] 2026-04-18 08:36:55,050 INFO  Application: [Google Drive] Installed: [123.0.1.0 (x64) (en)] Latest: [115.0.1.0]
[1] 2026-04-18 08:36:55,054 DEBUG CleanOldLogs => Started.
[1] 2026-04-18 08:36:55,055 DEBUG CleanOldLogs => Finished.
[1] 2026-04-18 08:36:55,056 DEBUG DONE
[1] 2026-04-18 08:36:55,421 DEBUG =============================== Launch at [18/04/2026 8:36:55] ===============================
[1] 2026-04-18 08:36:55,422 DEBUG ThirdPartyPatch (2.13.11.5031)
[1] 2026-04-18 08:36:55,424 DEBUG System Information: OS: WIN_11 [x64]
[1] 2026-04-18 08:36:55,426 DEBUG Command: ThirdPartyPatch.exe /query all /filter update_available /server https://sis.n-able.com 
[1] 2026-04-18 08:36:55,589 DEBUG Local ThirdPartySoftware Timestamp: [1776423605] Repository Timestamp: [1776423605] Refreshing MetaFiles: [False]
[1] 2026-04-18 08:36:55,781 DEBUG Verifying correct bitness of following product: Google Chrome
[1] 2026-04-18 08:36:55,784 DEBUG Original architecture found for Google Chrome is correct!
[1] 2026-04-18 08:36:56,494 DEBUG Verifying correct bitness of following product: Microsoft Edge
[1] 2026-04-18 08:36:56,495 DEBUG Registry location does not correspond to actual product architecture. Adjusting information...
[1] 2026-04-18 08:36:56,497 DEBUG Product: Microsoft Edge. Previous detected architecture => Is64Bit: False / Corrected architecture => Is64Bit: True
[1] 2026-04-18 08:37:17,044 INFO  Applications matching filter: 2
[1] 2026-04-18 08:37:17,077 INFO  Application: [Chrome] Installed: [147.0.7727.56 (x64) (en)] Latest: [147.0.7727.102]
[1] 2026-04-18 08:37:17,101 INFO  Application: [Microsoft Edge] Installed: [147.0.3912.60 (x64) (en)] Latest: [147.0.3912.72]
[1] 2026-04-18 08:37:17,109 DEBUG CleanOldLogs => Started.
[1] 2026-04-18 08:37:17,110 DEBUG CleanOldLogs => Finished.
[1] 2026-04-18 08:37:17,112 DEBUG DONE
[1] 2026-04-19 08:35:41,444 DEBUG =============================== Launch at [19/04/2026 8:35:41] ===============================
[1] 2026-04-19 08:35:41,446 DEBUG ThirdPartyPatch (2.13.11.5031)
[1] 2026-04-19 08:35:41,446 DEBUG System Information: OS: WIN_11 [x64]
[1] 2026-04-19 08:35:41,446 DEBUG Command: ThirdPartyPatch.exe /query all /filter up_to_date /server https://sis.n-able.com 
[1] 2026-04-19 08:35:41,461 DEBUG Found existing Repository XML [C:\ProgramData\MspPlatform\PME\ThirdPartyPatch\Downloads\Repository.xml] backing up to [C:\ProgramData\MspPlatform\PME\ThirdPartyPatch\Downloads\Repository.old] 
[1] 2026-04-19 08:35:51,608 DEBUG Local ThirdPartySoftware Timestamp: [1776423605] Repository Timestamp: [1776423605] Refreshing MetaFiles: [False]
[1] 2026-04-19 08:35:51,821 DEBUG Verifying correct bitness of following product: Google Chrome
[1] 2026-04-19 08:35:51,825 DEBUG Original architecture found for Google Chrome is correct!
[1] 2026-04-19 08:35:52,469 DEBUG Verifying correct bitness of following product: Microsoft Edge
[1] 2026-04-19 08:35:52,470 DEBUG Registry location does not correspond to actual product architecture. Adjusting information...
[1] 2026-04-19 08:35:52,472 DEBUG Product: Microsoft Edge. Previous detected architecture => Is64Bit: False / Corrected architecture => Is64Bit: True
[1] 2026-04-19 08:35:53,193 INFO  Applications matching filter: 2
[1] 2026-04-19 08:35:53,226 INFO  Application: [OneDrive] Installed: [26.55.323.4 (x64) (en)] Latest: [26.51.316.4]
[1] 2026-04-19 08:35:53,255 INFO  Application: [Google Drive] Installed: [123.0.1.0 (x64) (en)] Latest: [115.0.1.0]
[1] 2026-04-19 08:35:53,261 DEBUG CleanOldLogs => Started.
[1] 2026-04-19 08:35:53,263 DEBUG CleanOldLogs => Finished.
[1] 2026-04-19 08:35:53,264 DEBUG DONE
[1] 2026-04-19 08:35:53,580 DEBUG =============================== Launch at [19/04/2026 8:35:53] ===============================
[1] 2026-04-19 08:35:53,582 DEBUG ThirdPartyPatch (2.13.11.5031)
[1] 2026-04-19 08:35:53,583 DEBUG System Information: OS: WIN_11 [x64]
[1] 2026-04-19 08:35:53,583 DEBUG Command: ThirdPartyPatch.exe /query all /filter update_available /server https://sis.n-able.com 
[1] 2026-04-19 08:35:53,610 DEBUG Found existing Repository XML [C:\ProgramData\MspPlatform\PME\ThirdPartyPatch\Downloads\Repository.xml] backing up to [C:\ProgramData\MspPlatform\PME\ThirdPartyPatch\Downloads\Repository.old] 
[1] 2026-04-19 08:35:53,722 DEBUG Local ThirdPartySoftware Timestamp: [1776423605] Repository Timestamp: [1776423605] Refreshing MetaFiles: [False]
[1] 2026-04-19 08:35:53,876 DEBUG Verifying correct bitness of following product: Google Chrome
[1] 2026-04-19 08:35:53,878 DEBUG Original architecture found for Google Chrome is correct!
[1] 2026-04-19 08:35:54,371 DEBUG Verifying correct bitness of following product: Microsoft Edge
[1] 2026-04-19 08:35:54,372 DEBUG Registry location does not correspond to actual product architecture. Adjusting information...
[1] 2026-04-19 08:35:54,374 DEBUG Product: Microsoft Edge. Previous detected architecture => Is64Bit: False / Corrected architecture => Is64Bit: True
[1] 2026-04-19 08:35:54,949 INFO  Applications matching filter: 2
[1] 2026-04-19 08:35:54,979 INFO  Application: [Chrome] Installed: [147.0.7727.56 (x64) (en)] Latest: [147.0.7727.102]
[1] 2026-04-19 08:35:54,995 INFO  Application: [Microsoft Edge] Installed: [147.0.3912.60 (x64) (en)] Latest: [147.0.3912.72]
[1] 2026-04-19 08:35:55,000 DEBUG CleanOldLogs => Started.
[1] 2026-04-19 08:35:55,001 DEBUG CleanOldLogs => Finished.
[1] 2026-04-19 08:35:55,003 DEBUG DONE
[1] 2026-04-19 09:02:47,614 DEBUG =============================== Launch at [19/04/2026 9:02:47] ===============================
[1] 2026-04-19 09:02:47,616 DEBUG ThirdPartyPatch (2.13.11.5031)
[1] 2026-04-19 09:02:47,617 DEBUG System Information: OS: WIN_11 [x64]
[1] 2026-04-19 09:02:47,618 DEBUG Command: ThirdPartyPatch.exe /query all /filter up_to_date /server https://sis.n-able.com 
[1] 2026-04-19 09:02:47,646 DEBUG Found existing Repository XML [C:\ProgramData\MspPlatform\PME\ThirdPartyPatch\Downloads\Repository.xml] backing up to [C:\ProgramData\MspPlatform\PME\ThirdPartyPatch\Downloads\Repository.old] 
[1] 2026-04-19 09:02:47,767 DEBUG Local ThirdPartySoftware Timestamp: [1776423605] Repository Timestamp: [1776423605] Refreshing MetaFiles: [False]
[1] 2026-04-19 09:02:47,968 DEBUG Verifying correct bitness of following product: Google Chrome
[1] 2026-04-19 09:02:47,973 DEBUG Original architecture found for Google Chrome is correct!
[1] 2026-04-19 09:02:48,503 DEBUG Verifying correct bitness of following product: Microsoft Edge
[1] 2026-04-19 09:02:48,509 DEBUG Registry location does not correspond to actual product architecture. Adjusting information...
[1] 2026-04-19 09:02:48,510 DEBUG Product: Microsoft Edge. Previous detected architecture => Is64Bit: False / Corrected architecture => Is64Bit: True
[1] 2026-04-19 09:02:49,097 INFO  Applications matching filter: 3
[1] 2026-04-19 09:02:49,109 INFO  Application: [OneDrive] Installed: [26.55.323.4 (x64) (en)] Latest: [26.51.316.4]
[1] 2026-04-19 09:02:49,120 INFO  Application: [Google Drive] Installed: [123.0.1.0 (x64) (en)] Latest: [115.0.1.0]
[1] 2026-04-19 09:02:49,123 INFO  Application: [Microsoft Edge] Installed: [147.0.3912.72 (x64) (en)] Latest: [147.0.3912.72]
[1] 2026-04-19 09:02:49,126 DEBUG CleanOldLogs => Started.
[1] 2026-04-19 09:02:49,126 DEBUG CleanOldLogs => Finished.
[1] 2026-04-19 09:02:49,127 DEBUG DONE
[1] 2026-04-19 09:02:49,263 DEBUG =============================== Launch at [19/04/2026 9:02:49] ===============================
[1] 2026-04-19 09:02:49,264 DEBUG ThirdPartyPatch (2.13.11.5031)
[1] 2026-04-19 09:02:49,264 DEBUG System Information: OS: WIN_11 [x64]
[1] 2026-04-19 09:02:49,265 DEBUG Command: ThirdPartyPatch.exe /query all /filter update_available /server https://sis.n-able.com 
[1] 2026-04-19 09:02:49,274 DEBUG Found existing Repository XML [C:\ProgramData\MspPlatform\PME\ThirdPartyPatch\Downloads\Repository.xml] backing up to [C:\ProgramData\MspPlatform\PME\ThirdPartyPatch\Downloads\Repository.old] 
[1] 2026-04-19 09:02:49,320 DEBUG Local ThirdPartySoftware Timestamp: [1776423605] Repository Timestamp: [1776423605] Refreshing MetaFiles: [False]
[1] 2026-04-19 09:02:49,383 DEBUG Verifying correct bitness of following product: Google Chrome
[1] 2026-04-19 09:02:49,384 DEBUG Original architecture found for Google Chrome is correct!
[1] 2026-04-19 09:02:49,686 DEBUG Verifying correct bitness of following product: Microsoft Edge
[1] 2026-04-19 09:02:49,687 DEBUG Registry location does not correspond to actual product architecture. Adjusting information...
[1] 2026-04-19 09:02:49,688 DEBUG Product: Microsoft Edge. Previous detected architecture => Is64Bit: False / Corrected architecture => Is64Bit: True
[1] 2026-04-19 09:02:49,943 INFO  Applications matching filter: 1
[1] 2026-04-19 09:02:49,955 INFO  Application: [Chrome] Installed: [147.0.7727.56 (x64) (en)] Latest: [147.0.7727.102]
[1] 2026-04-19 09:02:49,959 DEBUG CleanOldLogs => Started.
[1] 2026-04-19 09:02:49,960 DEBUG CleanOldLogs => Finished.
[1] 2026-04-19 09:02:49,961 DEBUG DONE
[1] 2026-04-19 09:03:10,771 DEBUG =============================== Launch at [19/04/2026 9:03:10] ===============================
[1] 2026-04-19 09:03:10,771 DEBUG ThirdPartyPatch (2.13.11.5031)
[1] 2026-04-19 09:03:10,772 DEBUG System Information: OS: WIN_11 [x64]
[1] 2026-04-19 09:03:10,772 DEBUG Command: ThirdPartyPatch.exe /update Chrome /skipdownload /server https://sis.n-able.com 
[1] 2026-04-19 09:03:10,782 DEBUG Found existing Repository XML [C:\ProgramData\MspPlatform\PME\ThirdPartyPatch\Downloads\Repository.xml] backing up to [C:\ProgramData\MspPlatform\PME\ThirdPartyPatch\Downloads\Repository.old] 
[1] 2026-04-19 09:03:10,823 DEBUG Local ThirdPartySoftware Timestamp: [1776423605] Repository Timestamp: [1776423605] Refreshing MetaFiles: [False]
[1] 2026-04-19 09:03:10,861 DEBUG Verifying correct bitness of following product: Google Chrome
[1] 2026-04-19 09:03:10,862 DEBUG Original architecture found for Google Chrome is correct!
[1] 2026-04-19 09:03:10,863 DEBUG Chrome is installed. (147.0.7727.56)
[1] 2026-04-19 09:03:10,865 DEBUG Update available  [Chrome (147.0.7727.102)].
[1] 2026-04-19 09:03:12,932 DEBUG      Starting install: Chrome
[1] 2026-04-19 09:03:12,933 DEBUG Installing: Chrome [147.0.7727.56] -> [147.0.7727.102]
[1] 2026-04-19 09:03:12,940 DEBUG Getting Commands for OS: [WIN_11] Architecture: [x64] Locale: [en] Upgrade: [True]
[1] 2026-04-19 09:03:13,185 DEBUG Passed checksum verification: [C:\ProgramData\MspPlatform\PME\ThirdPartyPatch\Downloads\f7aa248b-6982-498c-825d-847b0104f3a2\googlechromestandaloneenterprise64.msi]
[1] 2026-04-19 09:03:13,187 DEBUG Executing
[1] 2026-04-19 09:03:13,192 DEBUG Getting Commands for OS: [WIN_11] Architecture: [x64] Locale: [en] Upgrade: [True]
[1] 2026-04-19 09:03:13,199 DEBUG Checking if MSIExec process is live (possibly another installation)
[1] 2026-04-19 09:03:13,210 DEBUG --- Found [1] instance(s) of MSIExec.
[1] 2026-04-19 09:03:13,210 DEBUG Only helper MSIExec process found, can continue.
[1] 2026-04-19 09:03:13,211 DEBUG --------------------
[1] 2026-04-19 09:03:13,212 DEBUG Launching Command: msiexec /i googlechromestandaloneenterprise64.msi /qn /norestart /lv Chrome-upgrade.log
[1] 2026-04-19 09:03:13,212 DEBUG --------------------
[1] 2026-04-19 09:03:13,221 DEBUG Process started: 44820
[1] 2026-04-19 09:03:26,478 DEBUG Exit status code: 0: Action completed successfully.
[1] 2026-04-19 09:03:26,480 DEBUG Installation.SaveLogs => Started saving logs for Chrome - f7aa248b-6982-498c-825d-847b0104f3a2.
[1] 2026-04-19 09:03:26,481 DEBUG Copy logs from: C:\ProgramData\MspPlatform\PME\ThirdPartyPatch\Downloads\f7aa248b-6982-498c-825d-847b0104f3a2\Chrome-upgrade.log to: C:\ProgramData\MspPlatform\PME\ThirdPartyPatch\logs\f7aa248b-6982-498c-825d-847b0104f3a2-Chrome-upgrade.log
[1] 2026-04-19 09:03:26,483 DEBUG Found 1 log(s) Chrome-upgrade.log
[1] 2026-04-19 09:03:26,483 DEBUG Installation.SaveLogs => Finished saving logs for Chrome - f7aa248b-6982-498c-825d-847b0104f3a2.
[1] 2026-04-19 09:03:26,485 DEBUG Checking if MSIExec process is live (possibly another installation)
[1] 2026-04-19 09:03:26,497 DEBUG --- Found [1] instance(s) of MSIExec.
[1] 2026-04-19 09:03:26,497 DEBUG Only helper MSIExec process found, can continue.
[1] 2026-04-19 09:03:26,498 DEBUG --------------------
[1] 2026-04-19 09:03:26,499 DEBUG Launching Command: C:\Windows\system32\cmd.exe /c REG ADD "HKLM\SOFTWARE\Policies\Google\Update" /v "AutoUpdateCheckPeriodMinutes" /d "0" /t REG_SZ /f
[1] 2026-04-19 09:03:26,499 DEBUG --------------------
[1] 2026-04-19 09:03:26,509 DEBUG Process started: 37644
[ReadStdOut] 2026-04-19 09:03:26,540 DEBUG Process Message: The operation completed successfully. 
[ReadStdOut] 2026-04-19 09:03:26,541 DEBUG Process Message:  
[1] 2026-04-19 09:03:26,544 DEBUG Installation.SaveLogs => Started saving logs for Chrome - f7aa248b-6982-498c-825d-847b0104f3a2.
[1] 2026-04-19 09:03:26,545 DEBUG Found 0 log(s) 
[1] 2026-04-19 09:03:26,545 DEBUG Installation.SaveLogs => Finished saving logs for Chrome - f7aa248b-6982-498c-825d-847b0104f3a2.
[1] 2026-04-19 09:03:26,546 DEBUG Checking if MSIExec process is live (possibly another installation)
[1] 2026-04-19 09:03:26,557 DEBUG --- Found [1] instance(s) of MSIExec.
[1] 2026-04-19 09:03:26,557 DEBUG Only helper MSIExec process found, can continue.
[1] 2026-04-19 09:03:26,558 DEBUG --------------------
[1] 2026-04-19 09:03:26,558 DEBUG Launching Command: C:\Windows\system32\cmd.exe /c REG ADD "HKLM\SOFTWARE\Wow6432Node\Policies\Google\Update" /v "AutoUpdateCheckPeriodMinutes" /d "0" /t REG_SZ /f
[1] 2026-04-19 09:03:26,558 DEBUG --------------------
[1] 2026-04-19 09:03:26,567 DEBUG Process started: 29572
[ReadStdOut] 2026-04-19 09:03:26,588 DEBUG Process Message: The operation completed successfully. 
[ReadStdOut] 2026-04-19 09:03:26,589 DEBUG Process Message:  
[1] 2026-04-19 09:03:26,591 DEBUG Installation.SaveLogs => Started saving logs for Chrome - f7aa248b-6982-498c-825d-847b0104f3a2.
[1] 2026-04-19 09:03:26,592 DEBUG Found 0 log(s) 
[1] 2026-04-19 09:03:26,592 DEBUG Installation.SaveLogs => Finished saving logs for Chrome - f7aa248b-6982-498c-825d-847b0104f3a2.
[1] 2026-04-19 09:03:26,593 DEBUG Process Exit code: 0
[1] 2026-04-19 09:03:31,639 INFO  Chrome version installed: [147.0.7727.56] latest version: [147.0.7727.102]
[1] 2026-04-19 09:03:31,640 DEBUG [ Chrome ] Return code: [ ERROR_SUCCESS - Action completed successfully. ]
[1] 2026-04-19 09:03:31,640 DEBUG -----END-----
[1] 2026-04-19 09:03:31,643 DEBUG CleanOldLogs => Started.
[1] 2026-04-19 09:03:31,643 DEBUG CleanOldLogs => Finished.
[1] 2026-04-19 09:03:31,644 DEBUG DONE
[1] 2026-04-19 09:04:38,307 DEBUG =============================== Launch at [19/04/2026 9:04:38] ===============================
[1] 2026-04-19 09:04:38,308 DEBUG ThirdPartyPatch (2.13.11.5031)
[1] 2026-04-19 09:04:38,308 DEBUG System Information: OS: WIN_11 [x64]
[1] 2026-04-19 09:04:38,308 DEBUG Command: ThirdPartyPatch.exe /query all /filter up_to_date /server https://sis.n-able.com 
[1] 2026-04-19 09:04:38,317 DEBUG Found existing Repository XML [C:\ProgramData\MspPlatform\PME\ThirdPartyPatch\Downloads\Repository.xml] backing up to [C:\ProgramData\MspPlatform\PME\ThirdPartyPatch\Downloads\Repository.old] 
[1] 2026-04-19 09:04:38,357 DEBUG Local ThirdPartySoftware Timestamp: [1776423605] Repository Timestamp: [1776423605] Refreshing MetaFiles: [False]
[1] 2026-04-19 09:04:38,412 DEBUG Verifying correct bitness of following product: Google Chrome
[1] 2026-04-19 09:04:38,413 DEBUG Original architecture found for Google Chrome is correct!
[1] 2026-04-19 09:04:38,607 DEBUG Verifying correct bitness of following product: Microsoft Edge
[1] 2026-04-19 09:04:38,607 DEBUG Registry location does not correspond to actual product architecture. Adjusting information...
[1] 2026-04-19 09:04:38,607 DEBUG Product: Microsoft Edge. Previous detected architecture => Is64Bit: False / Corrected architecture => Is64Bit: True
[1] 2026-04-19 09:04:38,804 INFO  Applications matching filter: 3
[1] 2026-04-19 09:04:38,813 INFO  Application: [OneDrive] Installed: [26.55.323.4 (x64) (en)] Latest: [26.51.316.4]
[1] 2026-04-19 09:04:38,821 INFO  Application: [Google Drive] Installed: [123.0.1.0 (x64) (en)] Latest: [115.0.1.0]
[1] 2026-04-19 09:04:38,824 INFO  Application: [Microsoft Edge] Installed: [147.0.3912.72 (x64) (en)] Latest: [147.0.3912.72]
[1] 2026-04-19 09:04:38,826 DEBUG CleanOldLogs => Started.
[1] 2026-04-19 09:04:38,826 DEBUG CleanOldLogs => Finished.
[1] 2026-04-19 09:04:38,827 DEBUG DONE
[1] 2026-04-19 09:04:38,946 DEBUG =============================== Launch at [19/04/2026 9:04:38] ===============================
[1] 2026-04-19 09:04:38,946 DEBUG ThirdPartyPatch (2.13.11.5031)
[1] 2026-04-19 09:04:38,947 DEBUG System Information: OS: WIN_11 [x64]
[1] 2026-04-19 09:04:38,947 DEBUG Command: ThirdPartyPatch.exe /query all /filter update_available /server https://sis.n-able.com 
[1] 2026-04-19 09:04:38,957 DEBUG Found existing Repository XML [C:\ProgramData\MspPlatform\PME\ThirdPartyPatch\Downloads\Repository.xml] backing up to [C:\ProgramData\MspPlatform\PME\ThirdPartyPatch\Downloads\Repository.old] 
[1] 2026-04-19 09:04:39,001 DEBUG Local ThirdPartySoftware Timestamp: [1776423605] Repository Timestamp: [1776423605] Refreshing MetaFiles: [False]
[1] 2026-04-19 09:04:39,061 DEBUG Verifying correct bitness of following product: Google Chrome
[1] 2026-04-19 09:04:39,062 DEBUG Original architecture found for Google Chrome is correct!
[1] 2026-04-19 09:04:39,228 DEBUG Verifying correct bitness of following product: Microsoft Edge
[1] 2026-04-19 09:04:39,228 DEBUG Registry location does not correspond to actual product architecture. Adjusting information...
[1] 2026-04-19 09:04:39,228 DEBUG Product: Microsoft Edge. Previous detected architecture => Is64Bit: False / Corrected architecture => Is64Bit: True
[1] 2026-04-19 09:04:39,383 INFO  Applications matching filter: 1
[1] 2026-04-19 09:04:39,393 INFO  Application: [Chrome] Installed: [147.0.7727.56 (x64) (en)] Latest: [147.0.7727.102]
[1] 2026-04-19 09:04:39,396 DEBUG CleanOldLogs => Started.
[1] 2026-04-19 09:04:39,397 DEBUG CleanOldLogs => Finished.
[1] 2026-04-19 09:04:39,397 DEBUG DONE
[1] 2026-04-19 11:01:21,968 DEBUG =============================== Launch at [19/04/2026 11:01:21] ===============================
[1] 2026-04-19 11:01:21,968 DEBUG ThirdPartyPatch (2.13.11.5031)
[1] 2026-04-19 11:01:21,968 DEBUG System Information: OS: WIN_11 [x64]
[1] 2026-04-19 11:01:21,969 DEBUG Command: ThirdPartyPatch.exe /query all /filter up_to_date /server https://sis.n-able.com 
[1] 2026-04-19 11:01:21,977 DEBUG Found existing Repository XML [C:\ProgramData\MspPlatform\PME\ThirdPartyPatch\Downloads\Repository.xml] backing up to [C:\ProgramData\MspPlatform\PME\ThirdPartyPatch\Downloads\Repository.old] 
[1] 2026-04-19 11:01:22,022 DEBUG Local ThirdPartySoftware Timestamp: [1776423605] Repository Timestamp: [1776423605] Refreshing MetaFiles: [False]
[1] 2026-04-19 11:01:22,074 DEBUG Verifying correct bitness of following product: Google Chrome
[1] 2026-04-19 11:01:22,075 DEBUG Original architecture found for Google Chrome is correct!
[1] 2026-04-19 11:01:22,252 DEBUG Verifying correct bitness of following product: Microsoft Edge
[1] 2026-04-19 11:01:22,252 DEBUG Registry location does not correspond to actual product architecture. Adjusting information...
[1] 2026-04-19 11:01:22,252 DEBUG Product: Microsoft Edge. Previous detected architecture => Is64Bit: False / Corrected architecture => Is64Bit: True
[1] 2026-04-19 11:01:22,434 INFO  Applications matching filter: 3
[1] 2026-04-19 11:01:22,442 INFO  Application: [OneDrive] Installed: [26.55.323.4 (x64) (en)] Latest: [26.51.316.4]
[1] 2026-04-19 11:01:22,451 INFO  Application: [Google Drive] Installed: [123.0.1.0 (x64) (en)] Latest: [115.0.1.0]
[1] 2026-04-19 11:01:22,455 INFO  Application: [Microsoft Edge] Installed: [147.0.3912.72 (x64) (en)] Latest: [147.0.3912.72]
[1] 2026-04-19 11:01:22,456 DEBUG CleanOldLogs => Started.
[1] 2026-04-19 11:01:22,457 DEBUG CleanOldLogs => Finished.
[1] 2026-04-19 11:01:22,457 DEBUG DONE
[1] 2026-04-19 11:01:22,571 DEBUG =============================== Launch at [19/04/2026 11:01:22] ===============================
[1] 2026-04-19 11:01:22,571 DEBUG ThirdPartyPatch (2.13.11.5031)
[1] 2026-04-19 11:01:22,571 DEBUG System Information: OS: WIN_11 [x64]
[1] 2026-04-19 11:01:22,572 DEBUG Command: ThirdPartyPatch.exe /query all /filter update_available /server https://sis.n-able.com 
[1] 2026-04-19 11:01:22,581 DEBUG Found existing Repository XML [C:\ProgramData\MspPlatform\PME\ThirdPartyPatch\Downloads\Repository.xml] backing up to [C:\ProgramData\MspPlatform\PME\ThirdPartyPatch\Downloads\Repository.old] 
[1] 2026-04-19 11:01:22,622 DEBUG Local ThirdPartySoftware Timestamp: [1776423605] Repository Timestamp: [1776423605] Refreshing MetaFiles: [False]
[1] 2026-04-19 11:01:22,673 DEBUG Verifying correct bitness of following product: Google Chrome
[1] 2026-04-19 11:01:22,673 DEBUG Original architecture found for Google Chrome is correct!
[1] 2026-04-19 11:01:22,831 DEBUG Verifying correct bitness of following product: Microsoft Edge
[1] 2026-04-19 11:01:22,831 DEBUG Registry location does not correspond to actual product architecture. Adjusting information...
[1] 2026-04-19 11:01:22,831 DEBUG Product: Microsoft Edge. Previous detected architecture => Is64Bit: False / Corrected architecture => Is64Bit: True
[1] 2026-04-19 11:01:22,979 INFO  Applications matching filter: 1
[1] 2026-04-19 11:01:22,988 INFO  Application: [Chrome] Installed: [147.0.7727.56 (x64) (en)] Latest: [147.0.7727.102]
[1] 2026-04-19 11:01:22,992 DEBUG CleanOldLogs => Started.
[1] 2026-04-19 11:01:22,993 DEBUG CleanOldLogs => Finished.
[1] 2026-04-19 11:01:22,993 DEBUG DONE
[1] 2026-04-20 09:07:21,295 DEBUG =============================== Launch at [20/04/2026 9:07:21] ===============================
[1] 2026-04-20 09:07:21,297 DEBUG ThirdPartyPatch (2.13.11.5031)
[1] 2026-04-20 09:07:21,298 DEBUG System Information: OS: WIN_11 [x64]
[1] 2026-04-20 09:07:21,300 DEBUG Command: ThirdPartyPatch.exe /query all /filter up_to_date /server https://sis.n-able.com 
[1] 2026-04-20 09:07:21,322 DEBUG Found existing Repository XML [C:\ProgramData\MspPlatform\PME\ThirdPartyPatch\Downloads\Repository.xml] backing up to [C:\ProgramData\MspPlatform\PME\ThirdPartyPatch\Downloads\Repository.old] 
[1] 2026-04-20 09:07:31,434 DEBUG Local ThirdPartySoftware Timestamp: [1776423605] Repository Timestamp: [1776423605] Refreshing MetaFiles: [False]
[1] 2026-04-20 09:07:31,575 DEBUG Verifying correct bitness of following product: Google Chrome
[1] 2026-04-20 09:07:31,577 DEBUG Original architecture found for Google Chrome is correct!
[1] 2026-04-20 09:07:32,147 DEBUG Verifying correct bitness of following product: Microsoft Edge
[1] 2026-04-20 09:07:32,147 DEBUG Registry location does not correspond to actual product architecture. Adjusting information...
[1] 2026-04-20 09:07:32,148 DEBUG Product: Microsoft Edge. Previous detected architecture => Is64Bit: False / Corrected architecture => Is64Bit: True
[1] 2026-04-20 09:07:32,565 INFO  Applications matching filter: 3
[1] 2026-04-20 09:07:32,583 INFO  Application: [OneDrive] Installed: [26.55.323.4 (x64) (en)] Latest: [26.51.316.4]
[1] 2026-04-20 09:07:32,600 INFO  Application: [Google Drive] Installed: [123.0.1.0 (x64) (en)] Latest: [115.0.1.0]
[1] 2026-04-20 09:07:32,608 INFO  Application: [Microsoft Edge] Installed: [147.0.3912.72 (x64) (en)] Latest: [147.0.3912.72]
[1] 2026-04-20 09:07:32,612 DEBUG CleanOldLogs => Started.
[1] 2026-04-20 09:07:32,614 DEBUG CleanOldLogs => Finished.
[1] 2026-04-20 09:07:32,615 DEBUG DONE
[1] 2026-04-20 09:07:32,809 DEBUG =============================== Launch at [20/04/2026 9:07:32] ===============================
[1] 2026-04-20 09:07:32,809 DEBUG ThirdPartyPatch (2.13.11.5031)
[1] 2026-04-20 09:07:32,810 DEBUG System Information: OS: WIN_11 [x64]
[1] 2026-04-20 09:07:32,810 DEBUG Command: ThirdPartyPatch.exe /query all /filter update_available /server https://sis.n-able.com 
[1] 2026-04-20 09:07:32,824 DEBUG Found existing Repository XML [C:\ProgramData\MspPlatform\PME\ThirdPartyPatch\Downloads\Repository.xml] backing up to [C:\ProgramData\MspPlatform\PME\ThirdPartyPatch\Downloads\Repository.old] 
[1] 2026-04-20 09:07:32,899 DEBUG Local ThirdPartySoftware Timestamp: [1776423605] Repository Timestamp: [1776423605] Refreshing MetaFiles: [False]
[1] 2026-04-20 09:07:32,980 DEBUG Verifying correct bitness of following product: Google Chrome
[1] 2026-04-20 09:07:32,982 DEBUG Original architecture found for Google Chrome is correct!
[1] 2026-04-20 09:07:33,248 DEBUG Verifying correct bitness of following product: Microsoft Edge
[1] 2026-04-20 09:07:33,248 DEBUG Registry location does not correspond to actual product architecture. Adjusting information...
[1] 2026-04-20 09:07:33,249 DEBUG Product: Microsoft Edge. Previous detected architecture => Is64Bit: False / Corrected architecture => Is64Bit: True
[1] 2026-04-20 09:07:33,572 INFO  Applications matching filter: 1
[1] 2026-04-20 09:07:33,588 INFO  Application: [Chrome] Installed: [147.0.7727.56 (x64) (en)] Latest: [147.0.7727.102]
[1] 2026-04-20 09:07:33,594 DEBUG CleanOldLogs => Started.
[1] 2026-04-20 09:07:33,594 DEBUG CleanOldLogs => Finished.
[1] 2026-04-20 09:07:33,595 DEBUG DONE
[1] 2026-04-20 09:07:45,235 DEBUG =============================== Launch at [20/04/2026 9:07:45] ===============================
[1] 2026-04-20 09:07:45,236 DEBUG ThirdPartyPatch (2.13.11.5031)
[1] 2026-04-20 09:07:45,236 DEBUG System Information: OS: WIN_11 [x64]
[1] 2026-04-20 09:07:45,237 DEBUG Command: ThirdPartyPatch.exe /update Chrome /skipdownload /server https://sis.n-able.com 
[1] 2026-04-20 09:07:45,281 DEBUG Found existing Repository XML [C:\ProgramData\MspPlatform\PME\ThirdPartyPatch\Downloads\Repository.xml] backing up to [C:\ProgramData\MspPlatform\PME\ThirdPartyPatch\Downloads\Repository.old] 
[1] 2026-04-20 09:07:45,346 DEBUG Local ThirdPartySoftware Timestamp: [1776423605] Repository Timestamp: [1776423605] Refreshing MetaFiles: [False]
[1] 2026-04-20 09:07:45,406 DEBUG Verifying correct bitness of following product: Google Chrome
[1] 2026-04-20 09:07:45,408 DEBUG Original architecture found for Google Chrome is correct!
[1] 2026-04-20 09:07:45,409 DEBUG Chrome is installed. (147.0.7727.56)
[1] 2026-04-20 09:07:45,412 DEBUG Update available  [Chrome (147.0.7727.102)].
[1] 2026-04-20 09:07:47,556 DEBUG      Starting install: Chrome
[1] 2026-04-20 09:07:47,557 DEBUG Installing: Chrome [147.0.7727.56] -> [147.0.7727.102]
[1] 2026-04-20 09:07:47,580 DEBUG Getting Commands for OS: [WIN_11] Architecture: [x64] Locale: [en] Upgrade: [True]
[1] 2026-04-20 09:07:48,039 DEBUG Passed checksum verification: [C:\ProgramData\MspPlatform\PME\ThirdPartyPatch\Downloads\f7aa248b-6982-498c-825d-847b0104f3a2\googlechromestandaloneenterprise64.msi]
[1] 2026-04-20 09:07:48,042 DEBUG Executing
[1] 2026-04-20 09:07:48,053 DEBUG Getting Commands for OS: [WIN_11] Architecture: [x64] Locale: [en] Upgrade: [True]
[1] 2026-04-20 09:07:48,057 DEBUG Checking if MSIExec process is live (possibly another installation)
[1] 2026-04-20 09:07:48,077 DEBUG No MSIExec processes are live.
[1] 2026-04-20 09:07:48,078 DEBUG --------------------
[1] 2026-04-20 09:07:48,079 DEBUG Launching Command: msiexec /i googlechromestandaloneenterprise64.msi /qn /norestart /lv Chrome-upgrade.log
[1] 2026-04-20 09:07:48,080 DEBUG --------------------
[1] 2026-04-20 09:07:48,125 DEBUG Process started: 46128
[1] 2026-04-20 09:07:48,802 DEBUG Exit status code: 0: Action completed successfully.
[1] 2026-04-20 09:07:48,805 DEBUG Installation.SaveLogs => Started saving logs for Chrome - f7aa248b-6982-498c-825d-847b0104f3a2.
[1] 2026-04-20 09:07:48,806 DEBUG Copy logs from: C:\ProgramData\MspPlatform\PME\ThirdPartyPatch\Downloads\f7aa248b-6982-498c-825d-847b0104f3a2\Chrome-upgrade.log to: C:\ProgramData\MspPlatform\PME\ThirdPartyPatch\logs\f7aa248b-6982-498c-825d-847b0104f3a2-Chrome-upgrade.log
[1] 2026-04-20 09:07:48,808 DEBUG Found 1 log(s) Chrome-upgrade.log
[1] 2026-04-20 09:07:48,808 DEBUG Installation.SaveLogs => Finished saving logs for Chrome - f7aa248b-6982-498c-825d-847b0104f3a2.
[1] 2026-04-20 09:07:48,809 DEBUG Checking if MSIExec process is live (possibly another installation)
[1] 2026-04-20 09:07:48,820 DEBUG --- Found [1] instance(s) of MSIExec.
[1] 2026-04-20 09:07:48,821 DEBUG Only helper MSIExec process found, can continue.
[1] 2026-04-20 09:07:48,822 DEBUG --------------------
[1] 2026-04-20 09:07:48,822 DEBUG Launching Command: C:\Windows\system32\cmd.exe /c REG ADD "HKLM\SOFTWARE\Policies\Google\Update" /v "AutoUpdateCheckPeriodMinutes" /d "0" /t REG_SZ /f
[1] 2026-04-20 09:07:48,823 DEBUG --------------------
[1] 2026-04-20 09:07:48,839 DEBUG Process started: 38504
[ReadStdOut] 2026-04-20 09:07:48,873 DEBUG Process Message: The operation completed successfully. 
[ReadStdOut] 2026-04-20 09:07:48,873 DEBUG Process Message:  
[1] 2026-04-20 09:07:48,877 DEBUG Installation.SaveLogs => Started saving logs for Chrome - f7aa248b-6982-498c-825d-847b0104f3a2.
[1] 2026-04-20 09:07:48,878 DEBUG Found 0 log(s) 
[1] 2026-04-20 09:07:48,878 DEBUG Installation.SaveLogs => Finished saving logs for Chrome - f7aa248b-6982-498c-825d-847b0104f3a2.
[1] 2026-04-20 09:07:48,879 DEBUG Checking if MSIExec process is live (possibly another installation)
[1] 2026-04-20 09:07:48,898 DEBUG --- Found [1] instance(s) of MSIExec.
[1] 2026-04-20 09:07:48,900 DEBUG Only helper MSIExec process found, can continue.
[1] 2026-04-20 09:07:48,901 DEBUG --------------------
[1] 2026-04-20 09:07:48,901 DEBUG Launching Command: C:\Windows\system32\cmd.exe /c REG ADD "HKLM\SOFTWARE\Wow6432Node\Policies\Google\Update" /v "AutoUpdateCheckPeriodMinutes" /d "0" /t REG_SZ /f
[1] 2026-04-20 09:07:48,902 DEBUG --------------------
[1] 2026-04-20 09:07:48,917 DEBUG Process started: 39480
[ReadStdOut] 2026-04-20 09:07:48,956 DEBUG Process Message: The operation completed successfully. 
[ReadStdOut] 2026-04-20 09:07:48,957 DEBUG Process Message:  
[1] 2026-04-20 09:07:48,961 DEBUG Installation.SaveLogs => Started saving logs for Chrome - f7aa248b-6982-498c-825d-847b0104f3a2.
[1] 2026-04-20 09:07:48,962 DEBUG Found 0 log(s) 
[1] 2026-04-20 09:07:48,964 DEBUG Installation.SaveLogs => Finished saving logs for Chrome - f7aa248b-6982-498c-825d-847b0104f3a2.
[1] 2026-04-20 09:07:48,965 DEBUG Process Exit code: 0
[1] 2026-04-20 09:07:54,020 INFO  Chrome version installed: [147.0.7727.56] latest version: [147.0.7727.102]
[1] 2026-04-20 09:07:54,021 DEBUG [ Chrome ] Return code: [ ERROR_SUCCESS - Action completed successfully. ]
[1] 2026-04-20 09:07:54,023 DEBUG -----END-----
[1] 2026-04-20 09:07:54,027 DEBUG CleanOldLogs => Started.
[1] 2026-04-20 09:07:54,027 DEBUG CleanOldLogs => Finished.
[1] 2026-04-20 09:07:54,029 DEBUG DONE
[1] 2026-04-20 09:08:57,251 DEBUG =============================== Launch at [20/04/2026 9:08:57] ===============================
[1] 2026-04-20 09:08:57,251 DEBUG ThirdPartyPatch (2.13.11.5031)
[1] 2026-04-20 09:08:57,252 DEBUG System Information: OS: WIN_11 [x64]
[1] 2026-04-20 09:08:57,252 DEBUG Command: ThirdPartyPatch.exe /query all /filter up_to_date /server https://sis.n-able.com 
[1] 2026-04-20 09:08:57,265 DEBUG Found existing Repository XML [C:\ProgramData\MspPlatform\PME\ThirdPartyPatch\Downloads\Repository.xml] backing up to [C:\ProgramData\MspPlatform\PME\ThirdPartyPatch\Downloads\Repository.old] 
[1] 2026-04-20 09:08:57,327 DEBUG Local ThirdPartySoftware Timestamp: [1776423605] Repository Timestamp: [1776423605] Refreshing MetaFiles: [False]
[1] 2026-04-20 09:08:57,411 DEBUG Verifying correct bitness of following product: Google Chrome
[1] 2026-04-20 09:08:57,412 DEBUG Original architecture found for Google Chrome is correct!
[1] 2026-04-20 09:08:57,695 DEBUG Verifying correct bitness of following product: Microsoft Edge
[1] 2026-04-20 09:08:57,696 DEBUG Registry location does not correspond to actual product architecture. Adjusting information...
[1] 2026-04-20 09:08:57,696 DEBUG Product: Microsoft Edge. Previous detected architecture => Is64Bit: False / Corrected architecture => Is64Bit: True
[1] 2026-04-20 09:08:57,972 INFO  Applications matching filter: 3
[1] 2026-04-20 09:08:57,985 INFO  Application: [OneDrive] Installed: [26.55.323.4 (x64) (en)] Latest: [26.51.316.4]
[1] 2026-04-20 09:08:57,997 INFO  Application: [Google Drive] Installed: [123.0.1.0 (x64) (en)] Latest: [115.0.1.0]
[1] 2026-04-20 09:08:58,002 INFO  Application: [Microsoft Edge] Installed: [147.0.3912.72 (x64) (en)] Latest: [147.0.3912.72]
[1] 2026-04-20 09:08:58,005 DEBUG CleanOldLogs => Started.
[1] 2026-04-20 09:08:58,005 DEBUG CleanOldLogs => Finished.
[1] 2026-04-20 09:08:58,005 DEBUG DONE
[1] 2026-04-20 09:08:58,181 DEBUG =============================== Launch at [20/04/2026 9:08:58] ===============================
[1] 2026-04-20 09:08:58,181 DEBUG ThirdPartyPatch (2.13.11.5031)
[1] 2026-04-20 09:08:58,183 DEBUG System Information: OS: WIN_11 [x64]
[1] 2026-04-20 09:08:58,184 DEBUG Command: ThirdPartyPatch.exe /query all /filter update_available /server https://sis.n-able.com 
[1] 2026-04-20 09:08:58,199 DEBUG Found existing Repository XML [C:\ProgramData\MspPlatform\PME\ThirdPartyPatch\Downloads\Repository.xml] backing up to [C:\ProgramData\MspPlatform\PME\ThirdPartyPatch\Downloads\Repository.old] 
[1] 2026-04-20 09:08:58,260 DEBUG Local ThirdPartySoftware Timestamp: [1776423605] Repository Timestamp: [1776423605] Refreshing MetaFiles: [False]
[1] 2026-04-20 09:08:58,338 DEBUG Verifying correct bitness of following product: Google Chrome
[1] 2026-04-20 09:08:58,339 DEBUG Original architecture found for Google Chrome is correct!
[1] 2026-04-20 09:08:58,640 DEBUG Verifying correct bitness of following product: Microsoft Edge
[1] 2026-04-20 09:08:58,640 DEBUG Registry location does not correspond to actual product architecture. Adjusting information...
[1] 2026-04-20 09:08:58,642 DEBUG Product: Microsoft Edge. Previous detected architecture => Is64Bit: False / Corrected architecture => Is64Bit: True
[1] 2026-04-20 09:08:58,931 INFO  Applications matching filter: 1
[1] 2026-04-20 09:08:58,946 INFO  Application: [Chrome] Installed: [147.0.7727.56 (x64) (en)] Latest: [147.0.7727.102]
[1] 2026-04-20 09:08:58,952 DEBUG CleanOldLogs => Started.
[1] 2026-04-20 09:08:58,952 DEBUG CleanOldLogs => Finished.
[1] 2026-04-20 09:08:58,953 DEBUG DONE
[1] 2026-04-20 11:03:39,394 DEBUG =============================== Launch at [20/04/2026 11:03:39] ===============================
[1] 2026-04-20 11:03:39,395 DEBUG ThirdPartyPatch (2.13.11.5031)
[1] 2026-04-20 11:03:39,396 DEBUG System Information: OS: WIN_11 [x64]
[1] 2026-04-20 11:03:39,396 DEBUG Command: ThirdPartyPatch.exe /query all /filter up_to_date /server https://sis.n-able.com 
[1] 2026-04-20 11:03:39,411 DEBUG Found existing Repository XML [C:\ProgramData\MspPlatform\PME\ThirdPartyPatch\Downloads\Repository.xml] backing up to [C:\ProgramData\MspPlatform\PME\ThirdPartyPatch\Downloads\Repository.old] 
[1] 2026-04-20 11:03:39,480 DEBUG Local ThirdPartySoftware Timestamp: [1776423605] Repository Timestamp: [1776423605] Refreshing MetaFiles: [False]
[1] 2026-04-20 11:03:39,583 DEBUG Verifying correct bitness of following product: Google Chrome
[1] 2026-04-20 11:03:39,585 DEBUG Original architecture found for Google Chrome is correct!
[1] 2026-04-20 11:03:39,939 DEBUG Verifying correct bitness of following product: Microsoft Edge
[1] 2026-04-20 11:03:39,940 DEBUG Registry location does not correspond to actual product architecture. Adjusting information...
[1] 2026-04-20 11:03:39,941 DEBUG Product: Microsoft Edge. Previous detected architecture => Is64Bit: False / Corrected architecture => Is64Bit: True
[1] 2026-04-20 11:03:40,249 INFO  Applications matching filter: 3
[1] 2026-04-20 11:03:40,266 INFO  Application: [OneDrive] Installed: [26.55.323.4 (x64) (en)] Latest: [26.51.316.4]
[1] 2026-04-20 11:03:40,282 INFO  Application: [Google Drive] Installed: [123.0.1.0 (x64) (en)] Latest: [115.0.1.0]
[1] 2026-04-20 11:03:40,289 INFO  Application: [Microsoft Edge] Installed: [147.0.3912.72 (x64) (en)] Latest: [147.0.3912.72]
[1] 2026-04-20 11:03:40,293 DEBUG CleanOldLogs => Started.
[1] 2026-04-20 11:03:40,294 DEBUG CleanOldLogs => Finished.
[1] 2026-04-20 11:03:40,294 DEBUG DONE
[1] 2026-04-20 11:03:40,477 DEBUG =============================== Launch at [20/04/2026 11:03:40] ===============================
[1] 2026-04-20 11:03:40,479 DEBUG ThirdPartyPatch (2.13.11.5031)
[1] 2026-04-20 11:03:40,479 DEBUG System Information: OS: WIN_11 [x64]
[1] 2026-04-20 11:03:40,480 DEBUG Command: ThirdPartyPatch.exe /query all /filter update_available /server https://sis.n-able.com 
[1] 2026-04-20 11:03:40,492 DEBUG Found existing Repository XML [C:\ProgramData\MspPlatform\PME\ThirdPartyPatch\Downloads\Repository.xml] backing up to [C:\ProgramData\MspPlatform\PME\ThirdPartyPatch\Downloads\Repository.old] 
[1] 2026-04-20 11:03:40,554 DEBUG Local ThirdPartySoftware Timestamp: [1776423605] Repository Timestamp: [1776423605] Refreshing MetaFiles: [False]
[1] 2026-04-20 11:03:40,634 DEBUG Verifying correct bitness of following product: Google Chrome
[1] 2026-04-20 11:03:40,635 DEBUG Original architecture found for Google Chrome is correct!
[1] 2026-04-20 11:03:40,939 DEBUG Verifying correct bitness of following product: Microsoft Edge
[1] 2026-04-20 11:03:40,939 DEBUG Registry location does not correspond to actual product architecture. Adjusting information...
[1] 2026-04-20 11:03:40,940 DEBUG Product: Microsoft Edge. Previous detected architecture => Is64Bit: False / Corrected architecture => Is64Bit: True
[1] 2026-04-20 11:03:41,212 INFO  Applications matching filter: 1
[1] 2026-04-20 11:03:41,226 INFO  Application: [Chrome] Installed: [147.0.7727.56 (x64) (en)] Latest: [147.0.7727.102]
[1] 2026-04-20 11:03:41,231 DEBUG CleanOldLogs => Started.
[1] 2026-04-20 11:03:41,231 DEBUG CleanOldLogs => Finished.
[1] 2026-04-20 11:03:41,232 DEBUG DONE
[1] 2026-04-21 09:05:28,966 DEBUG =============================== Launch at [21/04/2026 9:05:28] ===============================
[1] 2026-04-21 09:05:28,967 DEBUG ThirdPartyPatch (2.13.11.5031)
[1] 2026-04-21 09:05:28,968 DEBUG System Information: OS: WIN_11 [x64]
[1] 2026-04-21 09:05:28,968 DEBUG Command: ThirdPartyPatch.exe /query all /filter up_to_date /server https://sis.n-able.com 
[1] 2026-04-21 09:05:28,980 DEBUG Found existing Repository XML [C:\ProgramData\MspPlatform\PME\ThirdPartyPatch\Downloads\Repository.xml] backing up to [C:\ProgramData\MspPlatform\PME\ThirdPartyPatch\Downloads\Repository.old] 
[1] 2026-04-21 09:50:31,945 DEBUG Local ThirdPartySoftware Timestamp: [1776423605] Repository Timestamp: [1776423605] Refreshing MetaFiles: [False]
[1] 2026-04-21 09:50:32,147 DEBUG Verifying correct bitness of following product: Google Chrome
[1] 2026-04-21 09:50:32,151 DEBUG Original architecture found for Google Chrome is correct!
[1] 2026-04-21 09:50:32,842 DEBUG Verifying correct bitness of following product: Microsoft Edge
[1] 2026-04-21 09:50:32,844 DEBUG Registry location does not correspond to actual product architecture. Adjusting information...
[1] 2026-04-21 09:50:32,845 DEBUG Product: Microsoft Edge. Previous detected architecture => Is64Bit: False / Corrected architecture => Is64Bit: True
[1] 2026-04-21 09:50:33,595 INFO  Applications matching filter: 3
[1] 2026-04-21 09:50:33,629 INFO  Application: [OneDrive] Installed: [26.55.323.4 (x64) (en)] Latest: [26.51.316.4]
[1] 2026-04-21 09:50:33,661 INFO  Application: [Google Drive] Installed: [123.0.1.0 (x64) (en)] Latest: [115.0.1.0]
[1] 2026-04-21 09:50:33,672 INFO  Application: [Microsoft Edge] Installed: [147.0.3912.72 (x64) (en)] Latest: [147.0.3912.72]
[1] 2026-04-21 09:50:33,679 DEBUG CleanOldLogs => Started.
[1] 2026-04-21 09:50:33,680 DEBUG CleanOldLogs => Finished.
[1] 2026-04-21 09:50:33,682 DEBUG DONE
[1] 2026-04-21 09:50:33,984 DEBUG =============================== Launch at [21/04/2026 9:50:33] ===============================
[1] 2026-04-21 09:50:33,985 DEBUG ThirdPartyPatch (2.13.11.5031)
[1] 2026-04-21 09:50:33,987 DEBUG System Information: OS: WIN_11 [x64]
[1] 2026-04-21 09:50:33,988 DEBUG Command: ThirdPartyPatch.exe /query all /filter update_available /server https://sis.n-able.com 
[1] 2026-04-21 09:50:34,007 DEBUG Found existing Repository XML [C:\ProgramData\MspPlatform\PME\ThirdPartyPatch\Downloads\Repository.xml] backing up to [C:\ProgramData\MspPlatform\PME\ThirdPartyPatch\Downloads\Repository.old] 
[1] 2026-04-21 09:50:34,108 DEBUG Local ThirdPartySoftware Timestamp: [1776423605] Repository Timestamp: [1776423605] Refreshing MetaFiles: [False]
[1] 2026-04-21 09:50:34,269 DEBUG Verifying correct bitness of following product: Google Chrome
[1] 2026-04-21 09:50:34,270 DEBUG Original architecture found for Google Chrome is correct!
[1] 2026-04-21 09:50:35,002 DEBUG Verifying correct bitness of following product: Microsoft Edge
[1] 2026-04-21 09:50:35,003 DEBUG Registry location does not correspond to actual product architecture. Adjusting information...
[1] 2026-04-21 09:50:35,004 DEBUG Product: Microsoft Edge. Previous detected architecture => Is64Bit: False / Corrected architecture => Is64Bit: True
[1] 2026-04-21 09:50:35,571 INFO  Applications matching filter: 1
[1] 2026-04-21 09:50:35,603 INFO  Application: [Chrome] Installed: [147.0.7727.56 (x64) (en)] Latest: [147.0.7727.102]
[1] 2026-04-21 09:50:35,618 DEBUG CleanOldLogs => Started.
[1] 2026-04-21 09:50:35,620 DEBUG CleanOldLogs => Finished.
[1] 2026-04-21 09:50:35,621 DEBUG DONE
[1] 2026-04-21 09:50:37,633 DEBUG =============================== Launch at [21/04/2026 9:50:37] ===============================
[1] 2026-04-21 09:50:37,634 DEBUG ThirdPartyPatch (2.13.11.5031)
[1] 2026-04-21 09:50:37,635 DEBUG System Information: OS: WIN_11 [x64]
[1] 2026-04-21 09:50:37,636 DEBUG Command: ThirdPartyPatch.exe /update Chrome /skipdownload /server https://sis.n-able.com 
[1] 2026-04-21 09:50:37,651 DEBUG Found existing Repository XML [C:\ProgramData\MspPlatform\PME\ThirdPartyPatch\Downloads\Repository.xml] backing up to [C:\ProgramData\MspPlatform\PME\ThirdPartyPatch\Downloads\Repository.old] 
[1] 2026-04-21 09:50:37,729 DEBUG Local ThirdPartySoftware Timestamp: [1776423605] Repository Timestamp: [1776423605] Refreshing MetaFiles: [False]
[1] 2026-04-21 09:50:37,802 DEBUG Verifying correct bitness of following product: Google Chrome
[1] 2026-04-21 09:50:37,804 DEBUG Original architecture found for Google Chrome is correct!
[1] 2026-04-21 09:50:37,805 DEBUG Chrome is installed. (147.0.7727.56)
[1] 2026-04-21 09:50:37,807 DEBUG Update available  [Chrome (147.0.7727.102)].
[1] 2026-04-21 09:50:39,915 DEBUG      Starting install: Chrome
[1] 2026-04-21 09:50:39,916 DEBUG Installing: Chrome [147.0.7727.56] -> [147.0.7727.102]
[1] 2026-04-21 09:50:39,929 DEBUG Getting Commands for OS: [WIN_11] Architecture: [x64] Locale: [en] Upgrade: [True]
[1] 2026-04-21 09:50:40,282 DEBUG Passed checksum verification: [C:\ProgramData\MspPlatform\PME\ThirdPartyPatch\Downloads\f7aa248b-6982-498c-825d-847b0104f3a2\googlechromestandaloneenterprise64.msi]
[1] 2026-04-21 09:50:40,284 DEBUG Executing
[1] 2026-04-21 09:50:40,295 DEBUG Getting Commands for OS: [WIN_11] Architecture: [x64] Locale: [en] Upgrade: [True]
[1] 2026-04-21 09:50:40,300 DEBUG Checking if MSIExec process is live (possibly another installation)
[1] 2026-04-21 09:50:40,319 DEBUG No MSIExec processes are live.
[1] 2026-04-21 09:50:40,320 DEBUG --------------------
[1] 2026-04-21 09:50:40,321 DEBUG Launching Command: msiexec /i googlechromestandaloneenterprise64.msi /qn /norestart /lv Chrome-upgrade.log
[1] 2026-04-21 09:50:40,321 DEBUG --------------------
[1] 2026-04-21 09:50:40,332 DEBUG Process started: 47316
[1] 2026-04-21 09:50:40,901 DEBUG Exit status code: 0: Action completed successfully.
[1] 2026-04-21 09:50:40,904 DEBUG Installation.SaveLogs => Started saving logs for Chrome - f7aa248b-6982-498c-825d-847b0104f3a2.
[1] 2026-04-21 09:50:40,906 DEBUG Copy logs from: C:\ProgramData\MspPlatform\PME\ThirdPartyPatch\Downloads\f7aa248b-6982-498c-825d-847b0104f3a2\Chrome-upgrade.log to: C:\ProgramData\MspPlatform\PME\ThirdPartyPatch\logs\f7aa248b-6982-498c-825d-847b0104f3a2-Chrome-upgrade.log
[1] 2026-04-21 09:50:40,910 DEBUG Found 1 log(s) Chrome-upgrade.log
[1] 2026-04-21 09:50:40,910 DEBUG Installation.SaveLogs => Finished saving logs for Chrome - f7aa248b-6982-498c-825d-847b0104f3a2.
[1] 2026-04-21 09:50:40,911 DEBUG Checking if MSIExec process is live (possibly another installation)
[1] 2026-04-21 09:50:40,923 DEBUG --- Found [1] instance(s) of MSIExec.
[1] 2026-04-21 09:50:40,924 DEBUG Only helper MSIExec process found, can continue.
[1] 2026-04-21 09:50:40,925 DEBUG --------------------
[1] 2026-04-21 09:50:40,926 DEBUG Launching Command: C:\Windows\system32\cmd.exe /c REG ADD "HKLM\SOFTWARE\Policies\Google\Update" /v "AutoUpdateCheckPeriodMinutes" /d "0" /t REG_SZ /f
[1] 2026-04-21 09:50:40,926 DEBUG --------------------
[1] 2026-04-21 09:50:40,942 DEBUG Process started: 12072
[ReadStdOut] 2026-04-21 09:50:40,986 DEBUG Process Message: The operation completed successfully. 
[ReadStdOut] 2026-04-21 09:50:40,987 DEBUG Process Message:  
[1] 2026-04-21 09:50:40,992 DEBUG Installation.SaveLogs => Started saving logs for Chrome - f7aa248b-6982-498c-825d-847b0104f3a2.
[1] 2026-04-21 09:50:40,993 DEBUG Found 0 log(s) 
[1] 2026-04-21 09:50:40,993 DEBUG Installation.SaveLogs => Finished saving logs for Chrome - f7aa248b-6982-498c-825d-847b0104f3a2.
[1] 2026-04-21 09:50:40,994 DEBUG Checking if MSIExec process is live (possibly another installation)
[1] 2026-04-21 09:50:41,018 DEBUG --- Found [1] instance(s) of MSIExec.
[1] 2026-04-21 09:50:41,019 DEBUG Only helper MSIExec process found, can continue.
[1] 2026-04-21 09:50:41,019 DEBUG --------------------
[1] 2026-04-21 09:50:41,020 DEBUG Launching Command: C:\Windows\system32\cmd.exe /c REG ADD "HKLM\SOFTWARE\Wow6432Node\Policies\Google\Update" /v "AutoUpdateCheckPeriodMinutes" /d "0" /t REG_SZ /f
[1] 2026-04-21 09:50:41,021 DEBUG --------------------
[1] 2026-04-21 09:50:41,034 DEBUG Process started: 27496
[ReadStdOut] 2026-04-21 09:50:41,068 DEBUG Process Message: The operation completed successfully. 
[ReadStdOut] 2026-04-21 09:50:41,069 DEBUG Process Message:  
[1] 2026-04-21 09:50:41,074 DEBUG Installation.SaveLogs => Started saving logs for Chrome - f7aa248b-6982-498c-825d-847b0104f3a2.
[1] 2026-04-21 09:50:41,075 DEBUG Found 0 log(s) 
[1] 2026-04-21 09:50:41,076 DEBUG Installation.SaveLogs => Finished saving logs for Chrome - f7aa248b-6982-498c-825d-847b0104f3a2.
[1] 2026-04-21 09:50:41,077 DEBUG Process Exit code: 0
[1] 2026-04-21 09:50:46,137 INFO  Chrome version installed: [147.0.7727.56] latest version: [147.0.7727.102]
[1] 2026-04-21 09:50:46,139 DEBUG [ Chrome ] Return code: [ ERROR_SUCCESS - Action completed successfully. ]
[1] 2026-04-21 09:50:46,139 DEBUG -----END-----
[1] 2026-04-21 09:50:46,142 DEBUG CleanOldLogs => Started.
[1] 2026-04-21 09:50:46,142 DEBUG CleanOldLogs => Finished.
[1] 2026-04-21 09:50:46,143 DEBUG DONE
[1] 2026-04-21 09:52:20,864 DEBUG =============================== Launch at [21/04/2026 9:52:20] ===============================
[1] 2026-04-21 09:52:20,865 DEBUG ThirdPartyPatch (2.13.11.5031)
[1] 2026-04-21 09:52:20,865 DEBUG System Information: OS: WIN_11 [x64]
[1] 2026-04-21 09:52:20,867 DEBUG Command: ThirdPartyPatch.exe /query all /filter up_to_date /server https://sis.n-able.com 
[1] 2026-04-21 09:52:20,880 DEBUG Found existing Repository XML [C:\ProgramData\MspPlatform\PME\ThirdPartyPatch\Downloads\Repository.xml] backing up to [C:\ProgramData\MspPlatform\PME\ThirdPartyPatch\Downloads\Repository.old] 
[1] 2026-04-21 09:52:20,945 DEBUG Local ThirdPartySoftware Timestamp: [1776423605] Repository Timestamp: [1776423605] Refreshing MetaFiles: [False]
[1] 2026-04-21 09:52:21,026 DEBUG Verifying correct bitness of following product: Google Chrome
[1] 2026-04-21 09:52:21,028 DEBUG Original architecture found for Google Chrome is correct!
[1] 2026-04-21 09:52:21,368 DEBUG Verifying correct bitness of following product: Microsoft Edge
[1] 2026-04-21 09:52:21,369 DEBUG Registry location does not correspond to actual product architecture. Adjusting information...
[1] 2026-04-21 09:52:21,369 DEBUG Product: Microsoft Edge. Previous detected architecture => Is64Bit: False / Corrected architecture => Is64Bit: True
[1] 2026-04-21 09:52:21,649 INFO  Applications matching filter: 3
[1] 2026-04-21 09:52:21,671 INFO  Application: [OneDrive] Installed: [26.55.323.4 (x64) (en)] Latest: [26.51.316.4]
[1] 2026-04-21 09:52:21,684 INFO  Application: [Google Drive] Installed: [123.0.1.0 (x64) (en)] Latest: [115.0.1.0]
[1] 2026-04-21 09:52:21,693 INFO  Application: [Microsoft Edge] Installed: [147.0.3912.72 (x64) (en)] Latest: [147.0.3912.72]
[1] 2026-04-21 09:52:21,696 DEBUG CleanOldLogs => Started.
[1] 2026-04-21 09:52:21,697 DEBUG CleanOldLogs => Finished.
[1] 2026-04-21 09:52:21,698 DEBUG DONE
[1] 2026-04-21 09:52:21,894 DEBUG =============================== Launch at [21/04/2026 9:52:21] ===============================
[1] 2026-04-21 09:52:21,895 DEBUG ThirdPartyPatch (2.13.11.5031)
[1] 2026-04-21 09:52:21,895 DEBUG System Information: OS: WIN_11 [x64]
[1] 2026-04-21 09:52:21,896 DEBUG Command: ThirdPartyPatch.exe /query all /filter update_available /server https://sis.n-able.com 
[1] 2026-04-21 09:52:21,910 DEBUG Found existing Repository XML [C:\ProgramData\MspPlatform\PME\ThirdPartyPatch\Downloads\Repository.xml] backing up to [C:\ProgramData\MspPlatform\PME\ThirdPartyPatch\Downloads\Repository.old] 
[1] 2026-04-21 09:52:21,976 DEBUG Local ThirdPartySoftware Timestamp: [1776423605] Repository Timestamp: [1776423605] Refreshing MetaFiles: [False]
[1] 2026-04-21 09:52:22,058 DEBUG Verifying correct bitness of following product: Google Chrome
[1] 2026-04-21 09:52:22,060 DEBUG Original architecture found for Google Chrome is correct!
[1] 2026-04-21 09:52:22,359 DEBUG Verifying correct bitness of following product: Microsoft Edge
[1] 2026-04-21 09:52:22,360 DEBUG Registry location does not correspond to actual product architecture. Adjusting information...
[1] 2026-04-21 09:52:22,360 DEBUG Product: Microsoft Edge. Previous detected architecture => Is64Bit: False / Corrected architecture => Is64Bit: True
[1] 2026-04-21 09:52:22,604 INFO  Applications matching filter: 1
[1] 2026-04-21 09:52:22,620 INFO  Application: [Chrome] Installed: [147.0.7727.56 (x64) (en)] Latest: [147.0.7727.102]
[1] 2026-04-21 09:52:22,625 DEBUG CleanOldLogs => Started.
[1] 2026-04-21 09:52:22,627 DEBUG CleanOldLogs => Finished.
[1] 2026-04-21 09:52:22,627 DEBUG DONE
[1] 2026-04-23 08:45:23,309 DEBUG =============================== Launch at [23/04/2026 8:45:23] ===============================
[1] 2026-04-23 08:45:23,310 DEBUG ThirdPartyPatch (2.13.11.5031)
[1] 2026-04-23 08:45:23,310 DEBUG System Information: OS: WIN_11 [x64]
[1] 2026-04-23 08:45:23,310 DEBUG Command: ThirdPartyPatch.exe /query all /filter up_to_date /server https://sis.n-able.com 
[1] 2026-04-23 08:45:23,320 DEBUG Found existing Repository XML [C:\ProgramData\MspPlatform\PME\ThirdPartyPatch\Downloads\Repository.xml] backing up to [C:\ProgramData\MspPlatform\PME\ThirdPartyPatch\Downloads\Repository.old] 
[1] 2026-04-23 08:45:33,391 DEBUG Local ThirdPartySoftware Timestamp: [1776423605] Repository Timestamp: [1776855887] Refreshing MetaFiles: [True]
[1] 2026-04-23 08:45:33,395 DEBUG CleanOldLogs => Started.
[1] 2026-04-23 08:45:33,396 DEBUG CleanOldLogs => Finished.
[1] 2026-04-23 08:45:43,490 DEBUG Verifying correct bitness of following product: Google Chrome
[1] 2026-04-23 08:45:43,491 DEBUG Original architecture found for Google Chrome is correct!
[1] 2026-04-23 08:45:43,808 DEBUG Verifying correct bitness of following product: Microsoft Edge
[1] 2026-04-23 08:45:43,809 DEBUG Registry location does not correspond to actual product architecture. Adjusting information...
[1] 2026-04-23 08:45:43,809 DEBUG Product: Microsoft Edge. Previous detected architecture => Is64Bit: False / Corrected architecture => Is64Bit: True
[1] 2026-04-23 08:46:14,191 INFO  Applications matching filter: 3
[1] 2026-04-23 08:46:24,238 INFO  Application: [OneDrive] Installed: [26.55.323.4 (x64) (en)] Latest: [26.55.323.4]
[1] 2026-04-23 08:46:24,252 INFO  Application: [Google Drive] Installed: [123.0.1.0 (x64) (en)] Latest: [115.0.1.0]
[1] 2026-04-23 08:46:24,258 INFO  Application: [Microsoft Edge] Installed: [147.0.3912.72 (x64) (en)] Latest: [147.0.3912.72]
[1] 2026-04-23 08:46:24,260 DEBUG CleanOldLogs => Started.
[1] 2026-04-23 08:46:24,261 DEBUG CleanOldLogs => Finished.
[1] 2026-04-23 08:46:24,261 DEBUG DONE
[1] 2026-04-23 08:46:24,382 DEBUG =============================== Launch at [23/04/2026 8:46:24] ===============================
[1] 2026-04-23 08:46:24,382 DEBUG ThirdPartyPatch (2.13.11.5031)
[1] 2026-04-23 08:46:24,383 DEBUG System Information: OS: WIN_11 [x64]
[1] 2026-04-23 08:46:24,383 DEBUG Command: ThirdPartyPatch.exe /query all /filter update_available /server https://sis.n-able.com 
[1] 2026-04-23 08:46:24,431 DEBUG Local ThirdPartySoftware Timestamp: [1776855887] Repository Timestamp: [1776855887] Refreshing MetaFiles: [False]
[1] 2026-04-23 08:46:24,481 DEBUG Verifying correct bitness of following product: Google Chrome
[1] 2026-04-23 08:46:24,483 DEBUG Original architecture found for Google Chrome is correct!
[1] 2026-04-23 08:46:24,661 DEBUG Verifying correct bitness of following product: Microsoft Edge
[1] 2026-04-23 08:46:24,662 DEBUG Registry location does not correspond to actual product architecture. Adjusting information...
[1] 2026-04-23 08:46:24,662 DEBUG Product: Microsoft Edge. Previous detected architecture => Is64Bit: False / Corrected architecture => Is64Bit: True
[1] 2026-04-23 08:46:34,885 INFO  Applications matching filter: 1
[1] 2026-04-23 08:46:34,906 INFO  Application: [Chrome] Installed: [147.0.7727.56 (x64) (en)] Latest: [147.0.7727.102]
[1] 2026-04-23 08:46:34,912 DEBUG CleanOldLogs => Started.
[1] 2026-04-23 08:46:34,912 DEBUG CleanOldLogs => Finished.
[1] 2026-04-23 08:46:34,913 DEBUG DONE
[1] 2026-04-23 08:48:13,830 DEBUG =============================== Launch at [23/04/2026 8:48:13] ===============================
[1] 2026-04-23 08:48:13,831 DEBUG ThirdPartyPatch (2.13.11.5031)
[1] 2026-04-23 08:48:13,832 DEBUG System Information: OS: WIN_11 [x64]
[1] 2026-04-23 08:48:13,832 DEBUG Command: ThirdPartyPatch.exe /query all /filter up_to_date /server https://sis.n-able.com 
[1] 2026-04-23 08:48:13,843 DEBUG Found existing Repository XML [C:\ProgramData\MspPlatform\PME\ThirdPartyPatch\Downloads\Repository.xml] backing up to [C:\ProgramData\MspPlatform\PME\ThirdPartyPatch\Downloads\Repository.old] 
[1] 2026-04-23 08:48:13,899 DEBUG Local ThirdPartySoftware Timestamp: [1776855887] Repository Timestamp: [1776855887] Refreshing MetaFiles: [False]
[1] 2026-04-23 08:48:13,960 DEBUG Verifying correct bitness of following product: Google Chrome
[1] 2026-04-23 08:48:13,961 DEBUG Original architecture found for Google Chrome is correct!
[1] 2026-04-23 08:48:14,164 DEBUG Verifying correct bitness of following product: Microsoft Edge
[1] 2026-04-23 08:48:14,165 DEBUG Registry location does not correspond to actual product architecture. Adjusting information...
[1] 2026-04-23 08:48:14,165 DEBUG Product: Microsoft Edge. Previous detected architecture => Is64Bit: False / Corrected architecture => Is64Bit: True
[1] 2026-04-23 08:48:14,354 INFO  Applications matching filter: 3
[1] 2026-04-23 08:48:14,364 INFO  Application: [OneDrive] Installed: [26.55.323.4 (x64) (en)] Latest: [26.55.323.4]
[1] 2026-04-23 08:48:14,372 INFO  Application: [Google Drive] Installed: [123.0.1.0 (x64) (en)] Latest: [115.0.1.0]
[1] 2026-04-23 08:48:14,376 INFO  Application: [Microsoft Edge] Installed: [147.0.3912.72 (x64) (en)] Latest: [147.0.3912.72]
[1] 2026-04-23 08:48:14,378 DEBUG CleanOldLogs => Started.
[1] 2026-04-23 08:48:14,378 DEBUG CleanOldLogs => Finished.
[1] 2026-04-23 08:48:14,379 DEBUG DONE
[1] 2026-04-23 08:48:14,484 DEBUG =============================== Launch at [23/04/2026 8:48:14] ===============================
[1] 2026-04-23 08:48:14,485 DEBUG ThirdPartyPatch (2.13.11.5031)
[1] 2026-04-23 08:48:14,485 DEBUG System Information: OS: WIN_11 [x64]
[1] 2026-04-23 08:48:14,485 DEBUG Command: ThirdPartyPatch.exe /query all /filter update_available /server https://sis.n-able.com 
[1] 2026-04-23 08:48:14,494 DEBUG Found existing Repository XML [C:\ProgramData\MspPlatform\PME\ThirdPartyPatch\Downloads\Repository.xml] backing up to [C:\ProgramData\MspPlatform\PME\ThirdPartyPatch\Downloads\Repository.old] 
[1] 2026-04-23 08:48:14,533 DEBUG Local ThirdPartySoftware Timestamp: [1776855887] Repository Timestamp: [1776855887] Refreshing MetaFiles: [False]
[1] 2026-04-23 08:48:14,580 DEBUG Verifying correct bitness of following product: Google Chrome
[1] 2026-04-23 08:48:14,581 DEBUG Original architecture found for Google Chrome is correct!
[1] 2026-04-23 08:48:14,747 DEBUG Verifying correct bitness of following product: Microsoft Edge
[1] 2026-04-23 08:48:14,747 DEBUG Registry location does not correspond to actual product architecture. Adjusting information...
[1] 2026-04-23 08:48:14,747 DEBUG Product: Microsoft Edge. Previous detected architecture => Is64Bit: False / Corrected architecture => Is64Bit: True
[1] 2026-04-23 08:48:14,910 INFO  Applications matching filter: 1
[1] 2026-04-23 08:48:14,919 INFO  Application: [Chrome] Installed: [147.0.7727.56 (x64) (en)] Latest: [147.0.7727.102]
[1] 2026-04-23 08:48:14,923 DEBUG CleanOldLogs => Started.
[1] 2026-04-23 08:48:14,924 DEBUG CleanOldLogs => Finished.
[1] 2026-04-23 08:48:14,924 DEBUG DONE
[1] 2026-04-23 13:50:37,007 DEBUG =============================== Launch at [23/04/2026 13:50:37] ===============================
[1] 2026-04-23 13:50:37,007 DEBUG ThirdPartyPatch (2.13.11.5031)
[1] 2026-04-23 13:50:37,007 DEBUG System Information: OS: WIN_11 [x64]
[1] 2026-04-23 13:50:37,007 DEBUG Command: ThirdPartyPatch.exe /query all /filter up_to_date /server https://sis.n-able.com 
[1] 2026-04-23 13:50:37,017 DEBUG Found existing Repository XML [C:\ProgramData\MspPlatform\PME\ThirdPartyPatch\Downloads\Repository.xml] backing up to [C:\ProgramData\MspPlatform\PME\ThirdPartyPatch\Downloads\Repository.old] 
[1] 2026-04-23 13:50:47,102 DEBUG Local ThirdPartySoftware Timestamp: [1776855887] Repository Timestamp: [1776855887] Refreshing MetaFiles: [False]
[1] 2026-04-23 13:50:47,199 DEBUG Verifying correct bitness of following product: Google Chrome
[1] 2026-04-23 13:50:47,200 DEBUG Original architecture found for Google Chrome is correct!
[1] 2026-04-23 13:50:47,533 DEBUG Verifying correct bitness of following product: Microsoft Edge
[1] 2026-04-23 13:50:47,534 DEBUG Registry location does not correspond to actual product architecture. Adjusting information...
[1] 2026-04-23 13:50:47,535 DEBUG Product: Microsoft Edge. Previous detected architecture => Is64Bit: False / Corrected architecture => Is64Bit: True
[1] 2026-04-23 13:50:47,874 INFO  Applications matching filter: 3
[1] 2026-04-23 13:50:47,892 INFO  Application: [OneDrive] Installed: [26.55.323.4 (x64) (en)] Latest: [26.55.323.4]
[1] 2026-04-23 13:50:47,910 INFO  Application: [Google Drive] Installed: [123.0.1.0 (x64) (en)] Latest: [115.0.1.0]
[1] 2026-04-23 13:50:47,917 INFO  Application: [Microsoft Edge] Installed: [147.0.3912.72 (x64) (en)] Latest: [147.0.3912.72]
[1] 2026-04-23 13:50:47,920 DEBUG CleanOldLogs => Started.
[1] 2026-04-23 13:50:47,921 DEBUG CleanOldLogs => Finished.
[1] 2026-04-23 13:50:47,921 DEBUG DONE
[1] 2026-04-23 13:50:48,044 DEBUG =============================== Launch at [23/04/2026 13:50:48] ===============================
[1] 2026-04-23 13:50:48,045 DEBUG ThirdPartyPatch (2.13.11.5031)
[1] 2026-04-23 13:50:48,045 DEBUG System Information: OS: WIN_11 [x64]
[1] 2026-04-23 13:50:48,045 DEBUG Command: ThirdPartyPatch.exe /query all /filter update_available /server https://sis.n-able.com 
[1] 2026-04-23 13:50:48,055 DEBUG Found existing Repository XML [C:\ProgramData\MspPlatform\PME\ThirdPartyPatch\Downloads\Repository.xml] backing up to [C:\ProgramData\MspPlatform\PME\ThirdPartyPatch\Downloads\Repository.old] 
[1] 2026-04-23 13:50:48,102 DEBUG Local ThirdPartySoftware Timestamp: [1776855887] Repository Timestamp: [1776855887] Refreshing MetaFiles: [False]
[1] 2026-04-23 13:50:48,158 DEBUG Verifying correct bitness of following product: Google Chrome
[1] 2026-04-23 13:50:48,159 DEBUG Original architecture found for Google Chrome is correct!
[1] 2026-04-23 13:50:48,354 DEBUG Verifying correct bitness of following product: Microsoft Edge
[1] 2026-04-23 13:50:48,354 DEBUG Registry location does not correspond to actual product architecture. Adjusting information...
[1] 2026-04-23 13:50:48,355 DEBUG Product: Microsoft Edge. Previous detected architecture => Is64Bit: False / Corrected architecture => Is64Bit: True
[1] 2026-04-23 13:50:48,529 INFO  Applications matching filter: 1
[1] 2026-04-23 13:50:48,539 INFO  Application: [Chrome] Installed: [147.0.7727.56 (x64) (en)] Latest: [147.0.7727.102]
[1] 2026-04-23 13:50:48,543 DEBUG CleanOldLogs => Started.
[1] 2026-04-23 13:50:48,544 DEBUG CleanOldLogs => Finished.
[1] 2026-04-23 13:50:48,544 DEBUG DONE
[1] 2026-04-25 07:39:38,774 DEBUG =============================== Launch at [25/04/2026 7:39:38] ===============================
[1] 2026-04-25 07:39:38,775 DEBUG ThirdPartyPatch (2.13.11.5031)
[1] 2026-04-25 07:39:38,776 DEBUG System Information: OS: WIN_11 [x64]
[1] 2026-04-25 07:39:38,776 DEBUG Command: ThirdPartyPatch.exe /query all /filter up_to_date /server https://sis.n-able.com 
[1] 2026-04-25 07:39:38,793 DEBUG Found existing Repository XML [C:\ProgramData\MspPlatform\PME\ThirdPartyPatch\Downloads\Repository.xml] backing up to [C:\ProgramData\MspPlatform\PME\ThirdPartyPatch\Downloads\Repository.old] 
[1] 2026-04-25 07:39:48,949 DEBUG Local ThirdPartySoftware Timestamp: [1776855887] Repository Timestamp: [1776943468] Refreshing MetaFiles: [True]
[1] 2026-04-25 07:39:48,958 DEBUG CleanOldLogs => Started.
[1] 2026-04-25 07:39:48,961 DEBUG CleanOldLogs => Finished.
[1] 2026-04-25 07:39:59,291 DEBUG Verifying correct bitness of following product: Google Chrome
[1] 2026-04-25 07:39:59,297 DEBUG Original architecture found for Google Chrome is correct!
[1] 2026-04-25 07:40:00,122 DEBUG Verifying correct bitness of following product: Microsoft Edge
[1] 2026-04-25 07:40:00,124 DEBUG Registry location does not correspond to actual product architecture. Adjusting information...
[1] 2026-04-25 07:40:00,125 DEBUG Product: Microsoft Edge. Previous detected architecture => Is64Bit: False / Corrected architecture => Is64Bit: True
[1] 2026-04-25 07:40:31,181 INFO  Applications matching filter: 3
[1] 2026-04-25 07:40:41,287 INFO  Application: [OneDrive] Installed: [26.55.323.4 (x64) (en)] Latest: [26.55.323.4]
[1] 2026-04-25 07:40:41,316 INFO  Application: [Google Drive] Installed: [123.0.1.0 (x64) (en)] Latest: [115.0.1.0]
[1] 2026-04-25 07:40:41,332 INFO  Application: [Microsoft Edge] Installed: [147.0.3912.72 (x64) (en)] Latest: [147.0.3912.72]
[1] 2026-04-25 07:40:41,336 DEBUG CleanOldLogs => Started.
[1] 2026-04-25 07:40:41,337 DEBUG CleanOldLogs => Finished.
[1] 2026-04-25 07:40:41,338 DEBUG DONE
[1] 2026-04-25 07:40:41,578 DEBUG =============================== Launch at [25/04/2026 7:40:41] ===============================
[1] 2026-04-25 07:40:41,578 DEBUG ThirdPartyPatch (2.13.11.5031)
[1] 2026-04-25 07:40:41,580 DEBUG System Information: OS: WIN_11 [x64]
[1] 2026-04-25 07:40:41,581 DEBUG Command: ThirdPartyPatch.exe /query all /filter update_available /server https://sis.n-able.com 
[1] 2026-04-25 07:40:41,663 DEBUG Local ThirdPartySoftware Timestamp: [1776943468] Repository Timestamp: [1776943468] Refreshing MetaFiles: [False]
[1] 2026-04-25 07:40:41,742 DEBUG Verifying correct bitness of following product: Google Chrome
[1] 2026-04-25 07:40:41,744 DEBUG Original architecture found for Google Chrome is correct!
[1] 2026-04-25 07:40:42,069 DEBUG Verifying correct bitness of following product: Microsoft Edge
[1] 2026-04-25 07:40:42,069 DEBUG Registry location does not correspond to actual product architecture. Adjusting information...
[1] 2026-04-25 07:40:42,070 DEBUG Product: Microsoft Edge. Previous detected architecture => Is64Bit: False / Corrected architecture => Is64Bit: True
[1] 2026-04-25 07:40:52,509 INFO  Applications matching filter: 1
[1] 2026-04-25 07:40:52,551 INFO  Application: [Chrome] Installed: [147.0.7727.56 (x64) (en)] Latest: [147.0.7727.117]
[1] 2026-04-25 07:40:52,569 DEBUG CleanOldLogs => Started.
[1] 2026-04-25 07:40:52,571 DEBUG CleanOldLogs => Finished.
[1] 2026-04-25 07:40:52,573 DEBUG DONE
[1] 2026-04-26 08:07:45,096 DEBUG =============================== Launch at [26/04/2026 8:07:45] ===============================
[1] 2026-04-26 08:07:45,098 DEBUG ThirdPartyPatch (2.13.11.5031)
[1] 2026-04-26 08:07:45,098 DEBUG System Information: OS: WIN_11 [x64]
[1] 2026-04-26 08:07:45,099 DEBUG Command: ThirdPartyPatch.exe /query all /filter up_to_date /server https://sis.n-able.com 
[1] 2026-04-26 08:07:45,122 DEBUG Found existing Repository XML [C:\ProgramData\MspPlatform\PME\ThirdPartyPatch\Downloads\Repository.xml] backing up to [C:\ProgramData\MspPlatform\PME\ThirdPartyPatch\Downloads\Repository.old] 
[1] 2026-04-26 08:07:55,303 DEBUG Local ThirdPartySoftware Timestamp: [1776943468] Repository Timestamp: [1776943468] Refreshing MetaFiles: [False]
[1] 2026-04-26 08:07:55,637 DEBUG Verifying correct bitness of following product: Google Chrome
[1] 2026-04-26 08:07:55,644 DEBUG Original architecture found for Google Chrome is correct!
[1] 2026-04-26 08:07:56,370 DEBUG Verifying correct bitness of following product: Microsoft Edge
[1] 2026-04-26 08:07:56,374 DEBUG Registry location does not correspond to actual product architecture. Adjusting information...
[1] 2026-04-26 08:07:56,375 DEBUG Product: Microsoft Edge. Previous detected architecture => Is64Bit: False / Corrected architecture => Is64Bit: True
[1] 2026-04-26 08:07:56,897 INFO  Applications matching filter: 3
[1] 2026-04-26 08:07:56,918 INFO  Application: [OneDrive] Installed: [26.55.323.4 (x64) (en)] Latest: [26.55.323.4]
[1] 2026-04-26 08:07:56,937 INFO  Application: [Google Drive] Installed: [123.0.1.0 (x64) (en)] Latest: [115.0.1.0]
[1] 2026-04-26 08:07:56,945 INFO  Application: [Microsoft Edge] Installed: [147.0.3912.72 (x64) (en)] Latest: [147.0.3912.72]
[1] 2026-04-26 08:07:56,950 DEBUG CleanOldLogs => Started.
[1] 2026-04-26 08:07:56,950 DEBUG CleanOldLogs => Finished.
[1] 2026-04-26 08:07:56,952 DEBUG DONE
[1] 2026-04-26 08:07:57,149 DEBUG =============================== Launch at [26/04/2026 8:07:57] ===============================
[1] 2026-04-26 08:07:57,150 DEBUG ThirdPartyPatch (2.13.11.5031)
[1] 2026-04-26 08:07:57,150 DEBUG System Information: OS: WIN_11 [x64]
[1] 2026-04-26 08:07:57,151 DEBUG Command: ThirdPartyPatch.exe /query all /filter update_available /server https://sis.n-able.com 
[1] 2026-04-26 08:07:57,163 DEBUG Found existing Repository XML [C:\ProgramData\MspPlatform\PME\ThirdPartyPatch\Downloads\Repository.xml] backing up to [C:\ProgramData\MspPlatform\PME\ThirdPartyPatch\Downloads\Repository.old] 
[1] 2026-04-26 08:07:57,225 DEBUG Local ThirdPartySoftware Timestamp: [1776943468] Repository Timestamp: [1776943468] Refreshing MetaFiles: [False]
[1] 2026-04-26 08:07:57,299 DEBUG Verifying correct bitness of following product: Google Chrome
[1] 2026-04-26 08:07:57,300 DEBUG Original architecture found for Google Chrome is correct!
[1] 2026-04-26 08:07:57,583 DEBUG Verifying correct bitness of following product: Microsoft Edge
[1] 2026-04-26 08:07:57,583 DEBUG Registry location does not correspond to actual product architecture. Adjusting information...
[1] 2026-04-26 08:07:57,584 DEBUG Product: Microsoft Edge. Previous detected architecture => Is64Bit: False / Corrected architecture => Is64Bit: True
[1] 2026-04-26 08:07:57,857 INFO  Applications matching filter: 1
[1] 2026-04-26 08:07:57,873 INFO  Application: [Chrome] Installed: [147.0.7727.56 (x64) (en)] Latest: [147.0.7727.117]
[1] 2026-04-26 08:07:57,879 DEBUG CleanOldLogs => Started.
[1] 2026-04-26 08:07:57,879 DEBUG CleanOldLogs => Finished.
[1] 2026-04-26 08:07:57,880 DEBUG DONE
[1] 2026-04-26 09:00:49,826 DEBUG =============================== Launch at [26/04/2026 9:00:49] ===============================
[1] 2026-04-26 09:00:49,827 DEBUG ThirdPartyPatch (2.13.11.5031)
[1] 2026-04-26 09:00:49,827 DEBUG System Information: OS: WIN_11 [x64]
[1] 2026-04-26 09:00:49,827 DEBUG Command: ThirdPartyPatch.exe /query all /filter up_to_date /server https://sis.n-able.com 
[1] 2026-04-26 09:00:49,836 DEBUG Found existing Repository XML [C:\ProgramData\MspPlatform\PME\ThirdPartyPatch\Downloads\Repository.xml] backing up to [C:\ProgramData\MspPlatform\PME\ThirdPartyPatch\Downloads\Repository.old] 
[1] 2026-04-26 09:00:49,880 DEBUG Local ThirdPartySoftware Timestamp: [1776943468] Repository Timestamp: [1776943468] Refreshing MetaFiles: [False]
[1] 2026-04-26 09:00:49,936 DEBUG Verifying correct bitness of following product: Google Chrome
[1] 2026-04-26 09:00:49,937 DEBUG Original architecture found for Google Chrome is correct!
[1] 2026-04-26 09:00:50,117 DEBUG Verifying correct bitness of following product: Microsoft Edge
[1] 2026-04-26 09:00:50,118 DEBUG Registry location does not correspond to actual product architecture. Adjusting information...
[1] 2026-04-26 09:00:50,118 DEBUG Product: Microsoft Edge. Previous detected architecture => Is64Bit: False / Corrected architecture => Is64Bit: True
[1] 2026-04-26 09:00:50,299 INFO  Applications matching filter: 3
[1] 2026-04-26 09:00:50,308 INFO  Application: [OneDrive] Installed: [26.55.323.4 (x64) (en)] Latest: [26.55.323.4]
[1] 2026-04-26 09:00:50,315 INFO  Application: [Google Drive] Installed: [123.0.1.0 (x64) (en)] Latest: [115.0.1.0]
[1] 2026-04-26 09:00:50,319 INFO  Application: [Microsoft Edge] Installed: [147.0.3912.72 (x64) (en)] Latest: [147.0.3912.72]
[1] 2026-04-26 09:00:50,322 DEBUG CleanOldLogs => Started.
[1] 2026-04-26 09:00:50,322 DEBUG CleanOldLogs => Finished.
[1] 2026-04-26 09:00:50,323 DEBUG DONE
[1] 2026-04-26 09:00:50,437 DEBUG =============================== Launch at [26/04/2026 9:00:50] ===============================
[1] 2026-04-26 09:00:50,437 DEBUG ThirdPartyPatch (2.13.11.5031)
[1] 2026-04-26 09:00:50,438 DEBUG System Information: OS: WIN_11 [x64]
[1] 2026-04-26 09:00:50,438 DEBUG Command: ThirdPartyPatch.exe /query all /filter update_available /server https://sis.n-able.com 
[1] 2026-04-26 09:00:50,447 DEBUG Found existing Repository XML [C:\ProgramData\MspPlatform\PME\ThirdPartyPatch\Downloads\Repository.xml] backing up to [C:\ProgramData\MspPlatform\PME\ThirdPartyPatch\Downloads\Repository.old] 
[1] 2026-04-26 09:00:50,488 DEBUG Local ThirdPartySoftware Timestamp: [1776943468] Repository Timestamp: [1776943468] Refreshing MetaFiles: [False]
[1] 2026-04-26 09:00:50,543 DEBUG Verifying correct bitness of following product: Google Chrome
[1] 2026-04-26 09:00:50,544 DEBUG Original architecture found for Google Chrome is correct!
[1] 2026-04-26 09:00:50,712 DEBUG Verifying correct bitness of following product: Microsoft Edge
[1] 2026-04-26 09:00:50,713 DEBUG Registry location does not correspond to actual product architecture. Adjusting information...
[1] 2026-04-26 09:00:50,713 DEBUG Product: Microsoft Edge. Previous detected architecture => Is64Bit: False / Corrected architecture => Is64Bit: True
[1] 2026-04-26 09:00:50,863 INFO  Applications matching filter: 1
[1] 2026-04-26 09:00:50,874 INFO  Application: [Chrome] Installed: [147.0.7727.56 (x64) (en)] Latest: [147.0.7727.117]
[1] 2026-04-26 09:00:50,878 DEBUG CleanOldLogs => Started.
[1] 2026-04-26 09:00:50,878 DEBUG CleanOldLogs => Finished.
[1] 2026-04-26 09:00:50,879 DEBUG DONE
[1] 2026-04-26 09:01:01,542 DEBUG =============================== Launch at [26/04/2026 9:01:01] ===============================
[1] 2026-04-26 09:01:01,542 DEBUG ThirdPartyPatch (2.13.11.5031)
[1] 2026-04-26 09:01:01,543 DEBUG System Information: OS: WIN_11 [x64]
[1] 2026-04-26 09:01:01,543 DEBUG Command: ThirdPartyPatch.exe /update Chrome /skipdownload /server https://sis.n-able.com 
[1] 2026-04-26 09:01:01,553 DEBUG Found existing Repository XML [C:\ProgramData\MspPlatform\PME\ThirdPartyPatch\Downloads\Repository.xml] backing up to [C:\ProgramData\MspPlatform\PME\ThirdPartyPatch\Downloads\Repository.old] 
[1] 2026-04-26 09:01:01,593 DEBUG Local ThirdPartySoftware Timestamp: [1776943468] Repository Timestamp: [1776943468] Refreshing MetaFiles: [False]
[1] 2026-04-26 09:01:01,633 DEBUG Verifying correct bitness of following product: Google Chrome
[1] 2026-04-26 09:01:01,634 DEBUG Original architecture found for Google Chrome is correct!
[1] 2026-04-26 09:01:01,636 DEBUG Chrome is installed. (147.0.7727.56)
[1] 2026-04-26 09:01:01,637 DEBUG Update available  [Chrome (147.0.7727.117)].
[1] 2026-04-26 09:01:03,723 DEBUG      Starting install: Chrome
[1] 2026-04-26 09:01:03,725 DEBUG Installing: Chrome [147.0.7727.56] -> [147.0.7727.117]
[1] 2026-04-26 09:01:03,732 DEBUG Getting Commands for OS: [WIN_11] Architecture: [x64] Locale: [en] Upgrade: [True]
[1] 2026-04-26 09:01:03,977 DEBUG Passed checksum verification: [C:\ProgramData\MspPlatform\PME\ThirdPartyPatch\Downloads\f7aa248b-6982-498c-825d-847b0104f3a2\googlechromestandaloneenterprise64.msi]
[1] 2026-04-26 09:01:03,980 DEBUG Executing
[1] 2026-04-26 09:01:03,985 DEBUG Getting Commands for OS: [WIN_11] Architecture: [x64] Locale: [en] Upgrade: [True]
[1] 2026-04-26 09:01:03,986 DEBUG Checking if MSIExec process is live (possibly another installation)
[1] 2026-04-26 09:01:03,995 DEBUG No MSIExec processes are live.
[1] 2026-04-26 09:01:03,999 DEBUG --------------------
[1] 2026-04-26 09:01:04,000 DEBUG Launching Command: msiexec /i googlechromestandaloneenterprise64.msi /qn /norestart /lv Chrome-upgrade.log
[1] 2026-04-26 09:01:04,000 DEBUG --------------------
[1] 2026-04-26 09:01:04,009 DEBUG Process started: 23288
[1] 2026-04-26 09:01:16,556 DEBUG Exit status code: 0: Action completed successfully.
[1] 2026-04-26 09:01:16,558 DEBUG Installation.SaveLogs => Started saving logs for Chrome - f7aa248b-6982-498c-825d-847b0104f3a2.
[1] 2026-04-26 09:01:16,559 DEBUG Copy logs from: C:\ProgramData\MspPlatform\PME\ThirdPartyPatch\Downloads\f7aa248b-6982-498c-825d-847b0104f3a2\Chrome-upgrade.log to: C:\ProgramData\MspPlatform\PME\ThirdPartyPatch\logs\f7aa248b-6982-498c-825d-847b0104f3a2-Chrome-upgrade.log
[1] 2026-04-26 09:01:16,562 DEBUG Found 1 log(s) Chrome-upgrade.log
[1] 2026-04-26 09:01:16,562 DEBUG Installation.SaveLogs => Finished saving logs for Chrome - f7aa248b-6982-498c-825d-847b0104f3a2.
[1] 2026-04-26 09:01:16,563 DEBUG Checking if MSIExec process is live (possibly another installation)
[1] 2026-04-26 09:01:16,572 DEBUG --- Found [1] instance(s) of MSIExec.
[1] 2026-04-26 09:01:16,573 DEBUG Only helper MSIExec process found, can continue.
[1] 2026-04-26 09:01:16,573 DEBUG --------------------
[1] 2026-04-26 09:01:16,574 DEBUG Launching Command: C:\Windows\system32\cmd.exe /c REG ADD "HKLM\SOFTWARE\Policies\Google\Update" /v "AutoUpdateCheckPeriodMinutes" /d "0" /t REG_SZ /f
[1] 2026-04-26 09:01:16,574 DEBUG --------------------
[1] 2026-04-26 09:01:16,585 DEBUG Process started: 17220
[ReadStdOut] 2026-04-26 09:01:16,612 DEBUG Process Message: The operation completed successfully. 
[ReadStdOut] 2026-04-26 09:01:16,612 DEBUG Process Message:  
[1] 2026-04-26 09:01:16,616 DEBUG Installation.SaveLogs => Started saving logs for Chrome - f7aa248b-6982-498c-825d-847b0104f3a2.
[1] 2026-04-26 09:01:16,617 DEBUG Found 0 log(s) 
[1] 2026-04-26 09:01:16,617 DEBUG Installation.SaveLogs => Finished saving logs for Chrome - f7aa248b-6982-498c-825d-847b0104f3a2.
[1] 2026-04-26 09:01:16,618 DEBUG Checking if MSIExec process is live (possibly another installation)
[1] 2026-04-26 09:01:16,631 DEBUG --- Found [1] instance(s) of MSIExec.
[1] 2026-04-26 09:01:16,632 DEBUG Only helper MSIExec process found, can continue.
[1] 2026-04-26 09:01:16,632 DEBUG --------------------
[1] 2026-04-26 09:01:16,634 DEBUG Launching Command: C:\Windows\system32\cmd.exe /c REG ADD "HKLM\SOFTWARE\Wow6432Node\Policies\Google\Update" /v "AutoUpdateCheckPeriodMinutes" /d "0" /t REG_SZ /f
[1] 2026-04-26 09:01:16,634 DEBUG --------------------
[1] 2026-04-26 09:01:16,643 DEBUG Process started: 35704
[ReadStdOut] 2026-04-26 09:01:16,664 DEBUG Process Message: The operation completed successfully. 
[ReadStdOut] 2026-04-26 09:01:16,664 DEBUG Process Message:  
[1] 2026-04-26 09:01:16,667 DEBUG Installation.SaveLogs => Started saving logs for Chrome - f7aa248b-6982-498c-825d-847b0104f3a2.
[1] 2026-04-26 09:01:16,668 DEBUG Found 0 log(s) 
[1] 2026-04-26 09:01:16,668 DEBUG Installation.SaveLogs => Finished saving logs for Chrome - f7aa248b-6982-498c-825d-847b0104f3a2.
[1] 2026-04-26 09:01:16,669 DEBUG Process Exit code: 0
[1] 2026-04-26 09:01:21,703 INFO  Chrome version installed: [147.0.7727.56] latest version: [147.0.7727.117]
[1] 2026-04-26 09:01:21,704 DEBUG [ Chrome ] Return code: [ ERROR_SUCCESS - Action completed successfully. ]
[1] 2026-04-26 09:01:21,705 DEBUG -----END-----
[1] 2026-04-26 09:01:21,707 DEBUG CleanOldLogs => Started.
[1] 2026-04-26 09:01:21,707 DEBUG CleanOldLogs => Finished.
[1] 2026-04-26 09:01:21,708 DEBUG DONE
[1] 2026-04-26 09:02:46,646 DEBUG =============================== Launch at [26/04/2026 9:02:46] ===============================
[1] 2026-04-26 09:02:46,647 DEBUG ThirdPartyPatch (2.13.11.5031)
[1] 2026-04-26 09:02:46,647 DEBUG System Information: OS: WIN_11 [x64]
[1] 2026-04-26 09:02:46,647 DEBUG Command: ThirdPartyPatch.exe /query all /filter up_to_date /server https://sis.n-able.com 
[1] 2026-04-26 09:02:46,657 DEBUG Found existing Repository XML [C:\ProgramData\MspPlatform\PME\ThirdPartyPatch\Downloads\Repository.xml] backing up to [C:\ProgramData\MspPlatform\PME\ThirdPartyPatch\Downloads\Repository.old] 
[1] 2026-04-26 09:02:46,698 DEBUG Local ThirdPartySoftware Timestamp: [1776943468] Repository Timestamp: [1776943468] Refreshing MetaFiles: [False]
[1] 2026-04-26 09:02:46,752 DEBUG Verifying correct bitness of following product: Google Chrome
[1] 2026-04-26 09:02:46,753 DEBUG Original architecture found for Google Chrome is correct!
[1] 2026-04-26 09:02:46,924 DEBUG Verifying correct bitness of following product: Microsoft Edge
[1] 2026-04-26 09:02:46,924 DEBUG Registry location does not correspond to actual product architecture. Adjusting information...
[1] 2026-04-26 09:02:46,925 DEBUG Product: Microsoft Edge. Previous detected architecture => Is64Bit: False / Corrected architecture => Is64Bit: True
[1] 2026-04-26 09:02:47,111 INFO  Applications matching filter: 3
[1] 2026-04-26 09:02:47,122 INFO  Application: [OneDrive] Installed: [26.55.323.4 (x64) (en)] Latest: [26.55.323.4]
[1] 2026-04-26 09:02:47,129 INFO  Application: [Google Drive] Installed: [123.0.1.0 (x64) (en)] Latest: [115.0.1.0]
[1] 2026-04-26 09:02:47,133 INFO  Application: [Microsoft Edge] Installed: [147.0.3912.72 (x64) (en)] Latest: [147.0.3912.72]
[1] 2026-04-26 09:02:47,134 DEBUG CleanOldLogs => Started.
[1] 2026-04-26 09:02:47,135 DEBUG CleanOldLogs => Finished.
[1] 2026-04-26 09:02:47,135 DEBUG DONE
[1] 2026-04-26 09:02:47,247 DEBUG =============================== Launch at [26/04/2026 9:02:47] ===============================
[1] 2026-04-26 09:02:47,248 DEBUG ThirdPartyPatch (2.13.11.5031)
[1] 2026-04-26 09:02:47,248 DEBUG System Information: OS: WIN_11 [x64]
[1] 2026-04-26 09:02:47,248 DEBUG Command: ThirdPartyPatch.exe /query all /filter update_available /server https://sis.n-able.com 
[1] 2026-04-26 09:02:47,258 DEBUG Found existing Repository XML [C:\ProgramData\MspPlatform\PME\ThirdPartyPatch\Downloads\Repository.xml] backing up to [C:\ProgramData\MspPlatform\PME\ThirdPartyPatch\Downloads\Repository.old] 
[1] 2026-04-26 09:02:47,298 DEBUG Local ThirdPartySoftware Timestamp: [1776943468] Repository Timestamp: [1776943468] Refreshing MetaFiles: [False]
[1] 2026-04-26 09:02:47,352 DEBUG Verifying correct bitness of following product: Google Chrome
[1] 2026-04-26 09:02:47,353 DEBUG Original architecture found for Google Chrome is correct!
[1] 2026-04-26 09:02:47,515 DEBUG Verifying correct bitness of following product: Microsoft Edge
[1] 2026-04-26 09:02:47,516 DEBUG Registry location does not correspond to actual product architecture. Adjusting information...
[1] 2026-04-26 09:02:47,516 DEBUG Product: Microsoft Edge. Previous detected architecture => Is64Bit: False / Corrected architecture => Is64Bit: True
[1] 2026-04-26 09:02:47,659 INFO  Applications matching filter: 1
[1] 2026-04-26 09:02:47,669 INFO  Application: [Chrome] Installed: [147.0.7727.56 (x64) (en)] Latest: [147.0.7727.117]
[1] 2026-04-26 09:02:47,672 DEBUG CleanOldLogs => Started.
[1] 2026-04-26 09:02:47,672 DEBUG CleanOldLogs => Finished.
[1] 2026-04-26 09:02:47,672 DEBUG DONE
[1] 2026-04-26 11:03:31,847 DEBUG =============================== Launch at [26/04/2026 11:03:31] ===============================
[1] 2026-04-26 11:03:31,848 DEBUG ThirdPartyPatch (2.13.14.5036)
[1] 2026-04-26 11:03:31,848 DEBUG System Information: OS: WIN_11 [x64]
[1] 2026-04-26 11:03:31,848 DEBUG Command: ThirdPartyPatch.exe /query all /filter up_to_date /server https://sis.n-able.com 
[1] 2026-04-26 11:03:31,858 DEBUG Found existing Repository XML [C:\ProgramData\MspPlatform\PME\ThirdPartyPatch\Downloads\Repository.xml] backing up to [C:\ProgramData\MspPlatform\PME\ThirdPartyPatch\Downloads\Repository.old] 
[1] 2026-04-26 11:03:32,028 DEBUG Local ThirdPartySoftware Timestamp: [1776943468] Repository Timestamp: [1776943468] Refreshing MetaFiles: [False]
[1] 2026-04-26 11:03:32,080 DEBUG Verifying correct bitness of following product: Google Chrome
[1] 2026-04-26 11:03:32,081 DEBUG Original architecture found for Google Chrome is correct!
[1] 2026-04-26 11:03:32,258 DEBUG Verifying correct bitness of following product: Microsoft Edge
[1] 2026-04-26 11:03:32,259 DEBUG Registry location does not correspond to actual product architecture. Adjusting information...
[1] 2026-04-26 11:03:32,259 DEBUG Product: Microsoft Edge. Previous detected architecture => Is64Bit: False / Corrected architecture => Is64Bit: True
[1] 2026-04-26 11:03:32,455 INFO  Applications matching filter: 3
[1] 2026-04-26 11:03:32,464 INFO  Application: [OneDrive] Installed: [26.55.323.4 (x64) (en)] Latest: [26.55.323.4]
[1] 2026-04-26 11:03:32,472 INFO  Application: [Google Drive] Installed: [123.0.1.0 (x64) (en)] Latest: [115.0.1.0]
[1] 2026-04-26 11:03:32,475 INFO  Application: [Microsoft Edge] Installed: [147.0.3912.72 (x64) (en)] Latest: [147.0.3912.72]
[1] 2026-04-26 11:03:32,477 DEBUG CleanOldLogs => Started.
[1] 2026-04-26 11:03:32,477 DEBUG CleanOldLogs => Finished.
[1] 2026-04-26 11:03:32,478 DEBUG DONE
[1] 2026-04-26 11:03:32,595 DEBUG =============================== Launch at [26/04/2026 11:03:32] ===============================
[1] 2026-04-26 11:03:32,595 DEBUG ThirdPartyPatch (2.13.14.5036)
[1] 2026-04-26 11:03:32,596 DEBUG System Information: OS: WIN_11 [x64]
[1] 2026-04-26 11:03:32,596 DEBUG Command: ThirdPartyPatch.exe /query all /filter update_available /server https://sis.n-able.com 
[1] 2026-04-26 11:03:32,605 DEBUG Found existing Repository XML [C:\ProgramData\MspPlatform\PME\ThirdPartyPatch\Downloads\Repository.xml] backing up to [C:\ProgramData\MspPlatform\PME\ThirdPartyPatch\Downloads\Repository.old] 
[1] 2026-04-26 11:03:32,646 DEBUG Local ThirdPartySoftware Timestamp: [1776943468] Repository Timestamp: [1776943468] Refreshing MetaFiles: [False]
[1] 2026-04-26 11:03:32,699 DEBUG Verifying correct bitness of following product: Google Chrome
[1] 2026-04-26 11:03:32,700 DEBUG Original architecture found for Google Chrome is correct!
[1] 2026-04-26 11:03:32,856 DEBUG Verifying correct bitness of following product: Microsoft Edge
[1] 2026-04-26 11:03:32,856 DEBUG Registry location does not correspond to actual product architecture. Adjusting information...
[1] 2026-04-26 11:03:32,856 DEBUG Product: Microsoft Edge. Previous detected architecture => Is64Bit: False / Corrected architecture => Is64Bit: True
[1] 2026-04-26 11:03:33,006 INFO  Applications matching filter: 1
[1] 2026-04-26 11:03:33,016 INFO  Application: [Chrome] Installed: [147.0.7727.56 (x64) (en)] Latest: [147.0.7727.117]
[1] 2026-04-26 11:03:33,020 DEBUG CleanOldLogs => Started.
[1] 2026-04-26 11:03:33,020 DEBUG CleanOldLogs => Finished.
[1] 2026-04-26 11:03:33,021 DEBUG DONE
[1] 2026-04-27 09:00:45,089 DEBUG =============================== Launch at [27/04/2026 9:00:45] ===============================
[1] 2026-04-27 09:00:45,091 DEBUG ThirdPartyPatch (2.13.14.5036)
[1] 2026-04-27 09:00:45,091 DEBUG System Information: OS: WIN_11 [x64]
[1] 2026-04-27 09:00:45,091 DEBUG Command: ThirdPartyPatch.exe /query all /filter up_to_date /server https://sis.n-able.com 
[1] 2026-04-27 09:00:45,101 DEBUG Found existing Repository XML [C:\ProgramData\MspPlatform\PME\ThirdPartyPatch\Downloads\Repository.xml] backing up to [C:\ProgramData\MspPlatform\PME\ThirdPartyPatch\Downloads\Repository.old] 
[1] 2026-04-27 09:00:55,273 DEBUG Local ThirdPartySoftware Timestamp: [1776943468] Repository Timestamp: [1776943468] Refreshing MetaFiles: [False]
[1] 2026-04-27 09:00:55,359 DEBUG Verifying correct bitness of following product: Google Chrome
[1] 2026-04-27 09:00:55,360 DEBUG Original architecture found for Google Chrome is correct!
[1] 2026-04-27 09:00:55,667 DEBUG Verifying correct bitness of following product: Microsoft Edge
[1] 2026-04-27 09:00:55,668 DEBUG Registry location does not correspond to actual product architecture. Adjusting information...
[1] 2026-04-27 09:00:55,669 DEBUG Product: Microsoft Edge. Previous detected architecture => Is64Bit: False / Corrected architecture => Is64Bit: True
[1] 2026-04-27 09:00:55,983 INFO  Applications matching filter: 3
[1] 2026-04-27 09:00:55,997 INFO  Application: [OneDrive] Installed: [26.62.402.2 (x64) (en)] Latest: [26.55.323.4]
[1] 2026-04-27 09:00:56,010 INFO  Application: [Google Drive] Installed: [123.0.1.0 (x64) (en)] Latest: [115.0.1.0]
[1] 2026-04-27 09:00:56,017 INFO  Application: [Microsoft Edge] Installed: [147.0.3912.86 (x64) (en)] Latest: [147.0.3912.72]
[1] 2026-04-27 09:00:56,020 DEBUG CleanOldLogs => Started.
[1] 2026-04-27 09:00:56,021 DEBUG CleanOldLogs => Finished.
[1] 2026-04-27 09:00:56,022 DEBUG DONE
[1] 2026-04-27 09:00:56,142 DEBUG =============================== Launch at [27/04/2026 9:00:56] ===============================
[1] 2026-04-27 09:00:56,143 DEBUG ThirdPartyPatch (2.13.14.5036)
[1] 2026-04-27 09:00:56,143 DEBUG System Information: OS: WIN_11 [x64]
[1] 2026-04-27 09:00:56,143 DEBUG Command: ThirdPartyPatch.exe /query all /filter update_available /server https://sis.n-able.com 
[1] 2026-04-27 09:00:56,153 DEBUG Found existing Repository XML [C:\ProgramData\MspPlatform\PME\ThirdPartyPatch\Downloads\Repository.xml] backing up to [C:\ProgramData\MspPlatform\PME\ThirdPartyPatch\Downloads\Repository.old] 
[1] 2026-04-27 09:00:56,195 DEBUG Local ThirdPartySoftware Timestamp: [1776943468] Repository Timestamp: [1776943468] Refreshing MetaFiles: [False]
[1] 2026-04-27 09:00:56,250 DEBUG Verifying correct bitness of following product: Google Chrome
[1] 2026-04-27 09:00:56,251 DEBUG Original architecture found for Google Chrome is correct!
[1] 2026-04-27 09:00:56,425 DEBUG Verifying correct bitness of following product: Microsoft Edge
[1] 2026-04-27 09:00:56,425 DEBUG Registry location does not correspond to actual product architecture. Adjusting information...
[1] 2026-04-27 09:00:56,426 DEBUG Product: Microsoft Edge. Previous detected architecture => Is64Bit: False / Corrected architecture => Is64Bit: True
[1] 2026-04-27 09:00:56,601 INFO  Applications matching filter: 1
[1] 2026-04-27 09:00:56,611 INFO  Application: [Chrome] Installed: [147.0.7727.56 (x64) (en)] Latest: [147.0.7727.117]
[1] 2026-04-27 09:00:56,616 DEBUG CleanOldLogs => Started.
[1] 2026-04-27 09:00:56,616 DEBUG CleanOldLogs => Finished.
[1] 2026-04-27 09:00:56,617 DEBUG DONE
[1] 2026-04-27 09:01:07,308 DEBUG =============================== Launch at [27/04/2026 9:01:07] ===============================
[1] 2026-04-27 09:01:07,309 DEBUG ThirdPartyPatch (2.13.14.5036)
[1] 2026-04-27 09:01:07,309 DEBUG System Information: OS: WIN_11 [x64]
[1] 2026-04-27 09:01:07,309 DEBUG Command: ThirdPartyPatch.exe /update Chrome /skipdownload /server https://sis.n-able.com 
[1] 2026-04-27 09:01:07,319 DEBUG Found existing Repository XML [C:\ProgramData\MspPlatform\PME\ThirdPartyPatch\Downloads\Repository.xml] backing up to [C:\ProgramData\MspPlatform\PME\ThirdPartyPatch\Downloads\Repository.old] 
[1] 2026-04-27 09:01:07,360 DEBUG Local ThirdPartySoftware Timestamp: [1776943468] Repository Timestamp: [1776943468] Refreshing MetaFiles: [False]
[1] 2026-04-27 09:01:07,399 DEBUG Verifying correct bitness of following product: Google Chrome
[1] 2026-04-27 09:01:07,400 DEBUG Original architecture found for Google Chrome is correct!
[1] 2026-04-27 09:01:07,402 DEBUG Chrome is installed. (147.0.7727.56)
[1] 2026-04-27 09:01:07,404 DEBUG Update available  [Chrome (147.0.7727.117)].
[1] 2026-04-27 09:01:09,492 DEBUG      Starting install: Chrome
[1] 2026-04-27 09:01:09,493 DEBUG Installing: Chrome [147.0.7727.56] -> [147.0.7727.117]
[1] 2026-04-27 09:01:09,501 DEBUG Getting Commands for OS: [WIN_11] Architecture: [x64] Locale: [en] Upgrade: [True]
[1] 2026-04-27 09:01:09,745 DEBUG Passed checksum verification: [C:\ProgramData\MspPlatform\PME\ThirdPartyPatch\Downloads\f7aa248b-6982-498c-825d-847b0104f3a2\googlechromestandaloneenterprise64.msi]
[1] 2026-04-27 09:01:09,746 DEBUG Executing
[1] 2026-04-27 09:01:09,752 DEBUG Getting Commands for OS: [WIN_11] Architecture: [x64] Locale: [en] Upgrade: [True]
[1] 2026-04-27 09:01:09,754 DEBUG Checking if MSIExec process is live (possibly another installation)
[1] 2026-04-27 09:01:09,763 DEBUG No MSIExec processes are live.
[1] 2026-04-27 09:01:09,767 DEBUG --------------------
[1] 2026-04-27 09:01:09,767 DEBUG Launching Command: msiexec /i googlechromestandaloneenterprise64.msi /qn /norestart /lv Chrome-upgrade.log
[1] 2026-04-27 09:01:09,767 DEBUG --------------------
[1] 2026-04-27 09:01:09,776 DEBUG Process started: 26484
[1] 2026-04-27 09:01:10,125 DEBUG Exit status code: 0: Action completed successfully.
[1] 2026-04-27 09:01:10,125 DEBUG Installation.SaveLogs => Started saving logs for Chrome - f7aa248b-6982-498c-825d-847b0104f3a2.
[1] 2026-04-27 09:01:10,127 DEBUG Copy logs from: C:\ProgramData\MspPlatform\PME\ThirdPartyPatch\Downloads\f7aa248b-6982-498c-825d-847b0104f3a2\Chrome-upgrade.log to: C:\ProgramData\MspPlatform\PME\ThirdPartyPatch\logs\f7aa248b-6982-498c-825d-847b0104f3a2-Chrome-upgrade.log
[1] 2026-04-27 09:01:10,128 DEBUG Found 1 log(s) Chrome-upgrade.log
[1] 2026-04-27 09:01:10,128 DEBUG Installation.SaveLogs => Finished saving logs for Chrome - f7aa248b-6982-498c-825d-847b0104f3a2.
[1] 2026-04-27 09:01:10,129 DEBUG Checking if MSIExec process is live (possibly another installation)
[1] 2026-04-27 09:01:10,136 DEBUG --- Found [1] instance(s) of MSIExec.
[1] 2026-04-27 09:01:10,136 DEBUG Only helper MSIExec process found, can continue.
[1] 2026-04-27 09:01:10,136 DEBUG --------------------
[1] 2026-04-27 09:01:10,136 DEBUG Launching Command: C:\Windows\system32\cmd.exe /c REG ADD "HKLM\SOFTWARE\Policies\Google\Update" /v "AutoUpdateCheckPeriodMinutes" /d "0" /t REG_SZ /f
[1] 2026-04-27 09:01:10,136 DEBUG --------------------
[1] 2026-04-27 09:01:10,142 DEBUG Process started: 18488
[ReadStdOut] 2026-04-27 09:01:10,166 DEBUG Process Message: The operation completed successfully. 
[ReadStdOut] 2026-04-27 09:01:10,166 DEBUG Process Message:  
[1] 2026-04-27 09:01:10,169 DEBUG Installation.SaveLogs => Started saving logs for Chrome - f7aa248b-6982-498c-825d-847b0104f3a2.
[1] 2026-04-27 09:01:10,169 DEBUG Found 0 log(s) 
[1] 2026-04-27 09:01:10,170 DEBUG Installation.SaveLogs => Finished saving logs for Chrome - f7aa248b-6982-498c-825d-847b0104f3a2.
[1] 2026-04-27 09:01:10,170 DEBUG Checking if MSIExec process is live (possibly another installation)
[1] 2026-04-27 09:01:10,179 DEBUG --- Found [1] instance(s) of MSIExec.
[1] 2026-04-27 09:01:10,180 DEBUG Only helper MSIExec process found, can continue.
[1] 2026-04-27 09:01:10,180 DEBUG --------------------
[1] 2026-04-27 09:01:10,180 DEBUG Launching Command: C:\Windows\system32\cmd.exe /c REG ADD "HKLM\SOFTWARE\Wow6432Node\Policies\Google\Update" /v "AutoUpdateCheckPeriodMinutes" /d "0" /t REG_SZ /f
[1] 2026-04-27 09:01:10,180 DEBUG --------------------
[1] 2026-04-27 09:01:10,187 DEBUG Process started: 47620
[ReadStdOut] 2026-04-27 09:01:10,207 DEBUG Process Message: The operation completed successfully. 
[ReadStdOut] 2026-04-27 09:01:10,207 DEBUG Process Message:  
[1] 2026-04-27 09:01:10,210 DEBUG Installation.SaveLogs => Started saving logs for Chrome - f7aa248b-6982-498c-825d-847b0104f3a2.
[1] 2026-04-27 09:01:10,211 DEBUG Found 0 log(s) 
[1] 2026-04-27 09:01:10,212 DEBUG Installation.SaveLogs => Finished saving logs for Chrome - f7aa248b-6982-498c-825d-847b0104f3a2.
[1] 2026-04-27 09:01:10,212 DEBUG Process Exit code: 0
[1] 2026-04-27 09:01:15,248 INFO  Chrome version installed: [147.0.7727.56] latest version: [147.0.7727.117]
[1] 2026-04-27 09:01:15,249 DEBUG [ Chrome ] Return code: [ ERROR_SUCCESS - Action completed successfully. ]
[1] 2026-04-27 09:01:15,249 DEBUG -----END-----
[1] 2026-04-27 09:01:15,252 DEBUG CleanOldLogs => Started.
[1] 2026-04-27 09:01:15,252 DEBUG CleanOldLogs => Finished.
[1] 2026-04-27 09:01:15,253 DEBUG DONE
[1] 2026-04-27 09:02:18,561 DEBUG =============================== Launch at [27/04/2026 9:02:18] ===============================
[1] 2026-04-27 09:02:18,562 DEBUG ThirdPartyPatch (2.13.14.5036)
[1] 2026-04-27 09:02:18,562 DEBUG System Information: OS: WIN_11 [x64]
[1] 2026-04-27 09:02:18,562 DEBUG Command: ThirdPartyPatch.exe /query all /filter up_to_date /server https://sis.n-able.com 
[1] 2026-04-27 09:02:18,571 DEBUG Found existing Repository XML [C:\ProgramData\MspPlatform\PME\ThirdPartyPatch\Downloads\Repository.xml] backing up to [C:\ProgramData\MspPlatform\PME\ThirdPartyPatch\Downloads\Repository.old] 
[1] 2026-04-27 09:02:18,618 DEBUG Local ThirdPartySoftware Timestamp: [1776943468] Repository Timestamp: [1776943468] Refreshing MetaFiles: [False]
[1] 2026-04-27 09:02:18,675 DEBUG Verifying correct bitness of following product: Google Chrome
[1] 2026-04-27 09:02:18,676 DEBUG Original architecture found for Google Chrome is correct!
[1] 2026-04-27 09:02:18,858 DEBUG Verifying correct bitness of following product: Microsoft Edge
[1] 2026-04-27 09:02:18,858 DEBUG Registry location does not correspond to actual product architecture. Adjusting information...
[1] 2026-04-27 09:02:18,859 DEBUG Product: Microsoft Edge. Previous detected architecture => Is64Bit: False / Corrected architecture => Is64Bit: True
[1] 2026-04-27 09:02:19,055 INFO  Applications matching filter: 3
[1] 2026-04-27 09:02:19,065 INFO  Application: [OneDrive] Installed: [26.62.402.2 (x64) (en)] Latest: [26.55.323.4]
[1] 2026-04-27 09:02:19,072 INFO  Application: [Google Drive] Installed: [123.0.1.0 (x64) (en)] Latest: [115.0.1.0]
[1] 2026-04-27 09:02:19,077 INFO  Application: [Microsoft Edge] Installed: [147.0.3912.86 (x64) (en)] Latest: [147.0.3912.72]
[1] 2026-04-27 09:02:19,079 DEBUG CleanOldLogs => Started.
[1] 2026-04-27 09:02:19,080 DEBUG CleanOldLogs => Finished.
[1] 2026-04-27 09:02:19,080 DEBUG DONE
[1] 2026-04-27 09:02:19,218 DEBUG =============================== Launch at [27/04/2026 9:02:19] ===============================
[1] 2026-04-27 09:02:19,218 DEBUG ThirdPartyPatch (2.13.14.5036)
[1] 2026-04-27 09:02:19,219 DEBUG System Information: OS: WIN_11 [x64]
[1] 2026-04-27 09:02:19,219 DEBUG Command: ThirdPartyPatch.exe /query all /filter update_available /server https://sis.n-able.com 
[1] 2026-04-27 09:02:19,233 DEBUG Found existing Repository XML [C:\ProgramData\MspPlatform\PME\ThirdPartyPatch\Downloads\Repository.xml] backing up to [C:\ProgramData\MspPlatform\PME\ThirdPartyPatch\Downloads\Repository.old] 
[1] 2026-04-27 09:02:19,284 DEBUG Local ThirdPartySoftware Timestamp: [1776943468] Repository Timestamp: [1776943468] Refreshing MetaFiles: [False]
[1] 2026-04-27 09:02:19,337 DEBUG Verifying correct bitness of following product: Google Chrome
[1] 2026-04-27 09:02:19,338 DEBUG Original architecture found for Google Chrome is correct!
[1] 2026-04-27 09:02:19,500 DEBUG Verifying correct bitness of following product: Microsoft Edge
[1] 2026-04-27 09:02:19,500 DEBUG Registry location does not correspond to actual product architecture. Adjusting information...
[1] 2026-04-27 09:02:19,502 DEBUG Product: Microsoft Edge. Previous detected architecture => Is64Bit: False / Corrected architecture => Is64Bit: True
[1] 2026-04-27 09:02:19,665 INFO  Applications matching filter: 1
[1] 2026-04-27 09:02:19,674 INFO  Application: [Chrome] Installed: [147.0.7727.56 (x64) (en)] Latest: [147.0.7727.117]
[1] 2026-04-27 09:02:19,679 DEBUG CleanOldLogs => Started.
[1] 2026-04-27 09:02:19,679 DEBUG CleanOldLogs => Finished.
[1] 2026-04-27 09:02:19,680 DEBUG DONE
[1] 2026-04-27 10:32:34,394 DEBUG =============================== Launch at [27/04/2026 10:32:34] ===============================
[1] 2026-04-27 10:32:34,394 DEBUG ThirdPartyPatch (2.13.14.5036)
[1] 2026-04-27 10:32:34,394 DEBUG System Information: OS: WIN_11 [x64]
[1] 2026-04-27 10:32:34,394 DEBUG Command: ThirdPartyPatch.exe /query all /filter up_to_date /server https://sis.n-able.com 
[1] 2026-04-27 10:32:34,408 DEBUG Found existing Repository XML [C:\ProgramData\MspPlatform\PME\ThirdPartyPatch\Downloads\Repository.xml] backing up to [C:\ProgramData\MspPlatform\PME\ThirdPartyPatch\Downloads\Repository.old] 
[1] 2026-04-27 10:32:34,568 DEBUG Local ThirdPartySoftware Timestamp: [1776943468] Repository Timestamp: [1776943468] Refreshing MetaFiles: [False]
[1] 2026-04-27 10:32:34,618 DEBUG Verifying correct bitness of following product: Google Chrome
[1] 2026-04-27 10:32:34,618 DEBUG Original architecture found for Google Chrome is correct!
[1] 2026-04-27 10:32:34,788 DEBUG Verifying correct bitness of following product: Microsoft Edge
[1] 2026-04-27 10:32:34,788 DEBUG Registry location does not correspond to actual product architecture. Adjusting information...
[1] 2026-04-27 10:32:34,788 DEBUG Product: Microsoft Edge. Previous detected architecture => Is64Bit: False / Corrected architecture => Is64Bit: True
[1] 2026-04-27 10:32:34,988 INFO  Applications matching filter: 4
[1] 2026-04-27 10:32:34,998 INFO  Application: [Chrome] Installed: [147.0.7727.117 (x64) (en)] Latest: [147.0.7727.117]
[1] 2026-04-27 10:32:34,998 INFO  Application: [OneDrive] Installed: [26.62.402.2 (x64) (en)] Latest: [26.55.323.4]
[1] 2026-04-27 10:32:35,009 INFO  Application: [Google Drive] Installed: [123.0.1.0 (x64) (en)] Latest: [115.0.1.0]
[1] 2026-04-27 10:32:35,009 INFO  Application: [Microsoft Edge] Installed: [147.0.3912.86 (x64) (en)] Latest: [147.0.3912.72]
[1] 2026-04-27 10:32:35,009 DEBUG CleanOldLogs => Started.
[1] 2026-04-27 10:32:35,009 DEBUG CleanOldLogs => Finished.
[1] 2026-04-27 10:32:35,009 DEBUG DONE
[1] 2026-04-27 10:32:35,124 DEBUG =============================== Launch at [27/04/2026 10:32:35] ===============================
[1] 2026-04-27 10:32:35,124 DEBUG ThirdPartyPatch (2.13.14.5036)
[1] 2026-04-27 10:32:35,124 DEBUG System Information: OS: WIN_11 [x64]
[1] 2026-04-27 10:32:35,124 DEBUG Command: ThirdPartyPatch.exe /query all /filter update_available /server https://sis.n-able.com 
[1] 2026-04-27 10:32:35,136 DEBUG Found existing Repository XML [C:\ProgramData\MspPlatform\PME\ThirdPartyPatch\Downloads\Repository.xml] backing up to [C:\ProgramData\MspPlatform\PME\ThirdPartyPatch\Downloads\Repository.old] 
[1] 2026-04-27 10:32:35,179 DEBUG Local ThirdPartySoftware Timestamp: [1776943468] Repository Timestamp: [1776943468] Refreshing MetaFiles: [False]
[1] 2026-04-27 10:32:35,232 DEBUG Verifying correct bitness of following product: Google Chrome
[1] 2026-04-27 10:32:35,232 DEBUG Original architecture found for Google Chrome is correct!
[1] 2026-04-27 10:32:35,400 DEBUG Verifying correct bitness of following product: Microsoft Edge
[1] 2026-04-27 10:32:35,400 DEBUG Registry location does not correspond to actual product architecture. Adjusting information...
[1] 2026-04-27 10:32:35,400 DEBUG Product: Microsoft Edge. Previous detected architecture => Is64Bit: False / Corrected architecture => Is64Bit: True
[1] 2026-04-27 10:32:35,495 INFO  Applications matching filter: 0
[1] 2026-04-27 10:32:35,501 DEBUG CleanOldLogs => Started.
[1] 2026-04-27 10:32:35,501 DEBUG CleanOldLogs => Finished.
[1] 2026-04-27 10:32:35,501 DEBUG DONE
[1] 2026-04-27 11:03:11,225 DEBUG =============================== Launch at [27/04/2026 11:03:11] ===============================
[1] 2026-04-27 11:03:11,225 DEBUG ThirdPartyPatch (2.13.14.5036)
[1] 2026-04-27 11:03:11,225 DEBUG System Information: OS: WIN_11 [x64]
[1] 2026-04-27 11:03:11,225 DEBUG Command: ThirdPartyPatch.exe /query all /filter up_to_date /server https://sis.n-able.com 
[1] 2026-04-27 11:03:11,230 DEBUG Found existing Repository XML [C:\ProgramData\MspPlatform\PME\ThirdPartyPatch\Downloads\Repository.xml] backing up to [C:\ProgramData\MspPlatform\PME\ThirdPartyPatch\Downloads\Repository.old] 
[1] 2026-04-27 11:03:11,274 DEBUG Local ThirdPartySoftware Timestamp: [1776943468] Repository Timestamp: [1776943468] Refreshing MetaFiles: [False]
[1] 2026-04-27 11:03:11,323 DEBUG Verifying correct bitness of following product: Google Chrome
[1] 2026-04-27 11:03:11,323 DEBUG Original architecture found for Google Chrome is correct!
[1] 2026-04-27 11:03:11,494 DEBUG Verifying correct bitness of following product: Microsoft Edge
[1] 2026-04-27 11:03:11,494 DEBUG Registry location does not correspond to actual product architecture. Adjusting information...
[1] 2026-04-27 11:03:11,494 DEBUG Product: Microsoft Edge. Previous detected architecture => Is64Bit: False / Corrected architecture => Is64Bit: True
[1] 2026-04-27 11:03:11,673 INFO  Applications matching filter: 4
[1] 2026-04-27 11:03:11,683 INFO  Application: [Chrome] Installed: [147.0.7727.117 (x64) (en)] Latest: [147.0.7727.117]
[1] 2026-04-27 11:03:11,686 INFO  Application: [OneDrive] Installed: [26.62.402.2 (x64) (en)] Latest: [26.55.323.4]
[1] 2026-04-27 11:03:11,693 INFO  Application: [Google Drive] Installed: [123.0.1.0 (x64) (en)] Latest: [115.0.1.0]
[1] 2026-04-27 11:03:11,699 INFO  Application: [Microsoft Edge] Installed: [147.0.3912.86 (x64) (en)] Latest: [147.0.3912.72]
[1] 2026-04-27 11:03:11,701 DEBUG CleanOldLogs => Started.
[1] 2026-04-27 11:03:11,701 DEBUG CleanOldLogs => Finished.
[1] 2026-04-27 11:03:11,701 DEBUG DONE
[1] 2026-04-27 11:03:11,812 DEBUG =============================== Launch at [27/04/2026 11:03:11] ===============================
[1] 2026-04-27 11:03:11,812 DEBUG ThirdPartyPatch (2.13.14.5036)
[1] 2026-04-27 11:03:11,812 DEBUG System Information: OS: WIN_11 [x64]
[1] 2026-04-27 11:03:11,812 DEBUG Command: ThirdPartyPatch.exe /query all /filter update_available /server https://sis.n-able.com 
[1] 2026-04-27 11:03:11,828 DEBUG Found existing Repository XML [C:\ProgramData\MspPlatform\PME\ThirdPartyPatch\Downloads\Repository.xml] backing up to [C:\ProgramData\MspPlatform\PME\ThirdPartyPatch\Downloads\Repository.old] 
[1] 2026-04-27 11:03:11,864 DEBUG Local ThirdPartySoftware Timestamp: [1776943468] Repository Timestamp: [1776943468] Refreshing MetaFiles: [False]
[1] 2026-04-27 11:03:11,915 DEBUG Verifying correct bitness of following product: Google Chrome
[1] 2026-04-27 11:03:11,915 DEBUG Original architecture found for Google Chrome is correct!
[1] 2026-04-27 11:03:12,074 DEBUG Verifying correct bitness of following product: Microsoft Edge
[1] 2026-04-27 11:03:12,074 DEBUG Registry location does not correspond to actual product architecture. Adjusting information...
[1] 2026-04-27 11:03:12,074 DEBUG Product: Microsoft Edge. Previous detected architecture => Is64Bit: False / Corrected architecture => Is64Bit: True
[1] 2026-04-27 11:03:12,172 INFO  Applications matching filter: 0
[1] 2026-04-27 11:03:12,172 DEBUG CleanOldLogs => Started.
[1] 2026-04-27 11:03:12,172 DEBUG CleanOldLogs => Finished.
[1] 2026-04-27 11:03:12,178 DEBUG DONE
[1] 2026-04-28 11:13:59,583 DEBUG =============================== Launch at [28/04/2026 11:13:59] ===============================
[1] 2026-04-28 11:13:59,583 DEBUG ThirdPartyPatch (2.13.14.5036)
[1] 2026-04-28 11:13:59,583 DEBUG System Information: OS: WIN_11 [x64]
[1] 2026-04-28 11:13:59,593 DEBUG Command: ThirdPartyPatch.exe /query all /filter up_to_date /server https://sis.n-able.com 
[1] 2026-04-28 11:13:59,604 DEBUG Found existing Repository XML [C:\ProgramData\MspPlatform\PME\ThirdPartyPatch\Downloads\Repository.xml] backing up to [C:\ProgramData\MspPlatform\PME\ThirdPartyPatch\Downloads\Repository.old] 
[1] 2026-04-28 11:14:09,763 DEBUG Local ThirdPartySoftware Timestamp: [1776943468] Repository Timestamp: [1777287032] Refreshing MetaFiles: [True]
[1] 2026-04-28 11:14:09,763 DEBUG CleanOldLogs => Started.
[1] 2026-04-28 11:14:09,763 DEBUG CleanOldLogs => Finished.
[1] 2026-04-28 11:14:19,859 DEBUG Verifying correct bitness of following product: Google Chrome
[1] 2026-04-28 11:14:19,860 DEBUG Original architecture found for Google Chrome is correct!
[1] 2026-04-28 11:14:20,157 DEBUG Verifying correct bitness of following product: Microsoft Edge
[1] 2026-04-28 11:14:20,158 DEBUG Registry location does not correspond to actual product architecture. Adjusting information...
[1] 2026-04-28 11:14:20,158 DEBUG Product: Microsoft Edge. Previous detected architecture => Is64Bit: False / Corrected architecture => Is64Bit: True
[1] 2026-04-28 11:15:00,607 INFO  Applications matching filter: 4
[1] 2026-04-28 11:15:10,650 INFO  Application: [Chrome] Installed: [147.0.7727.117 (x64) (en)] Latest: [147.0.7727.117]
[1] 2026-04-28 11:15:10,666 INFO  Application: [OneDrive] Installed: [26.62.402.2 (x64) (en)] Latest: [26.62.402.2]
[1] 2026-04-28 11:15:10,671 INFO  Application: [Google Drive] Installed: [124.0.3.0 (x64) (en)] Latest: [115.0.1.0]
[1] 2026-04-28 11:15:10,671 INFO  Application: [Microsoft Edge] Installed: [147.0.3912.86 (x64) (en)] Latest: [147.0.3912.86]
[1] 2026-04-28 11:15:10,682 DEBUG CleanOldLogs => Started.
[1] 2026-04-28 11:15:10,682 DEBUG CleanOldLogs => Finished.
[1] 2026-04-28 11:15:10,682 DEBUG DONE
[1] 2026-04-28 11:15:10,795 DEBUG =============================== Launch at [28/04/2026 11:15:10] ===============================
[1] 2026-04-28 11:15:10,795 DEBUG ThirdPartyPatch (2.13.14.5036)
[1] 2026-04-28 11:15:10,795 DEBUG System Information: OS: WIN_11 [x64]
[1] 2026-04-28 11:15:10,801 DEBUG Command: ThirdPartyPatch.exe /query all /filter update_available /server https://sis.n-able.com 
[1] 2026-04-28 11:15:10,851 DEBUG Local ThirdPartySoftware Timestamp: [1777287032] Repository Timestamp: [1777287032] Refreshing MetaFiles: [False]
[1] 2026-04-28 11:15:10,901 DEBUG Verifying correct bitness of following product: Google Chrome
[1] 2026-04-28 11:15:10,901 DEBUG Original architecture found for Google Chrome is correct!
[1] 2026-04-28 11:15:11,071 DEBUG Verifying correct bitness of following product: Microsoft Edge
[1] 2026-04-28 11:15:11,071 DEBUG Registry location does not correspond to actual product architecture. Adjusting information...
[1] 2026-04-28 11:15:11,071 DEBUG Product: Microsoft Edge. Previous detected architecture => Is64Bit: False / Corrected architecture => Is64Bit: True
[1] 2026-04-28 11:15:11,174 INFO  Applications matching filter: 0
[1] 2026-04-28 11:15:11,188 DEBUG CleanOldLogs => Started.
[1] 2026-04-28 11:15:11,188 DEBUG CleanOldLogs => Finished.
[1] 2026-04-28 11:15:11,188 DEBUG DONE
[1] 2026-04-30 09:37:26,523 DEBUG =============================== Launch at [30/04/2026 9:37:26] ===============================
[1] 2026-04-30 09:37:26,524 DEBUG ThirdPartyPatch (2.13.14.5036)
[1] 2026-04-30 09:37:26,525 DEBUG System Information: OS: WIN_11 [x64]
[1] 2026-04-30 09:37:26,525 DEBUG Command: ThirdPartyPatch.exe /query all /filter up_to_date /server https://sis.n-able.com 
[1] 2026-04-30 09:37:26,535 DEBUG Found existing Repository XML [C:\ProgramData\MspPlatform\PME\ThirdPartyPatch\Downloads\Repository.xml] backing up to [C:\ProgramData\MspPlatform\PME\ThirdPartyPatch\Downloads\Repository.old] 
[1] 2026-04-30 09:37:36,869 DEBUG Local ThirdPartySoftware Timestamp: [1777287032] Repository Timestamp: [1777462890] Refreshing MetaFiles: [True]
[1] 2026-04-30 09:37:36,874 DEBUG CleanOldLogs => Started.
[1] 2026-04-30 09:37:36,876 DEBUG CleanOldLogs => Finished.
[1] 2026-04-30 09:37:47,134 DEBUG Verifying correct bitness of following product: Google Chrome
[1] 2026-04-30 09:37:47,141 DEBUG Original architecture found for Google Chrome is correct!
[1] 2026-04-30 09:37:47,619 DEBUG Verifying correct bitness of following product: Microsoft Edge
[1] 2026-04-30 09:37:47,619 DEBUG Registry location does not correspond to actual product architecture. Adjusting information...
[1] 2026-04-30 09:37:47,619 DEBUG Product: Microsoft Edge. Previous detected architecture => Is64Bit: False / Corrected architecture => Is64Bit: True
[1] 2026-04-30 09:38:18,341 INFO  Applications matching filter: 3
[1] 2026-04-30 09:38:28,419 INFO  Application: [OneDrive] Installed: [26.62.402.2 (x64) (en)] Latest: [26.62.402.2]
[1] 2026-04-30 09:38:28,443 INFO  Application: [Google Drive] Installed: [124.0.3.0 (x64) (en)] Latest: [115.0.1.0]
[1] 2026-04-30 09:38:28,451 INFO  Application: [Microsoft Edge] Installed: [147.0.3912.86 (x64) (en)] Latest: [147.0.3912.86]
[1] 2026-04-30 09:38:28,457 DEBUG CleanOldLogs => Started.
[1] 2026-04-30 09:38:28,458 DEBUG CleanOldLogs => Finished.
[1] 2026-04-30 09:38:28,458 DEBUG DONE
[1] 2026-04-30 09:38:28,663 DEBUG =============================== Launch at [30/04/2026 9:38:28] ===============================
[1] 2026-04-30 09:38:28,663 DEBUG ThirdPartyPatch (2.13.14.5036)
[1] 2026-04-30 09:38:28,663 DEBUG System Information: OS: WIN_11 [x64]
[1] 2026-04-30 09:38:28,663 DEBUG Command: ThirdPartyPatch.exe /query all /filter update_available /server https://sis.n-able.com 
[1] 2026-04-30 09:38:28,746 DEBUG Local ThirdPartySoftware Timestamp: [1777462890] Repository Timestamp: [1777462890] Refreshing MetaFiles: [False]
[1] 2026-04-30 09:38:28,833 DEBUG Verifying correct bitness of following product: Google Chrome
[1] 2026-04-30 09:38:28,835 DEBUG Original architecture found for Google Chrome is correct!
[1] 2026-04-30 09:38:29,164 DEBUG Verifying correct bitness of following product: Microsoft Edge
[1] 2026-04-30 09:38:29,164 DEBUG Registry location does not correspond to actual product architecture. Adjusting information...
[1] 2026-04-30 09:38:29,164 DEBUG Product: Microsoft Edge. Previous detected architecture => Is64Bit: False / Corrected architecture => Is64Bit: True
[1] 2026-04-30 09:38:39,529 INFO  Applications matching filter: 1
[1] 2026-04-30 09:38:39,549 INFO  Application: [Chrome] Installed: [147.0.7727.117 (x64) (en)] Latest: [147.0.7727.138]
[1] 2026-04-30 09:38:39,559 DEBUG CleanOldLogs => Started.
[1] 2026-04-30 09:38:39,559 DEBUG CleanOldLogs => Finished.
[1] 2026-04-30 09:38:39,559 DEBUG DONE
[1] 2026-04-30 11:01:32,884 DEBUG =============================== Launch at [30/04/2026 11:01:32] ===============================
[1] 2026-04-30 11:01:32,885 DEBUG ThirdPartyPatch (2.13.14.5036)
[1] 2026-04-30 11:01:32,886 DEBUG System Information: OS: WIN_11 [x64]
[1] 2026-04-30 11:01:32,886 DEBUG Command: ThirdPartyPatch.exe /query all /filter up_to_date /server https://sis.n-able.com 
[1] 2026-04-30 11:01:32,901 DEBUG Found existing Repository XML [C:\ProgramData\MspPlatform\PME\ThirdPartyPatch\Downloads\Repository.xml] backing up to [C:\ProgramData\MspPlatform\PME\ThirdPartyPatch\Downloads\Repository.old] 
[1] 2026-04-30 11:01:32,985 DEBUG Local ThirdPartySoftware Timestamp: [1777462890] Repository Timestamp: [1777462890] Refreshing MetaFiles: [False]
[1] 2026-04-30 11:01:33,100 DEBUG Verifying correct bitness of following product: Google Chrome
[1] 2026-04-30 11:01:33,102 DEBUG Original architecture found for Google Chrome is correct!
[1] 2026-04-30 11:01:33,384 DEBUG Verifying correct bitness of following product: Microsoft Edge
[1] 2026-04-30 11:01:33,412 DEBUG Registry location does not correspond to actual product architecture. Adjusting information...
[1] 2026-04-30 11:01:33,414 DEBUG Product: Microsoft Edge. Previous detected architecture => Is64Bit: False / Corrected architecture => Is64Bit: True
[1] 2026-04-30 11:01:33,750 INFO  Applications matching filter: 3
[1] 2026-04-30 11:01:33,764 INFO  Application: [OneDrive] Installed: [26.62.402.2 (x64) (en)] Latest: [26.62.402.2]
[1] 2026-04-30 11:01:33,780 INFO  Application: [Google Drive] Installed: [124.0.3.0 (x64) (en)] Latest: [115.0.1.0]
[1] 2026-04-30 11:01:33,788 INFO  Application: [Microsoft Edge] Installed: [147.0.3912.86 (x64) (en)] Latest: [147.0.3912.86]
[1] 2026-04-30 11:01:33,791 DEBUG CleanOldLogs => Started.
[1] 2026-04-30 11:01:33,793 DEBUG CleanOldLogs => Finished.
[1] 2026-04-30 11:01:33,794 DEBUG DONE
[1] 2026-04-30 11:01:33,972 DEBUG =============================== Launch at [30/04/2026 11:01:33] ===============================
[1] 2026-04-30 11:01:33,973 DEBUG ThirdPartyPatch (2.13.14.5036)
[1] 2026-04-30 11:01:33,973 DEBUG System Information: OS: WIN_11 [x64]
[1] 2026-04-30 11:01:33,974 DEBUG Command: ThirdPartyPatch.exe /query all /filter update_available /server https://sis.n-able.com 
[1] 2026-04-30 11:01:33,988 DEBUG Found existing Repository XML [C:\ProgramData\MspPlatform\PME\ThirdPartyPatch\Downloads\Repository.xml] backing up to [C:\ProgramData\MspPlatform\PME\ThirdPartyPatch\Downloads\Repository.old] 
[1] 2026-04-30 11:01:34,052 DEBUG Local ThirdPartySoftware Timestamp: [1777462890] Repository Timestamp: [1777462890] Refreshing MetaFiles: [False]
[1] 2026-04-30 11:01:34,133 DEBUG Verifying correct bitness of following product: Google Chrome
[1] 2026-04-30 11:01:34,135 DEBUG Original architecture found for Google Chrome is correct!
[1] 2026-04-30 11:01:34,407 DEBUG Verifying correct bitness of following product: Microsoft Edge
[1] 2026-04-30 11:01:34,408 DEBUG Registry location does not correspond to actual product architecture. Adjusting information...
[1] 2026-04-30 11:01:34,408 DEBUG Product: Microsoft Edge. Previous detected architecture => Is64Bit: False / Corrected architecture => Is64Bit: True
[1] 2026-04-30 11:01:34,712 INFO  Applications matching filter: 1
[1] 2026-04-30 11:01:34,725 INFO  Application: [Chrome] Installed: [147.0.7727.117 (x64) (en)] Latest: [147.0.7727.138]
[1] 2026-04-30 11:01:34,730 DEBUG CleanOldLogs => Started.
[1] 2026-04-30 11:01:34,731 DEBUG CleanOldLogs => Finished.
[1] 2026-04-30 11:01:34,731 DEBUG DONE
