[1] 2026-03-09 11:06:01,845 DEBUG DownloaderFactory.GetDownloader => Can connect to https://sis.n-able.com/ using FileCacheServiceAgentDownloader
[1] 2026-03-09 11:06:01,847 DEBUG FileCacheServiceAgentDownloader.DownloadFile => url = https://sis.n-able.com/3rdPartySw/ThirdPartySoftware.xml, fileName = C:\ProgramData\MspPlatform\PME\ThirdPartyPatch\Downloads\ThirdPartySoftware.xml
[1] 2026-03-09 11:06:01,847 DEBUG FileCacheServiceAgentDownloader.StartAsyncDownload => Submitting file https://sis.n-able.com/3rdPartySw/ThirdPartySoftware.xml...
[1] 2026-03-09 11:06:01,857 DEBUG FileCacheServiceAgentDownloader.DownloadFile => Waiting for download to be finished
[5] 2026-03-09 11:06:02,072 DEBUG FileCacheServiceAgentDownloader.RetryPolicy => File info is not available yet, trying again in 5s...
[5] 2026-03-09 11:06:07,083 DEBUG FileCacheServiceAgentDownloader.RetryPolicy => File info is not available yet, trying again in 5s...
[5] 2026-03-09 11:06:12,085 DEBUG FileCacheServiceAgentDownloader.HandleDownloadResult => Cache service: update is present [https___sis.n-able.com_3rdPartySw_ThirdPartySoftware.xml_2026030906] [https://sis.n-able.com/3rdPartySw/ThirdPartySoftware.xml]
[5] 2026-03-09 11:06:12,086 DEBUG downloadInfoDetails: isupdatepresent = "true" || cachedLocation = "C:\ProgramData\MspPlatform\FileCacheServiceAgent\cache\https___sis.n-able.com_3rdPartySw_ThirdPartySoftware.xml_2026030906.xml" || filename = "ThirdPartySoftware.xml" || sizeinbytes = "114811" || checksum = "fe89744192dce72adb522ee23164329ec521d525" || uuid = "https___sis.n-able.com_3rdPartySw_ThirdPartySoftware.xml_2026030906" || url = "https://sis.n-able.com/3rdPartySw/ThirdPartySoftware.xml" || name = "" || kbs = "" || version = "" || architecture = "" || language = "" || cacheddatetime = "2026-3-9 11:6:7 am" || downloadFailed = "false" || 
[5] 2026-03-09 11:06:12,087 DEBUG FileCacheServiceAgentDownloader.HandleDownloadResult => Downloading file (https___sis.n-able.com_3rdPartySw_ThirdPartySoftware.xml_2026030906, C:\ProgramData\MspPlatform\FileCacheServiceAgent\cache\https___sis.n-able.com_3rdPartySw_ThirdPartySoftware.xml_2026030906.xml, ThirdPartySoftware.xml, 114811, C:\ProgramData\MspPlatform\PME\ThirdPartyPatch\Downloads)...
[5] 2026-03-09 11:06:12,096 DEBUG DownloadFileInBlocks Status:Complete File location [C:\ProgramData\MspPlatform\FileCacheServiceAgent\cache\https___sis.n-able.com_3rdPartySw_ThirdPartySoftware.xml_2026030906.xml] destination [C:\ProgramData\MspPlatform\PME\ThirdPartyPatch\Downloads\ThirdPartySoftware.xml]
[5] 2026-03-09 11:06:12,096 DEBUG Download completed successfully. 
[5] 2026-03-09 11:06:12,096 DEBUG FileCacheServiceAgentDownloader.HandleDownloadResult => File was downloaded as "C:\ProgramData\MspPlatform\PME\ThirdPartyPatch\Downloads\ThirdPartySoftware.xml" with status "Complete"
[1] 2026-03-09 11:06:15,603 DEBUG DownloaderFactory.GetDownloader => Can connect to https://sis.n-able.com/ using FileCacheServiceAgentDownloader
[1] 2026-03-09 11:06:15,604 DEBUG FileCacheServiceAgentDownloader.DownloadFile => url = https://sis.n-able.com/3rdPartySw/OS/WIN/Applications/Google/Chrome.zip, fileName = C:\ProgramData\MspPlatform\PME\ThirdPartyPatch\Downloads\Chrome.zip
[1] 2026-03-09 11:06:15,604 DEBUG FileCacheServiceAgentDownloader.StartAsyncDownload => Submitting file https://sis.n-able.com/3rdPartySw/OS/WIN/Applications/Google/Chrome.zip...
[1] 2026-03-09 11:06:15,605 DEBUG FileCacheServiceAgentDownloader.DownloadFile => Waiting for download to be finished
[6] 2026-03-09 11:06:15,606 DEBUG FileCacheServiceAgentDownloader.RetryPolicy => File info is not available yet, trying again in 5s...
[6] 2026-03-09 11:06:20,618 DEBUG FileCacheServiceAgentDownloader.RetryPolicy => File info is not available yet, trying again in 5s...
[6] 2026-03-09 11:06:25,631 DEBUG FileCacheServiceAgentDownloader.HandleDownloadResult => Cache service: update is present [https___sis.n-able.com_3rdPartySw_OS_WIN_Applications_Google_Chrome.zip_2026030906] [https://sis.n-able.com/3rdPartySw/OS/WIN/Applications/Google/Chrome.zip]
[6] 2026-03-09 11:06:25,631 DEBUG downloadInfoDetails: isupdatepresent = "true" || cachedLocation = "C:\ProgramData\MspPlatform\FileCacheServiceAgent\cache\https___sis.n-able.com_3rdPartySw_OS_WIN_Applications_Google_Chrome.zip_2026030906.zip" || filename = "Chrome.zip" || sizeinbytes = "15819" || checksum = "d46a2618106ee2ab42daf53f0e987e2efd8f3b85" || uuid = "https___sis.n-able.com_3rdPartySw_OS_WIN_Applications_Google_Chrome.zip_2026030906" || url = "https://sis.n-able.com/3rdPartySw/OS/WIN/Applications/Google/Chrome.zip" || name = "" || kbs = "" || version = "" || architecture = "" || language = "" || cacheddatetime = "2026-3-9 11:6:21 am" || downloadFailed = "false" || 
[6] 2026-03-09 11:06:25,632 DEBUG FileCacheServiceAgentDownloader.HandleDownloadResult => Downloading file (https___sis.n-able.com_3rdPartySw_OS_WIN_Applications_Google_Chrome.zip_2026030906, C:\ProgramData\MspPlatform\FileCacheServiceAgent\cache\https___sis.n-able.com_3rdPartySw_OS_WIN_Applications_Google_Chrome.zip_2026030906.zip, Chrome.zip, 15819, C:\ProgramData\MspPlatform\PME\ThirdPartyPatch\Downloads)...
[6] 2026-03-09 11:06:25,661 DEBUG DownloadFileInBlocks Status:Complete File location [C:\ProgramData\MspPlatform\FileCacheServiceAgent\cache\https___sis.n-able.com_3rdPartySw_OS_WIN_Applications_Google_Chrome.zip_2026030906.zip] destination [C:\ProgramData\MspPlatform\PME\ThirdPartyPatch\Downloads\Chrome.zip]
[6] 2026-03-09 11:06:25,661 DEBUG Download completed successfully. 
[6] 2026-03-09 11:06:25,661 DEBUG FileCacheServiceAgentDownloader.HandleDownloadResult => File was downloaded as "C:\ProgramData\MspPlatform\PME\ThirdPartyPatch\Downloads\Chrome.zip" with status "Complete"
[1] 2026-03-09 11:06:26,060 DEBUG DownloaderFactory.GetDownloader => Can connect to https://sis.n-able.com/ using FileCacheServiceAgentDownloader
[1] 2026-03-09 11:06:26,061 DEBUG FileCacheServiceAgentDownloader.DownloadFile => url = https://sis.n-able.com/3rdPartySw/OS/WIN/Applications/Microsoft/OneDrive.zip, fileName = C:\ProgramData\MspPlatform\PME\ThirdPartyPatch\Downloads\OneDrive.zip
[1] 2026-03-09 11:06:26,061 DEBUG FileCacheServiceAgentDownloader.StartAsyncDownload => Submitting file https://sis.n-able.com/3rdPartySw/OS/WIN/Applications/Microsoft/OneDrive.zip...
[1] 2026-03-09 11:06:26,062 DEBUG FileCacheServiceAgentDownloader.DownloadFile => Waiting for download to be finished
[6] 2026-03-09 11:06:26,064 DEBUG FileCacheServiceAgentDownloader.RetryPolicy => File info is not available yet, trying again in 5s...
[6] 2026-03-09 11:06:31,070 DEBUG FileCacheServiceAgentDownloader.RetryPolicy => File info is not available yet, trying again in 5s...
[6] 2026-03-09 11:06:36,078 DEBUG FileCacheServiceAgentDownloader.HandleDownloadResult => Cache service: update is present [https___sis.n-able.com_3rdPartySw_OS_WIN_Applications_Microsoft_OneDrive.zip_2026030906] [https://sis.n-able.com/3rdPartySw/OS/WIN/Applications/Microsoft/OneDrive.zip]
[6] 2026-03-09 11:06:36,080 DEBUG downloadInfoDetails: isupdatepresent = "true" || cachedLocation = "C:\ProgramData\MspPlatform\FileCacheServiceAgent\cache\https___sis.n-able.com_3rdPartySw_OS_WIN_Applications_Microsoft_OneDrive.zip_2026030906.zip" || filename = "OneDrive.zip" || sizeinbytes = "32252" || checksum = "3b53a538b90b8a55eec914e2e9335049f8d722ab" || uuid = "https___sis.n-able.com_3rdPartySw_OS_WIN_Applications_Microsoft_OneDrive.zip_2026030906" || url = "https://sis.n-able.com/3rdPartySw/OS/WIN/Applications/Microsoft/OneDrive.zip" || name = "" || kbs = "" || version = "" || architecture = "" || language = "" || cacheddatetime = "2026-3-9 11:6:31 am" || downloadFailed = "false" || 
[6] 2026-03-09 11:06:36,080 DEBUG FileCacheServiceAgentDownloader.HandleDownloadResult => Downloading file (https___sis.n-able.com_3rdPartySw_OS_WIN_Applications_Microsoft_OneDrive.zip_2026030906, C:\ProgramData\MspPlatform\FileCacheServiceAgent\cache\https___sis.n-able.com_3rdPartySw_OS_WIN_Applications_Microsoft_OneDrive.zip_2026030906.zip, OneDrive.zip, 32252, C:\ProgramData\MspPlatform\PME\ThirdPartyPatch\Downloads)...
[6] 2026-03-09 11:06:36,086 DEBUG DownloadFileInBlocks Status:Complete File location [C:\ProgramData\MspPlatform\FileCacheServiceAgent\cache\https___sis.n-able.com_3rdPartySw_OS_WIN_Applications_Microsoft_OneDrive.zip_2026030906.zip] destination [C:\ProgramData\MspPlatform\PME\ThirdPartyPatch\Downloads\OneDrive.zip]
[6] 2026-03-09 11:06:36,087 DEBUG Download completed successfully. 
[6] 2026-03-09 11:06:36,087 DEBUG FileCacheServiceAgentDownloader.HandleDownloadResult => File was downloaded as "C:\ProgramData\MspPlatform\PME\ThirdPartyPatch\Downloads\OneDrive.zip" with status "Complete"
[1] 2026-03-09 11:06:36,164 DEBUG DownloaderFactory.GetDownloader => Can connect to https://sis.n-able.com/ using FileCacheServiceAgentDownloader
[1] 2026-03-09 11:06:36,165 DEBUG FileCacheServiceAgentDownloader.DownloadFile => url = https://sis.n-able.com/3rdPartySw/OS/WIN/Applications/Google/Google Drive.zip, fileName = C:\ProgramData\MspPlatform\PME\ThirdPartyPatch\Downloads\Google Drive.zip
[1] 2026-03-09 11:06:36,165 DEBUG FileCacheServiceAgentDownloader.StartAsyncDownload => Submitting file https://sis.n-able.com/3rdPartySw/OS/WIN/Applications/Google/Google Drive.zip...
[1] 2026-03-09 11:06:36,167 DEBUG FileCacheServiceAgentDownloader.DownloadFile => Waiting for download to be finished
[6] 2026-03-09 11:06:36,168 DEBUG FileCacheServiceAgentDownloader.RetryPolicy => File info is not available yet, trying again in 5s...
[6] 2026-03-09 11:06:41,182 DEBUG FileCacheServiceAgentDownloader.RetryPolicy => File info is not available yet, trying again in 5s...
[6] 2026-03-09 11:06:46,189 DEBUG FileCacheServiceAgentDownloader.HandleDownloadResult => Cache service: update is present [https___sis.n-able.com_3rdPartySw_OS_WIN_Applications_Google_Google Drive.zip_2026030906] [https://sis.n-able.com/3rdPartySw/OS/WIN/Applications/Google/Google Drive.zip]
[6] 2026-03-09 11:06:46,190 DEBUG downloadInfoDetails: isupdatepresent = "true" || cachedLocation = "C:\ProgramData\MspPlatform\FileCacheServiceAgent\cache\https___sis.n-able.com_3rdPartySw_OS_WIN_Applications_Google_Google Drive.zip_2026030906.zip" || filename = "Google Drive.zip" || sizeinbytes = "27612" || checksum = "b0ab36ca62742bbbe75dd93777de41698be9eeb1" || uuid = "https___sis.n-able.com_3rdPartySw_OS_WIN_Applications_Google_Google Drive.zip_2026030906" || url = "https://sis.n-able.com/3rdPartySw/OS/WIN/Applications/Google/Google Drive.zip" || name = "" || kbs = "" || version = "" || architecture = "" || language = "" || cacheddatetime = "2026-3-9 11:6:41 am" || downloadFailed = "false" || 
[6] 2026-03-09 11:06:46,192 DEBUG FileCacheServiceAgentDownloader.HandleDownloadResult => Downloading file (https___sis.n-able.com_3rdPartySw_OS_WIN_Applications_Google_Google Drive.zip_2026030906, C:\ProgramData\MspPlatform\FileCacheServiceAgent\cache\https___sis.n-able.com_3rdPartySw_OS_WIN_Applications_Google_Google Drive.zip_2026030906.zip, Google Drive.zip, 27612, C:\ProgramData\MspPlatform\PME\ThirdPartyPatch\Downloads)...
[6] 2026-03-09 11:06:46,195 DEBUG DownloadFileInBlocks Status:Complete File location [C:\ProgramData\MspPlatform\FileCacheServiceAgent\cache\https___sis.n-able.com_3rdPartySw_OS_WIN_Applications_Google_Google Drive.zip_2026030906.zip] destination [C:\ProgramData\MspPlatform\PME\ThirdPartyPatch\Downloads\Google Drive.zip]
[6] 2026-03-09 11:06:46,197 DEBUG Download completed successfully. 
[6] 2026-03-09 11:06:46,197 DEBUG FileCacheServiceAgentDownloader.HandleDownloadResult => File was downloaded as "C:\ProgramData\MspPlatform\PME\ThirdPartyPatch\Downloads\Google Drive.zip" with status "Complete"
[1] 2026-03-09 11:06:46,249 DEBUG DownloaderFactory.GetDownloader => Can connect to https://sis.n-able.com/ using FileCacheServiceAgentDownloader
[1] 2026-03-09 11:06:46,250 DEBUG FileCacheServiceAgentDownloader.DownloadFile => url = https://sis.n-able.com/3rdPartySw/OS/WIN/Applications/Microsoft/Microsoft Edge.zip, fileName = C:\ProgramData\MspPlatform\PME\ThirdPartyPatch\Downloads\Microsoft Edge.zip
[1] 2026-03-09 11:06:46,250 DEBUG FileCacheServiceAgentDownloader.StartAsyncDownload => Submitting file https://sis.n-able.com/3rdPartySw/OS/WIN/Applications/Microsoft/Microsoft Edge.zip...
[1] 2026-03-09 11:06:46,252 DEBUG FileCacheServiceAgentDownloader.DownloadFile => Waiting for download to be finished
[5] 2026-03-09 11:06:46,256 DEBUG FileCacheServiceAgentDownloader.RetryPolicy => File info is not available yet, trying again in 5s...
[5] 2026-03-09 11:06:51,269 DEBUG FileCacheServiceAgentDownloader.RetryPolicy => File info is not available yet, trying again in 5s...
[5] 2026-03-09 11:06:56,286 DEBUG FileCacheServiceAgentDownloader.HandleDownloadResult => Cache service: update is present [https___sis.n-able.com_3rdPartySw_OS_WIN_Applications_Microsoft_Microsoft Edge.zip_2026030906] [https://sis.n-able.com/3rdPartySw/OS/WIN/Applications/Microsoft/Microsoft Edge.zip]
[5] 2026-03-09 11:06:56,287 DEBUG downloadInfoDetails: isupdatepresent = "true" || cachedLocation = "C:\ProgramData\MspPlatform\FileCacheServiceAgent\cache\https___sis.n-able.com_3rdPartySw_OS_WIN_Applications_Microsoft_Microsoft Edge.zip_2026030906.zip" || filename = "Microsoft Edge.zip" || sizeinbytes = "8989" || checksum = "d268151044251cec7831b994b2b2f019f12cd09c" || uuid = "https___sis.n-able.com_3rdPartySw_OS_WIN_Applications_Microsoft_Microsoft Edge.zip_2026030906" || url = "https://sis.n-able.com/3rdPartySw/OS/WIN/Applications/Microsoft/Microsoft Edge.zip" || name = "" || kbs = "" || version = "" || architecture = "" || language = "" || cacheddatetime = "2026-3-9 11:6:51 am" || downloadFailed = "false" || 
[5] 2026-03-09 11:06:56,288 DEBUG FileCacheServiceAgentDownloader.HandleDownloadResult => Downloading file (https___sis.n-able.com_3rdPartySw_OS_WIN_Applications_Microsoft_Microsoft Edge.zip_2026030906, C:\ProgramData\MspPlatform\FileCacheServiceAgent\cache\https___sis.n-able.com_3rdPartySw_OS_WIN_Applications_Microsoft_Microsoft Edge.zip_2026030906.zip, Microsoft Edge.zip, 8989, C:\ProgramData\MspPlatform\PME\ThirdPartyPatch\Downloads)...
[5] 2026-03-09 11:06:56,293 DEBUG DownloadFileInBlocks Status:Complete File location [C:\ProgramData\MspPlatform\FileCacheServiceAgent\cache\https___sis.n-able.com_3rdPartySw_OS_WIN_Applications_Microsoft_Microsoft Edge.zip_2026030906.zip] destination [C:\ProgramData\MspPlatform\PME\ThirdPartyPatch\Downloads\Microsoft Edge.zip]
[5] 2026-03-09 11:06:56,300 DEBUG Download completed successfully. 
[5] 2026-03-09 11:06:56,300 DEBUG FileCacheServiceAgentDownloader.HandleDownloadResult => File was downloaded as "C:\ProgramData\MspPlatform\PME\ThirdPartyPatch\Downloads\Microsoft Edge.zip" with status "Complete"
[1] 2026-03-09 11:06:56,575 DEBUG DownloaderFactory.GetDownloader => Can connect to https://sis.n-able.com/ using FileCacheServiceAgentDownloader
[1] 2026-03-09 11:06:56,576 DEBUG FileCacheServiceAgentDownloader.DownloadFile => url = https://sis.n-able.com/3rdPartySw/Vendors.xml, fileName = C:\ProgramData\MspPlatform\PME\ThirdPartyPatch\Downloads\Vendors.xml
[1] 2026-03-09 11:06:56,576 DEBUG FileCacheServiceAgentDownloader.StartAsyncDownload => Submitting file https://sis.n-able.com/3rdPartySw/Vendors.xml...
[1] 2026-03-09 11:06:56,577 DEBUG FileCacheServiceAgentDownloader.DownloadFile => Waiting for download to be finished
[6] 2026-03-09 11:06:56,580 DEBUG FileCacheServiceAgentDownloader.RetryPolicy => File info is not available yet, trying again in 5s...
[6] 2026-03-09 11:07:01,593 DEBUG FileCacheServiceAgentDownloader.RetryPolicy => File info is not available yet, trying again in 5s...
[6] 2026-03-09 11:07:06,600 DEBUG FileCacheServiceAgentDownloader.HandleDownloadResult => Cache service: update is present [https___sis.n-able.com_3rdPartySw_Vendors.xml_2026030906] [https://sis.n-able.com/3rdPartySw/Vendors.xml]
[6] 2026-03-09 11:07:06,602 DEBUG downloadInfoDetails: isupdatepresent = "true" || cachedLocation = "C:\ProgramData\MspPlatform\FileCacheServiceAgent\cache\https___sis.n-able.com_3rdPartySw_Vendors.xml_2026030906.xml" || filename = "Vendors.xml" || sizeinbytes = "4135" || checksum = "8de80a3dfbbe1d2386f740986f5044d05c426928" || uuid = "https___sis.n-able.com_3rdPartySw_Vendors.xml_2026030906" || url = "https://sis.n-able.com/3rdPartySw/Vendors.xml" || name = "" || kbs = "" || version = "" || architecture = "" || language = "" || cacheddatetime = "2026-3-9 11:7:1 am" || downloadFailed = "false" || 
[6] 2026-03-09 11:07:06,603 DEBUG FileCacheServiceAgentDownloader.HandleDownloadResult => Downloading file (https___sis.n-able.com_3rdPartySw_Vendors.xml_2026030906, C:\ProgramData\MspPlatform\FileCacheServiceAgent\cache\https___sis.n-able.com_3rdPartySw_Vendors.xml_2026030906.xml, Vendors.xml, 4135, C:\ProgramData\MspPlatform\PME\ThirdPartyPatch\Downloads)...
[6] 2026-03-09 11:07:06,612 DEBUG DownloadFileInBlocks Status:Complete File location [C:\ProgramData\MspPlatform\FileCacheServiceAgent\cache\https___sis.n-able.com_3rdPartySw_Vendors.xml_2026030906.xml] destination [C:\ProgramData\MspPlatform\PME\ThirdPartyPatch\Downloads\Vendors.xml]
[6] 2026-03-09 11:07:06,612 DEBUG Download completed successfully. 
[6] 2026-03-09 11:07:06,613 DEBUG FileCacheServiceAgentDownloader.HandleDownloadResult => File was downloaded as "C:\ProgramData\MspPlatform\PME\ThirdPartyPatch\Downloads\Vendors.xml" with status "Complete"
[1] 2026-03-09 11:07:07,548 DEBUG DownloaderFactory.GetDownloader => Can connect to https://sis.n-able.com/ using FileCacheServiceAgentDownloader
[1] 2026-03-09 11:07:07,549 DEBUG FileCacheServiceAgentDownloader.DownloadFile => url = https://sis.n-able.com/Repository.xml, fileName = C:\ProgramData\MspPlatform\PME\ThirdPartyPatch\Downloads\Repository.xml
[1] 2026-03-09 11:07:07,549 DEBUG FileCacheServiceAgentDownloader.StartAsyncDownload => Submitting file https://sis.n-able.com/Repository.xml...
[1] 2026-03-09 11:07:07,563 DEBUG FileCacheServiceAgentDownloader.DownloadFile => Waiting for download to be finished
[5] 2026-03-09 11:07:07,597 DEBUG FileCacheServiceAgentDownloader.RetryPolicy => File info is not available yet, trying again in 5s...
[5] 2026-03-09 11:07:12,607 DEBUG FileCacheServiceAgentDownloader.RetryPolicy => File info is not available yet, trying again in 5s...
[5] 2026-03-09 11:07:17,613 DEBUG FileCacheServiceAgentDownloader.HandleDownloadResult => Cache service: update is present [https___sis.n-able.com_Repository.xml_2026030906] [https://sis.n-able.com/Repository.xml]
[5] 2026-03-09 11:07:17,614 DEBUG downloadInfoDetails: isupdatepresent = "true" || cachedLocation = "C:\ProgramData\MspPlatform\FileCacheServiceAgent\cache\https___sis.n-able.com_Repository.xml_2026030906.xml" || filename = "Repository.xml" || sizeinbytes = "5259" || checksum = "9d31c88a389e57958a92f24d2ac4fc246cfa41e7" || uuid = "https___sis.n-able.com_Repository.xml_2026030906" || url = "https://sis.n-able.com/Repository.xml" || name = "" || kbs = "" || version = "" || architecture = "" || language = "" || cacheddatetime = "2026-3-9 11:7:12 am" || downloadFailed = "false" || 
[5] 2026-03-09 11:07:17,614 DEBUG FileCacheServiceAgentDownloader.HandleDownloadResult => Downloading file (https___sis.n-able.com_Repository.xml_2026030906, C:\ProgramData\MspPlatform\FileCacheServiceAgent\cache\https___sis.n-able.com_Repository.xml_2026030906.xml, Repository.xml, 5259, C:\ProgramData\MspPlatform\PME\ThirdPartyPatch\Downloads)...
[5] 2026-03-09 11:07:17,631 DEBUG DownloadFileInBlocks Status:Complete File location [C:\ProgramData\MspPlatform\FileCacheServiceAgent\cache\https___sis.n-able.com_Repository.xml_2026030906.xml] destination [C:\ProgramData\MspPlatform\PME\ThirdPartyPatch\Downloads\Repository.xml]
[5] 2026-03-09 11:07:17,632 DEBUG Download completed successfully. 
[5] 2026-03-09 11:07:17,633 DEBUG FileCacheServiceAgentDownloader.HandleDownloadResult => File was downloaded as "C:\ProgramData\MspPlatform\PME\ThirdPartyPatch\Downloads\Repository.xml" with status "Complete"
[1] 2026-03-10 09:02:48,729 DEBUG DownloaderFactory.GetDownloader => Can connect to https://sis.n-able.com/ using FileCacheServiceAgentDownloader
[1] 2026-03-10 09:02:48,730 DEBUG FileCacheServiceAgentDownloader.DownloadFile => url = https://sis.n-able.com/Repository.xml, fileName = C:\ProgramData\MspPlatform\PME\ThirdPartyPatch\Downloads\Repository.xml
[1] 2026-03-10 09:02:48,730 DEBUG FileCacheServiceAgentDownloader.StartAsyncDownload => Submitting file https://sis.n-able.com/Repository.xml...
[1] 2026-03-10 09:02:48,737 DEBUG FileCacheServiceAgentDownloader.DownloadFile => Waiting for download to be finished
[5] 2026-03-10 09:02:48,842 DEBUG FileCacheServiceAgentDownloader.RetryPolicy => File info is not available yet, trying again in 5s...
[5] 2026-03-10 09:02:53,847 DEBUG FileCacheServiceAgentDownloader.RetryPolicy => File info is not available yet, trying again in 5s...
[5] 2026-03-10 09:02:58,851 DEBUG FileCacheServiceAgentDownloader.HandleDownloadResult => Cache service: update is present [https___sis.n-able.com_Repository.xml_2026031006] [https://sis.n-able.com/Repository.xml]
[5] 2026-03-10 09:02:58,852 DEBUG downloadInfoDetails: isupdatepresent = "true" || cachedLocation = "C:\ProgramData\MspPlatform\FileCacheServiceAgent\cache\https___sis.n-able.com_Repository.xml_2026031006.xml" || filename = "Repository.xml" || sizeinbytes = "5259" || checksum = "6e455060184657ce16fbc2b5d714f3ef30a8629a" || uuid = "https___sis.n-able.com_Repository.xml_2026031006" || url = "https://sis.n-able.com/Repository.xml" || name = "" || kbs = "" || version = "" || architecture = "" || language = "" || cacheddatetime = "2026-3-10 9:2:54 am" || downloadFailed = "false" || 
[5] 2026-03-10 09:02:58,852 DEBUG FileCacheServiceAgentDownloader.HandleDownloadResult => Downloading file (https___sis.n-able.com_Repository.xml_2026031006, C:\ProgramData\MspPlatform\FileCacheServiceAgent\cache\https___sis.n-able.com_Repository.xml_2026031006.xml, Repository.xml, 5259, C:\ProgramData\MspPlatform\PME\ThirdPartyPatch\Downloads)...
[5] 2026-03-10 09:02:58,859 DEBUG DownloadFileInBlocks Status:Complete File location [C:\ProgramData\MspPlatform\FileCacheServiceAgent\cache\https___sis.n-able.com_Repository.xml_2026031006.xml] destination [C:\ProgramData\MspPlatform\PME\ThirdPartyPatch\Downloads\Repository.xml]
[5] 2026-03-10 09:02:58,860 DEBUG Download completed successfully. 
[5] 2026-03-10 09:02:58,860 DEBUG FileCacheServiceAgentDownloader.HandleDownloadResult => File was downloaded as "C:\ProgramData\MspPlatform\PME\ThirdPartyPatch\Downloads\Repository.xml" with status "Complete"
[1] 2026-03-10 09:03:00,053 DEBUG DownloaderFactory.GetDownloader => Can connect to https://sis.n-able.com/ using FileCacheServiceAgentDownloader
[1] 2026-03-10 09:03:00,054 DEBUG FileCacheServiceAgentDownloader.DownloadFile => url = https://sis.n-able.com/Repository.xml, fileName = C:\ProgramData\MspPlatform\PME\ThirdPartyPatch\Downloads\Repository.xml
[1] 2026-03-10 09:03:00,054 DEBUG FileCacheServiceAgentDownloader.StartAsyncDownload => Submitting file https://sis.n-able.com/Repository.xml...
[1] 2026-03-10 09:03:00,061 DEBUG FileCacheServiceAgentDownloader.DownloadFile => Waiting for download to be finished
[5] 2026-03-10 09:03:00,078 DEBUG FileCacheServiceAgentDownloader.HandleDownloadResult => Cache service: update is present [https___sis.n-able.com_Repository.xml_2026031006] [https://sis.n-able.com/Repository.xml]
[5] 2026-03-10 09:03:00,078 DEBUG downloadInfoDetails: isupdatepresent = "true" || cachedLocation = "C:\ProgramData\MspPlatform\FileCacheServiceAgent\cache\https___sis.n-able.com_Repository.xml_2026031006.xml" || filename = "Repository.xml" || sizeinbytes = "5259" || checksum = "6e455060184657ce16fbc2b5d714f3ef30a8629a" || uuid = "https___sis.n-able.com_Repository.xml_2026031006" || url = "https://sis.n-able.com/Repository.xml" || name = "" || kbs = "" || version = "" || architecture = "" || language = "" || cacheddatetime = "2026-3-10 9:2:54 am" || downloadFailed = "false" || 
[5] 2026-03-10 09:03:00,079 DEBUG FileCacheServiceAgentDownloader.HandleDownloadResult => Downloading file (https___sis.n-able.com_Repository.xml_2026031006, C:\ProgramData\MspPlatform\FileCacheServiceAgent\cache\https___sis.n-able.com_Repository.xml_2026031006.xml, Repository.xml, 5259, C:\ProgramData\MspPlatform\PME\ThirdPartyPatch\Downloads)...
[5] 2026-03-10 09:03:00,083 DEBUG DownloadFileInBlocks Status:Complete File location [C:\ProgramData\MspPlatform\FileCacheServiceAgent\cache\https___sis.n-able.com_Repository.xml_2026031006.xml] destination [C:\ProgramData\MspPlatform\PME\ThirdPartyPatch\Downloads\Repository.xml]
[5] 2026-03-10 09:03:00,084 DEBUG Download completed successfully. 
[5] 2026-03-10 09:03:00,084 DEBUG FileCacheServiceAgentDownloader.HandleDownloadResult => File was downloaded as "C:\ProgramData\MspPlatform\PME\ThirdPartyPatch\Downloads\Repository.xml" with status "Complete"
[1] 2026-03-10 11:01:23,016 DEBUG DownloaderFactory.GetDownloader => Can connect to https://sis.n-able.com/ using FileCacheServiceAgentDownloader
[1] 2026-03-10 11:01:23,017 DEBUG FileCacheServiceAgentDownloader.DownloadFile => url = https://sis.n-able.com/Repository.xml, fileName = C:\ProgramData\MspPlatform\PME\ThirdPartyPatch\Downloads\Repository.xml
[1] 2026-03-10 11:01:23,017 DEBUG FileCacheServiceAgentDownloader.StartAsyncDownload => Submitting file https://sis.n-able.com/Repository.xml...
[1] 2026-03-10 11:01:23,024 DEBUG FileCacheServiceAgentDownloader.DownloadFile => Waiting for download to be finished
[5] 2026-03-10 11:01:23,041 DEBUG FileCacheServiceAgentDownloader.HandleDownloadResult => Cache service: update is present [https___sis.n-able.com_Repository.xml_2026031006] [https://sis.n-able.com/Repository.xml]
[5] 2026-03-10 11:01:23,042 DEBUG downloadInfoDetails: isupdatepresent = "true" || cachedLocation = "C:\ProgramData\MspPlatform\FileCacheServiceAgent\cache\https___sis.n-able.com_Repository.xml_2026031006.xml" || filename = "Repository.xml" || sizeinbytes = "5259" || checksum = "6e455060184657ce16fbc2b5d714f3ef30a8629a" || uuid = "https___sis.n-able.com_Repository.xml_2026031006" || url = "https://sis.n-able.com/Repository.xml" || name = "" || kbs = "" || version = "" || architecture = "" || language = "" || cacheddatetime = "2026-3-10 9:2:54 am" || downloadFailed = "false" || 
[5] 2026-03-10 11:01:23,042 DEBUG FileCacheServiceAgentDownloader.HandleDownloadResult => Downloading file (https___sis.n-able.com_Repository.xml_2026031006, C:\ProgramData\MspPlatform\FileCacheServiceAgent\cache\https___sis.n-able.com_Repository.xml_2026031006.xml, Repository.xml, 5259, C:\ProgramData\MspPlatform\PME\ThirdPartyPatch\Downloads)...
[5] 2026-03-10 11:01:23,055 DEBUG DownloadFileInBlocks Status:Complete File location [C:\ProgramData\MspPlatform\FileCacheServiceAgent\cache\https___sis.n-able.com_Repository.xml_2026031006.xml] destination [C:\ProgramData\MspPlatform\PME\ThirdPartyPatch\Downloads\Repository.xml]
[5] 2026-03-10 11:01:23,055 DEBUG Download completed successfully. 
[5] 2026-03-10 11:01:23,056 DEBUG FileCacheServiceAgentDownloader.HandleDownloadResult => File was downloaded as "C:\ProgramData\MspPlatform\PME\ThirdPartyPatch\Downloads\Repository.xml" with status "Complete"
[1] 2026-03-10 11:01:23,708 DEBUG DownloaderFactory.GetDownloader => Can connect to https://sis.n-able.com/ using FileCacheServiceAgentDownloader
[1] 2026-03-10 11:01:23,708 DEBUG FileCacheServiceAgentDownloader.DownloadFile => url = https://sis.n-able.com/Repository.xml, fileName = C:\ProgramData\MspPlatform\PME\ThirdPartyPatch\Downloads\Repository.xml
[1] 2026-03-10 11:01:23,709 DEBUG FileCacheServiceAgentDownloader.StartAsyncDownload => Submitting file https://sis.n-able.com/Repository.xml...
[1] 2026-03-10 11:01:23,716 DEBUG FileCacheServiceAgentDownloader.DownloadFile => Waiting for download to be finished
[5] 2026-03-10 11:01:23,733 DEBUG FileCacheServiceAgentDownloader.HandleDownloadResult => Cache service: update is present [https___sis.n-able.com_Repository.xml_2026031006] [https://sis.n-able.com/Repository.xml]
[5] 2026-03-10 11:01:23,733 DEBUG downloadInfoDetails: isupdatepresent = "true" || cachedLocation = "C:\ProgramData\MspPlatform\FileCacheServiceAgent\cache\https___sis.n-able.com_Repository.xml_2026031006.xml" || filename = "Repository.xml" || sizeinbytes = "5259" || checksum = "6e455060184657ce16fbc2b5d714f3ef30a8629a" || uuid = "https___sis.n-able.com_Repository.xml_2026031006" || url = "https://sis.n-able.com/Repository.xml" || name = "" || kbs = "" || version = "" || architecture = "" || language = "" || cacheddatetime = "2026-3-10 9:2:54 am" || downloadFailed = "false" || 
[5] 2026-03-10 11:01:23,733 DEBUG FileCacheServiceAgentDownloader.HandleDownloadResult => Downloading file (https___sis.n-able.com_Repository.xml_2026031006, C:\ProgramData\MspPlatform\FileCacheServiceAgent\cache\https___sis.n-able.com_Repository.xml_2026031006.xml, Repository.xml, 5259, C:\ProgramData\MspPlatform\PME\ThirdPartyPatch\Downloads)...
[5] 2026-03-10 11:01:23,737 DEBUG DownloadFileInBlocks Status:Complete File location [C:\ProgramData\MspPlatform\FileCacheServiceAgent\cache\https___sis.n-able.com_Repository.xml_2026031006.xml] destination [C:\ProgramData\MspPlatform\PME\ThirdPartyPatch\Downloads\Repository.xml]
[5] 2026-03-10 11:01:23,737 DEBUG Download completed successfully. 
[5] 2026-03-10 11:01:23,737 DEBUG FileCacheServiceAgentDownloader.HandleDownloadResult => File was downloaded as "C:\ProgramData\MspPlatform\PME\ThirdPartyPatch\Downloads\Repository.xml" with status "Complete"
[1] 2026-03-11 09:12:13,721 DEBUG DownloaderFactory.GetDownloader => Can connect to https://sis.n-able.com/ using FileCacheServiceAgentDownloader
[1] 2026-03-11 09:12:13,732 DEBUG FileCacheServiceAgentDownloader.DownloadFile => url = https://sis.n-able.com/Repository.xml, fileName = C:\ProgramData\MspPlatform\PME\ThirdPartyPatch\Downloads\Repository.xml
[1] 2026-03-11 09:12:13,732 DEBUG FileCacheServiceAgentDownloader.StartAsyncDownload => Submitting file https://sis.n-able.com/Repository.xml...
[1] 2026-03-11 09:12:13,732 DEBUG FileCacheServiceAgentDownloader.DownloadFile => Waiting for download to be finished
[5] 2026-03-11 09:12:13,757 DEBUG FileCacheServiceAgentDownloader.RetryPolicy => File info is not available yet, trying again in 5s...
[5] 2026-03-11 09:12:18,774 DEBUG FileCacheServiceAgentDownloader.RetryPolicy => File info is not available yet, trying again in 5s...
[5] 2026-03-11 09:12:23,781 DEBUG FileCacheServiceAgentDownloader.HandleDownloadResult => Cache service: update is present [https___sis.n-able.com_Repository.xml_2026031106] [https://sis.n-able.com/Repository.xml]
[5] 2026-03-11 09:12:23,781 DEBUG downloadInfoDetails: isupdatepresent = "true" || cachedLocation = "C:\ProgramData\MspPlatform\FileCacheServiceAgent\cache\https___sis.n-able.com_Repository.xml_2026031106.xml" || filename = "Repository.xml" || sizeinbytes = "5259" || checksum = "80d7d483faef0a625c407e69f593fb8c30b7bdef" || uuid = "https___sis.n-able.com_Repository.xml_2026031106" || url = "https://sis.n-able.com/Repository.xml" || name = "" || kbs = "" || version = "" || architecture = "" || language = "" || cacheddatetime = "2026-3-11 9:12:19 am" || downloadFailed = "false" || 
[5] 2026-03-11 09:12:23,781 DEBUG FileCacheServiceAgentDownloader.HandleDownloadResult => Downloading file (https___sis.n-able.com_Repository.xml_2026031106, C:\ProgramData\MspPlatform\FileCacheServiceAgent\cache\https___sis.n-able.com_Repository.xml_2026031106.xml, Repository.xml, 5259, C:\ProgramData\MspPlatform\PME\ThirdPartyPatch\Downloads)...
[5] 2026-03-11 09:12:23,787 DEBUG DownloadFileInBlocks Status:Complete File location [C:\ProgramData\MspPlatform\FileCacheServiceAgent\cache\https___sis.n-able.com_Repository.xml_2026031106.xml] destination [C:\ProgramData\MspPlatform\PME\ThirdPartyPatch\Downloads\Repository.xml]
[5] 2026-03-11 09:12:23,787 DEBUG Download completed successfully. 
[5] 2026-03-11 09:12:23,787 DEBUG FileCacheServiceAgentDownloader.HandleDownloadResult => File was downloaded as "C:\ProgramData\MspPlatform\PME\ThirdPartyPatch\Downloads\Repository.xml" with status "Complete"
[1] 2026-03-11 09:12:24,919 DEBUG DownloaderFactory.GetDownloader => Can connect to https://sis.n-able.com/ using FileCacheServiceAgentDownloader
[1] 2026-03-11 09:12:24,919 DEBUG FileCacheServiceAgentDownloader.DownloadFile => url = https://sis.n-able.com/Repository.xml, fileName = C:\ProgramData\MspPlatform\PME\ThirdPartyPatch\Downloads\Repository.xml
[1] 2026-03-11 09:12:24,919 DEBUG FileCacheServiceAgentDownloader.StartAsyncDownload => Submitting file https://sis.n-able.com/Repository.xml...
[1] 2026-03-11 09:12:24,930 DEBUG FileCacheServiceAgentDownloader.DownloadFile => Waiting for download to be finished
[5] 2026-03-11 09:12:24,950 DEBUG FileCacheServiceAgentDownloader.HandleDownloadResult => Cache service: update is present [https___sis.n-able.com_Repository.xml_2026031106] [https://sis.n-able.com/Repository.xml]
[5] 2026-03-11 09:12:24,950 DEBUG downloadInfoDetails: isupdatepresent = "true" || cachedLocation = "C:\ProgramData\MspPlatform\FileCacheServiceAgent\cache\https___sis.n-able.com_Repository.xml_2026031106.xml" || filename = "Repository.xml" || sizeinbytes = "5259" || checksum = "80d7d483faef0a625c407e69f593fb8c30b7bdef" || uuid = "https___sis.n-able.com_Repository.xml_2026031106" || url = "https://sis.n-able.com/Repository.xml" || name = "" || kbs = "" || version = "" || architecture = "" || language = "" || cacheddatetime = "2026-3-11 9:12:19 am" || downloadFailed = "false" || 
[5] 2026-03-11 09:12:24,950 DEBUG FileCacheServiceAgentDownloader.HandleDownloadResult => Downloading file (https___sis.n-able.com_Repository.xml_2026031106, C:\ProgramData\MspPlatform\FileCacheServiceAgent\cache\https___sis.n-able.com_Repository.xml_2026031106.xml, Repository.xml, 5259, C:\ProgramData\MspPlatform\PME\ThirdPartyPatch\Downloads)...
[5] 2026-03-11 09:12:24,953 DEBUG DownloadFileInBlocks Status:Complete File location [C:\ProgramData\MspPlatform\FileCacheServiceAgent\cache\https___sis.n-able.com_Repository.xml_2026031106.xml] destination [C:\ProgramData\MspPlatform\PME\ThirdPartyPatch\Downloads\Repository.xml]
[5] 2026-03-11 09:12:24,953 DEBUG Download completed successfully. 
[5] 2026-03-11 09:12:24,953 DEBUG FileCacheServiceAgentDownloader.HandleDownloadResult => File was downloaded as "C:\ProgramData\MspPlatform\PME\ThirdPartyPatch\Downloads\Repository.xml" with status "Complete"
[1] 2026-03-11 11:01:42,611 DEBUG DownloaderFactory.GetDownloader => Can connect to https://sis.n-able.com/ using FileCacheServiceAgentDownloader
[1] 2026-03-11 11:01:42,611 DEBUG FileCacheServiceAgentDownloader.DownloadFile => url = https://sis.n-able.com/Repository.xml, fileName = C:\ProgramData\MspPlatform\PME\ThirdPartyPatch\Downloads\Repository.xml
[1] 2026-03-11 11:01:42,611 DEBUG FileCacheServiceAgentDownloader.StartAsyncDownload => Submitting file https://sis.n-able.com/Repository.xml...
[1] 2026-03-11 11:01:42,618 DEBUG FileCacheServiceAgentDownloader.DownloadFile => Waiting for download to be finished
[5] 2026-03-11 11:01:42,643 DEBUG FileCacheServiceAgentDownloader.HandleDownloadResult => Cache service: update is present [https___sis.n-able.com_Repository.xml_2026031106] [https://sis.n-able.com/Repository.xml]
[5] 2026-03-11 11:01:42,644 DEBUG downloadInfoDetails: isupdatepresent = "true" || cachedLocation = "C:\ProgramData\MspPlatform\FileCacheServiceAgent\cache\https___sis.n-able.com_Repository.xml_2026031106.xml" || filename = "Repository.xml" || sizeinbytes = "5259" || checksum = "80d7d483faef0a625c407e69f593fb8c30b7bdef" || uuid = "https___sis.n-able.com_Repository.xml_2026031106" || url = "https://sis.n-able.com/Repository.xml" || name = "" || kbs = "" || version = "" || architecture = "" || language = "" || cacheddatetime = "2026-3-11 9:12:19 am" || downloadFailed = "false" || 
[5] 2026-03-11 11:01:42,644 DEBUG FileCacheServiceAgentDownloader.HandleDownloadResult => Downloading file (https___sis.n-able.com_Repository.xml_2026031106, C:\ProgramData\MspPlatform\FileCacheServiceAgent\cache\https___sis.n-able.com_Repository.xml_2026031106.xml, Repository.xml, 5259, C:\ProgramData\MspPlatform\PME\ThirdPartyPatch\Downloads)...
[5] 2026-03-11 11:01:42,647 DEBUG DownloadFileInBlocks Status:Complete File location [C:\ProgramData\MspPlatform\FileCacheServiceAgent\cache\https___sis.n-able.com_Repository.xml_2026031106.xml] destination [C:\ProgramData\MspPlatform\PME\ThirdPartyPatch\Downloads\Repository.xml]
[5] 2026-03-11 11:01:42,647 DEBUG Download completed successfully. 
[5] 2026-03-11 11:01:42,647 DEBUG FileCacheServiceAgentDownloader.HandleDownloadResult => File was downloaded as "C:\ProgramData\MspPlatform\PME\ThirdPartyPatch\Downloads\Repository.xml" with status "Complete"
[1] 2026-03-11 11:01:43,364 DEBUG DownloaderFactory.GetDownloader => Can connect to https://sis.n-able.com/ using FileCacheServiceAgentDownloader
[1] 2026-03-11 11:01:43,364 DEBUG FileCacheServiceAgentDownloader.DownloadFile => url = https://sis.n-able.com/Repository.xml, fileName = C:\ProgramData\MspPlatform\PME\ThirdPartyPatch\Downloads\Repository.xml
[1] 2026-03-11 11:01:43,364 DEBUG FileCacheServiceAgentDownloader.StartAsyncDownload => Submitting file https://sis.n-able.com/Repository.xml...
[1] 2026-03-11 11:01:43,377 DEBUG FileCacheServiceAgentDownloader.DownloadFile => Waiting for download to be finished
[5] 2026-03-11 11:01:43,396 DEBUG FileCacheServiceAgentDownloader.HandleDownloadResult => Cache service: update is present [https___sis.n-able.com_Repository.xml_2026031106] [https://sis.n-able.com/Repository.xml]
[5] 2026-03-11 11:01:43,396 DEBUG downloadInfoDetails: isupdatepresent = "true" || cachedLocation = "C:\ProgramData\MspPlatform\FileCacheServiceAgent\cache\https___sis.n-able.com_Repository.xml_2026031106.xml" || filename = "Repository.xml" || sizeinbytes = "5259" || checksum = "80d7d483faef0a625c407e69f593fb8c30b7bdef" || uuid = "https___sis.n-able.com_Repository.xml_2026031106" || url = "https://sis.n-able.com/Repository.xml" || name = "" || kbs = "" || version = "" || architecture = "" || language = "" || cacheddatetime = "2026-3-11 9:12:19 am" || downloadFailed = "false" || 
[5] 2026-03-11 11:01:43,396 DEBUG FileCacheServiceAgentDownloader.HandleDownloadResult => Downloading file (https___sis.n-able.com_Repository.xml_2026031106, C:\ProgramData\MspPlatform\FileCacheServiceAgent\cache\https___sis.n-able.com_Repository.xml_2026031106.xml, Repository.xml, 5259, C:\ProgramData\MspPlatform\PME\ThirdPartyPatch\Downloads)...
[5] 2026-03-11 11:01:43,399 DEBUG DownloadFileInBlocks Status:Complete File location [C:\ProgramData\MspPlatform\FileCacheServiceAgent\cache\https___sis.n-able.com_Repository.xml_2026031106.xml] destination [C:\ProgramData\MspPlatform\PME\ThirdPartyPatch\Downloads\Repository.xml]
[5] 2026-03-11 11:01:43,399 DEBUG Download completed successfully. 
[5] 2026-03-11 11:01:43,401 DEBUG FileCacheServiceAgentDownloader.HandleDownloadResult => File was downloaded as "C:\ProgramData\MspPlatform\PME\ThirdPartyPatch\Downloads\Repository.xml" with status "Complete"
[1] 2026-03-12 10:08:58,626 DEBUG DownloaderFactory.GetDownloader => Can connect to https://sis.n-able.com/ using FileCacheServiceAgentDownloader
[1] 2026-03-12 10:08:58,626 DEBUG FileCacheServiceAgentDownloader.DownloadFile => url = https://sis.n-able.com/Repository.xml, fileName = C:\ProgramData\MspPlatform\PME\ThirdPartyPatch\Downloads\Repository.xml
[1] 2026-03-12 10:08:58,626 DEBUG FileCacheServiceAgentDownloader.StartAsyncDownload => Submitting file https://sis.n-able.com/Repository.xml...
[1] 2026-03-12 10:08:58,630 DEBUG FileCacheServiceAgentDownloader.DownloadFile => Waiting for download to be finished
[5] 2026-03-12 10:08:58,650 DEBUG FileCacheServiceAgentDownloader.RetryPolicy => File info is not available yet, trying again in 5s...
[5] 2026-03-12 10:09:03,665 DEBUG FileCacheServiceAgentDownloader.RetryPolicy => File info is not available yet, trying again in 5s...
[5] 2026-03-12 10:09:08,670 DEBUG FileCacheServiceAgentDownloader.HandleDownloadResult => Cache service: update is present [https___sis.n-able.com_Repository.xml_2026031206] [https://sis.n-able.com/Repository.xml]
[5] 2026-03-12 10:09:08,670 DEBUG downloadInfoDetails: isupdatepresent = "true" || cachedLocation = "C:\ProgramData\MspPlatform\FileCacheServiceAgent\cache\https___sis.n-able.com_Repository.xml_2026031206.xml" || filename = "Repository.xml" || sizeinbytes = "5391" || checksum = "a885ad68ecf0429dba38e9e8fb153b89a2849464" || uuid = "https___sis.n-able.com_Repository.xml_2026031206" || url = "https://sis.n-able.com/Repository.xml" || name = "" || kbs = "" || version = "" || architecture = "" || language = "" || cacheddatetime = "2026-3-12 10:9:4 am" || downloadFailed = "false" || 
[5] 2026-03-12 10:09:08,670 DEBUG FileCacheServiceAgentDownloader.HandleDownloadResult => Downloading file (https___sis.n-able.com_Repository.xml_2026031206, C:\ProgramData\MspPlatform\FileCacheServiceAgent\cache\https___sis.n-able.com_Repository.xml_2026031206.xml, Repository.xml, 5391, C:\ProgramData\MspPlatform\PME\ThirdPartyPatch\Downloads)...
[5] 2026-03-12 10:09:08,670 DEBUG DownloadFileInBlocks Status:Complete File location [C:\ProgramData\MspPlatform\FileCacheServiceAgent\cache\https___sis.n-able.com_Repository.xml_2026031206.xml] destination [C:\ProgramData\MspPlatform\PME\ThirdPartyPatch\Downloads\Repository.xml]
[5] 2026-03-12 10:09:08,670 DEBUG Download completed successfully. 
[5] 2026-03-12 10:09:08,670 DEBUG FileCacheServiceAgentDownloader.HandleDownloadResult => File was downloaded as "C:\ProgramData\MspPlatform\PME\ThirdPartyPatch\Downloads\Repository.xml" with status "Complete"
[1] 2026-03-12 10:09:08,705 DEBUG DownloaderFactory.GetDownloader => Can connect to https://sis.n-able.com/ using FileCacheServiceAgentDownloader
[1] 2026-03-12 10:09:08,707 DEBUG FileCacheServiceAgentDownloader.DownloadFile => url = https://sis.n-able.com/3rdPartySw/ThirdPartySoftware.xml, fileName = C:\ProgramData\MspPlatform\PME\ThirdPartyPatch\Downloads\ThirdPartySoftware.xml
[1] 2026-03-12 10:09:08,707 DEBUG FileCacheServiceAgentDownloader.StartAsyncDownload => Submitting file https://sis.n-able.com/3rdPartySw/ThirdPartySoftware.xml...
[1] 2026-03-12 10:09:08,707 DEBUG FileCacheServiceAgentDownloader.DownloadFile => Waiting for download to be finished
[5] 2026-03-12 10:09:08,709 DEBUG FileCacheServiceAgentDownloader.RetryPolicy => File info is not available yet, trying again in 5s...
[5] 2026-03-12 10:09:13,723 DEBUG FileCacheServiceAgentDownloader.RetryPolicy => File info is not available yet, trying again in 5s...
[5] 2026-03-12 10:09:18,727 DEBUG FileCacheServiceAgentDownloader.HandleDownloadResult => Cache service: update is present [https___sis.n-able.com_3rdPartySw_ThirdPartySoftware.xml_2026031206] [https://sis.n-able.com/3rdPartySw/ThirdPartySoftware.xml]
[5] 2026-03-12 10:09:18,727 DEBUG downloadInfoDetails: isupdatepresent = "true" || cachedLocation = "C:\ProgramData\MspPlatform\FileCacheServiceAgent\cache\https___sis.n-able.com_3rdPartySw_ThirdPartySoftware.xml_2026031206.xml" || filename = "ThirdPartySoftware.xml" || sizeinbytes = "114814" || checksum = "ddc612a0d84f4986e454ba3dde012c5f8b5fbb50" || uuid = "https___sis.n-able.com_3rdPartySw_ThirdPartySoftware.xml_2026031206" || url = "https://sis.n-able.com/3rdPartySw/ThirdPartySoftware.xml" || name = "" || kbs = "" || version = "" || architecture = "" || language = "" || cacheddatetime = "2026-3-12 10:9:14 am" || downloadFailed = "false" || 
[5] 2026-03-12 10:09:18,727 DEBUG FileCacheServiceAgentDownloader.HandleDownloadResult => Downloading file (https___sis.n-able.com_3rdPartySw_ThirdPartySoftware.xml_2026031206, C:\ProgramData\MspPlatform\FileCacheServiceAgent\cache\https___sis.n-able.com_3rdPartySw_ThirdPartySoftware.xml_2026031206.xml, ThirdPartySoftware.xml, 114814, C:\ProgramData\MspPlatform\PME\ThirdPartyPatch\Downloads)...
[5] 2026-03-12 10:09:18,727 DEBUG DownloadFileInBlocks Status:Complete File location [C:\ProgramData\MspPlatform\FileCacheServiceAgent\cache\https___sis.n-able.com_3rdPartySw_ThirdPartySoftware.xml_2026031206.xml] destination [C:\ProgramData\MspPlatform\PME\ThirdPartyPatch\Downloads\ThirdPartySoftware.xml]
[5] 2026-03-12 10:09:18,727 DEBUG Download completed successfully. 
[5] 2026-03-12 10:09:18,727 DEBUG FileCacheServiceAgentDownloader.HandleDownloadResult => File was downloaded as "C:\ProgramData\MspPlatform\PME\ThirdPartyPatch\Downloads\ThirdPartySoftware.xml" with status "Complete"
[1] 2026-03-12 10:09:19,420 DEBUG DownloaderFactory.GetDownloader => Can connect to https://sis.n-able.com/ using FileCacheServiceAgentDownloader
[1] 2026-03-12 10:09:19,420 DEBUG FileCacheServiceAgentDownloader.DownloadFile => url = https://sis.n-able.com/3rdPartySw/OS/WIN/Applications/Microsoft/OneDrive.zip, fileName = C:\ProgramData\MspPlatform\PME\ThirdPartyPatch\Downloads\OneDrive.zip
[1] 2026-03-12 10:09:19,420 DEBUG FileCacheServiceAgentDownloader.StartAsyncDownload => Submitting file https://sis.n-able.com/3rdPartySw/OS/WIN/Applications/Microsoft/OneDrive.zip...
[1] 2026-03-12 10:09:19,420 DEBUG FileCacheServiceAgentDownloader.DownloadFile => Waiting for download to be finished
[6] 2026-03-12 10:09:19,420 DEBUG FileCacheServiceAgentDownloader.RetryPolicy => File info is not available yet, trying again in 5s...
[6] 2026-03-12 10:09:24,425 DEBUG FileCacheServiceAgentDownloader.RetryPolicy => File info is not available yet, trying again in 5s...
[6] 2026-03-12 10:09:29,432 DEBUG FileCacheServiceAgentDownloader.HandleDownloadResult => Cache service: update is present [https___sis.n-able.com_3rdPartySw_OS_WIN_Applications_Microsoft_OneDrive.zip_2026031206] [https://sis.n-able.com/3rdPartySw/OS/WIN/Applications/Microsoft/OneDrive.zip]
[6] 2026-03-12 10:09:29,434 DEBUG downloadInfoDetails: isupdatepresent = "true" || cachedLocation = "C:\ProgramData\MspPlatform\FileCacheServiceAgent\cache\https___sis.n-able.com_3rdPartySw_OS_WIN_Applications_Microsoft_OneDrive.zip_2026031206.zip" || filename = "OneDrive.zip" || sizeinbytes = "32324" || checksum = "b986196a5221b5e43ef20769a0b811daed11cf72" || uuid = "https___sis.n-able.com_3rdPartySw_OS_WIN_Applications_Microsoft_OneDrive.zip_2026031206" || url = "https://sis.n-able.com/3rdPartySw/OS/WIN/Applications/Microsoft/OneDrive.zip" || name = "" || kbs = "" || version = "" || architecture = "" || language = "" || cacheddatetime = "2026-3-12 10:9:24 am" || downloadFailed = "false" || 
[6] 2026-03-12 10:09:29,434 DEBUG FileCacheServiceAgentDownloader.HandleDownloadResult => Downloading file (https___sis.n-able.com_3rdPartySw_OS_WIN_Applications_Microsoft_OneDrive.zip_2026031206, C:\ProgramData\MspPlatform\FileCacheServiceAgent\cache\https___sis.n-able.com_3rdPartySw_OS_WIN_Applications_Microsoft_OneDrive.zip_2026031206.zip, OneDrive.zip, 32324, C:\ProgramData\MspPlatform\PME\ThirdPartyPatch\Downloads)...
[6] 2026-03-12 10:09:29,434 DEBUG DownloadFileInBlocks Status:Complete File location [C:\ProgramData\MspPlatform\FileCacheServiceAgent\cache\https___sis.n-able.com_3rdPartySw_OS_WIN_Applications_Microsoft_OneDrive.zip_2026031206.zip] destination [C:\ProgramData\MspPlatform\PME\ThirdPartyPatch\Downloads\OneDrive.zip]
[6] 2026-03-12 10:09:29,437 DEBUG Download completed successfully. 
[6] 2026-03-12 10:09:29,437 DEBUG FileCacheServiceAgentDownloader.HandleDownloadResult => File was downloaded as "C:\ProgramData\MspPlatform\PME\ThirdPartyPatch\Downloads\OneDrive.zip" with status "Complete"
[1] 2026-03-12 10:09:29,527 DEBUG DownloaderFactory.GetDownloader => Can connect to https://sis.n-able.com/ using FileCacheServiceAgentDownloader
[1] 2026-03-12 10:09:29,527 DEBUG FileCacheServiceAgentDownloader.DownloadFile => url = https://sis.n-able.com/3rdPartySw/OS/WIN/Applications/Google/Google Drive.zip, fileName = C:\ProgramData\MspPlatform\PME\ThirdPartyPatch\Downloads\Google Drive.zip
[1] 2026-03-12 10:09:29,527 DEBUG FileCacheServiceAgentDownloader.StartAsyncDownload => Submitting file https://sis.n-able.com/3rdPartySw/OS/WIN/Applications/Google/Google Drive.zip...
[1] 2026-03-12 10:09:29,527 DEBUG FileCacheServiceAgentDownloader.DownloadFile => Waiting for download to be finished
[6] 2026-03-12 10:09:29,531 DEBUG FileCacheServiceAgentDownloader.RetryPolicy => File info is not available yet, trying again in 5s...
[6] 2026-03-12 10:09:34,537 DEBUG FileCacheServiceAgentDownloader.RetryPolicy => File info is not available yet, trying again in 5s...
[6] 2026-03-12 10:09:39,540 DEBUG FileCacheServiceAgentDownloader.HandleDownloadResult => Cache service: update is present [https___sis.n-able.com_3rdPartySw_OS_WIN_Applications_Google_Google Drive.zip_2026031206] [https://sis.n-able.com/3rdPartySw/OS/WIN/Applications/Google/Google Drive.zip]
[6] 2026-03-12 10:09:39,540 DEBUG downloadInfoDetails: isupdatepresent = "true" || cachedLocation = "C:\ProgramData\MspPlatform\FileCacheServiceAgent\cache\https___sis.n-able.com_3rdPartySw_OS_WIN_Applications_Google_Google Drive.zip_2026031206.zip" || filename = "Google Drive.zip" || sizeinbytes = "27612" || checksum = "b0ab36ca62742bbbe75dd93777de41698be9eeb1" || uuid = "https___sis.n-able.com_3rdPartySw_OS_WIN_Applications_Google_Google Drive.zip_2026031206" || url = "https://sis.n-able.com/3rdPartySw/OS/WIN/Applications/Google/Google Drive.zip" || name = "" || kbs = "" || version = "" || architecture = "" || language = "" || cacheddatetime = "2026-3-12 10:9:34 am" || downloadFailed = "false" || 
[6] 2026-03-12 10:09:39,540 DEBUG FileCacheServiceAgentDownloader.HandleDownloadResult => Downloading file (https___sis.n-able.com_3rdPartySw_OS_WIN_Applications_Google_Google Drive.zip_2026031206, C:\ProgramData\MspPlatform\FileCacheServiceAgent\cache\https___sis.n-able.com_3rdPartySw_OS_WIN_Applications_Google_Google Drive.zip_2026031206.zip, Google Drive.zip, 27612, C:\ProgramData\MspPlatform\PME\ThirdPartyPatch\Downloads)...
[6] 2026-03-12 10:09:39,540 DEBUG DownloadFileInBlocks Status:Complete File location [C:\ProgramData\MspPlatform\FileCacheServiceAgent\cache\https___sis.n-able.com_3rdPartySw_OS_WIN_Applications_Google_Google Drive.zip_2026031206.zip] destination [C:\ProgramData\MspPlatform\PME\ThirdPartyPatch\Downloads\Google Drive.zip]
[6] 2026-03-12 10:09:39,540 DEBUG Download completed successfully. 
[6] 2026-03-12 10:09:39,540 DEBUG FileCacheServiceAgentDownloader.HandleDownloadResult => File was downloaded as "C:\ProgramData\MspPlatform\PME\ThirdPartyPatch\Downloads\Google Drive.zip" with status "Complete"
[1] 2026-03-12 10:09:39,566 DEBUG DownloaderFactory.GetDownloader => Can connect to https://sis.n-able.com/ using FileCacheServiceAgentDownloader
[1] 2026-03-12 10:09:39,566 DEBUG FileCacheServiceAgentDownloader.DownloadFile => url = https://sis.n-able.com/3rdPartySw/OS/WIN/Applications/Microsoft/Microsoft Edge.zip, fileName = C:\ProgramData\MspPlatform\PME\ThirdPartyPatch\Downloads\Microsoft Edge.zip
[1] 2026-03-12 10:09:39,566 DEBUG FileCacheServiceAgentDownloader.StartAsyncDownload => Submitting file https://sis.n-able.com/3rdPartySw/OS/WIN/Applications/Microsoft/Microsoft Edge.zip...
[1] 2026-03-12 10:09:39,566 DEBUG FileCacheServiceAgentDownloader.DownloadFile => Waiting for download to be finished
[5] 2026-03-12 10:09:39,566 DEBUG FileCacheServiceAgentDownloader.RetryPolicy => File info is not available yet, trying again in 5s...
[5] 2026-03-12 10:09:44,578 DEBUG FileCacheServiceAgentDownloader.RetryPolicy => File info is not available yet, trying again in 5s...
[5] 2026-03-12 10:09:49,582 DEBUG FileCacheServiceAgentDownloader.HandleDownloadResult => Cache service: update is present [https___sis.n-able.com_3rdPartySw_OS_WIN_Applications_Microsoft_Microsoft Edge.zip_2026031206] [https://sis.n-able.com/3rdPartySw/OS/WIN/Applications/Microsoft/Microsoft Edge.zip]
[5] 2026-03-12 10:09:49,582 DEBUG downloadInfoDetails: isupdatepresent = "true" || cachedLocation = "C:\ProgramData\MspPlatform\FileCacheServiceAgent\cache\https___sis.n-able.com_3rdPartySw_OS_WIN_Applications_Microsoft_Microsoft Edge.zip_2026031206.zip" || filename = "Microsoft Edge.zip" || sizeinbytes = "9048" || checksum = "9eeb491a90edf3b2f3ad98cd1670768dd7b18b31" || uuid = "https___sis.n-able.com_3rdPartySw_OS_WIN_Applications_Microsoft_Microsoft Edge.zip_2026031206" || url = "https://sis.n-able.com/3rdPartySw/OS/WIN/Applications/Microsoft/Microsoft Edge.zip" || name = "" || kbs = "" || version = "" || architecture = "" || language = "" || cacheddatetime = "2026-3-12 10:9:44 am" || downloadFailed = "false" || 
[5] 2026-03-12 10:09:49,582 DEBUG FileCacheServiceAgentDownloader.HandleDownloadResult => Downloading file (https___sis.n-able.com_3rdPartySw_OS_WIN_Applications_Microsoft_Microsoft Edge.zip_2026031206, C:\ProgramData\MspPlatform\FileCacheServiceAgent\cache\https___sis.n-able.com_3rdPartySw_OS_WIN_Applications_Microsoft_Microsoft Edge.zip_2026031206.zip, Microsoft Edge.zip, 9048, C:\ProgramData\MspPlatform\PME\ThirdPartyPatch\Downloads)...
[5] 2026-03-12 10:09:49,582 DEBUG DownloadFileInBlocks Status:Complete File location [C:\ProgramData\MspPlatform\FileCacheServiceAgent\cache\https___sis.n-able.com_3rdPartySw_OS_WIN_Applications_Microsoft_Microsoft Edge.zip_2026031206.zip] destination [C:\ProgramData\MspPlatform\PME\ThirdPartyPatch\Downloads\Microsoft Edge.zip]
[5] 2026-03-12 10:09:49,582 DEBUG Download completed successfully. 
[5] 2026-03-12 10:09:49,582 DEBUG FileCacheServiceAgentDownloader.HandleDownloadResult => File was downloaded as "C:\ProgramData\MspPlatform\PME\ThirdPartyPatch\Downloads\Microsoft Edge.zip" with status "Complete"
[1] 2026-03-12 10:09:49,677 DEBUG DownloaderFactory.GetDownloader => Can connect to https://sis.n-able.com/ using FileCacheServiceAgentDownloader
[1] 2026-03-12 10:09:49,679 DEBUG FileCacheServiceAgentDownloader.DownloadFile => url = https://sis.n-able.com/3rdPartySw/Vendors.xml, fileName = C:\ProgramData\MspPlatform\PME\ThirdPartyPatch\Downloads\Vendors.xml
[1] 2026-03-12 10:09:49,679 DEBUG FileCacheServiceAgentDownloader.StartAsyncDownload => Submitting file https://sis.n-able.com/3rdPartySw/Vendors.xml...
[1] 2026-03-12 10:09:49,679 DEBUG FileCacheServiceAgentDownloader.DownloadFile => Waiting for download to be finished
[5] 2026-03-12 10:09:49,682 DEBUG FileCacheServiceAgentDownloader.RetryPolicy => File info is not available yet, trying again in 5s...
[5] 2026-03-12 10:09:54,683 DEBUG FileCacheServiceAgentDownloader.RetryPolicy => File info is not available yet, trying again in 5s...
[5] 2026-03-12 10:09:59,689 DEBUG FileCacheServiceAgentDownloader.HandleDownloadResult => Cache service: update is present [https___sis.n-able.com_3rdPartySw_Vendors.xml_2026031206] [https://sis.n-able.com/3rdPartySw/Vendors.xml]
[5] 2026-03-12 10:09:59,689 DEBUG downloadInfoDetails: isupdatepresent = "true" || cachedLocation = "C:\ProgramData\MspPlatform\FileCacheServiceAgent\cache\https___sis.n-able.com_3rdPartySw_Vendors.xml_2026031206.xml" || filename = "Vendors.xml" || sizeinbytes = "4135" || checksum = "8de80a3dfbbe1d2386f740986f5044d05c426928" || uuid = "https___sis.n-able.com_3rdPartySw_Vendors.xml_2026031206" || url = "https://sis.n-able.com/3rdPartySw/Vendors.xml" || name = "" || kbs = "" || version = "" || architecture = "" || language = "" || cacheddatetime = "2026-3-12 10:9:54 am" || downloadFailed = "false" || 
[5] 2026-03-12 10:09:59,689 DEBUG FileCacheServiceAgentDownloader.HandleDownloadResult => Downloading file (https___sis.n-able.com_3rdPartySw_Vendors.xml_2026031206, C:\ProgramData\MspPlatform\FileCacheServiceAgent\cache\https___sis.n-able.com_3rdPartySw_Vendors.xml_2026031206.xml, Vendors.xml, 4135, C:\ProgramData\MspPlatform\PME\ThirdPartyPatch\Downloads)...
[5] 2026-03-12 10:09:59,689 DEBUG DownloadFileInBlocks Status:Complete File location [C:\ProgramData\MspPlatform\FileCacheServiceAgent\cache\https___sis.n-able.com_3rdPartySw_Vendors.xml_2026031206.xml] destination [C:\ProgramData\MspPlatform\PME\ThirdPartyPatch\Downloads\Vendors.xml]
[5] 2026-03-12 10:09:59,694 DEBUG Download completed successfully. 
[5] 2026-03-12 10:09:59,694 DEBUG FileCacheServiceAgentDownloader.HandleDownloadResult => File was downloaded as "C:\ProgramData\MspPlatform\PME\ThirdPartyPatch\Downloads\Vendors.xml" with status "Complete"
[1] 2026-03-12 10:09:59,871 DEBUG DownloaderFactory.GetDownloader => Can connect to https://sis.n-able.com/ using FileCacheServiceAgentDownloader
[1] 2026-03-12 10:09:59,871 DEBUG FileCacheServiceAgentDownloader.DownloadFile => url = https://sis.n-able.com/Repository.xml, fileName = C:\ProgramData\MspPlatform\PME\ThirdPartyPatch\Downloads\Repository.xml
[1] 2026-03-12 10:09:59,871 DEBUG FileCacheServiceAgentDownloader.StartAsyncDownload => Submitting file https://sis.n-able.com/Repository.xml...
[1] 2026-03-12 10:09:59,881 DEBUG FileCacheServiceAgentDownloader.DownloadFile => Waiting for download to be finished
[5] 2026-03-12 10:09:59,902 DEBUG FileCacheServiceAgentDownloader.HandleDownloadResult => Cache service: update is present [https___sis.n-able.com_Repository.xml_2026031206] [https://sis.n-able.com/Repository.xml]
[5] 2026-03-12 10:09:59,902 DEBUG downloadInfoDetails: isupdatepresent = "true" || cachedLocation = "C:\ProgramData\MspPlatform\FileCacheServiceAgent\cache\https___sis.n-able.com_Repository.xml_2026031206.xml" || filename = "Repository.xml" || sizeinbytes = "5391" || checksum = "a885ad68ecf0429dba38e9e8fb153b89a2849464" || uuid = "https___sis.n-able.com_Repository.xml_2026031206" || url = "https://sis.n-able.com/Repository.xml" || name = "" || kbs = "" || version = "" || architecture = "" || language = "" || cacheddatetime = "2026-3-12 10:9:4 am" || downloadFailed = "false" || 
[5] 2026-03-12 10:09:59,902 DEBUG FileCacheServiceAgentDownloader.HandleDownloadResult => Downloading file (https___sis.n-able.com_Repository.xml_2026031206, C:\ProgramData\MspPlatform\FileCacheServiceAgent\cache\https___sis.n-able.com_Repository.xml_2026031206.xml, Repository.xml, 5391, C:\ProgramData\MspPlatform\PME\ThirdPartyPatch\Downloads)...
[5] 2026-03-12 10:09:59,907 DEBUG DownloadFileInBlocks Status:Complete File location [C:\ProgramData\MspPlatform\FileCacheServiceAgent\cache\https___sis.n-able.com_Repository.xml_2026031206.xml] destination [C:\ProgramData\MspPlatform\PME\ThirdPartyPatch\Downloads\Repository.xml]
[5] 2026-03-12 10:09:59,907 DEBUG Download completed successfully. 
[5] 2026-03-12 10:09:59,907 DEBUG FileCacheServiceAgentDownloader.HandleDownloadResult => File was downloaded as "C:\ProgramData\MspPlatform\PME\ThirdPartyPatch\Downloads\Repository.xml" with status "Complete"
[1] 2026-03-12 10:10:00,350 DEBUG DownloaderFactory.GetDownloader => Can connect to https://sis.n-able.com/ using FileCacheServiceAgentDownloader
[1] 2026-03-12 10:10:00,350 DEBUG FileCacheServiceAgentDownloader.DownloadFile => url = https://sis.n-able.com/3rdPartySw/OS/WIN/Applications/Google/Chrome.zip, fileName = C:\ProgramData\MspPlatform\PME\ThirdPartyPatch\Downloads\Chrome.zip
[1] 2026-03-12 10:10:00,365 DEBUG FileCacheServiceAgentDownloader.StartAsyncDownload => Submitting file https://sis.n-able.com/3rdPartySw/OS/WIN/Applications/Google/Chrome.zip...
[1] 2026-03-12 10:10:00,366 DEBUG FileCacheServiceAgentDownloader.DownloadFile => Waiting for download to be finished
[6] 2026-03-12 10:10:00,366 DEBUG FileCacheServiceAgentDownloader.RetryPolicy => File info is not available yet, trying again in 5s...
[6] 2026-03-12 10:10:05,376 DEBUG FileCacheServiceAgentDownloader.RetryPolicy => File info is not available yet, trying again in 5s...
[6] 2026-03-12 10:10:10,380 DEBUG FileCacheServiceAgentDownloader.HandleDownloadResult => Cache service: update is present [https___sis.n-able.com_3rdPartySw_OS_WIN_Applications_Google_Chrome.zip_2026031206] [https://sis.n-able.com/3rdPartySw/OS/WIN/Applications/Google/Chrome.zip]
[6] 2026-03-12 10:10:10,380 DEBUG downloadInfoDetails: isupdatepresent = "true" || cachedLocation = "C:\ProgramData\MspPlatform\FileCacheServiceAgent\cache\https___sis.n-able.com_3rdPartySw_OS_WIN_Applications_Google_Chrome.zip_2026031206.zip" || filename = "Chrome.zip" || sizeinbytes = "15884" || checksum = "e6a82140ddf707d6d7567dab45924c0aec820d5b" || uuid = "https___sis.n-able.com_3rdPartySw_OS_WIN_Applications_Google_Chrome.zip_2026031206" || url = "https://sis.n-able.com/3rdPartySw/OS/WIN/Applications/Google/Chrome.zip" || name = "" || kbs = "" || version = "" || architecture = "" || language = "" || cacheddatetime = "2026-3-12 10:10:5 am" || downloadFailed = "false" || 
[6] 2026-03-12 10:10:10,380 DEBUG FileCacheServiceAgentDownloader.HandleDownloadResult => Downloading file (https___sis.n-able.com_3rdPartySw_OS_WIN_Applications_Google_Chrome.zip_2026031206, C:\ProgramData\MspPlatform\FileCacheServiceAgent\cache\https___sis.n-able.com_3rdPartySw_OS_WIN_Applications_Google_Chrome.zip_2026031206.zip, Chrome.zip, 15884, C:\ProgramData\MspPlatform\PME\ThirdPartyPatch\Downloads)...
[6] 2026-03-12 10:10:10,380 DEBUG DownloadFileInBlocks Status:Complete File location [C:\ProgramData\MspPlatform\FileCacheServiceAgent\cache\https___sis.n-able.com_3rdPartySw_OS_WIN_Applications_Google_Chrome.zip_2026031206.zip] destination [C:\ProgramData\MspPlatform\PME\ThirdPartyPatch\Downloads\Chrome.zip]
[6] 2026-03-12 10:10:10,380 DEBUG Download completed successfully. 
[6] 2026-03-12 10:10:10,380 DEBUG FileCacheServiceAgentDownloader.HandleDownloadResult => File was downloaded as "C:\ProgramData\MspPlatform\PME\ThirdPartyPatch\Downloads\Chrome.zip" with status "Complete"
[1] 2026-03-12 11:01:28,408 DEBUG DownloaderFactory.GetDownloader => Can connect to https://sis.n-able.com/ using FileCacheServiceAgentDownloader
[1] 2026-03-12 11:01:28,408 DEBUG FileCacheServiceAgentDownloader.DownloadFile => url = https://sis.n-able.com/Repository.xml, fileName = C:\ProgramData\MspPlatform\PME\ThirdPartyPatch\Downloads\Repository.xml
[1] 2026-03-12 11:01:28,408 DEBUG FileCacheServiceAgentDownloader.StartAsyncDownload => Submitting file https://sis.n-able.com/Repository.xml...
[1] 2026-03-12 11:01:28,418 DEBUG FileCacheServiceAgentDownloader.DownloadFile => Waiting for download to be finished
[5] 2026-03-12 11:01:28,432 DEBUG FileCacheServiceAgentDownloader.HandleDownloadResult => Cache service: update is present [https___sis.n-able.com_Repository.xml_2026031206] [https://sis.n-able.com/Repository.xml]
[5] 2026-03-12 11:01:28,432 DEBUG downloadInfoDetails: isupdatepresent = "true" || cachedLocation = "C:\ProgramData\MspPlatform\FileCacheServiceAgent\cache\https___sis.n-able.com_Repository.xml_2026031206.xml" || filename = "Repository.xml" || sizeinbytes = "5391" || checksum = "a885ad68ecf0429dba38e9e8fb153b89a2849464" || uuid = "https___sis.n-able.com_Repository.xml_2026031206" || url = "https://sis.n-able.com/Repository.xml" || name = "" || kbs = "" || version = "" || architecture = "" || language = "" || cacheddatetime = "2026-3-12 10:9:4 am" || downloadFailed = "false" || 
[5] 2026-03-12 11:01:28,438 DEBUG FileCacheServiceAgentDownloader.HandleDownloadResult => Downloading file (https___sis.n-able.com_Repository.xml_2026031206, C:\ProgramData\MspPlatform\FileCacheServiceAgent\cache\https___sis.n-able.com_Repository.xml_2026031206.xml, Repository.xml, 5391, C:\ProgramData\MspPlatform\PME\ThirdPartyPatch\Downloads)...
[5] 2026-03-12 11:01:28,450 DEBUG DownloadFileInBlocks Status:Complete File location [C:\ProgramData\MspPlatform\FileCacheServiceAgent\cache\https___sis.n-able.com_Repository.xml_2026031206.xml] destination [C:\ProgramData\MspPlatform\PME\ThirdPartyPatch\Downloads\Repository.xml]
[5] 2026-03-12 11:01:28,450 DEBUG Download completed successfully. 
[5] 2026-03-12 11:01:28,450 DEBUG FileCacheServiceAgentDownloader.HandleDownloadResult => File was downloaded as "C:\ProgramData\MspPlatform\PME\ThirdPartyPatch\Downloads\Repository.xml" with status "Complete"
[1] 2026-03-12 11:01:29,182 DEBUG DownloaderFactory.GetDownloader => Can connect to https://sis.n-able.com/ using FileCacheServiceAgentDownloader
[1] 2026-03-12 11:01:29,182 DEBUG FileCacheServiceAgentDownloader.DownloadFile => url = https://sis.n-able.com/Repository.xml, fileName = C:\ProgramData\MspPlatform\PME\ThirdPartyPatch\Downloads\Repository.xml
[1] 2026-03-12 11:01:29,182 DEBUG FileCacheServiceAgentDownloader.StartAsyncDownload => Submitting file https://sis.n-able.com/Repository.xml...
[1] 2026-03-12 11:01:29,192 DEBUG FileCacheServiceAgentDownloader.DownloadFile => Waiting for download to be finished
[5] 2026-03-12 11:01:29,213 DEBUG FileCacheServiceAgentDownloader.HandleDownloadResult => Cache service: update is present [https___sis.n-able.com_Repository.xml_2026031206] [https://sis.n-able.com/Repository.xml]
[5] 2026-03-12 11:01:29,213 DEBUG downloadInfoDetails: isupdatepresent = "true" || cachedLocation = "C:\ProgramData\MspPlatform\FileCacheServiceAgent\cache\https___sis.n-able.com_Repository.xml_2026031206.xml" || filename = "Repository.xml" || sizeinbytes = "5391" || checksum = "a885ad68ecf0429dba38e9e8fb153b89a2849464" || uuid = "https___sis.n-able.com_Repository.xml_2026031206" || url = "https://sis.n-able.com/Repository.xml" || name = "" || kbs = "" || version = "" || architecture = "" || language = "" || cacheddatetime = "2026-3-12 10:9:4 am" || downloadFailed = "false" || 
[5] 2026-03-12 11:01:29,213 DEBUG FileCacheServiceAgentDownloader.HandleDownloadResult => Downloading file (https___sis.n-able.com_Repository.xml_2026031206, C:\ProgramData\MspPlatform\FileCacheServiceAgent\cache\https___sis.n-able.com_Repository.xml_2026031206.xml, Repository.xml, 5391, C:\ProgramData\MspPlatform\PME\ThirdPartyPatch\Downloads)...
[5] 2026-03-12 11:01:29,213 DEBUG DownloadFileInBlocks Status:Complete File location [C:\ProgramData\MspPlatform\FileCacheServiceAgent\cache\https___sis.n-able.com_Repository.xml_2026031206.xml] destination [C:\ProgramData\MspPlatform\PME\ThirdPartyPatch\Downloads\Repository.xml]
[5] 2026-03-12 11:01:29,213 DEBUG Download completed successfully. 
[5] 2026-03-12 11:01:29,213 DEBUG FileCacheServiceAgentDownloader.HandleDownloadResult => File was downloaded as "C:\ProgramData\MspPlatform\PME\ThirdPartyPatch\Downloads\Repository.xml" with status "Complete"
[1] 2026-03-15 09:42:19,142 DEBUG DownloaderFactory.GetDownloader => Can connect to https://sis.n-able.com/ using FileCacheServiceAgentDownloader
[1] 2026-03-15 09:42:19,142 DEBUG FileCacheServiceAgentDownloader.DownloadFile => url = https://sis.n-able.com/Repository.xml, fileName = C:\ProgramData\MspPlatform\PME\ThirdPartyPatch\Downloads\Repository.xml
[1] 2026-03-15 09:42:19,142 DEBUG FileCacheServiceAgentDownloader.StartAsyncDownload => Submitting file https://sis.n-able.com/Repository.xml...
[1] 2026-03-15 09:42:19,149 DEBUG FileCacheServiceAgentDownloader.DownloadFile => Waiting for download to be finished
[5] 2026-03-15 09:42:19,168 DEBUG FileCacheServiceAgentDownloader.RetryPolicy => File info is not available yet, trying again in 5s...
[5] 2026-03-15 09:42:24,179 DEBUG FileCacheServiceAgentDownloader.RetryPolicy => File info is not available yet, trying again in 5s...
[5] 2026-03-15 09:42:29,182 DEBUG FileCacheServiceAgentDownloader.HandleDownloadResult => Cache service: update is present [https___sis.n-able.com_Repository.xml_2026031506] [https://sis.n-able.com/Repository.xml]
[5] 2026-03-15 09:42:29,182 DEBUG downloadInfoDetails: isupdatepresent = "true" || cachedLocation = "C:\ProgramData\MspPlatform\FileCacheServiceAgent\cache\https___sis.n-able.com_Repository.xml_2026031506.xml" || filename = "Repository.xml" || sizeinbytes = "5391" || checksum = "25a60542b76f290c03dc50c90f4b3afc45426567" || uuid = "https___sis.n-able.com_Repository.xml_2026031506" || url = "https://sis.n-able.com/Repository.xml" || name = "" || kbs = "" || version = "" || architecture = "" || language = "" || cacheddatetime = "2026-3-15 9:42:24 am" || downloadFailed = "false" || 
[5] 2026-03-15 09:42:29,182 DEBUG FileCacheServiceAgentDownloader.HandleDownloadResult => Downloading file (https___sis.n-able.com_Repository.xml_2026031506, C:\ProgramData\MspPlatform\FileCacheServiceAgent\cache\https___sis.n-able.com_Repository.xml_2026031506.xml, Repository.xml, 5391, C:\ProgramData\MspPlatform\PME\ThirdPartyPatch\Downloads)...
[5] 2026-03-15 09:42:29,187 DEBUG DownloadFileInBlocks Status:Complete File location [C:\ProgramData\MspPlatform\FileCacheServiceAgent\cache\https___sis.n-able.com_Repository.xml_2026031506.xml] destination [C:\ProgramData\MspPlatform\PME\ThirdPartyPatch\Downloads\Repository.xml]
[5] 2026-03-15 09:42:29,187 DEBUG Download completed successfully. 
[5] 2026-03-15 09:42:29,187 DEBUG FileCacheServiceAgentDownloader.HandleDownloadResult => File was downloaded as "C:\ProgramData\MspPlatform\PME\ThirdPartyPatch\Downloads\Repository.xml" with status "Complete"
[1] 2026-03-15 09:42:29,214 DEBUG DownloaderFactory.GetDownloader => Can connect to https://sis.n-able.com/ using FileCacheServiceAgentDownloader
[1] 2026-03-15 09:42:29,214 DEBUG FileCacheServiceAgentDownloader.DownloadFile => url = https://sis.n-able.com/3rdPartySw/ThirdPartySoftware.xml, fileName = C:\ProgramData\MspPlatform\PME\ThirdPartyPatch\Downloads\ThirdPartySoftware.xml
[1] 2026-03-15 09:42:29,214 DEBUG FileCacheServiceAgentDownloader.StartAsyncDownload => Submitting file https://sis.n-able.com/3rdPartySw/ThirdPartySoftware.xml...
[1] 2026-03-15 09:42:29,216 DEBUG FileCacheServiceAgentDownloader.DownloadFile => Waiting for download to be finished
[5] 2026-03-15 09:42:29,216 DEBUG FileCacheServiceAgentDownloader.RetryPolicy => File info is not available yet, trying again in 5s...
[5] 2026-03-15 09:42:34,222 DEBUG FileCacheServiceAgentDownloader.RetryPolicy => File info is not available yet, trying again in 5s...
[5] 2026-03-15 09:42:39,231 DEBUG FileCacheServiceAgentDownloader.HandleDownloadResult => Cache service: update is present [https___sis.n-able.com_3rdPartySw_ThirdPartySoftware.xml_2026031506] [https://sis.n-able.com/3rdPartySw/ThirdPartySoftware.xml]
[5] 2026-03-15 09:42:39,231 DEBUG downloadInfoDetails: isupdatepresent = "true" || cachedLocation = "C:\ProgramData\MspPlatform\FileCacheServiceAgent\cache\https___sis.n-able.com_3rdPartySw_ThirdPartySoftware.xml_2026031506.xml" || filename = "ThirdPartySoftware.xml" || sizeinbytes = "114858" || checksum = "369be3f5a56ae764582b3c0ab25b159e919461d8" || uuid = "https___sis.n-able.com_3rdPartySw_ThirdPartySoftware.xml_2026031506" || url = "https://sis.n-able.com/3rdPartySw/ThirdPartySoftware.xml" || name = "" || kbs = "" || version = "" || architecture = "" || language = "" || cacheddatetime = "2026-3-15 9:42:34 am" || downloadFailed = "false" || 
[5] 2026-03-15 09:42:39,231 DEBUG FileCacheServiceAgentDownloader.HandleDownloadResult => Downloading file (https___sis.n-able.com_3rdPartySw_ThirdPartySoftware.xml_2026031506, C:\ProgramData\MspPlatform\FileCacheServiceAgent\cache\https___sis.n-able.com_3rdPartySw_ThirdPartySoftware.xml_2026031506.xml, ThirdPartySoftware.xml, 114858, C:\ProgramData\MspPlatform\PME\ThirdPartyPatch\Downloads)...
[5] 2026-03-15 09:42:39,231 DEBUG DownloadFileInBlocks Status:Complete File location [C:\ProgramData\MspPlatform\FileCacheServiceAgent\cache\https___sis.n-able.com_3rdPartySw_ThirdPartySoftware.xml_2026031506.xml] destination [C:\ProgramData\MspPlatform\PME\ThirdPartyPatch\Downloads\ThirdPartySoftware.xml]
[5] 2026-03-15 09:42:39,231 DEBUG Download completed successfully. 
[5] 2026-03-15 09:42:39,231 DEBUG FileCacheServiceAgentDownloader.HandleDownloadResult => File was downloaded as "C:\ProgramData\MspPlatform\PME\ThirdPartyPatch\Downloads\ThirdPartySoftware.xml" with status "Complete"
[1] 2026-03-15 09:42:39,795 DEBUG DownloaderFactory.GetDownloader => Can connect to https://sis.n-able.com/ using FileCacheServiceAgentDownloader
[1] 2026-03-15 09:42:39,795 DEBUG FileCacheServiceAgentDownloader.DownloadFile => url = https://sis.n-able.com/3rdPartySw/OS/WIN/Applications/Microsoft/OneDrive.zip, fileName = C:\ProgramData\MspPlatform\PME\ThirdPartyPatch\Downloads\OneDrive.zip
[1] 2026-03-15 09:42:39,795 DEBUG FileCacheServiceAgentDownloader.StartAsyncDownload => Submitting file https://sis.n-able.com/3rdPartySw/OS/WIN/Applications/Microsoft/OneDrive.zip...
[1] 2026-03-15 09:42:39,795 DEBUG FileCacheServiceAgentDownloader.DownloadFile => Waiting for download to be finished
[6] 2026-03-15 09:42:39,798 DEBUG FileCacheServiceAgentDownloader.RetryPolicy => File info is not available yet, trying again in 5s...
[6] 2026-03-15 09:42:44,802 DEBUG FileCacheServiceAgentDownloader.RetryPolicy => File info is not available yet, trying again in 5s...
[6] 2026-03-15 09:42:49,816 DEBUG FileCacheServiceAgentDownloader.HandleDownloadResult => Cache service: update is present [https___sis.n-able.com_3rdPartySw_OS_WIN_Applications_Microsoft_OneDrive.zip_2026031506] [https://sis.n-able.com/3rdPartySw/OS/WIN/Applications/Microsoft/OneDrive.zip]
[6] 2026-03-15 09:42:49,816 DEBUG downloadInfoDetails: isupdatepresent = "true" || cachedLocation = "C:\ProgramData\MspPlatform\FileCacheServiceAgent\cache\https___sis.n-able.com_3rdPartySw_OS_WIN_Applications_Microsoft_OneDrive.zip_2026031506.zip" || filename = "OneDrive.zip" || sizeinbytes = "32324" || checksum = "b986196a5221b5e43ef20769a0b811daed11cf72" || uuid = "https___sis.n-able.com_3rdPartySw_OS_WIN_Applications_Microsoft_OneDrive.zip_2026031506" || url = "https://sis.n-able.com/3rdPartySw/OS/WIN/Applications/Microsoft/OneDrive.zip" || name = "" || kbs = "" || version = "" || architecture = "" || language = "" || cacheddatetime = "2026-3-15 9:42:45 am" || downloadFailed = "false" || 
[6] 2026-03-15 09:42:49,816 DEBUG FileCacheServiceAgentDownloader.HandleDownloadResult => Downloading file (https___sis.n-able.com_3rdPartySw_OS_WIN_Applications_Microsoft_OneDrive.zip_2026031506, C:\ProgramData\MspPlatform\FileCacheServiceAgent\cache\https___sis.n-able.com_3rdPartySw_OS_WIN_Applications_Microsoft_OneDrive.zip_2026031506.zip, OneDrive.zip, 32324, C:\ProgramData\MspPlatform\PME\ThirdPartyPatch\Downloads)...
[6] 2026-03-15 09:42:49,816 DEBUG DownloadFileInBlocks Status:Complete File location [C:\ProgramData\MspPlatform\FileCacheServiceAgent\cache\https___sis.n-able.com_3rdPartySw_OS_WIN_Applications_Microsoft_OneDrive.zip_2026031506.zip] destination [C:\ProgramData\MspPlatform\PME\ThirdPartyPatch\Downloads\OneDrive.zip]
[6] 2026-03-15 09:42:49,816 DEBUG Download completed successfully. 
[6] 2026-03-15 09:42:49,816 DEBUG FileCacheServiceAgentDownloader.HandleDownloadResult => File was downloaded as "C:\ProgramData\MspPlatform\PME\ThirdPartyPatch\Downloads\OneDrive.zip" with status "Complete"
[1] 2026-03-15 09:42:49,906 DEBUG DownloaderFactory.GetDownloader => Can connect to https://sis.n-able.com/ using FileCacheServiceAgentDownloader
[1] 2026-03-15 09:42:49,906 DEBUG FileCacheServiceAgentDownloader.DownloadFile => url = https://sis.n-able.com/3rdPartySw/OS/WIN/Applications/Google/Google Drive.zip, fileName = C:\ProgramData\MspPlatform\PME\ThirdPartyPatch\Downloads\Google Drive.zip
[1] 2026-03-15 09:42:49,906 DEBUG FileCacheServiceAgentDownloader.StartAsyncDownload => Submitting file https://sis.n-able.com/3rdPartySw/OS/WIN/Applications/Google/Google Drive.zip...
[1] 2026-03-15 09:42:49,910 DEBUG FileCacheServiceAgentDownloader.DownloadFile => Waiting for download to be finished
[6] 2026-03-15 09:42:49,910 DEBUG FileCacheServiceAgentDownloader.RetryPolicy => File info is not available yet, trying again in 5s...
[6] 2026-03-15 09:42:54,917 DEBUG FileCacheServiceAgentDownloader.RetryPolicy => File info is not available yet, trying again in 5s...
[6] 2026-03-15 09:42:59,924 DEBUG FileCacheServiceAgentDownloader.HandleDownloadResult => Cache service: update is present [https___sis.n-able.com_3rdPartySw_OS_WIN_Applications_Google_Google Drive.zip_2026031506] [https://sis.n-able.com/3rdPartySw/OS/WIN/Applications/Google/Google Drive.zip]
[6] 2026-03-15 09:42:59,924 DEBUG downloadInfoDetails: isupdatepresent = "true" || cachedLocation = "C:\ProgramData\MspPlatform\FileCacheServiceAgent\cache\https___sis.n-able.com_3rdPartySw_OS_WIN_Applications_Google_Google Drive.zip_2026031506.zip" || filename = "Google Drive.zip" || sizeinbytes = "27612" || checksum = "b0ab36ca62742bbbe75dd93777de41698be9eeb1" || uuid = "https___sis.n-able.com_3rdPartySw_OS_WIN_Applications_Google_Google Drive.zip_2026031506" || url = "https://sis.n-able.com/3rdPartySw/OS/WIN/Applications/Google/Google Drive.zip" || name = "" || kbs = "" || version = "" || architecture = "" || language = "" || cacheddatetime = "2026-3-15 9:42:55 am" || downloadFailed = "false" || 
[6] 2026-03-15 09:42:59,924 DEBUG FileCacheServiceAgentDownloader.HandleDownloadResult => Downloading file (https___sis.n-able.com_3rdPartySw_OS_WIN_Applications_Google_Google Drive.zip_2026031506, C:\ProgramData\MspPlatform\FileCacheServiceAgent\cache\https___sis.n-able.com_3rdPartySw_OS_WIN_Applications_Google_Google Drive.zip_2026031506.zip, Google Drive.zip, 27612, C:\ProgramData\MspPlatform\PME\ThirdPartyPatch\Downloads)...
[6] 2026-03-15 09:42:59,925 DEBUG DownloadFileInBlocks Status:Complete File location [C:\ProgramData\MspPlatform\FileCacheServiceAgent\cache\https___sis.n-able.com_3rdPartySw_OS_WIN_Applications_Google_Google Drive.zip_2026031506.zip] destination [C:\ProgramData\MspPlatform\PME\ThirdPartyPatch\Downloads\Google Drive.zip]
[6] 2026-03-15 09:42:59,925 DEBUG Download completed successfully. 
[6] 2026-03-15 09:42:59,927 DEBUG FileCacheServiceAgentDownloader.HandleDownloadResult => File was downloaded as "C:\ProgramData\MspPlatform\PME\ThirdPartyPatch\Downloads\Google Drive.zip" with status "Complete"
[1] 2026-03-15 09:42:59,949 DEBUG DownloaderFactory.GetDownloader => Can connect to https://sis.n-able.com/ using FileCacheServiceAgentDownloader
[1] 2026-03-15 09:42:59,949 DEBUG FileCacheServiceAgentDownloader.DownloadFile => url = https://sis.n-able.com/3rdPartySw/OS/WIN/Applications/Microsoft/Microsoft Edge.zip, fileName = C:\ProgramData\MspPlatform\PME\ThirdPartyPatch\Downloads\Microsoft Edge.zip
[1] 2026-03-15 09:42:59,949 DEBUG FileCacheServiceAgentDownloader.StartAsyncDownload => Submitting file https://sis.n-able.com/3rdPartySw/OS/WIN/Applications/Microsoft/Microsoft Edge.zip...
[1] 2026-03-15 09:42:59,951 DEBUG FileCacheServiceAgentDownloader.DownloadFile => Waiting for download to be finished
[5] 2026-03-15 09:42:59,951 DEBUG FileCacheServiceAgentDownloader.RetryPolicy => File info is not available yet, trying again in 5s...
[5] 2026-03-15 09:43:04,962 DEBUG FileCacheServiceAgentDownloader.RetryPolicy => File info is not available yet, trying again in 5s...
[5] 2026-03-15 09:43:09,969 DEBUG FileCacheServiceAgentDownloader.HandleDownloadResult => Cache service: update is present [https___sis.n-able.com_3rdPartySw_OS_WIN_Applications_Microsoft_Microsoft Edge.zip_2026031506] [https://sis.n-able.com/3rdPartySw/OS/WIN/Applications/Microsoft/Microsoft Edge.zip]
[5] 2026-03-15 09:43:09,971 DEBUG downloadInfoDetails: isupdatepresent = "true" || cachedLocation = "C:\ProgramData\MspPlatform\FileCacheServiceAgent\cache\https___sis.n-able.com_3rdPartySw_OS_WIN_Applications_Microsoft_Microsoft Edge.zip_2026031506.zip" || filename = "Microsoft Edge.zip" || sizeinbytes = "9048" || checksum = "9eeb491a90edf3b2f3ad98cd1670768dd7b18b31" || uuid = "https___sis.n-able.com_3rdPartySw_OS_WIN_Applications_Microsoft_Microsoft Edge.zip_2026031506" || url = "https://sis.n-able.com/3rdPartySw/OS/WIN/Applications/Microsoft/Microsoft Edge.zip" || name = "" || kbs = "" || version = "" || architecture = "" || language = "" || cacheddatetime = "2026-3-15 9:43:5 am" || downloadFailed = "false" || 
[5] 2026-03-15 09:43:09,971 DEBUG FileCacheServiceAgentDownloader.HandleDownloadResult => Downloading file (https___sis.n-able.com_3rdPartySw_OS_WIN_Applications_Microsoft_Microsoft Edge.zip_2026031506, C:\ProgramData\MspPlatform\FileCacheServiceAgent\cache\https___sis.n-able.com_3rdPartySw_OS_WIN_Applications_Microsoft_Microsoft Edge.zip_2026031506.zip, Microsoft Edge.zip, 9048, C:\ProgramData\MspPlatform\PME\ThirdPartyPatch\Downloads)...
[5] 2026-03-15 09:43:09,971 DEBUG DownloadFileInBlocks Status:Complete File location [C:\ProgramData\MspPlatform\FileCacheServiceAgent\cache\https___sis.n-able.com_3rdPartySw_OS_WIN_Applications_Microsoft_Microsoft Edge.zip_2026031506.zip] destination [C:\ProgramData\MspPlatform\PME\ThirdPartyPatch\Downloads\Microsoft Edge.zip]
[5] 2026-03-15 09:43:09,974 DEBUG Download completed successfully. 
[5] 2026-03-15 09:43:09,974 DEBUG FileCacheServiceAgentDownloader.HandleDownloadResult => File was downloaded as "C:\ProgramData\MspPlatform\PME\ThirdPartyPatch\Downloads\Microsoft Edge.zip" with status "Complete"
[1] 2026-03-15 09:43:10,076 DEBUG DownloaderFactory.GetDownloader => Can connect to https://sis.n-able.com/ using FileCacheServiceAgentDownloader
[1] 2026-03-15 09:43:10,076 DEBUG FileCacheServiceAgentDownloader.DownloadFile => url = https://sis.n-able.com/3rdPartySw/Vendors.xml, fileName = C:\ProgramData\MspPlatform\PME\ThirdPartyPatch\Downloads\Vendors.xml
[1] 2026-03-15 09:43:10,076 DEBUG FileCacheServiceAgentDownloader.StartAsyncDownload => Submitting file https://sis.n-able.com/3rdPartySw/Vendors.xml...
[1] 2026-03-15 09:43:10,078 DEBUG FileCacheServiceAgentDownloader.DownloadFile => Waiting for download to be finished
[6] 2026-03-15 09:43:10,078 DEBUG FileCacheServiceAgentDownloader.RetryPolicy => File info is not available yet, trying again in 5s...
[6] 2026-03-15 09:43:15,081 DEBUG FileCacheServiceAgentDownloader.RetryPolicy => File info is not available yet, trying again in 5s...
[6] 2026-03-15 09:43:20,082 DEBUG FileCacheServiceAgentDownloader.HandleDownloadResult => Cache service: update is present [https___sis.n-able.com_3rdPartySw_Vendors.xml_2026031506] [https://sis.n-able.com/3rdPartySw/Vendors.xml]
[6] 2026-03-15 09:43:20,083 DEBUG downloadInfoDetails: isupdatepresent = "true" || cachedLocation = "C:\ProgramData\MspPlatform\FileCacheServiceAgent\cache\https___sis.n-able.com_3rdPartySw_Vendors.xml_2026031506.xml" || filename = "Vendors.xml" || sizeinbytes = "4135" || checksum = "8de80a3dfbbe1d2386f740986f5044d05c426928" || uuid = "https___sis.n-able.com_3rdPartySw_Vendors.xml_2026031506" || url = "https://sis.n-able.com/3rdPartySw/Vendors.xml" || name = "" || kbs = "" || version = "" || architecture = "" || language = "" || cacheddatetime = "2026-3-15 9:43:15 am" || downloadFailed = "false" || 
[6] 2026-03-15 09:43:20,083 DEBUG FileCacheServiceAgentDownloader.HandleDownloadResult => Downloading file (https___sis.n-able.com_3rdPartySw_Vendors.xml_2026031506, C:\ProgramData\MspPlatform\FileCacheServiceAgent\cache\https___sis.n-able.com_3rdPartySw_Vendors.xml_2026031506.xml, Vendors.xml, 4135, C:\ProgramData\MspPlatform\PME\ThirdPartyPatch\Downloads)...
[6] 2026-03-15 09:43:20,085 DEBUG DownloadFileInBlocks Status:Complete File location [C:\ProgramData\MspPlatform\FileCacheServiceAgent\cache\https___sis.n-able.com_3rdPartySw_Vendors.xml_2026031506.xml] destination [C:\ProgramData\MspPlatform\PME\ThirdPartyPatch\Downloads\Vendors.xml]
[6] 2026-03-15 09:43:20,085 DEBUG Download completed successfully. 
[6] 2026-03-15 09:43:20,085 DEBUG FileCacheServiceAgentDownloader.HandleDownloadResult => File was downloaded as "C:\ProgramData\MspPlatform\PME\ThirdPartyPatch\Downloads\Vendors.xml" with status "Complete"
[1] 2026-03-15 09:43:20,268 DEBUG DownloaderFactory.GetDownloader => Can connect to https://sis.n-able.com/ using FileCacheServiceAgentDownloader
[1] 2026-03-15 09:43:20,268 DEBUG FileCacheServiceAgentDownloader.DownloadFile => url = https://sis.n-able.com/Repository.xml, fileName = C:\ProgramData\MspPlatform\PME\ThirdPartyPatch\Downloads\Repository.xml
[1] 2026-03-15 09:43:20,268 DEBUG FileCacheServiceAgentDownloader.StartAsyncDownload => Submitting file https://sis.n-able.com/Repository.xml...
[1] 2026-03-15 09:43:20,278 DEBUG FileCacheServiceAgentDownloader.DownloadFile => Waiting for download to be finished
[5] 2026-03-15 09:43:20,298 DEBUG FileCacheServiceAgentDownloader.HandleDownloadResult => Cache service: update is present [https___sis.n-able.com_Repository.xml_2026031506] [https://sis.n-able.com/Repository.xml]
[5] 2026-03-15 09:43:20,298 DEBUG downloadInfoDetails: isupdatepresent = "true" || cachedLocation = "C:\ProgramData\MspPlatform\FileCacheServiceAgent\cache\https___sis.n-able.com_Repository.xml_2026031506.xml" || filename = "Repository.xml" || sizeinbytes = "5391" || checksum = "25a60542b76f290c03dc50c90f4b3afc45426567" || uuid = "https___sis.n-able.com_Repository.xml_2026031506" || url = "https://sis.n-able.com/Repository.xml" || name = "" || kbs = "" || version = "" || architecture = "" || language = "" || cacheddatetime = "2026-3-15 9:42:24 am" || downloadFailed = "false" || 
[5] 2026-03-15 09:43:20,298 DEBUG FileCacheServiceAgentDownloader.HandleDownloadResult => Downloading file (https___sis.n-able.com_Repository.xml_2026031506, C:\ProgramData\MspPlatform\FileCacheServiceAgent\cache\https___sis.n-able.com_Repository.xml_2026031506.xml, Repository.xml, 5391, C:\ProgramData\MspPlatform\PME\ThirdPartyPatch\Downloads)...
[5] 2026-03-15 09:43:20,300 DEBUG DownloadFileInBlocks Status:Complete File location [C:\ProgramData\MspPlatform\FileCacheServiceAgent\cache\https___sis.n-able.com_Repository.xml_2026031506.xml] destination [C:\ProgramData\MspPlatform\PME\ThirdPartyPatch\Downloads\Repository.xml]
[5] 2026-03-15 09:43:20,300 DEBUG Download completed successfully. 
[5] 2026-03-15 09:43:20,304 DEBUG FileCacheServiceAgentDownloader.HandleDownloadResult => File was downloaded as "C:\ProgramData\MspPlatform\PME\ThirdPartyPatch\Downloads\Repository.xml" with status "Complete"
[1] 2026-03-15 09:43:20,695 DEBUG DownloaderFactory.GetDownloader => Can connect to https://sis.n-able.com/ using FileCacheServiceAgentDownloader
[1] 2026-03-15 09:43:20,695 DEBUG FileCacheServiceAgentDownloader.DownloadFile => url = https://sis.n-able.com/3rdPartySw/OS/WIN/Applications/Google/Chrome.zip, fileName = C:\ProgramData\MspPlatform\PME\ThirdPartyPatch\Downloads\Chrome.zip
[1] 2026-03-15 09:43:20,695 DEBUG FileCacheServiceAgentDownloader.StartAsyncDownload => Submitting file https://sis.n-able.com/3rdPartySw/OS/WIN/Applications/Google/Chrome.zip...
[1] 2026-03-15 09:43:20,695 DEBUG FileCacheServiceAgentDownloader.DownloadFile => Waiting for download to be finished
[6] 2026-03-15 09:43:20,695 DEBUG FileCacheServiceAgentDownloader.RetryPolicy => File info is not available yet, trying again in 5s...
[6] 2026-03-15 09:43:25,700 DEBUG FileCacheServiceAgentDownloader.RetryPolicy => File info is not available yet, trying again in 5s...
[6] 2026-03-15 09:43:30,714 DEBUG FileCacheServiceAgentDownloader.HandleDownloadResult => Cache service: update is present [https___sis.n-able.com_3rdPartySw_OS_WIN_Applications_Google_Chrome.zip_2026031506] [https://sis.n-able.com/3rdPartySw/OS/WIN/Applications/Google/Chrome.zip]
[6] 2026-03-15 09:43:30,714 DEBUG downloadInfoDetails: isupdatepresent = "true" || cachedLocation = "C:\ProgramData\MspPlatform\FileCacheServiceAgent\cache\https___sis.n-able.com_3rdPartySw_OS_WIN_Applications_Google_Chrome.zip_2026031506.zip" || filename = "Chrome.zip" || sizeinbytes = "15884" || checksum = "e6a82140ddf707d6d7567dab45924c0aec820d5b" || uuid = "https___sis.n-able.com_3rdPartySw_OS_WIN_Applications_Google_Chrome.zip_2026031506" || url = "https://sis.n-able.com/3rdPartySw/OS/WIN/Applications/Google/Chrome.zip" || name = "" || kbs = "" || version = "" || architecture = "" || language = "" || cacheddatetime = "2026-3-15 9:43:26 am" || downloadFailed = "false" || 
[6] 2026-03-15 09:43:30,714 DEBUG FileCacheServiceAgentDownloader.HandleDownloadResult => Downloading file (https___sis.n-able.com_3rdPartySw_OS_WIN_Applications_Google_Chrome.zip_2026031506, C:\ProgramData\MspPlatform\FileCacheServiceAgent\cache\https___sis.n-able.com_3rdPartySw_OS_WIN_Applications_Google_Chrome.zip_2026031506.zip, Chrome.zip, 15884, C:\ProgramData\MspPlatform\PME\ThirdPartyPatch\Downloads)...
[6] 2026-03-15 09:43:30,714 DEBUG DownloadFileInBlocks Status:Complete File location [C:\ProgramData\MspPlatform\FileCacheServiceAgent\cache\https___sis.n-able.com_3rdPartySw_OS_WIN_Applications_Google_Chrome.zip_2026031506.zip] destination [C:\ProgramData\MspPlatform\PME\ThirdPartyPatch\Downloads\Chrome.zip]
[6] 2026-03-15 09:43:30,714 DEBUG Download completed successfully. 
[6] 2026-03-15 09:43:30,714 DEBUG FileCacheServiceAgentDownloader.HandleDownloadResult => File was downloaded as "C:\ProgramData\MspPlatform\PME\ThirdPartyPatch\Downloads\Chrome.zip" with status "Complete"
[1] 2026-03-15 09:43:51,629 DEBUG DownloaderFactory.GetDownloader => Can connect to https://sis.n-able.com/ using FileCacheServiceAgentDownloader
[1] 2026-03-15 09:43:51,629 DEBUG FileCacheServiceAgentDownloader.DownloadFile => url = https://sis.n-able.com/Repository.xml, fileName = C:\ProgramData\MspPlatform\PME\ThirdPartyPatch\Downloads\Repository.xml
[1] 2026-03-15 09:43:51,629 DEBUG FileCacheServiceAgentDownloader.StartAsyncDownload => Submitting file https://sis.n-able.com/Repository.xml...
[1] 2026-03-15 09:43:51,639 DEBUG FileCacheServiceAgentDownloader.DownloadFile => Waiting for download to be finished
[5] 2026-03-15 09:43:51,649 DEBUG FileCacheServiceAgentDownloader.HandleDownloadResult => Cache service: update is present [https___sis.n-able.com_Repository.xml_2026031506] [https://sis.n-able.com/Repository.xml]
[5] 2026-03-15 09:43:51,649 DEBUG downloadInfoDetails: isupdatepresent = "true" || cachedLocation = "C:\ProgramData\MspPlatform\FileCacheServiceAgent\cache\https___sis.n-able.com_Repository.xml_2026031506.xml" || filename = "Repository.xml" || sizeinbytes = "5391" || checksum = "25a60542b76f290c03dc50c90f4b3afc45426567" || uuid = "https___sis.n-able.com_Repository.xml_2026031506" || url = "https://sis.n-able.com/Repository.xml" || name = "" || kbs = "" || version = "" || architecture = "" || language = "" || cacheddatetime = "2026-3-15 9:42:24 am" || downloadFailed = "false" || 
[5] 2026-03-15 09:43:51,649 DEBUG FileCacheServiceAgentDownloader.HandleDownloadResult => Downloading file (https___sis.n-able.com_Repository.xml_2026031506, C:\ProgramData\MspPlatform\FileCacheServiceAgent\cache\https___sis.n-able.com_Repository.xml_2026031506.xml, Repository.xml, 5391, C:\ProgramData\MspPlatform\PME\ThirdPartyPatch\Downloads)...
[5] 2026-03-15 09:43:51,660 DEBUG DownloadFileInBlocks Status:Complete File location [C:\ProgramData\MspPlatform\FileCacheServiceAgent\cache\https___sis.n-able.com_Repository.xml_2026031506.xml] destination [C:\ProgramData\MspPlatform\PME\ThirdPartyPatch\Downloads\Repository.xml]
[5] 2026-03-15 09:43:51,660 DEBUG Download completed successfully. 
[5] 2026-03-15 09:43:51,660 DEBUG FileCacheServiceAgentDownloader.HandleDownloadResult => File was downloaded as "C:\ProgramData\MspPlatform\PME\ThirdPartyPatch\Downloads\Repository.xml" with status "Complete"
[1] 2026-03-15 09:45:30,153 DEBUG DownloaderFactory.GetDownloader => Can connect to https://sis.n-able.com/ using FileCacheServiceAgentDownloader
[1] 2026-03-15 09:45:30,153 DEBUG FileCacheServiceAgentDownloader.DownloadFile => url = https://sis.n-able.com/Repository.xml, fileName = C:\ProgramData\MspPlatform\PME\ThirdPartyPatch\Downloads\Repository.xml
[1] 2026-03-15 09:45:30,153 DEBUG FileCacheServiceAgentDownloader.StartAsyncDownload => Submitting file https://sis.n-able.com/Repository.xml...
[1] 2026-03-15 09:45:30,161 DEBUG FileCacheServiceAgentDownloader.DownloadFile => Waiting for download to be finished
[5] 2026-03-15 09:45:30,179 DEBUG FileCacheServiceAgentDownloader.HandleDownloadResult => Cache service: update is present [https___sis.n-able.com_Repository.xml_2026031506] [https://sis.n-able.com/Repository.xml]
[5] 2026-03-15 09:45:30,179 DEBUG downloadInfoDetails: isupdatepresent = "true" || cachedLocation = "C:\ProgramData\MspPlatform\FileCacheServiceAgent\cache\https___sis.n-able.com_Repository.xml_2026031506.xml" || filename = "Repository.xml" || sizeinbytes = "5391" || checksum = "25a60542b76f290c03dc50c90f4b3afc45426567" || uuid = "https___sis.n-able.com_Repository.xml_2026031506" || url = "https://sis.n-able.com/Repository.xml" || name = "" || kbs = "" || version = "" || architecture = "" || language = "" || cacheddatetime = "2026-3-15 9:42:24 am" || downloadFailed = "false" || 
[5] 2026-03-15 09:45:30,179 DEBUG FileCacheServiceAgentDownloader.HandleDownloadResult => Downloading file (https___sis.n-able.com_Repository.xml_2026031506, C:\ProgramData\MspPlatform\FileCacheServiceAgent\cache\https___sis.n-able.com_Repository.xml_2026031506.xml, Repository.xml, 5391, C:\ProgramData\MspPlatform\PME\ThirdPartyPatch\Downloads)...
[5] 2026-03-15 09:45:30,182 DEBUG DownloadFileInBlocks Status:Complete File location [C:\ProgramData\MspPlatform\FileCacheServiceAgent\cache\https___sis.n-able.com_Repository.xml_2026031506.xml] destination [C:\ProgramData\MspPlatform\PME\ThirdPartyPatch\Downloads\Repository.xml]
[5] 2026-03-15 09:45:30,182 DEBUG Download completed successfully. 
[5] 2026-03-15 09:45:30,182 DEBUG FileCacheServiceAgentDownloader.HandleDownloadResult => File was downloaded as "C:\ProgramData\MspPlatform\PME\ThirdPartyPatch\Downloads\Repository.xml" with status "Complete"
[1] 2026-03-15 09:45:30,866 DEBUG DownloaderFactory.GetDownloader => Can connect to https://sis.n-able.com/ using FileCacheServiceAgentDownloader
[1] 2026-03-15 09:45:30,866 DEBUG FileCacheServiceAgentDownloader.DownloadFile => url = https://sis.n-able.com/Repository.xml, fileName = C:\ProgramData\MspPlatform\PME\ThirdPartyPatch\Downloads\Repository.xml
[1] 2026-03-15 09:45:30,866 DEBUG FileCacheServiceAgentDownloader.StartAsyncDownload => Submitting file https://sis.n-able.com/Repository.xml...
[1] 2026-03-15 09:45:30,873 DEBUG FileCacheServiceAgentDownloader.DownloadFile => Waiting for download to be finished
[5] 2026-03-15 09:45:30,893 DEBUG FileCacheServiceAgentDownloader.HandleDownloadResult => Cache service: update is present [https___sis.n-able.com_Repository.xml_2026031506] [https://sis.n-able.com/Repository.xml]
[5] 2026-03-15 09:45:30,893 DEBUG downloadInfoDetails: isupdatepresent = "true" || cachedLocation = "C:\ProgramData\MspPlatform\FileCacheServiceAgent\cache\https___sis.n-able.com_Repository.xml_2026031506.xml" || filename = "Repository.xml" || sizeinbytes = "5391" || checksum = "25a60542b76f290c03dc50c90f4b3afc45426567" || uuid = "https___sis.n-able.com_Repository.xml_2026031506" || url = "https://sis.n-able.com/Repository.xml" || name = "" || kbs = "" || version = "" || architecture = "" || language = "" || cacheddatetime = "2026-3-15 9:42:24 am" || downloadFailed = "false" || 
[5] 2026-03-15 09:45:30,894 DEBUG FileCacheServiceAgentDownloader.HandleDownloadResult => Downloading file (https___sis.n-able.com_Repository.xml_2026031506, C:\ProgramData\MspPlatform\FileCacheServiceAgent\cache\https___sis.n-able.com_Repository.xml_2026031506.xml, Repository.xml, 5391, C:\ProgramData\MspPlatform\PME\ThirdPartyPatch\Downloads)...
[5] 2026-03-15 09:45:30,894 DEBUG DownloadFileInBlocks Status:Complete File location [C:\ProgramData\MspPlatform\FileCacheServiceAgent\cache\https___sis.n-able.com_Repository.xml_2026031506.xml] destination [C:\ProgramData\MspPlatform\PME\ThirdPartyPatch\Downloads\Repository.xml]
[5] 2026-03-15 09:45:30,894 DEBUG Download completed successfully. 
[5] 2026-03-15 09:45:30,894 DEBUG FileCacheServiceAgentDownloader.HandleDownloadResult => File was downloaded as "C:\ProgramData\MspPlatform\PME\ThirdPartyPatch\Downloads\Repository.xml" with status "Complete"
[1] 2026-03-15 11:02:28,916 DEBUG DownloaderFactory.GetDownloader => Can connect to https://sis.n-able.com/ using FileCacheServiceAgentDownloader
[1] 2026-03-15 11:02:28,917 DEBUG FileCacheServiceAgentDownloader.DownloadFile => url = https://sis.n-able.com/Repository.xml, fileName = C:\ProgramData\MspPlatform\PME\ThirdPartyPatch\Downloads\Repository.xml
[1] 2026-03-15 11:02:28,918 DEBUG FileCacheServiceAgentDownloader.StartAsyncDownload => Submitting file https://sis.n-able.com/Repository.xml...
[1] 2026-03-15 11:02:28,926 DEBUG FileCacheServiceAgentDownloader.DownloadFile => Waiting for download to be finished
[5] 2026-03-15 11:02:28,946 DEBUG FileCacheServiceAgentDownloader.HandleDownloadResult => Cache service: update is present [https___sis.n-able.com_Repository.xml_2026031506] [https://sis.n-able.com/Repository.xml]
[5] 2026-03-15 11:02:28,946 DEBUG downloadInfoDetails: isupdatepresent = "true" || cachedLocation = "C:\ProgramData\MspPlatform\FileCacheServiceAgent\cache\https___sis.n-able.com_Repository.xml_2026031506.xml" || filename = "Repository.xml" || sizeinbytes = "5391" || checksum = "25a60542b76f290c03dc50c90f4b3afc45426567" || uuid = "https___sis.n-able.com_Repository.xml_2026031506" || url = "https://sis.n-able.com/Repository.xml" || name = "" || kbs = "" || version = "" || architecture = "" || language = "" || cacheddatetime = "2026-3-15 9:42:24 am" || downloadFailed = "false" || 
[5] 2026-03-15 11:02:28,946 DEBUG FileCacheServiceAgentDownloader.HandleDownloadResult => Downloading file (https___sis.n-able.com_Repository.xml_2026031506, C:\ProgramData\MspPlatform\FileCacheServiceAgent\cache\https___sis.n-able.com_Repository.xml_2026031506.xml, Repository.xml, 5391, C:\ProgramData\MspPlatform\PME\ThirdPartyPatch\Downloads)...
[5] 2026-03-15 11:02:28,963 DEBUG DownloadFileInBlocks Status:Complete File location [C:\ProgramData\MspPlatform\FileCacheServiceAgent\cache\https___sis.n-able.com_Repository.xml_2026031506.xml] destination [C:\ProgramData\MspPlatform\PME\ThirdPartyPatch\Downloads\Repository.xml]
[5] 2026-03-15 11:02:28,963 DEBUG Download completed successfully. 
[5] 2026-03-15 11:02:28,964 DEBUG FileCacheServiceAgentDownloader.HandleDownloadResult => File was downloaded as "C:\ProgramData\MspPlatform\PME\ThirdPartyPatch\Downloads\Repository.xml" with status "Complete"
[1] 2026-03-15 11:02:29,733 DEBUG DownloaderFactory.GetDownloader => Can connect to https://sis.n-able.com/ using FileCacheServiceAgentDownloader
[1] 2026-03-15 11:02:29,734 DEBUG FileCacheServiceAgentDownloader.DownloadFile => url = https://sis.n-able.com/Repository.xml, fileName = C:\ProgramData\MspPlatform\PME\ThirdPartyPatch\Downloads\Repository.xml
[1] 2026-03-15 11:02:29,734 DEBUG FileCacheServiceAgentDownloader.StartAsyncDownload => Submitting file https://sis.n-able.com/Repository.xml...
[1] 2026-03-15 11:02:29,742 DEBUG FileCacheServiceAgentDownloader.DownloadFile => Waiting for download to be finished
[5] 2026-03-15 11:02:29,759 DEBUG FileCacheServiceAgentDownloader.HandleDownloadResult => Cache service: update is present [https___sis.n-able.com_Repository.xml_2026031506] [https://sis.n-able.com/Repository.xml]
[5] 2026-03-15 11:02:29,760 DEBUG downloadInfoDetails: isupdatepresent = "true" || cachedLocation = "C:\ProgramData\MspPlatform\FileCacheServiceAgent\cache\https___sis.n-able.com_Repository.xml_2026031506.xml" || filename = "Repository.xml" || sizeinbytes = "5391" || checksum = "25a60542b76f290c03dc50c90f4b3afc45426567" || uuid = "https___sis.n-able.com_Repository.xml_2026031506" || url = "https://sis.n-able.com/Repository.xml" || name = "" || kbs = "" || version = "" || architecture = "" || language = "" || cacheddatetime = "2026-3-15 9:42:24 am" || downloadFailed = "false" || 
[5] 2026-03-15 11:02:29,760 DEBUG FileCacheServiceAgentDownloader.HandleDownloadResult => Downloading file (https___sis.n-able.com_Repository.xml_2026031506, C:\ProgramData\MspPlatform\FileCacheServiceAgent\cache\https___sis.n-able.com_Repository.xml_2026031506.xml, Repository.xml, 5391, C:\ProgramData\MspPlatform\PME\ThirdPartyPatch\Downloads)...
[5] 2026-03-15 11:02:29,764 DEBUG DownloadFileInBlocks Status:Complete File location [C:\ProgramData\MspPlatform\FileCacheServiceAgent\cache\https___sis.n-able.com_Repository.xml_2026031506.xml] destination [C:\ProgramData\MspPlatform\PME\ThirdPartyPatch\Downloads\Repository.xml]
[5] 2026-03-15 11:02:29,764 DEBUG Download completed successfully. 
[5] 2026-03-15 11:02:29,764 DEBUG FileCacheServiceAgentDownloader.HandleDownloadResult => File was downloaded as "C:\ProgramData\MspPlatform\PME\ThirdPartyPatch\Downloads\Repository.xml" with status "Complete"
[1] 2026-03-16 09:06:25,590 DEBUG DownloaderFactory.GetDownloader => Can connect to https://sis.n-able.com/ using FileCacheServiceAgentDownloader
[1] 2026-03-16 09:06:25,591 DEBUG FileCacheServiceAgentDownloader.DownloadFile => url = https://sis.n-able.com/Repository.xml, fileName = C:\ProgramData\MspPlatform\PME\ThirdPartyPatch\Downloads\Repository.xml
[1] 2026-03-16 09:06:25,591 DEBUG FileCacheServiceAgentDownloader.StartAsyncDownload => Submitting file https://sis.n-able.com/Repository.xml...
[1] 2026-03-16 09:06:25,598 DEBUG FileCacheServiceAgentDownloader.DownloadFile => Waiting for download to be finished
[5] 2026-03-16 09:06:25,616 DEBUG FileCacheServiceAgentDownloader.RetryPolicy => File info is not available yet, trying again in 5s...
[5] 2026-03-16 09:06:30,632 DEBUG FileCacheServiceAgentDownloader.RetryPolicy => File info is not available yet, trying again in 5s...
[5] 2026-03-16 09:06:35,642 DEBUG FileCacheServiceAgentDownloader.HandleDownloadResult => Cache service: update is present [https___sis.n-able.com_Repository.xml_2026031606] [https://sis.n-able.com/Repository.xml]
[5] 2026-03-16 09:06:35,642 DEBUG downloadInfoDetails: isupdatepresent = "true" || cachedLocation = "C:\ProgramData\MspPlatform\FileCacheServiceAgent\cache\https___sis.n-able.com_Repository.xml_2026031606.xml" || filename = "Repository.xml" || sizeinbytes = "5391" || checksum = "25a60542b76f290c03dc50c90f4b3afc45426567" || uuid = "https___sis.n-able.com_Repository.xml_2026031606" || url = "https://sis.n-able.com/Repository.xml" || name = "" || kbs = "" || version = "" || architecture = "" || language = "" || cacheddatetime = "2026-3-16 9:6:31 am" || downloadFailed = "false" || 
[5] 2026-03-16 09:06:35,643 DEBUG FileCacheServiceAgentDownloader.HandleDownloadResult => Downloading file (https___sis.n-able.com_Repository.xml_2026031606, C:\ProgramData\MspPlatform\FileCacheServiceAgent\cache\https___sis.n-able.com_Repository.xml_2026031606.xml, Repository.xml, 5391, C:\ProgramData\MspPlatform\PME\ThirdPartyPatch\Downloads)...
[5] 2026-03-16 09:06:35,648 DEBUG DownloadFileInBlocks Status:Complete File location [C:\ProgramData\MspPlatform\FileCacheServiceAgent\cache\https___sis.n-able.com_Repository.xml_2026031606.xml] destination [C:\ProgramData\MspPlatform\PME\ThirdPartyPatch\Downloads\Repository.xml]
[5] 2026-03-16 09:06:35,648 DEBUG Download completed successfully. 
[5] 2026-03-16 09:06:35,648 DEBUG FileCacheServiceAgentDownloader.HandleDownloadResult => File was downloaded as "C:\ProgramData\MspPlatform\PME\ThirdPartyPatch\Downloads\Repository.xml" with status "Complete"
[1] 2026-03-16 09:06:36,684 DEBUG DownloaderFactory.GetDownloader => Can connect to https://sis.n-able.com/ using FileCacheServiceAgentDownloader
[1] 2026-03-16 09:06:36,685 DEBUG FileCacheServiceAgentDownloader.DownloadFile => url = https://sis.n-able.com/Repository.xml, fileName = C:\ProgramData\MspPlatform\PME\ThirdPartyPatch\Downloads\Repository.xml
[1] 2026-03-16 09:06:36,685 DEBUG FileCacheServiceAgentDownloader.StartAsyncDownload => Submitting file https://sis.n-able.com/Repository.xml...
[1] 2026-03-16 09:06:36,692 DEBUG FileCacheServiceAgentDownloader.DownloadFile => Waiting for download to be finished
[5] 2026-03-16 09:06:36,708 DEBUG FileCacheServiceAgentDownloader.HandleDownloadResult => Cache service: update is present [https___sis.n-able.com_Repository.xml_2026031606] [https://sis.n-able.com/Repository.xml]
[5] 2026-03-16 09:06:36,708 DEBUG downloadInfoDetails: isupdatepresent = "true" || cachedLocation = "C:\ProgramData\MspPlatform\FileCacheServiceAgent\cache\https___sis.n-able.com_Repository.xml_2026031606.xml" || filename = "Repository.xml" || sizeinbytes = "5391" || checksum = "25a60542b76f290c03dc50c90f4b3afc45426567" || uuid = "https___sis.n-able.com_Repository.xml_2026031606" || url = "https://sis.n-able.com/Repository.xml" || name = "" || kbs = "" || version = "" || architecture = "" || language = "" || cacheddatetime = "2026-3-16 9:6:31 am" || downloadFailed = "false" || 
[5] 2026-03-16 09:06:36,708 DEBUG FileCacheServiceAgentDownloader.HandleDownloadResult => Downloading file (https___sis.n-able.com_Repository.xml_2026031606, C:\ProgramData\MspPlatform\FileCacheServiceAgent\cache\https___sis.n-able.com_Repository.xml_2026031606.xml, Repository.xml, 5391, C:\ProgramData\MspPlatform\PME\ThirdPartyPatch\Downloads)...
[5] 2026-03-16 09:06:36,712 DEBUG DownloadFileInBlocks Status:Complete File location [C:\ProgramData\MspPlatform\FileCacheServiceAgent\cache\https___sis.n-able.com_Repository.xml_2026031606.xml] destination [C:\ProgramData\MspPlatform\PME\ThirdPartyPatch\Downloads\Repository.xml]
[5] 2026-03-16 09:06:36,712 DEBUG Download completed successfully. 
[5] 2026-03-16 09:06:36,712 DEBUG FileCacheServiceAgentDownloader.HandleDownloadResult => File was downloaded as "C:\ProgramData\MspPlatform\PME\ThirdPartyPatch\Downloads\Repository.xml" with status "Complete"
[1] 2026-03-16 09:06:48,289 DEBUG DownloaderFactory.GetDownloader => Can connect to https://sis.n-able.com/ using FileCacheServiceAgentDownloader
[1] 2026-03-16 09:06:48,289 DEBUG FileCacheServiceAgentDownloader.DownloadFile => url = https://sis.n-able.com/Repository.xml, fileName = C:\ProgramData\MspPlatform\PME\ThirdPartyPatch\Downloads\Repository.xml
[1] 2026-03-16 09:06:48,290 DEBUG FileCacheServiceAgentDownloader.StartAsyncDownload => Submitting file https://sis.n-able.com/Repository.xml...
[1] 2026-03-16 09:06:48,296 DEBUG FileCacheServiceAgentDownloader.DownloadFile => Waiting for download to be finished
[5] 2026-03-16 09:06:48,312 DEBUG FileCacheServiceAgentDownloader.HandleDownloadResult => Cache service: update is present [https___sis.n-able.com_Repository.xml_2026031606] [https://sis.n-able.com/Repository.xml]
[5] 2026-03-16 09:06:48,312 DEBUG downloadInfoDetails: isupdatepresent = "true" || cachedLocation = "C:\ProgramData\MspPlatform\FileCacheServiceAgent\cache\https___sis.n-able.com_Repository.xml_2026031606.xml" || filename = "Repository.xml" || sizeinbytes = "5391" || checksum = "25a60542b76f290c03dc50c90f4b3afc45426567" || uuid = "https___sis.n-able.com_Repository.xml_2026031606" || url = "https://sis.n-able.com/Repository.xml" || name = "" || kbs = "" || version = "" || architecture = "" || language = "" || cacheddatetime = "2026-3-16 9:6:31 am" || downloadFailed = "false" || 
[5] 2026-03-16 09:06:48,313 DEBUG FileCacheServiceAgentDownloader.HandleDownloadResult => Downloading file (https___sis.n-able.com_Repository.xml_2026031606, C:\ProgramData\MspPlatform\FileCacheServiceAgent\cache\https___sis.n-able.com_Repository.xml_2026031606.xml, Repository.xml, 5391, C:\ProgramData\MspPlatform\PME\ThirdPartyPatch\Downloads)...
[5] 2026-03-16 09:06:48,317 DEBUG DownloadFileInBlocks Status:Complete File location [C:\ProgramData\MspPlatform\FileCacheServiceAgent\cache\https___sis.n-able.com_Repository.xml_2026031606.xml] destination [C:\ProgramData\MspPlatform\PME\ThirdPartyPatch\Downloads\Repository.xml]
[5] 2026-03-16 09:06:48,317 DEBUG Download completed successfully. 
[5] 2026-03-16 09:06:48,317 DEBUG FileCacheServiceAgentDownloader.HandleDownloadResult => File was downloaded as "C:\ProgramData\MspPlatform\PME\ThirdPartyPatch\Downloads\Repository.xml" with status "Complete"
[1] 2026-03-16 09:08:30,193 DEBUG DownloaderFactory.GetDownloader => Can connect to https://sis.n-able.com/ using FileCacheServiceAgentDownloader
[1] 2026-03-16 09:08:30,194 DEBUG FileCacheServiceAgentDownloader.DownloadFile => url = https://sis.n-able.com/Repository.xml, fileName = C:\ProgramData\MspPlatform\PME\ThirdPartyPatch\Downloads\Repository.xml
[1] 2026-03-16 09:08:30,194 DEBUG FileCacheServiceAgentDownloader.StartAsyncDownload => Submitting file https://sis.n-able.com/Repository.xml...
[1] 2026-03-16 09:08:30,202 DEBUG FileCacheServiceAgentDownloader.DownloadFile => Waiting for download to be finished
[5] 2026-03-16 09:08:30,221 DEBUG FileCacheServiceAgentDownloader.HandleDownloadResult => Cache service: update is present [https___sis.n-able.com_Repository.xml_2026031606] [https://sis.n-able.com/Repository.xml]
[5] 2026-03-16 09:08:30,221 DEBUG downloadInfoDetails: isupdatepresent = "true" || cachedLocation = "C:\ProgramData\MspPlatform\FileCacheServiceAgent\cache\https___sis.n-able.com_Repository.xml_2026031606.xml" || filename = "Repository.xml" || sizeinbytes = "5391" || checksum = "25a60542b76f290c03dc50c90f4b3afc45426567" || uuid = "https___sis.n-able.com_Repository.xml_2026031606" || url = "https://sis.n-able.com/Repository.xml" || name = "" || kbs = "" || version = "" || architecture = "" || language = "" || cacheddatetime = "2026-3-16 9:6:31 am" || downloadFailed = "false" || 
[5] 2026-03-16 09:08:30,221 DEBUG FileCacheServiceAgentDownloader.HandleDownloadResult => Downloading file (https___sis.n-able.com_Repository.xml_2026031606, C:\ProgramData\MspPlatform\FileCacheServiceAgent\cache\https___sis.n-able.com_Repository.xml_2026031606.xml, Repository.xml, 5391, C:\ProgramData\MspPlatform\PME\ThirdPartyPatch\Downloads)...
[5] 2026-03-16 09:08:30,225 DEBUG DownloadFileInBlocks Status:Complete File location [C:\ProgramData\MspPlatform\FileCacheServiceAgent\cache\https___sis.n-able.com_Repository.xml_2026031606.xml] destination [C:\ProgramData\MspPlatform\PME\ThirdPartyPatch\Downloads\Repository.xml]
[5] 2026-03-16 09:08:30,225 DEBUG Download completed successfully. 
[5] 2026-03-16 09:08:30,225 DEBUG FileCacheServiceAgentDownloader.HandleDownloadResult => File was downloaded as "C:\ProgramData\MspPlatform\PME\ThirdPartyPatch\Downloads\Repository.xml" with status "Complete"
[1] 2026-03-16 09:08:30,904 DEBUG DownloaderFactory.GetDownloader => Can connect to https://sis.n-able.com/ using FileCacheServiceAgentDownloader
[1] 2026-03-16 09:08:30,905 DEBUG FileCacheServiceAgentDownloader.DownloadFile => url = https://sis.n-able.com/Repository.xml, fileName = C:\ProgramData\MspPlatform\PME\ThirdPartyPatch\Downloads\Repository.xml
[1] 2026-03-16 09:08:30,905 DEBUG FileCacheServiceAgentDownloader.StartAsyncDownload => Submitting file https://sis.n-able.com/Repository.xml...
[1] 2026-03-16 09:08:30,911 DEBUG FileCacheServiceAgentDownloader.DownloadFile => Waiting for download to be finished
[5] 2026-03-16 09:08:30,929 DEBUG FileCacheServiceAgentDownloader.HandleDownloadResult => Cache service: update is present [https___sis.n-able.com_Repository.xml_2026031606] [https://sis.n-able.com/Repository.xml]
[5] 2026-03-16 09:08:30,929 DEBUG downloadInfoDetails: isupdatepresent = "true" || cachedLocation = "C:\ProgramData\MspPlatform\FileCacheServiceAgent\cache\https___sis.n-able.com_Repository.xml_2026031606.xml" || filename = "Repository.xml" || sizeinbytes = "5391" || checksum = "25a60542b76f290c03dc50c90f4b3afc45426567" || uuid = "https___sis.n-able.com_Repository.xml_2026031606" || url = "https://sis.n-able.com/Repository.xml" || name = "" || kbs = "" || version = "" || architecture = "" || language = "" || cacheddatetime = "2026-3-16 9:6:31 am" || downloadFailed = "false" || 
[5] 2026-03-16 09:08:30,929 DEBUG FileCacheServiceAgentDownloader.HandleDownloadResult => Downloading file (https___sis.n-able.com_Repository.xml_2026031606, C:\ProgramData\MspPlatform\FileCacheServiceAgent\cache\https___sis.n-able.com_Repository.xml_2026031606.xml, Repository.xml, 5391, C:\ProgramData\MspPlatform\PME\ThirdPartyPatch\Downloads)...
[5] 2026-03-16 09:08:30,933 DEBUG DownloadFileInBlocks Status:Complete File location [C:\ProgramData\MspPlatform\FileCacheServiceAgent\cache\https___sis.n-able.com_Repository.xml_2026031606.xml] destination [C:\ProgramData\MspPlatform\PME\ThirdPartyPatch\Downloads\Repository.xml]
[5] 2026-03-16 09:08:30,933 DEBUG Download completed successfully. 
[5] 2026-03-16 09:08:30,933 DEBUG FileCacheServiceAgentDownloader.HandleDownloadResult => File was downloaded as "C:\ProgramData\MspPlatform\PME\ThirdPartyPatch\Downloads\Repository.xml" with status "Complete"
[1] 2026-03-16 11:01:37,358 DEBUG DownloaderFactory.GetDownloader => Can connect to https://sis.n-able.com/ using FileCacheServiceAgentDownloader
[1] 2026-03-16 11:01:37,359 DEBUG FileCacheServiceAgentDownloader.DownloadFile => url = https://sis.n-able.com/Repository.xml, fileName = C:\ProgramData\MspPlatform\PME\ThirdPartyPatch\Downloads\Repository.xml
[1] 2026-03-16 11:01:37,360 DEBUG FileCacheServiceAgentDownloader.StartAsyncDownload => Submitting file https://sis.n-able.com/Repository.xml...
[1] 2026-03-16 11:01:37,367 DEBUG FileCacheServiceAgentDownloader.DownloadFile => Waiting for download to be finished
[5] 2026-03-16 11:01:37,385 DEBUG FileCacheServiceAgentDownloader.HandleDownloadResult => Cache service: update is present [https___sis.n-able.com_Repository.xml_2026031606] [https://sis.n-able.com/Repository.xml]
[5] 2026-03-16 11:01:37,385 DEBUG downloadInfoDetails: isupdatepresent = "true" || cachedLocation = "C:\ProgramData\MspPlatform\FileCacheServiceAgent\cache\https___sis.n-able.com_Repository.xml_2026031606.xml" || filename = "Repository.xml" || sizeinbytes = "5391" || checksum = "25a60542b76f290c03dc50c90f4b3afc45426567" || uuid = "https___sis.n-able.com_Repository.xml_2026031606" || url = "https://sis.n-able.com/Repository.xml" || name = "" || kbs = "" || version = "" || architecture = "" || language = "" || cacheddatetime = "2026-3-16 9:6:31 am" || downloadFailed = "false" || 
[5] 2026-03-16 11:01:37,385 DEBUG FileCacheServiceAgentDownloader.HandleDownloadResult => Downloading file (https___sis.n-able.com_Repository.xml_2026031606, C:\ProgramData\MspPlatform\FileCacheServiceAgent\cache\https___sis.n-able.com_Repository.xml_2026031606.xml, Repository.xml, 5391, C:\ProgramData\MspPlatform\PME\ThirdPartyPatch\Downloads)...
[5] 2026-03-16 11:01:37,390 DEBUG DownloadFileInBlocks Status:Complete File location [C:\ProgramData\MspPlatform\FileCacheServiceAgent\cache\https___sis.n-able.com_Repository.xml_2026031606.xml] destination [C:\ProgramData\MspPlatform\PME\ThirdPartyPatch\Downloads\Repository.xml]
[5] 2026-03-16 11:01:37,391 DEBUG Download completed successfully. 
[5] 2026-03-16 11:01:37,391 DEBUG FileCacheServiceAgentDownloader.HandleDownloadResult => File was downloaded as "C:\ProgramData\MspPlatform\PME\ThirdPartyPatch\Downloads\Repository.xml" with status "Complete"
[1] 2026-03-16 11:01:38,073 DEBUG DownloaderFactory.GetDownloader => Can connect to https://sis.n-able.com/ using FileCacheServiceAgentDownloader
[1] 2026-03-16 11:01:38,074 DEBUG FileCacheServiceAgentDownloader.DownloadFile => url = https://sis.n-able.com/Repository.xml, fileName = C:\ProgramData\MspPlatform\PME\ThirdPartyPatch\Downloads\Repository.xml
[1] 2026-03-16 11:01:38,074 DEBUG FileCacheServiceAgentDownloader.StartAsyncDownload => Submitting file https://sis.n-able.com/Repository.xml...
[1] 2026-03-16 11:01:38,081 DEBUG FileCacheServiceAgentDownloader.DownloadFile => Waiting for download to be finished
[5] 2026-03-16 11:01:38,101 DEBUG FileCacheServiceAgentDownloader.HandleDownloadResult => Cache service: update is present [https___sis.n-able.com_Repository.xml_2026031606] [https://sis.n-able.com/Repository.xml]
[5] 2026-03-16 11:01:38,102 DEBUG downloadInfoDetails: isupdatepresent = "true" || cachedLocation = "C:\ProgramData\MspPlatform\FileCacheServiceAgent\cache\https___sis.n-able.com_Repository.xml_2026031606.xml" || filename = "Repository.xml" || sizeinbytes = "5391" || checksum = "25a60542b76f290c03dc50c90f4b3afc45426567" || uuid = "https___sis.n-able.com_Repository.xml_2026031606" || url = "https://sis.n-able.com/Repository.xml" || name = "" || kbs = "" || version = "" || architecture = "" || language = "" || cacheddatetime = "2026-3-16 9:6:31 am" || downloadFailed = "false" || 
[5] 2026-03-16 11:01:38,102 DEBUG FileCacheServiceAgentDownloader.HandleDownloadResult => Downloading file (https___sis.n-able.com_Repository.xml_2026031606, C:\ProgramData\MspPlatform\FileCacheServiceAgent\cache\https___sis.n-able.com_Repository.xml_2026031606.xml, Repository.xml, 5391, C:\ProgramData\MspPlatform\PME\ThirdPartyPatch\Downloads)...
[5] 2026-03-16 11:01:38,106 DEBUG DownloadFileInBlocks Status:Complete File location [C:\ProgramData\MspPlatform\FileCacheServiceAgent\cache\https___sis.n-able.com_Repository.xml_2026031606.xml] destination [C:\ProgramData\MspPlatform\PME\ThirdPartyPatch\Downloads\Repository.xml]
[5] 2026-03-16 11:01:38,106 DEBUG Download completed successfully. 
[5] 2026-03-16 11:01:38,107 DEBUG FileCacheServiceAgentDownloader.HandleDownloadResult => File was downloaded as "C:\ProgramData\MspPlatform\PME\ThirdPartyPatch\Downloads\Repository.xml" with status "Complete"
[1] 2026-03-17 09:09:07,922 DEBUG DownloaderFactory.GetDownloader => Can connect to https://sis.n-able.com/ using FileCacheServiceAgentDownloader
[1] 2026-03-17 09:09:07,924 DEBUG FileCacheServiceAgentDownloader.DownloadFile => url = https://sis.n-able.com/Repository.xml, fileName = C:\ProgramData\MspPlatform\PME\ThirdPartyPatch\Downloads\Repository.xml
[1] 2026-03-17 09:09:07,926 DEBUG FileCacheServiceAgentDownloader.StartAsyncDownload => Submitting file https://sis.n-able.com/Repository.xml...
[1] 2026-03-17 09:09:07,944 DEBUG FileCacheServiceAgentDownloader.DownloadFile => Waiting for download to be finished
[5] 2026-03-17 09:09:07,997 DEBUG FileCacheServiceAgentDownloader.RetryPolicy => File info is not available yet, trying again in 5s...
[5] 2026-03-17 09:09:13,014 DEBUG FileCacheServiceAgentDownloader.RetryPolicy => File info is not available yet, trying again in 5s...
[5] 2026-03-17 09:09:18,029 DEBUG FileCacheServiceAgentDownloader.HandleDownloadResult => Cache service: update is present [https___sis.n-able.com_Repository.xml_2026031706] [https://sis.n-able.com/Repository.xml]
[5] 2026-03-17 09:09:18,030 DEBUG downloadInfoDetails: isupdatepresent = "true" || cachedLocation = "C:\ProgramData\MspPlatform\FileCacheServiceAgent\cache\https___sis.n-able.com_Repository.xml_2026031706.xml" || filename = "Repository.xml" || sizeinbytes = "5391" || checksum = "7eac433250b13b7f68689a7fc71905e077067461" || uuid = "https___sis.n-able.com_Repository.xml_2026031706" || url = "https://sis.n-able.com/Repository.xml" || name = "" || kbs = "" || version = "" || architecture = "" || language = "" || cacheddatetime = "2026-3-17 9:9:13 am" || downloadFailed = "false" || 
[5] 2026-03-17 09:09:18,031 DEBUG FileCacheServiceAgentDownloader.HandleDownloadResult => Downloading file (https___sis.n-able.com_Repository.xml_2026031706, C:\ProgramData\MspPlatform\FileCacheServiceAgent\cache\https___sis.n-able.com_Repository.xml_2026031706.xml, Repository.xml, 5391, C:\ProgramData\MspPlatform\PME\ThirdPartyPatch\Downloads)...
[5] 2026-03-17 09:09:18,045 DEBUG DownloadFileInBlocks Status:Complete File location [C:\ProgramData\MspPlatform\FileCacheServiceAgent\cache\https___sis.n-able.com_Repository.xml_2026031706.xml] destination [C:\ProgramData\MspPlatform\PME\ThirdPartyPatch\Downloads\Repository.xml]
[5] 2026-03-17 09:09:18,046 DEBUG Download completed successfully. 
[5] 2026-03-17 09:09:18,047 DEBUG FileCacheServiceAgentDownloader.HandleDownloadResult => File was downloaded as "C:\ProgramData\MspPlatform\PME\ThirdPartyPatch\Downloads\Repository.xml" with status "Complete"
[1] 2026-03-17 09:09:18,074 DEBUG DownloaderFactory.GetDownloader => Can connect to https://sis.n-able.com/ using FileCacheServiceAgentDownloader
[1] 2026-03-17 09:09:18,075 DEBUG FileCacheServiceAgentDownloader.DownloadFile => url = https://sis.n-able.com/3rdPartySw/ThirdPartySoftware.xml, fileName = C:\ProgramData\MspPlatform\PME\ThirdPartyPatch\Downloads\ThirdPartySoftware.xml
[1] 2026-03-17 09:09:18,076 DEBUG FileCacheServiceAgentDownloader.StartAsyncDownload => Submitting file https://sis.n-able.com/3rdPartySw/ThirdPartySoftware.xml...
[1] 2026-03-17 09:09:18,077 DEBUG FileCacheServiceAgentDownloader.DownloadFile => Waiting for download to be finished
[6] 2026-03-17 09:09:18,079 DEBUG FileCacheServiceAgentDownloader.RetryPolicy => File info is not available yet, trying again in 5s...
[6] 2026-03-17 09:09:23,089 DEBUG FileCacheServiceAgentDownloader.RetryPolicy => File info is not available yet, trying again in 5s...
[6] 2026-03-17 09:09:34,759 DEBUG FileCacheServiceAgentDownloader.HandleDownloadResult => Cache service: update is present [https___sis.n-able.com_3rdPartySw_ThirdPartySoftware.xml_2026031706] [https://sis.n-able.com/3rdPartySw/ThirdPartySoftware.xml]
[6] 2026-03-17 09:09:34,760 DEBUG downloadInfoDetails: isupdatepresent = "true" || cachedLocation = "C:\ProgramData\MspPlatform\FileCacheServiceAgent\cache\https___sis.n-able.com_3rdPartySw_ThirdPartySoftware.xml_2026031706.xml" || filename = "ThirdPartySoftware.xml" || sizeinbytes = "114857" || checksum = "be681155b9db8ffd5bc5a29727ac35bdc182f75d" || uuid = "https___sis.n-able.com_3rdPartySw_ThirdPartySoftware.xml_2026031706" || url = "https://sis.n-able.com/3rdPartySw/ThirdPartySoftware.xml" || name = "" || kbs = "" || version = "" || architecture = "" || language = "" || cacheddatetime = "2026-3-17 9:9:23 am" || downloadFailed = "false" || 
[6] 2026-03-17 09:09:34,760 DEBUG FileCacheServiceAgentDownloader.HandleDownloadResult => Downloading file (https___sis.n-able.com_3rdPartySw_ThirdPartySoftware.xml_2026031706, C:\ProgramData\MspPlatform\FileCacheServiceAgent\cache\https___sis.n-able.com_3rdPartySw_ThirdPartySoftware.xml_2026031706.xml, ThirdPartySoftware.xml, 114857, C:\ProgramData\MspPlatform\PME\ThirdPartyPatch\Downloads)...
[6] 2026-03-17 09:09:34,764 DEBUG DownloadFileInBlocks Status:Complete File location [C:\ProgramData\MspPlatform\FileCacheServiceAgent\cache\https___sis.n-able.com_3rdPartySw_ThirdPartySoftware.xml_2026031706.xml] destination [C:\ProgramData\MspPlatform\PME\ThirdPartyPatch\Downloads\ThirdPartySoftware.xml]
[6] 2026-03-17 09:09:34,765 DEBUG Download completed successfully. 
[6] 2026-03-17 09:09:34,766 DEBUG FileCacheServiceAgentDownloader.HandleDownloadResult => File was downloaded as "C:\ProgramData\MspPlatform\PME\ThirdPartyPatch\Downloads\ThirdPartySoftware.xml" with status "Complete"
[1] 2026-03-17 09:09:36,097 DEBUG DownloaderFactory.GetDownloader => Can connect to https://sis.n-able.com/ using FileCacheServiceAgentDownloader
[1] 2026-03-17 09:09:36,098 DEBUG FileCacheServiceAgentDownloader.DownloadFile => url = https://sis.n-able.com/3rdPartySw/OS/WIN/Applications/Microsoft/OneDrive.zip, fileName = C:\ProgramData\MspPlatform\PME\ThirdPartyPatch\Downloads\OneDrive.zip
[1] 2026-03-17 09:09:36,099 DEBUG FileCacheServiceAgentDownloader.StartAsyncDownload => Submitting file https://sis.n-able.com/3rdPartySw/OS/WIN/Applications/Microsoft/OneDrive.zip...
[1] 2026-03-17 09:09:36,100 DEBUG FileCacheServiceAgentDownloader.DownloadFile => Waiting for download to be finished
[5] 2026-03-17 09:09:36,103 DEBUG FileCacheServiceAgentDownloader.RetryPolicy => File info is not available yet, trying again in 5s...
[5] 2026-03-17 09:09:41,110 DEBUG FileCacheServiceAgentDownloader.RetryPolicy => File info is not available yet, trying again in 5s...
[5] 2026-03-17 09:09:46,120 DEBUG FileCacheServiceAgentDownloader.HandleDownloadResult => Cache service: update is present [https___sis.n-able.com_3rdPartySw_OS_WIN_Applications_Microsoft_OneDrive.zip_2026031706] [https://sis.n-able.com/3rdPartySw/OS/WIN/Applications/Microsoft/OneDrive.zip]
[5] 2026-03-17 09:09:46,121 DEBUG downloadInfoDetails: isupdatepresent = "true" || cachedLocation = "C:\ProgramData\MspPlatform\FileCacheServiceAgent\cache\https___sis.n-able.com_3rdPartySw_OS_WIN_Applications_Microsoft_OneDrive.zip_2026031706.zip" || filename = "OneDrive.zip" || sizeinbytes = "32324" || checksum = "b986196a5221b5e43ef20769a0b811daed11cf72" || uuid = "https___sis.n-able.com_3rdPartySw_OS_WIN_Applications_Microsoft_OneDrive.zip_2026031706" || url = "https://sis.n-able.com/3rdPartySw/OS/WIN/Applications/Microsoft/OneDrive.zip" || name = "" || kbs = "" || version = "" || architecture = "" || language = "" || cacheddatetime = "2026-3-17 9:9:41 am" || downloadFailed = "false" || 
[5] 2026-03-17 09:09:46,122 DEBUG FileCacheServiceAgentDownloader.HandleDownloadResult => Downloading file (https___sis.n-able.com_3rdPartySw_OS_WIN_Applications_Microsoft_OneDrive.zip_2026031706, C:\ProgramData\MspPlatform\FileCacheServiceAgent\cache\https___sis.n-able.com_3rdPartySw_OS_WIN_Applications_Microsoft_OneDrive.zip_2026031706.zip, OneDrive.zip, 32324, C:\ProgramData\MspPlatform\PME\ThirdPartyPatch\Downloads)...
[5] 2026-03-17 09:09:46,126 DEBUG DownloadFileInBlocks Status:Complete File location [C:\ProgramData\MspPlatform\FileCacheServiceAgent\cache\https___sis.n-able.com_3rdPartySw_OS_WIN_Applications_Microsoft_OneDrive.zip_2026031706.zip] destination [C:\ProgramData\MspPlatform\PME\ThirdPartyPatch\Downloads\OneDrive.zip]
[5] 2026-03-17 09:09:46,127 DEBUG Download completed successfully. 
[5] 2026-03-17 09:09:46,127 DEBUG FileCacheServiceAgentDownloader.HandleDownloadResult => File was downloaded as "C:\ProgramData\MspPlatform\PME\ThirdPartyPatch\Downloads\OneDrive.zip" with status "Complete"
[1] 2026-03-17 09:09:46,308 DEBUG DownloaderFactory.GetDownloader => Can connect to https://sis.n-able.com/ using FileCacheServiceAgentDownloader
[1] 2026-03-17 09:09:46,309 DEBUG FileCacheServiceAgentDownloader.DownloadFile => url = https://sis.n-able.com/3rdPartySw/OS/WIN/Applications/Google/Google Drive.zip, fileName = C:\ProgramData\MspPlatform\PME\ThirdPartyPatch\Downloads\Google Drive.zip
[1] 2026-03-17 09:09:46,309 DEBUG FileCacheServiceAgentDownloader.StartAsyncDownload => Submitting file https://sis.n-able.com/3rdPartySw/OS/WIN/Applications/Google/Google Drive.zip...
[1] 2026-03-17 09:09:46,311 DEBUG FileCacheServiceAgentDownloader.DownloadFile => Waiting for download to be finished
[6] 2026-03-17 09:09:46,313 DEBUG FileCacheServiceAgentDownloader.RetryPolicy => File info is not available yet, trying again in 5s...
[6] 2026-03-17 09:09:51,331 DEBUG FileCacheServiceAgentDownloader.RetryPolicy => File info is not available yet, trying again in 5s...
[6] 2026-03-17 09:09:56,339 DEBUG FileCacheServiceAgentDownloader.HandleDownloadResult => Cache service: update is present [https___sis.n-able.com_3rdPartySw_OS_WIN_Applications_Google_Google Drive.zip_2026031706] [https://sis.n-able.com/3rdPartySw/OS/WIN/Applications/Google/Google Drive.zip]
[6] 2026-03-17 09:09:56,340 DEBUG downloadInfoDetails: isupdatepresent = "true" || cachedLocation = "C:\ProgramData\MspPlatform\FileCacheServiceAgent\cache\https___sis.n-able.com_3rdPartySw_OS_WIN_Applications_Google_Google Drive.zip_2026031706.zip" || filename = "Google Drive.zip" || sizeinbytes = "27612" || checksum = "b0ab36ca62742bbbe75dd93777de41698be9eeb1" || uuid = "https___sis.n-able.com_3rdPartySw_OS_WIN_Applications_Google_Google Drive.zip_2026031706" || url = "https://sis.n-able.com/3rdPartySw/OS/WIN/Applications/Google/Google Drive.zip" || name = "" || kbs = "" || version = "" || architecture = "" || language = "" || cacheddatetime = "2026-3-17 9:9:51 am" || downloadFailed = "false" || 
[6] 2026-03-17 09:09:56,341 DEBUG FileCacheServiceAgentDownloader.HandleDownloadResult => Downloading file (https___sis.n-able.com_3rdPartySw_OS_WIN_Applications_Google_Google Drive.zip_2026031706, C:\ProgramData\MspPlatform\FileCacheServiceAgent\cache\https___sis.n-able.com_3rdPartySw_OS_WIN_Applications_Google_Google Drive.zip_2026031706.zip, Google Drive.zip, 27612, C:\ProgramData\MspPlatform\PME\ThirdPartyPatch\Downloads)...
[6] 2026-03-17 09:09:56,344 DEBUG DownloadFileInBlocks Status:Complete File location [C:\ProgramData\MspPlatform\FileCacheServiceAgent\cache\https___sis.n-able.com_3rdPartySw_OS_WIN_Applications_Google_Google Drive.zip_2026031706.zip] destination [C:\ProgramData\MspPlatform\PME\ThirdPartyPatch\Downloads\Google Drive.zip]
[6] 2026-03-17 09:09:56,344 DEBUG Download completed successfully. 
[6] 2026-03-17 09:09:56,345 DEBUG FileCacheServiceAgentDownloader.HandleDownloadResult => File was downloaded as "C:\ProgramData\MspPlatform\PME\ThirdPartyPatch\Downloads\Google Drive.zip" with status "Complete"
[1] 2026-03-17 09:09:56,434 DEBUG DownloaderFactory.GetDownloader => Can connect to https://sis.n-able.com/ using FileCacheServiceAgentDownloader
[1] 2026-03-17 09:09:56,435 DEBUG FileCacheServiceAgentDownloader.DownloadFile => url = https://sis.n-able.com/3rdPartySw/Vendors.xml, fileName = C:\ProgramData\MspPlatform\PME\ThirdPartyPatch\Downloads\Vendors.xml
[1] 2026-03-17 09:09:56,435 DEBUG FileCacheServiceAgentDownloader.StartAsyncDownload => Submitting file https://sis.n-able.com/3rdPartySw/Vendors.xml...
[1] 2026-03-17 09:09:56,437 DEBUG FileCacheServiceAgentDownloader.DownloadFile => Waiting for download to be finished
[5] 2026-03-17 09:09:56,439 DEBUG FileCacheServiceAgentDownloader.RetryPolicy => File info is not available yet, trying again in 5s...
[5] 2026-03-17 09:10:06,983 DEBUG FileCacheServiceAgentDownloader.RetryPolicy => File info is not available yet, trying again in 5s...
[5] 2026-03-17 09:10:11,995 DEBUG FileCacheServiceAgentDownloader.HandleDownloadResult => Cache service: update is present [https___sis.n-able.com_3rdPartySw_Vendors.xml_2026031706] [https://sis.n-able.com/3rdPartySw/Vendors.xml]
[5] 2026-03-17 09:10:11,996 DEBUG downloadInfoDetails: isupdatepresent = "true" || cachedLocation = "C:\ProgramData\MspPlatform\FileCacheServiceAgent\cache\https___sis.n-able.com_3rdPartySw_Vendors.xml_2026031706.xml" || filename = "Vendors.xml" || sizeinbytes = "4135" || checksum = "8de80a3dfbbe1d2386f740986f5044d05c426928" || uuid = "https___sis.n-able.com_3rdPartySw_Vendors.xml_2026031706" || url = "https://sis.n-able.com/3rdPartySw/Vendors.xml" || name = "" || kbs = "" || version = "" || architecture = "" || language = "" || cacheddatetime = "2026-3-17 9:10:7 am" || downloadFailed = "false" || 
[5] 2026-03-17 09:10:11,996 DEBUG FileCacheServiceAgentDownloader.HandleDownloadResult => Downloading file (https___sis.n-able.com_3rdPartySw_Vendors.xml_2026031706, C:\ProgramData\MspPlatform\FileCacheServiceAgent\cache\https___sis.n-able.com_3rdPartySw_Vendors.xml_2026031706.xml, Vendors.xml, 4135, C:\ProgramData\MspPlatform\PME\ThirdPartyPatch\Downloads)...
[5] 2026-03-17 09:10:11,999 DEBUG DownloadFileInBlocks Status:Complete File location [C:\ProgramData\MspPlatform\FileCacheServiceAgent\cache\https___sis.n-able.com_3rdPartySw_Vendors.xml_2026031706.xml] destination [C:\ProgramData\MspPlatform\PME\ThirdPartyPatch\Downloads\Vendors.xml]
[5] 2026-03-17 09:10:12,000 DEBUG Download completed successfully. 
[5] 2026-03-17 09:10:12,000 DEBUG FileCacheServiceAgentDownloader.HandleDownloadResult => File was downloaded as "C:\ProgramData\MspPlatform\PME\ThirdPartyPatch\Downloads\Vendors.xml" with status "Complete"
[1] 2026-03-17 09:10:12,402 DEBUG DownloaderFactory.GetDownloader => Can connect to https://sis.n-able.com/ using FileCacheServiceAgentDownloader
[1] 2026-03-17 09:10:12,403 DEBUG FileCacheServiceAgentDownloader.DownloadFile => url = https://sis.n-able.com/Repository.xml, fileName = C:\ProgramData\MspPlatform\PME\ThirdPartyPatch\Downloads\Repository.xml
[1] 2026-03-17 09:10:12,405 DEBUG FileCacheServiceAgentDownloader.StartAsyncDownload => Submitting file https://sis.n-able.com/Repository.xml...
[1] 2026-03-17 09:10:12,421 DEBUG FileCacheServiceAgentDownloader.DownloadFile => Waiting for download to be finished
[5] 2026-03-17 09:10:12,471 DEBUG FileCacheServiceAgentDownloader.HandleDownloadResult => Cache service: update is present [https___sis.n-able.com_Repository.xml_2026031706] [https://sis.n-able.com/Repository.xml]
[5] 2026-03-17 09:10:12,472 DEBUG downloadInfoDetails: isupdatepresent = "true" || cachedLocation = "C:\ProgramData\MspPlatform\FileCacheServiceAgent\cache\https___sis.n-able.com_Repository.xml_2026031706.xml" || filename = "Repository.xml" || sizeinbytes = "5391" || checksum = "7eac433250b13b7f68689a7fc71905e077067461" || uuid = "https___sis.n-able.com_Repository.xml_2026031706" || url = "https://sis.n-able.com/Repository.xml" || name = "" || kbs = "" || version = "" || architecture = "" || language = "" || cacheddatetime = "2026-3-17 9:9:13 am" || downloadFailed = "false" || 
[5] 2026-03-17 09:10:12,472 DEBUG FileCacheServiceAgentDownloader.HandleDownloadResult => Downloading file (https___sis.n-able.com_Repository.xml_2026031706, C:\ProgramData\MspPlatform\FileCacheServiceAgent\cache\https___sis.n-able.com_Repository.xml_2026031706.xml, Repository.xml, 5391, C:\ProgramData\MspPlatform\PME\ThirdPartyPatch\Downloads)...
[5] 2026-03-17 09:10:12,483 DEBUG DownloadFileInBlocks Status:Complete File location [C:\ProgramData\MspPlatform\FileCacheServiceAgent\cache\https___sis.n-able.com_Repository.xml_2026031706.xml] destination [C:\ProgramData\MspPlatform\PME\ThirdPartyPatch\Downloads\Repository.xml]
[5] 2026-03-17 09:10:12,484 DEBUG Download completed successfully. 
[5] 2026-03-17 09:10:12,484 DEBUG FileCacheServiceAgentDownloader.HandleDownloadResult => File was downloaded as "C:\ProgramData\MspPlatform\PME\ThirdPartyPatch\Downloads\Repository.xml" with status "Complete"
[1] 2026-03-17 09:10:13,416 DEBUG DownloaderFactory.GetDownloader => Can connect to https://sis.n-able.com/ using FileCacheServiceAgentDownloader
[1] 2026-03-17 09:10:13,418 DEBUG FileCacheServiceAgentDownloader.DownloadFile => url = https://sis.n-able.com/3rdPartySw/OS/WIN/Applications/Google/Chrome.zip, fileName = C:\ProgramData\MspPlatform\PME\ThirdPartyPatch\Downloads\Chrome.zip
[1] 2026-03-17 09:10:13,418 DEBUG FileCacheServiceAgentDownloader.StartAsyncDownload => Submitting file https://sis.n-able.com/3rdPartySw/OS/WIN/Applications/Google/Chrome.zip...
[1] 2026-03-17 09:10:13,419 DEBUG FileCacheServiceAgentDownloader.DownloadFile => Waiting for download to be finished
[5] 2026-03-17 09:10:13,423 DEBUG FileCacheServiceAgentDownloader.RetryPolicy => File info is not available yet, trying again in 5s...
[5] 2026-03-17 09:10:18,435 DEBUG FileCacheServiceAgentDownloader.RetryPolicy => File info is not available yet, trying again in 5s...
[5] 2026-03-17 09:10:23,440 DEBUG FileCacheServiceAgentDownloader.HandleDownloadResult => Cache service: update is present [https___sis.n-able.com_3rdPartySw_OS_WIN_Applications_Google_Chrome.zip_2026031706] [https://sis.n-able.com/3rdPartySw/OS/WIN/Applications/Google/Chrome.zip]
[5] 2026-03-17 09:10:23,441 DEBUG downloadInfoDetails: isupdatepresent = "true" || cachedLocation = "C:\ProgramData\MspPlatform\FileCacheServiceAgent\cache\https___sis.n-able.com_3rdPartySw_OS_WIN_Applications_Google_Chrome.zip_2026031706.zip" || filename = "Chrome.zip" || sizeinbytes = "15945" || checksum = "17fa4fa8f7f18ea1968a8f88b6e3b7261ac14c1b" || uuid = "https___sis.n-able.com_3rdPartySw_OS_WIN_Applications_Google_Chrome.zip_2026031706" || url = "https://sis.n-able.com/3rdPartySw/OS/WIN/Applications/Google/Chrome.zip" || name = "" || kbs = "" || version = "" || architecture = "" || language = "" || cacheddatetime = "2026-3-17 9:10:18 am" || downloadFailed = "false" || 
[5] 2026-03-17 09:10:23,441 DEBUG FileCacheServiceAgentDownloader.HandleDownloadResult => Downloading file (https___sis.n-able.com_3rdPartySw_OS_WIN_Applications_Google_Chrome.zip_2026031706, C:\ProgramData\MspPlatform\FileCacheServiceAgent\cache\https___sis.n-able.com_3rdPartySw_OS_WIN_Applications_Google_Chrome.zip_2026031706.zip, Chrome.zip, 15945, C:\ProgramData\MspPlatform\PME\ThirdPartyPatch\Downloads)...
[5] 2026-03-17 09:10:23,445 DEBUG DownloadFileInBlocks Status:Complete File location [C:\ProgramData\MspPlatform\FileCacheServiceAgent\cache\https___sis.n-able.com_3rdPartySw_OS_WIN_Applications_Google_Chrome.zip_2026031706.zip] destination [C:\ProgramData\MspPlatform\PME\ThirdPartyPatch\Downloads\Chrome.zip]
[5] 2026-03-17 09:10:23,445 DEBUG Download completed successfully. 
[5] 2026-03-17 09:10:23,446 DEBUG FileCacheServiceAgentDownloader.HandleDownloadResult => File was downloaded as "C:\ProgramData\MspPlatform\PME\ThirdPartyPatch\Downloads\Chrome.zip" with status "Complete"
[1] 2026-03-17 09:10:23,577 DEBUG DownloaderFactory.GetDownloader => Can connect to https://sis.n-able.com/ using FileCacheServiceAgentDownloader
[1] 2026-03-17 09:10:23,577 DEBUG FileCacheServiceAgentDownloader.DownloadFile => url = https://sis.n-able.com/3rdPartySw/OS/WIN/Applications/Microsoft/Microsoft Edge.zip, fileName = C:\ProgramData\MspPlatform\PME\ThirdPartyPatch\Downloads\Microsoft Edge.zip
[1] 2026-03-17 09:10:23,578 DEBUG FileCacheServiceAgentDownloader.StartAsyncDownload => Submitting file https://sis.n-able.com/3rdPartySw/OS/WIN/Applications/Microsoft/Microsoft Edge.zip...
[1] 2026-03-17 09:10:23,579 DEBUG FileCacheServiceAgentDownloader.DownloadFile => Waiting for download to be finished
[6] 2026-03-17 09:10:23,581 DEBUG FileCacheServiceAgentDownloader.RetryPolicy => File info is not available yet, trying again in 5s...
[6] 2026-03-17 09:10:28,592 DEBUG FileCacheServiceAgentDownloader.RetryPolicy => File info is not available yet, trying again in 5s...
[6] 2026-03-17 09:10:33,594 DEBUG FileCacheServiceAgentDownloader.HandleDownloadResult => Cache service: update is present [https___sis.n-able.com_3rdPartySw_OS_WIN_Applications_Microsoft_Microsoft Edge.zip_2026031706] [https://sis.n-able.com/3rdPartySw/OS/WIN/Applications/Microsoft/Microsoft Edge.zip]
[6] 2026-03-17 09:10:33,595 DEBUG downloadInfoDetails: isupdatepresent = "true" || cachedLocation = "C:\ProgramData\MspPlatform\FileCacheServiceAgent\cache\https___sis.n-able.com_3rdPartySw_OS_WIN_Applications_Microsoft_Microsoft Edge.zip_2026031706.zip" || filename = "Microsoft Edge.zip" || sizeinbytes = "9116" || checksum = "21419268aad63b7f686879794c952b81cc936508" || uuid = "https___sis.n-able.com_3rdPartySw_OS_WIN_Applications_Microsoft_Microsoft Edge.zip_2026031706" || url = "https://sis.n-able.com/3rdPartySw/OS/WIN/Applications/Microsoft/Microsoft Edge.zip" || name = "" || kbs = "" || version = "" || architecture = "" || language = "" || cacheddatetime = "2026-3-17 9:10:28 am" || downloadFailed = "false" || 
[6] 2026-03-17 09:10:33,596 DEBUG FileCacheServiceAgentDownloader.HandleDownloadResult => Downloading file (https___sis.n-able.com_3rdPartySw_OS_WIN_Applications_Microsoft_Microsoft Edge.zip_2026031706, C:\ProgramData\MspPlatform\FileCacheServiceAgent\cache\https___sis.n-able.com_3rdPartySw_OS_WIN_Applications_Microsoft_Microsoft Edge.zip_2026031706.zip, Microsoft Edge.zip, 9116, C:\ProgramData\MspPlatform\PME\ThirdPartyPatch\Downloads)...
[6] 2026-03-17 09:10:33,599 DEBUG DownloadFileInBlocks Status:Complete File location [C:\ProgramData\MspPlatform\FileCacheServiceAgent\cache\https___sis.n-able.com_3rdPartySw_OS_WIN_Applications_Microsoft_Microsoft Edge.zip_2026031706.zip] destination [C:\ProgramData\MspPlatform\PME\ThirdPartyPatch\Downloads\Microsoft Edge.zip]
[6] 2026-03-17 09:10:33,599 DEBUG Download completed successfully. 
[6] 2026-03-17 09:10:33,600 DEBUG FileCacheServiceAgentDownloader.HandleDownloadResult => File was downloaded as "C:\ProgramData\MspPlatform\PME\ThirdPartyPatch\Downloads\Microsoft Edge.zip" with status "Complete"
[1] 2026-03-17 09:26:59,074 DEBUG DownloaderFactory.GetDownloader => Can connect to https://sis.n-able.com/ using FileCacheServiceAgentDownloader
[1] 2026-03-17 09:26:59,075 DEBUG FileCacheServiceAgentDownloader.DownloadFile => url = https://sis.n-able.com/Repository.xml, fileName = C:\ProgramData\MspPlatform\PME\ThirdPartyPatch\Downloads\Repository.xml
[1] 2026-03-17 09:26:59,076 DEBUG FileCacheServiceAgentDownloader.StartAsyncDownload => Submitting file https://sis.n-able.com/Repository.xml...
[1] 2026-03-17 09:26:59,093 DEBUG FileCacheServiceAgentDownloader.DownloadFile => Waiting for download to be finished
[5] 2026-03-17 09:26:59,139 DEBUG FileCacheServiceAgentDownloader.HandleDownloadResult => Cache service: update is present [https___sis.n-able.com_Repository.xml_2026031706] [https://sis.n-able.com/Repository.xml]
[5] 2026-03-17 09:26:59,141 DEBUG downloadInfoDetails: isupdatepresent = "true" || cachedLocation = "C:\ProgramData\MspPlatform\FileCacheServiceAgent\cache\https___sis.n-able.com_Repository.xml_2026031706.xml" || filename = "Repository.xml" || sizeinbytes = "5391" || checksum = "7eac433250b13b7f68689a7fc71905e077067461" || uuid = "https___sis.n-able.com_Repository.xml_2026031706" || url = "https://sis.n-able.com/Repository.xml" || name = "" || kbs = "" || version = "" || architecture = "" || language = "" || cacheddatetime = "2026-3-17 9:9:13 am" || downloadFailed = "false" || 
[5] 2026-03-17 09:26:59,141 DEBUG FileCacheServiceAgentDownloader.HandleDownloadResult => Downloading file (https___sis.n-able.com_Repository.xml_2026031706, C:\ProgramData\MspPlatform\FileCacheServiceAgent\cache\https___sis.n-able.com_Repository.xml_2026031706.xml, Repository.xml, 5391, C:\ProgramData\MspPlatform\PME\ThirdPartyPatch\Downloads)...
[5] 2026-03-17 09:26:59,151 DEBUG DownloadFileInBlocks Status:Complete File location [C:\ProgramData\MspPlatform\FileCacheServiceAgent\cache\https___sis.n-able.com_Repository.xml_2026031706.xml] destination [C:\ProgramData\MspPlatform\PME\ThirdPartyPatch\Downloads\Repository.xml]
[5] 2026-03-17 09:26:59,152 DEBUG Download completed successfully. 
[5] 2026-03-17 09:26:59,152 DEBUG FileCacheServiceAgentDownloader.HandleDownloadResult => File was downloaded as "C:\ProgramData\MspPlatform\PME\ThirdPartyPatch\Downloads\Repository.xml" with status "Complete"
[1] 2026-03-17 09:27:00,746 DEBUG DownloaderFactory.GetDownloader => Can connect to https://sis.n-able.com/ using FileCacheServiceAgentDownloader
[1] 2026-03-17 09:27:00,747 DEBUG FileCacheServiceAgentDownloader.DownloadFile => url = https://sis.n-able.com/Repository.xml, fileName = C:\ProgramData\MspPlatform\PME\ThirdPartyPatch\Downloads\Repository.xml
[1] 2026-03-17 09:27:00,748 DEBUG FileCacheServiceAgentDownloader.StartAsyncDownload => Submitting file https://sis.n-able.com/Repository.xml...
[1] 2026-03-17 09:27:00,765 DEBUG FileCacheServiceAgentDownloader.DownloadFile => Waiting for download to be finished
[5] 2026-03-17 09:27:00,813 DEBUG FileCacheServiceAgentDownloader.HandleDownloadResult => Cache service: update is present [https___sis.n-able.com_Repository.xml_2026031706] [https://sis.n-able.com/Repository.xml]
[5] 2026-03-17 09:27:00,813 DEBUG downloadInfoDetails: isupdatepresent = "true" || cachedLocation = "C:\ProgramData\MspPlatform\FileCacheServiceAgent\cache\https___sis.n-able.com_Repository.xml_2026031706.xml" || filename = "Repository.xml" || sizeinbytes = "5391" || checksum = "7eac433250b13b7f68689a7fc71905e077067461" || uuid = "https___sis.n-able.com_Repository.xml_2026031706" || url = "https://sis.n-able.com/Repository.xml" || name = "" || kbs = "" || version = "" || architecture = "" || language = "" || cacheddatetime = "2026-3-17 9:9:13 am" || downloadFailed = "false" || 
[5] 2026-03-17 09:27:00,814 DEBUG FileCacheServiceAgentDownloader.HandleDownloadResult => Downloading file (https___sis.n-able.com_Repository.xml_2026031706, C:\ProgramData\MspPlatform\FileCacheServiceAgent\cache\https___sis.n-able.com_Repository.xml_2026031706.xml, Repository.xml, 5391, C:\ProgramData\MspPlatform\PME\ThirdPartyPatch\Downloads)...
[5] 2026-03-17 09:27:00,826 DEBUG DownloadFileInBlocks Status:Complete File location [C:\ProgramData\MspPlatform\FileCacheServiceAgent\cache\https___sis.n-able.com_Repository.xml_2026031706.xml] destination [C:\ProgramData\MspPlatform\PME\ThirdPartyPatch\Downloads\Repository.xml]
[5] 2026-03-17 09:27:00,826 DEBUG Download completed successfully. 
[5] 2026-03-17 09:27:00,827 DEBUG FileCacheServiceAgentDownloader.HandleDownloadResult => File was downloaded as "C:\ProgramData\MspPlatform\PME\ThirdPartyPatch\Downloads\Repository.xml" with status "Complete"
[1] 2026-03-17 11:08:26,718 DEBUG DownloaderFactory.GetDownloader => Can connect to https://sis.n-able.com/ using FileCacheServiceAgentDownloader
[1] 2026-03-17 11:08:26,719 DEBUG FileCacheServiceAgentDownloader.DownloadFile => url = https://sis.n-able.com/Repository.xml, fileName = C:\ProgramData\MspPlatform\PME\ThirdPartyPatch\Downloads\Repository.xml
[1] 2026-03-17 11:08:26,720 DEBUG FileCacheServiceAgentDownloader.StartAsyncDownload => Submitting file https://sis.n-able.com/Repository.xml...
[1] 2026-03-17 11:08:26,737 DEBUG FileCacheServiceAgentDownloader.DownloadFile => Waiting for download to be finished
[5] 2026-03-17 11:08:26,782 DEBUG FileCacheServiceAgentDownloader.HandleDownloadResult => Cache service: update is present [https___sis.n-able.com_Repository.xml_2026031706] [https://sis.n-able.com/Repository.xml]
[5] 2026-03-17 11:08:26,783 DEBUG downloadInfoDetails: isupdatepresent = "true" || cachedLocation = "C:\ProgramData\MspPlatform\FileCacheServiceAgent\cache\https___sis.n-able.com_Repository.xml_2026031706.xml" || filename = "Repository.xml" || sizeinbytes = "5391" || checksum = "7eac433250b13b7f68689a7fc71905e077067461" || uuid = "https___sis.n-able.com_Repository.xml_2026031706" || url = "https://sis.n-able.com/Repository.xml" || name = "" || kbs = "" || version = "" || architecture = "" || language = "" || cacheddatetime = "2026-3-17 9:9:13 am" || downloadFailed = "false" || 
[5] 2026-03-17 11:08:26,784 DEBUG FileCacheServiceAgentDownloader.HandleDownloadResult => Downloading file (https___sis.n-able.com_Repository.xml_2026031706, C:\ProgramData\MspPlatform\FileCacheServiceAgent\cache\https___sis.n-able.com_Repository.xml_2026031706.xml, Repository.xml, 5391, C:\ProgramData\MspPlatform\PME\ThirdPartyPatch\Downloads)...
[5] 2026-03-17 11:08:26,794 DEBUG DownloadFileInBlocks Status:Complete File location [C:\ProgramData\MspPlatform\FileCacheServiceAgent\cache\https___sis.n-able.com_Repository.xml_2026031706.xml] destination [C:\ProgramData\MspPlatform\PME\ThirdPartyPatch\Downloads\Repository.xml]
[5] 2026-03-17 11:08:26,795 DEBUG Download completed successfully. 
[5] 2026-03-17 11:08:26,795 DEBUG FileCacheServiceAgentDownloader.HandleDownloadResult => File was downloaded as "C:\ProgramData\MspPlatform\PME\ThirdPartyPatch\Downloads\Repository.xml" with status "Complete"
[1] 2026-03-17 11:09:26,843 DEBUG DownloaderFactory.GetDownloader => Can connect to https://sis.n-able.com/ using FileCacheServiceAgentDownloader
[1] 2026-03-17 11:09:26,844 DEBUG FileCacheServiceAgentDownloader.DownloadFile => url = https://sis.n-able.com/Repository.xml, fileName = C:\ProgramData\MspPlatform\PME\ThirdPartyPatch\Downloads\Repository.xml
[1] 2026-03-17 11:09:26,845 DEBUG FileCacheServiceAgentDownloader.StartAsyncDownload => Submitting file https://sis.n-able.com/Repository.xml...
[1] 2026-03-17 11:09:26,866 DEBUG FileCacheServiceAgentDownloader.DownloadFile => Waiting for download to be finished
[5] 2026-03-17 11:09:26,925 DEBUG FileCacheServiceAgentDownloader.HandleDownloadResult => Cache service: update is present [https___sis.n-able.com_Repository.xml_2026031706] [https://sis.n-able.com/Repository.xml]
[5] 2026-03-17 11:09:26,926 DEBUG downloadInfoDetails: isupdatepresent = "true" || cachedLocation = "C:\ProgramData\MspPlatform\FileCacheServiceAgent\cache\https___sis.n-able.com_Repository.xml_2026031706.xml" || filename = "Repository.xml" || sizeinbytes = "5391" || checksum = "7eac433250b13b7f68689a7fc71905e077067461" || uuid = "https___sis.n-able.com_Repository.xml_2026031706" || url = "https://sis.n-able.com/Repository.xml" || name = "" || kbs = "" || version = "" || architecture = "" || language = "" || cacheddatetime = "2026-3-17 9:9:13 am" || downloadFailed = "false" || 
[5] 2026-03-17 11:09:26,927 DEBUG FileCacheServiceAgentDownloader.HandleDownloadResult => Downloading file (https___sis.n-able.com_Repository.xml_2026031706, C:\ProgramData\MspPlatform\FileCacheServiceAgent\cache\https___sis.n-able.com_Repository.xml_2026031706.xml, Repository.xml, 5391, C:\ProgramData\MspPlatform\PME\ThirdPartyPatch\Downloads)...
[5] 2026-03-17 11:09:55,958 DEBUG DownloadFileInBlocks Status:Complete File location [C:\ProgramData\MspPlatform\FileCacheServiceAgent\cache\https___sis.n-able.com_Repository.xml_2026031706.xml] destination [C:\ProgramData\MspPlatform\PME\ThirdPartyPatch\Downloads\Repository.xml]
[5] 2026-03-17 11:09:55,959 DEBUG Download completed successfully. 
[5] 2026-03-17 11:09:55,959 DEBUG FileCacheServiceAgentDownloader.HandleDownloadResult => File was downloaded as "C:\ProgramData\MspPlatform\PME\ThirdPartyPatch\Downloads\Repository.xml" with status "Complete"
[1] 2026-03-19 09:40:04,496 DEBUG DownloaderFactory.GetDownloader => Can connect to https://sis.n-able.com/ using FileCacheServiceAgentDownloader
[1] 2026-03-19 09:40:04,497 DEBUG FileCacheServiceAgentDownloader.DownloadFile => url = https://sis.n-able.com/Repository.xml, fileName = C:\ProgramData\MspPlatform\PME\ThirdPartyPatch\Downloads\Repository.xml
[1] 2026-03-19 09:40:04,498 DEBUG FileCacheServiceAgentDownloader.StartAsyncDownload => Submitting file https://sis.n-able.com/Repository.xml...
[1] 2026-03-19 09:40:04,509 DEBUG FileCacheServiceAgentDownloader.DownloadFile => Waiting for download to be finished
[5] 2026-03-19 09:40:04,537 DEBUG FileCacheServiceAgentDownloader.RetryPolicy => File info is not available yet, trying again in 5s...
[5] 2026-03-19 09:40:09,547 DEBUG FileCacheServiceAgentDownloader.RetryPolicy => File info is not available yet, trying again in 5s...
[5] 2026-03-19 09:40:14,561 DEBUG FileCacheServiceAgentDownloader.HandleDownloadResult => Cache service: update is present [https___sis.n-able.com_Repository.xml_2026031906] [https://sis.n-able.com/Repository.xml]
[5] 2026-03-19 09:40:14,562 DEBUG downloadInfoDetails: isupdatepresent = "true" || cachedLocation = "C:\ProgramData\MspPlatform\FileCacheServiceAgent\cache\https___sis.n-able.com_Repository.xml_2026031906.xml" || filename = "Repository.xml" || sizeinbytes = "5391" || checksum = "1c320dcbb371ae315ac6cdba3e9790da6b5f2d2c" || uuid = "https___sis.n-able.com_Repository.xml_2026031906" || url = "https://sis.n-able.com/Repository.xml" || name = "" || kbs = "" || version = "" || architecture = "" || language = "" || cacheddatetime = "2026-3-19 9:40:11 am" || downloadFailed = "false" || 
[5] 2026-03-19 09:40:14,562 DEBUG FileCacheServiceAgentDownloader.HandleDownloadResult => Downloading file (https___sis.n-able.com_Repository.xml_2026031906, C:\ProgramData\MspPlatform\FileCacheServiceAgent\cache\https___sis.n-able.com_Repository.xml_2026031906.xml, Repository.xml, 5391, C:\ProgramData\MspPlatform\PME\ThirdPartyPatch\Downloads)...
[5] 2026-03-19 09:40:14,570 DEBUG DownloadFileInBlocks Status:Complete File location [C:\ProgramData\MspPlatform\FileCacheServiceAgent\cache\https___sis.n-able.com_Repository.xml_2026031906.xml] destination [C:\ProgramData\MspPlatform\PME\ThirdPartyPatch\Downloads\Repository.xml]
[5] 2026-03-19 09:40:14,570 DEBUG Download completed successfully. 
[5] 2026-03-19 09:40:14,570 DEBUG FileCacheServiceAgentDownloader.HandleDownloadResult => File was downloaded as "C:\ProgramData\MspPlatform\PME\ThirdPartyPatch\Downloads\Repository.xml" with status "Complete"
[1] 2026-03-19 09:40:14,585 DEBUG DownloaderFactory.GetDownloader => Can connect to https://sis.n-able.com/ using FileCacheServiceAgentDownloader
[1] 2026-03-19 09:40:14,586 DEBUG FileCacheServiceAgentDownloader.DownloadFile => url = https://sis.n-able.com/3rdPartySw/ThirdPartySoftware.xml, fileName = C:\ProgramData\MspPlatform\PME\ThirdPartyPatch\Downloads\ThirdPartySoftware.xml
[1] 2026-03-19 09:40:14,587 DEBUG FileCacheServiceAgentDownloader.StartAsyncDownload => Submitting file https://sis.n-able.com/3rdPartySw/ThirdPartySoftware.xml...
[1] 2026-03-19 09:40:14,588 DEBUG FileCacheServiceAgentDownloader.DownloadFile => Waiting for download to be finished
[6] 2026-03-19 09:40:14,589 DEBUG FileCacheServiceAgentDownloader.RetryPolicy => File info is not available yet, trying again in 5s...
[6] 2026-03-19 09:40:19,595 DEBUG FileCacheServiceAgentDownloader.RetryPolicy => File info is not available yet, trying again in 5s...
[6] 2026-03-19 09:40:24,598 DEBUG FileCacheServiceAgentDownloader.HandleDownloadResult => Cache service: update is present [https___sis.n-able.com_3rdPartySw_ThirdPartySoftware.xml_2026031906] [https://sis.n-able.com/3rdPartySw/ThirdPartySoftware.xml]
[6] 2026-03-19 09:40:24,598 DEBUG downloadInfoDetails: isupdatepresent = "true" || cachedLocation = "C:\ProgramData\MspPlatform\FileCacheServiceAgent\cache\https___sis.n-able.com_3rdPartySw_ThirdPartySoftware.xml_2026031906.xml" || filename = "ThirdPartySoftware.xml" || sizeinbytes = "114856" || checksum = "df81f71afe74a651cecf4f4192b2bf540f93e535" || uuid = "https___sis.n-able.com_3rdPartySw_ThirdPartySoftware.xml_2026031906" || url = "https://sis.n-able.com/3rdPartySw/ThirdPartySoftware.xml" || name = "" || kbs = "" || version = "" || architecture = "" || language = "" || cacheddatetime = "2026-3-19 9:40:20 am" || downloadFailed = "false" || 
[6] 2026-03-19 09:40:24,599 DEBUG FileCacheServiceAgentDownloader.HandleDownloadResult => Downloading file (https___sis.n-able.com_3rdPartySw_ThirdPartySoftware.xml_2026031906, C:\ProgramData\MspPlatform\FileCacheServiceAgent\cache\https___sis.n-able.com_3rdPartySw_ThirdPartySoftware.xml_2026031906.xml, ThirdPartySoftware.xml, 114856, C:\ProgramData\MspPlatform\PME\ThirdPartyPatch\Downloads)...
[6] 2026-03-19 09:40:24,601 DEBUG DownloadFileInBlocks Status:Complete File location [C:\ProgramData\MspPlatform\FileCacheServiceAgent\cache\https___sis.n-able.com_3rdPartySw_ThirdPartySoftware.xml_2026031906.xml] destination [C:\ProgramData\MspPlatform\PME\ThirdPartyPatch\Downloads\ThirdPartySoftware.xml]
[6] 2026-03-19 09:40:24,602 DEBUG Download completed successfully. 
[6] 2026-03-19 09:40:24,602 DEBUG FileCacheServiceAgentDownloader.HandleDownloadResult => File was downloaded as "C:\ProgramData\MspPlatform\PME\ThirdPartyPatch\Downloads\ThirdPartySoftware.xml" with status "Complete"
[1] 2026-03-19 09:40:25,625 DEBUG DownloaderFactory.GetDownloader => Can connect to https://sis.n-able.com/ using FileCacheServiceAgentDownloader
[1] 2026-03-19 09:40:25,625 DEBUG FileCacheServiceAgentDownloader.DownloadFile => url = https://sis.n-able.com/3rdPartySw/OS/WIN/Applications/Microsoft/OneDrive.zip, fileName = C:\ProgramData\MspPlatform\PME\ThirdPartyPatch\Downloads\OneDrive.zip
[1] 2026-03-19 09:40:25,625 DEBUG FileCacheServiceAgentDownloader.StartAsyncDownload => Submitting file https://sis.n-able.com/3rdPartySw/OS/WIN/Applications/Microsoft/OneDrive.zip...
[1] 2026-03-19 09:40:25,626 DEBUG FileCacheServiceAgentDownloader.DownloadFile => Waiting for download to be finished
[6] 2026-03-19 09:40:25,628 DEBUG FileCacheServiceAgentDownloader.RetryPolicy => File info is not available yet, trying again in 5s...
[6] 2026-03-19 09:40:30,634 DEBUG FileCacheServiceAgentDownloader.RetryPolicy => File info is not available yet, trying again in 5s...
[6] 2026-03-19 09:40:35,651 DEBUG FileCacheServiceAgentDownloader.HandleDownloadResult => Cache service: update is present [https___sis.n-able.com_3rdPartySw_OS_WIN_Applications_Microsoft_OneDrive.zip_2026031906] [https://sis.n-able.com/3rdPartySw/OS/WIN/Applications/Microsoft/OneDrive.zip]
[6] 2026-03-19 09:40:35,652 DEBUG downloadInfoDetails: isupdatepresent = "true" || cachedLocation = "C:\ProgramData\MspPlatform\FileCacheServiceAgent\cache\https___sis.n-able.com_3rdPartySw_OS_WIN_Applications_Microsoft_OneDrive.zip_2026031906.zip" || filename = "OneDrive.zip" || sizeinbytes = "32324" || checksum = "b986196a5221b5e43ef20769a0b811daed11cf72" || uuid = "https___sis.n-able.com_3rdPartySw_OS_WIN_Applications_Microsoft_OneDrive.zip_2026031906" || url = "https://sis.n-able.com/3rdPartySw/OS/WIN/Applications/Microsoft/OneDrive.zip" || name = "" || kbs = "" || version = "" || architecture = "" || language = "" || cacheddatetime = "2026-3-19 9:40:30 am" || downloadFailed = "false" || 
[6] 2026-03-19 09:40:35,652 DEBUG FileCacheServiceAgentDownloader.HandleDownloadResult => Downloading file (https___sis.n-able.com_3rdPartySw_OS_WIN_Applications_Microsoft_OneDrive.zip_2026031906, C:\ProgramData\MspPlatform\FileCacheServiceAgent\cache\https___sis.n-able.com_3rdPartySw_OS_WIN_Applications_Microsoft_OneDrive.zip_2026031906.zip, OneDrive.zip, 32324, C:\ProgramData\MspPlatform\PME\ThirdPartyPatch\Downloads)...
[6] 2026-03-19 09:40:35,654 DEBUG DownloadFileInBlocks Status:Complete File location [C:\ProgramData\MspPlatform\FileCacheServiceAgent\cache\https___sis.n-able.com_3rdPartySw_OS_WIN_Applications_Microsoft_OneDrive.zip_2026031906.zip] destination [C:\ProgramData\MspPlatform\PME\ThirdPartyPatch\Downloads\OneDrive.zip]
[6] 2026-03-19 09:40:35,654 DEBUG Download completed successfully. 
[6] 2026-03-19 09:40:35,655 DEBUG FileCacheServiceAgentDownloader.HandleDownloadResult => File was downloaded as "C:\ProgramData\MspPlatform\PME\ThirdPartyPatch\Downloads\OneDrive.zip" with status "Complete"
[1] 2026-03-19 09:40:35,763 DEBUG DownloaderFactory.GetDownloader => Can connect to https://sis.n-able.com/ using FileCacheServiceAgentDownloader
[1] 2026-03-19 09:40:35,763 DEBUG FileCacheServiceAgentDownloader.DownloadFile => url = https://sis.n-able.com/3rdPartySw/OS/WIN/Applications/Google/Google Drive.zip, fileName = C:\ProgramData\MspPlatform\PME\ThirdPartyPatch\Downloads\Google Drive.zip
[1] 2026-03-19 09:40:35,763 DEBUG FileCacheServiceAgentDownloader.StartAsyncDownload => Submitting file https://sis.n-able.com/3rdPartySw/OS/WIN/Applications/Google/Google Drive.zip...
[1] 2026-03-19 09:40:35,764 DEBUG FileCacheServiceAgentDownloader.DownloadFile => Waiting for download to be finished
[6] 2026-03-19 09:40:35,766 DEBUG FileCacheServiceAgentDownloader.RetryPolicy => File info is not available yet, trying again in 5s...
[6] 2026-03-19 09:40:40,767 DEBUG FileCacheServiceAgentDownloader.RetryPolicy => File info is not available yet, trying again in 5s...
[6] 2026-03-19 09:40:45,771 DEBUG FileCacheServiceAgentDownloader.HandleDownloadResult => Cache service: update is present [https___sis.n-able.com_3rdPartySw_OS_WIN_Applications_Google_Google Drive.zip_2026031906] [https://sis.n-able.com/3rdPartySw/OS/WIN/Applications/Google/Google Drive.zip]
[6] 2026-03-19 09:40:45,771 DEBUG downloadInfoDetails: isupdatepresent = "true" || cachedLocation = "C:\ProgramData\MspPlatform\FileCacheServiceAgent\cache\https___sis.n-able.com_3rdPartySw_OS_WIN_Applications_Google_Google Drive.zip_2026031906.zip" || filename = "Google Drive.zip" || sizeinbytes = "27612" || checksum = "b0ab36ca62742bbbe75dd93777de41698be9eeb1" || uuid = "https___sis.n-able.com_3rdPartySw_OS_WIN_Applications_Google_Google Drive.zip_2026031906" || url = "https://sis.n-able.com/3rdPartySw/OS/WIN/Applications/Google/Google Drive.zip" || name = "" || kbs = "" || version = "" || architecture = "" || language = "" || cacheddatetime = "2026-3-19 9:40:41 am" || downloadFailed = "false" || 
[6] 2026-03-19 09:40:45,772 DEBUG FileCacheServiceAgentDownloader.HandleDownloadResult => Downloading file (https___sis.n-able.com_3rdPartySw_OS_WIN_Applications_Google_Google Drive.zip_2026031906, C:\ProgramData\MspPlatform\FileCacheServiceAgent\cache\https___sis.n-able.com_3rdPartySw_OS_WIN_Applications_Google_Google Drive.zip_2026031906.zip, Google Drive.zip, 27612, C:\ProgramData\MspPlatform\PME\ThirdPartyPatch\Downloads)...
[6] 2026-03-19 09:40:45,773 DEBUG DownloadFileInBlocks Status:Complete File location [C:\ProgramData\MspPlatform\FileCacheServiceAgent\cache\https___sis.n-able.com_3rdPartySw_OS_WIN_Applications_Google_Google Drive.zip_2026031906.zip] destination [C:\ProgramData\MspPlatform\PME\ThirdPartyPatch\Downloads\Google Drive.zip]
[6] 2026-03-19 09:40:45,773 DEBUG Download completed successfully. 
[6] 2026-03-19 09:40:45,774 DEBUG FileCacheServiceAgentDownloader.HandleDownloadResult => File was downloaded as "C:\ProgramData\MspPlatform\PME\ThirdPartyPatch\Downloads\Google Drive.zip" with status "Complete"
[1] 2026-03-19 09:40:45,822 DEBUG DownloaderFactory.GetDownloader => Can connect to https://sis.n-able.com/ using FileCacheServiceAgentDownloader
[1] 2026-03-19 09:40:45,822 DEBUG FileCacheServiceAgentDownloader.DownloadFile => url = https://sis.n-able.com/3rdPartySw/Vendors.xml, fileName = C:\ProgramData\MspPlatform\PME\ThirdPartyPatch\Downloads\Vendors.xml
[1] 2026-03-19 09:40:45,822 DEBUG FileCacheServiceAgentDownloader.StartAsyncDownload => Submitting file https://sis.n-able.com/3rdPartySw/Vendors.xml...
[1] 2026-03-19 09:40:45,823 DEBUG FileCacheServiceAgentDownloader.DownloadFile => Waiting for download to be finished
[6] 2026-03-19 09:40:45,825 DEBUG FileCacheServiceAgentDownloader.RetryPolicy => File info is not available yet, trying again in 5s...
[6] 2026-03-19 09:40:50,840 DEBUG FileCacheServiceAgentDownloader.RetryPolicy => File info is not available yet, trying again in 5s...
[6] 2026-03-19 09:40:55,850 DEBUG FileCacheServiceAgentDownloader.HandleDownloadResult => Cache service: update is present [https___sis.n-able.com_3rdPartySw_Vendors.xml_2026031906] [https://sis.n-able.com/3rdPartySw/Vendors.xml]
[6] 2026-03-19 09:40:55,850 DEBUG downloadInfoDetails: isupdatepresent = "true" || cachedLocation = "C:\ProgramData\MspPlatform\FileCacheServiceAgent\cache\https___sis.n-able.com_3rdPartySw_Vendors.xml_2026031906.xml" || filename = "Vendors.xml" || sizeinbytes = "4135" || checksum = "8de80a3dfbbe1d2386f740986f5044d05c426928" || uuid = "https___sis.n-able.com_3rdPartySw_Vendors.xml_2026031906" || url = "https://sis.n-able.com/3rdPartySw/Vendors.xml" || name = "" || kbs = "" || version = "" || architecture = "" || language = "" || cacheddatetime = "2026-3-19 9:40:51 am" || downloadFailed = "false" || 
[6] 2026-03-19 09:40:55,851 DEBUG FileCacheServiceAgentDownloader.HandleDownloadResult => Downloading file (https___sis.n-able.com_3rdPartySw_Vendors.xml_2026031906, C:\ProgramData\MspPlatform\FileCacheServiceAgent\cache\https___sis.n-able.com_3rdPartySw_Vendors.xml_2026031906.xml, Vendors.xml, 4135, C:\ProgramData\MspPlatform\PME\ThirdPartyPatch\Downloads)...
[6] 2026-03-19 09:40:55,853 DEBUG DownloadFileInBlocks Status:Complete File location [C:\ProgramData\MspPlatform\FileCacheServiceAgent\cache\https___sis.n-able.com_3rdPartySw_Vendors.xml_2026031906.xml] destination [C:\ProgramData\MspPlatform\PME\ThirdPartyPatch\Downloads\Vendors.xml]
[6] 2026-03-19 09:40:55,853 DEBUG Download completed successfully. 
[6] 2026-03-19 09:40:55,853 DEBUG FileCacheServiceAgentDownloader.HandleDownloadResult => File was downloaded as "C:\ProgramData\MspPlatform\PME\ThirdPartyPatch\Downloads\Vendors.xml" with status "Complete"
[1] 2026-03-19 09:40:56,100 DEBUG DownloaderFactory.GetDownloader => Can connect to https://sis.n-able.com/ using FileCacheServiceAgentDownloader
[1] 2026-03-19 09:40:56,100 DEBUG FileCacheServiceAgentDownloader.DownloadFile => url = https://sis.n-able.com/Repository.xml, fileName = C:\ProgramData\MspPlatform\PME\ThirdPartyPatch\Downloads\Repository.xml
[1] 2026-03-19 09:40:56,101 DEBUG FileCacheServiceAgentDownloader.StartAsyncDownload => Submitting file https://sis.n-able.com/Repository.xml...
[1] 2026-03-19 09:40:56,111 DEBUG FileCacheServiceAgentDownloader.DownloadFile => Waiting for download to be finished
[5] 2026-03-19 09:40:56,136 DEBUG FileCacheServiceAgentDownloader.HandleDownloadResult => Cache service: update is present [https___sis.n-able.com_Repository.xml_2026031906] [https://sis.n-able.com/Repository.xml]
[5] 2026-03-19 09:40:56,137 DEBUG downloadInfoDetails: isupdatepresent = "true" || cachedLocation = "C:\ProgramData\MspPlatform\FileCacheServiceAgent\cache\https___sis.n-able.com_Repository.xml_2026031906.xml" || filename = "Repository.xml" || sizeinbytes = "5391" || checksum = "1c320dcbb371ae315ac6cdba3e9790da6b5f2d2c" || uuid = "https___sis.n-able.com_Repository.xml_2026031906" || url = "https://sis.n-able.com/Repository.xml" || name = "" || kbs = "" || version = "" || architecture = "" || language = "" || cacheddatetime = "2026-3-19 9:40:11 am" || downloadFailed = "false" || 
[5] 2026-03-19 09:40:56,137 DEBUG FileCacheServiceAgentDownloader.HandleDownloadResult => Downloading file (https___sis.n-able.com_Repository.xml_2026031906, C:\ProgramData\MspPlatform\FileCacheServiceAgent\cache\https___sis.n-able.com_Repository.xml_2026031906.xml, Repository.xml, 5391, C:\ProgramData\MspPlatform\PME\ThirdPartyPatch\Downloads)...
[5] 2026-03-19 09:40:56,142 DEBUG DownloadFileInBlocks Status:Complete File location [C:\ProgramData\MspPlatform\FileCacheServiceAgent\cache\https___sis.n-able.com_Repository.xml_2026031906.xml] destination [C:\ProgramData\MspPlatform\PME\ThirdPartyPatch\Downloads\Repository.xml]
[5] 2026-03-19 09:40:56,142 DEBUG Download completed successfully. 
[5] 2026-03-19 09:40:56,143 DEBUG FileCacheServiceAgentDownloader.HandleDownloadResult => File was downloaded as "C:\ProgramData\MspPlatform\PME\ThirdPartyPatch\Downloads\Repository.xml" with status "Complete"
[1] 2026-03-19 09:40:56,662 DEBUG DownloaderFactory.GetDownloader => Can connect to https://sis.n-able.com/ using FileCacheServiceAgentDownloader
[1] 2026-03-19 09:40:56,663 DEBUG FileCacheServiceAgentDownloader.DownloadFile => url = https://sis.n-able.com/3rdPartySw/OS/WIN/Applications/Google/Chrome.zip, fileName = C:\ProgramData\MspPlatform\PME\ThirdPartyPatch\Downloads\Chrome.zip
[1] 2026-03-19 09:40:56,663 DEBUG FileCacheServiceAgentDownloader.StartAsyncDownload => Submitting file https://sis.n-able.com/3rdPartySw/OS/WIN/Applications/Google/Chrome.zip...
[1] 2026-03-19 09:40:56,664 DEBUG FileCacheServiceAgentDownloader.DownloadFile => Waiting for download to be finished
[5] 2026-03-19 09:40:56,666 DEBUG FileCacheServiceAgentDownloader.RetryPolicy => File info is not available yet, trying again in 5s...
[5] 2026-03-19 09:41:01,680 DEBUG FileCacheServiceAgentDownloader.RetryPolicy => File info is not available yet, trying again in 5s...
[5] 2026-03-19 09:41:06,693 DEBUG FileCacheServiceAgentDownloader.HandleDownloadResult => Cache service: update is present [https___sis.n-able.com_3rdPartySw_OS_WIN_Applications_Google_Chrome.zip_2026031906] [https://sis.n-able.com/3rdPartySw/OS/WIN/Applications/Google/Chrome.zip]
[5] 2026-03-19 09:41:06,694 DEBUG downloadInfoDetails: isupdatepresent = "true" || cachedLocation = "C:\ProgramData\MspPlatform\FileCacheServiceAgent\cache\https___sis.n-able.com_3rdPartySw_OS_WIN_Applications_Google_Chrome.zip_2026031906.zip" || filename = "Chrome.zip" || sizeinbytes = "15945" || checksum = "17fa4fa8f7f18ea1968a8f88b6e3b7261ac14c1b" || uuid = "https___sis.n-able.com_3rdPartySw_OS_WIN_Applications_Google_Chrome.zip_2026031906" || url = "https://sis.n-able.com/3rdPartySw/OS/WIN/Applications/Google/Chrome.zip" || name = "" || kbs = "" || version = "" || architecture = "" || language = "" || cacheddatetime = "2026-3-19 9:41:2 am" || downloadFailed = "false" || 
[5] 2026-03-19 09:41:06,694 DEBUG FileCacheServiceAgentDownloader.HandleDownloadResult => Downloading file (https___sis.n-able.com_3rdPartySw_OS_WIN_Applications_Google_Chrome.zip_2026031906, C:\ProgramData\MspPlatform\FileCacheServiceAgent\cache\https___sis.n-able.com_3rdPartySw_OS_WIN_Applications_Google_Chrome.zip_2026031906.zip, Chrome.zip, 15945, C:\ProgramData\MspPlatform\PME\ThirdPartyPatch\Downloads)...
[5] 2026-03-19 09:41:06,695 DEBUG DownloadFileInBlocks Status:Complete File location [C:\ProgramData\MspPlatform\FileCacheServiceAgent\cache\https___sis.n-able.com_3rdPartySw_OS_WIN_Applications_Google_Chrome.zip_2026031906.zip] destination [C:\ProgramData\MspPlatform\PME\ThirdPartyPatch\Downloads\Chrome.zip]
[5] 2026-03-19 09:41:06,695 DEBUG Download completed successfully. 
[5] 2026-03-19 09:41:06,695 DEBUG FileCacheServiceAgentDownloader.HandleDownloadResult => File was downloaded as "C:\ProgramData\MspPlatform\PME\ThirdPartyPatch\Downloads\Chrome.zip" with status "Complete"
[1] 2026-03-19 09:41:18,100 DEBUG DownloaderFactory.GetDownloader => Can connect to https://sis.n-able.com/ using FileCacheServiceAgentDownloader
[1] 2026-03-19 09:41:18,101 DEBUG FileCacheServiceAgentDownloader.DownloadFile => url = https://sis.n-able.com/Repository.xml, fileName = C:\ProgramData\MspPlatform\PME\ThirdPartyPatch\Downloads\Repository.xml
[1] 2026-03-19 09:41:18,101 DEBUG FileCacheServiceAgentDownloader.StartAsyncDownload => Submitting file https://sis.n-able.com/Repository.xml...
[1] 2026-03-19 09:41:18,110 DEBUG FileCacheServiceAgentDownloader.DownloadFile => Waiting for download to be finished
[5] 2026-03-19 09:41:18,134 DEBUG FileCacheServiceAgentDownloader.HandleDownloadResult => Cache service: update is present [https___sis.n-able.com_Repository.xml_2026031906] [https://sis.n-able.com/Repository.xml]
[5] 2026-03-19 09:41:18,134 DEBUG downloadInfoDetails: isupdatepresent = "true" || cachedLocation = "C:\ProgramData\MspPlatform\FileCacheServiceAgent\cache\https___sis.n-able.com_Repository.xml_2026031906.xml" || filename = "Repository.xml" || sizeinbytes = "5391" || checksum = "1c320dcbb371ae315ac6cdba3e9790da6b5f2d2c" || uuid = "https___sis.n-able.com_Repository.xml_2026031906" || url = "https://sis.n-able.com/Repository.xml" || name = "" || kbs = "" || version = "" || architecture = "" || language = "" || cacheddatetime = "2026-3-19 9:40:11 am" || downloadFailed = "false" || 
[5] 2026-03-19 09:41:18,135 DEBUG FileCacheServiceAgentDownloader.HandleDownloadResult => Downloading file (https___sis.n-able.com_Repository.xml_2026031906, C:\ProgramData\MspPlatform\FileCacheServiceAgent\cache\https___sis.n-able.com_Repository.xml_2026031906.xml, Repository.xml, 5391, C:\ProgramData\MspPlatform\PME\ThirdPartyPatch\Downloads)...
[5] 2026-03-19 09:41:18,141 DEBUG DownloadFileInBlocks Status:Complete File location [C:\ProgramData\MspPlatform\FileCacheServiceAgent\cache\https___sis.n-able.com_Repository.xml_2026031906.xml] destination [C:\ProgramData\MspPlatform\PME\ThirdPartyPatch\Downloads\Repository.xml]
[5] 2026-03-19 09:41:18,141 DEBUG Download completed successfully. 
[5] 2026-03-19 09:41:18,141 DEBUG FileCacheServiceAgentDownloader.HandleDownloadResult => File was downloaded as "C:\ProgramData\MspPlatform\PME\ThirdPartyPatch\Downloads\Repository.xml" with status "Complete"
[1] 2026-03-19 09:43:48,160 DEBUG DownloaderFactory.GetDownloader => Can connect to https://sis.n-able.com/ using FileCacheServiceAgentDownloader
[1] 2026-03-19 09:43:48,160 DEBUG FileCacheServiceAgentDownloader.DownloadFile => url = https://sis.n-able.com/Repository.xml, fileName = C:\ProgramData\MspPlatform\PME\ThirdPartyPatch\Downloads\Repository.xml
[1] 2026-03-19 09:43:48,161 DEBUG FileCacheServiceAgentDownloader.StartAsyncDownload => Submitting file https://sis.n-able.com/Repository.xml...
[1] 2026-03-19 09:43:48,175 DEBUG FileCacheServiceAgentDownloader.DownloadFile => Waiting for download to be finished
[5] 2026-03-19 09:43:48,207 DEBUG FileCacheServiceAgentDownloader.HandleDownloadResult => Cache service: update is present [https___sis.n-able.com_Repository.xml_2026031906] [https://sis.n-able.com/Repository.xml]
[5] 2026-03-19 09:43:48,207 DEBUG downloadInfoDetails: isupdatepresent = "true" || cachedLocation = "C:\ProgramData\MspPlatform\FileCacheServiceAgent\cache\https___sis.n-able.com_Repository.xml_2026031906.xml" || filename = "Repository.xml" || sizeinbytes = "5391" || checksum = "1c320dcbb371ae315ac6cdba3e9790da6b5f2d2c" || uuid = "https___sis.n-able.com_Repository.xml_2026031906" || url = "https://sis.n-able.com/Repository.xml" || name = "" || kbs = "" || version = "" || architecture = "" || language = "" || cacheddatetime = "2026-3-19 9:40:11 am" || downloadFailed = "false" || 
[5] 2026-03-19 09:43:48,209 DEBUG FileCacheServiceAgentDownloader.HandleDownloadResult => Downloading file (https___sis.n-able.com_Repository.xml_2026031906, C:\ProgramData\MspPlatform\FileCacheServiceAgent\cache\https___sis.n-able.com_Repository.xml_2026031906.xml, Repository.xml, 5391, C:\ProgramData\MspPlatform\PME\ThirdPartyPatch\Downloads)...
[5] 2026-03-19 09:43:48,214 DEBUG DownloadFileInBlocks Status:Complete File location [C:\ProgramData\MspPlatform\FileCacheServiceAgent\cache\https___sis.n-able.com_Repository.xml_2026031906.xml] destination [C:\ProgramData\MspPlatform\PME\ThirdPartyPatch\Downloads\Repository.xml]
[5] 2026-03-19 09:43:48,215 DEBUG Download completed successfully. 
[5] 2026-03-19 09:43:48,215 DEBUG FileCacheServiceAgentDownloader.HandleDownloadResult => File was downloaded as "C:\ProgramData\MspPlatform\PME\ThirdPartyPatch\Downloads\Repository.xml" with status "Complete"
[1] 2026-03-19 09:43:49,037 DEBUG DownloaderFactory.GetDownloader => Can connect to https://sis.n-able.com/ using FileCacheServiceAgentDownloader
[1] 2026-03-19 09:43:49,038 DEBUG FileCacheServiceAgentDownloader.DownloadFile => url = https://sis.n-able.com/3rdPartySw/OS/WIN/Applications/Microsoft/Microsoft Edge.zip, fileName = C:\ProgramData\MspPlatform\PME\ThirdPartyPatch\Downloads\Microsoft Edge.zip
[1] 2026-03-19 09:43:49,038 DEBUG FileCacheServiceAgentDownloader.StartAsyncDownload => Submitting file https://sis.n-able.com/3rdPartySw/OS/WIN/Applications/Microsoft/Microsoft Edge.zip...
[1] 2026-03-19 09:43:49,039 DEBUG FileCacheServiceAgentDownloader.DownloadFile => Waiting for download to be finished
[5] 2026-03-19 09:43:49,042 DEBUG FileCacheServiceAgentDownloader.RetryPolicy => File info is not available yet, trying again in 5s...
[5] 2026-03-19 09:43:54,088 DEBUG FileCacheServiceAgentDownloader.RetryPolicy => File info is not available yet, trying again in 5s...
[5] 2026-03-19 09:43:59,095 DEBUG FileCacheServiceAgentDownloader.HandleDownloadResult => Cache service: update is present [https___sis.n-able.com_3rdPartySw_OS_WIN_Applications_Microsoft_Microsoft Edge.zip_2026031906] [https://sis.n-able.com/3rdPartySw/OS/WIN/Applications/Microsoft/Microsoft Edge.zip]
[5] 2026-03-19 09:43:59,096 DEBUG downloadInfoDetails: isupdatepresent = "true" || cachedLocation = "C:\ProgramData\MspPlatform\FileCacheServiceAgent\cache\https___sis.n-able.com_3rdPartySw_OS_WIN_Applications_Microsoft_Microsoft Edge.zip_2026031906.zip" || filename = "Microsoft Edge.zip" || sizeinbytes = "9116" || checksum = "21419268aad63b7f686879794c952b81cc936508" || uuid = "https___sis.n-able.com_3rdPartySw_OS_WIN_Applications_Microsoft_Microsoft Edge.zip_2026031906" || url = "https://sis.n-able.com/3rdPartySw/OS/WIN/Applications/Microsoft/Microsoft Edge.zip" || name = "" || kbs = "" || version = "" || architecture = "" || language = "" || cacheddatetime = "2026-3-19 9:43:54 am" || downloadFailed = "false" || 
[5] 2026-03-19 09:43:59,096 DEBUG FileCacheServiceAgentDownloader.HandleDownloadResult => Downloading file (https___sis.n-able.com_3rdPartySw_OS_WIN_Applications_Microsoft_Microsoft Edge.zip_2026031906, C:\ProgramData\MspPlatform\FileCacheServiceAgent\cache\https___sis.n-able.com_3rdPartySw_OS_WIN_Applications_Microsoft_Microsoft Edge.zip_2026031906.zip, Microsoft Edge.zip, 9116, C:\ProgramData\MspPlatform\PME\ThirdPartyPatch\Downloads)...
[5] 2026-03-19 09:43:59,101 DEBUG DownloadFileInBlocks Status:Complete File location [C:\ProgramData\MspPlatform\FileCacheServiceAgent\cache\https___sis.n-able.com_3rdPartySw_OS_WIN_Applications_Microsoft_Microsoft Edge.zip_2026031906.zip] destination [C:\ProgramData\MspPlatform\PME\ThirdPartyPatch\Downloads\Microsoft Edge.zip]
[5] 2026-03-19 09:43:59,102 DEBUG Download completed successfully. 
[5] 2026-03-19 09:43:59,102 DEBUG FileCacheServiceAgentDownloader.HandleDownloadResult => File was downloaded as "C:\ProgramData\MspPlatform\PME\ThirdPartyPatch\Downloads\Microsoft Edge.zip" with status "Complete"
[1] 2026-03-19 09:44:00,127 DEBUG DownloaderFactory.GetDownloader => Can connect to https://sis.n-able.com/ using FileCacheServiceAgentDownloader
[1] 2026-03-19 09:44:00,129 DEBUG FileCacheServiceAgentDownloader.DownloadFile => url = https://sis.n-able.com/Repository.xml, fileName = C:\ProgramData\MspPlatform\PME\ThirdPartyPatch\Downloads\Repository.xml
[1] 2026-03-19 09:44:00,132 DEBUG FileCacheServiceAgentDownloader.StartAsyncDownload => Submitting file https://sis.n-able.com/Repository.xml...
[1] 2026-03-19 09:44:00,151 DEBUG FileCacheServiceAgentDownloader.DownloadFile => Waiting for download to be finished
[5] 2026-03-19 09:44:00,209 DEBUG FileCacheServiceAgentDownloader.HandleDownloadResult => Cache service: update is present [https___sis.n-able.com_Repository.xml_2026031906] [https://sis.n-able.com/Repository.xml]
[5] 2026-03-19 09:44:00,209 DEBUG downloadInfoDetails: isupdatepresent = "true" || cachedLocation = "C:\ProgramData\MspPlatform\FileCacheServiceAgent\cache\https___sis.n-able.com_Repository.xml_2026031906.xml" || filename = "Repository.xml" || sizeinbytes = "5391" || checksum = "1c320dcbb371ae315ac6cdba3e9790da6b5f2d2c" || uuid = "https___sis.n-able.com_Repository.xml_2026031906" || url = "https://sis.n-able.com/Repository.xml" || name = "" || kbs = "" || version = "" || architecture = "" || language = "" || cacheddatetime = "2026-3-19 9:40:11 am" || downloadFailed = "false" || 
[5] 2026-03-19 09:44:00,209 DEBUG FileCacheServiceAgentDownloader.HandleDownloadResult => Downloading file (https___sis.n-able.com_Repository.xml_2026031906, C:\ProgramData\MspPlatform\FileCacheServiceAgent\cache\https___sis.n-able.com_Repository.xml_2026031906.xml, Repository.xml, 5391, C:\ProgramData\MspPlatform\PME\ThirdPartyPatch\Downloads)...
[5] 2026-03-19 09:44:00,225 DEBUG DownloadFileInBlocks Status:Complete File location [C:\ProgramData\MspPlatform\FileCacheServiceAgent\cache\https___sis.n-able.com_Repository.xml_2026031906.xml] destination [C:\ProgramData\MspPlatform\PME\ThirdPartyPatch\Downloads\Repository.xml]
[5] 2026-03-19 09:44:00,225 DEBUG Download completed successfully. 
[5] 2026-03-19 09:44:00,226 DEBUG FileCacheServiceAgentDownloader.HandleDownloadResult => File was downloaded as "C:\ProgramData\MspPlatform\PME\ThirdPartyPatch\Downloads\Repository.xml" with status "Complete"
[1] 2026-03-23 06:36:53,020 DEBUG DownloaderFactory.GetDownloader => Can connect to https://sis.n-able.com/ using FileCacheServiceAgentDownloader
[1] 2026-03-23 06:36:53,021 DEBUG FileCacheServiceAgentDownloader.DownloadFile => url = https://sis.n-able.com/Repository.xml, fileName = C:\ProgramData\MspPlatform\PME\ThirdPartyPatch\Downloads\Repository.xml
[1] 2026-03-23 06:36:53,021 DEBUG FileCacheServiceAgentDownloader.StartAsyncDownload => Submitting file https://sis.n-able.com/Repository.xml...
[1] 2026-03-23 06:36:53,032 DEBUG FileCacheServiceAgentDownloader.DownloadFile => Waiting for download to be finished
[5] 2026-03-23 06:36:53,060 DEBUG FileCacheServiceAgentDownloader.RetryPolicy => File info is not available yet, trying again in 5s...
[5] 2026-03-23 06:36:58,071 DEBUG FileCacheServiceAgentDownloader.RetryPolicy => File info is not available yet, trying again in 5s...
[5] 2026-03-23 06:37:03,084 DEBUG FileCacheServiceAgentDownloader.RetryPolicy => File info is not available yet, trying again in 5s...
[5] 2026-03-23 06:37:08,089 DEBUG FileCacheServiceAgentDownloader.RetryPolicy => File info is not available yet, trying again in 15s...
[5] 2026-03-23 15:31:56,982 ERROR FileCacheServiceAgentDownloader.HandleDownloadResult => Error when downloading file https://sis.n-able.com/Repository.xml: FileCacheServiceAgentDownloader.HandleDownloadResult => Caching failed for https___sis.n-able.com_Repository.xml_2026032306 - check cache service logs for error.
System.IO.FileNotFoundException: FileCacheServiceAgentDownloader.HandleDownloadResult => Caching failed for https___sis.n-able.com_Repository.xml_2026032306 - check cache service logs for error.
   at ApplicationsUpdater.src.Downloaders.FileCacheServiceAgentDownloader.HandleDownloadResult(String uuid, Uri url, String fileName)
[1] 2026-03-23 15:31:57,099 DEBUG DownloaderFactory.GetDownloader => Can connect to https://sis.n-able.com/ using FileCacheServiceAgentDownloader
[1] 2026-03-23 15:31:57,109 DEBUG FileCacheServiceAgentDownloader.DownloadFile => url = https://sis.n-able.com/3rdPartySw/ThirdPartySoftware.xml, fileName = C:\ProgramData\MspPlatform\PME\ThirdPartyPatch\Downloads\ThirdPartySoftware.xml
[1] 2026-03-23 15:31:57,114 DEBUG FileCacheServiceAgentDownloader.StartAsyncDownload => Submitting file https://sis.n-able.com/3rdPartySw/ThirdPartySoftware.xml...
[1] 2026-03-23 15:31:57,118 DEBUG FileCacheServiceAgentDownloader.DownloadFile => Waiting for download to be finished
[5] 2026-03-23 15:31:57,120 DEBUG FileCacheServiceAgentDownloader.RetryPolicy => File info is not available yet, trying again in 5s...
[5] 2026-03-23 15:32:02,137 DEBUG FileCacheServiceAgentDownloader.RetryPolicy => File info is not available yet, trying again in 5s...
[5] 2026-03-23 15:32:07,144 DEBUG FileCacheServiceAgentDownloader.RetryPolicy => File info is not available yet, trying again in 5s...
[5] 2026-03-23 15:32:12,151 DEBUG FileCacheServiceAgentDownloader.RetryPolicy => File info is not available yet, trying again in 15s...
[5] 2026-03-23 15:32:27,163 ERROR FileCacheServiceAgentDownloader.HandleDownloadResult => Error when downloading file https://sis.n-able.com/3rdPartySw/ThirdPartySoftware.xml: FileCacheServiceAgentDownloader.HandleDownloadResult => Caching failed for https___sis.n-able.com_3rdPartySw_ThirdPartySoftware.xml_2026032312 - check cache service logs for error.
System.IO.FileNotFoundException: FileCacheServiceAgentDownloader.HandleDownloadResult => Caching failed for https___sis.n-able.com_3rdPartySw_ThirdPartySoftware.xml_2026032312 - check cache service logs for error.
   at ApplicationsUpdater.src.Downloaders.FileCacheServiceAgentDownloader.HandleDownloadResult(String uuid, Uri url, String fileName)
[1] 2026-03-23 15:32:27,170 DEBUG DownloaderFactory.GetDownloader => Can connect to https://sis.n-able.com/ using FileCacheServiceAgentDownloader
[1] 2026-03-23 15:32:27,171 DEBUG FileCacheServiceAgentDownloader.DownloadFile => url = https://sis.n-able.com/3rdPartySw/Vendors.xml, fileName = C:\ProgramData\MspPlatform\PME\ThirdPartyPatch\Downloads\Vendors.xml
[1] 2026-03-23 15:32:27,171 DEBUG FileCacheServiceAgentDownloader.StartAsyncDownload => Submitting file https://sis.n-able.com/3rdPartySw/Vendors.xml...
[1] 2026-03-23 15:32:27,172 DEBUG FileCacheServiceAgentDownloader.DownloadFile => Waiting for download to be finished
[5] 2026-03-23 15:32:27,173 DEBUG FileCacheServiceAgentDownloader.RetryPolicy => File info is not available yet, trying again in 5s...
[5] 2026-03-23 15:32:32,180 DEBUG FileCacheServiceAgentDownloader.RetryPolicy => File info is not available yet, trying again in 5s...
[5] 2026-03-24 05:48:16,837 DEBUG FileCacheServiceAgentDownloader.RetryPolicy => File info is not available yet, trying again in 5s...
[5] 2026-03-24 05:48:21,852 DEBUG FileCacheServiceAgentDownloader.RetryPolicy => File info is not available yet, trying again in 15s...
[5] 2026-03-25 09:43:09,431 DEBUG FileCacheServiceAgentDownloader.HandleDownloadResult => Cache service: update is present [https___sis.n-able.com_3rdPartySw_Vendors.xml_2026032312] [https://sis.n-able.com/3rdPartySw/Vendors.xml]
[5] 2026-03-25 09:43:09,432 DEBUG downloadInfoDetails: isupdatepresent = "true" || cachedLocation = "C:\ProgramData\MspPlatform\FileCacheServiceAgent\cache\https___sis.n-able.com_3rdPartySw_Vendors.xml_2026032312.xml" || filename = "Vendors.xml" || sizeinbytes = "4135" || checksum = "8de80a3dfbbe1d2386f740986f5044d05c426928" || uuid = "https___sis.n-able.com_3rdPartySw_Vendors.xml_2026032312" || url = "https://sis.n-able.com/3rdPartySw/Vendors.xml" || name = "" || kbs = "" || version = "" || architecture = "" || language = "" || cacheddatetime = "2026-3-24 5:48:27 am" || downloadFailed = "false" || 
[5] 2026-03-25 09:43:09,433 DEBUG FileCacheServiceAgentDownloader.HandleDownloadResult => Downloading file (https___sis.n-able.com_3rdPartySw_Vendors.xml_2026032312, C:\ProgramData\MspPlatform\FileCacheServiceAgent\cache\https___sis.n-able.com_3rdPartySw_Vendors.xml_2026032312.xml, Vendors.xml, 4135, C:\ProgramData\MspPlatform\PME\ThirdPartyPatch\Downloads)...
[5] 2026-03-25 09:43:09,443 DEBUG DownloadFileInBlocks Status:Complete File location [C:\ProgramData\MspPlatform\FileCacheServiceAgent\cache\https___sis.n-able.com_3rdPartySw_Vendors.xml_2026032312.xml] destination [C:\ProgramData\MspPlatform\PME\ThirdPartyPatch\Downloads\Vendors.xml]
[5] 2026-03-25 09:43:09,444 DEBUG Download completed successfully. 
[5] 2026-03-25 09:43:09,446 DEBUG FileCacheServiceAgentDownloader.HandleDownloadResult => File was downloaded as "C:\ProgramData\MspPlatform\PME\ThirdPartyPatch\Downloads\Vendors.xml" with status "Complete"
[1] 2026-03-25 09:43:09,701 DEBUG DownloaderFactory.GetDownloader => Can connect to https://sis.n-able.com/ using FileCacheServiceAgentDownloader
[1] 2026-03-25 09:43:09,703 DEBUG FileCacheServiceAgentDownloader.DownloadFile => url = https://sis.n-able.com/3rdPartySw/ThirdPartySoftware.xml, fileName = C:\ProgramData\MspPlatform\PME\ThirdPartyPatch\Downloads\ThirdPartySoftware.xml
[1] 2026-03-25 09:43:09,704 DEBUG FileCacheServiceAgentDownloader.StartAsyncDownload => Submitting file https://sis.n-able.com/3rdPartySw/ThirdPartySoftware.xml...
[1] 2026-03-25 09:43:09,714 DEBUG FileCacheServiceAgentDownloader.DownloadFile => Waiting for download to be finished
[5] 2026-03-25 09:43:09,744 DEBUG FileCacheServiceAgentDownloader.RetryPolicy => File info is not available yet, trying again in 5s...
[5] 2026-03-25 09:43:14,761 DEBUG FileCacheServiceAgentDownloader.RetryPolicy => File info is not available yet, trying again in 5s...
[5] 2026-03-25 09:43:19,777 DEBUG FileCacheServiceAgentDownloader.RetryPolicy => File info is not available yet, trying again in 5s...
[5] 2026-03-25 09:43:24,782 DEBUG FileCacheServiceAgentDownloader.RetryPolicy => File info is not available yet, trying again in 15s...
[5] 2026-03-25 09:43:39,799 DEBUG FileCacheServiceAgentDownloader.HandleDownloadResult => Cache service: update is present [https___sis.n-able.com_3rdPartySw_ThirdPartySoftware.xml_2026032506] [https://sis.n-able.com/3rdPartySw/ThirdPartySoftware.xml]
[5] 2026-03-25 09:43:39,799 DEBUG downloadInfoDetails: isupdatepresent = "true" || cachedLocation = "C:\ProgramData\MspPlatform\FileCacheServiceAgent\cache\https___sis.n-able.com_3rdPartySw_ThirdPartySoftware.xml_2026032506.xml" || filename = "ThirdPartySoftware.xml" || sizeinbytes = "114857" || checksum = "cc3623b05f139a738bbdda4278e4855575b1544b" || uuid = "https___sis.n-able.com_3rdPartySw_ThirdPartySoftware.xml_2026032506" || url = "https://sis.n-able.com/3rdPartySw/ThirdPartySoftware.xml" || name = "" || kbs = "" || version = "" || architecture = "" || language = "" || cacheddatetime = "2026-3-25 9:43:30 am" || downloadFailed = "false" || 
[5] 2026-03-25 09:43:39,800 DEBUG FileCacheServiceAgentDownloader.HandleDownloadResult => Downloading file (https___sis.n-able.com_3rdPartySw_ThirdPartySoftware.xml_2026032506, C:\ProgramData\MspPlatform\FileCacheServiceAgent\cache\https___sis.n-able.com_3rdPartySw_ThirdPartySoftware.xml_2026032506.xml, ThirdPartySoftware.xml, 114857, C:\ProgramData\MspPlatform\PME\ThirdPartyPatch\Downloads)...
[5] 2026-03-25 09:43:39,807 DEBUG DownloadFileInBlocks Status:Complete File location [C:\ProgramData\MspPlatform\FileCacheServiceAgent\cache\https___sis.n-able.com_3rdPartySw_ThirdPartySoftware.xml_2026032506.xml] destination [C:\ProgramData\MspPlatform\PME\ThirdPartyPatch\Downloads\ThirdPartySoftware.xml]
[5] 2026-03-25 09:43:39,807 DEBUG Download completed successfully. 
[5] 2026-03-25 09:43:39,807 DEBUG FileCacheServiceAgentDownloader.HandleDownloadResult => File was downloaded as "C:\ProgramData\MspPlatform\PME\ThirdPartyPatch\Downloads\ThirdPartySoftware.xml" with status "Complete"
[1] 2026-03-25 09:43:40,419 DEBUG DownloaderFactory.GetDownloader => Can connect to https://sis.n-able.com/ using FileCacheServiceAgentDownloader
[1] 2026-03-25 09:43:40,420 DEBUG FileCacheServiceAgentDownloader.DownloadFile => url = https://sis.n-able.com/3rdPartySw/OS/WIN/Applications/Google/Chrome.zip, fileName = C:\ProgramData\MspPlatform\PME\ThirdPartyPatch\Downloads\Chrome.zip
[1] 2026-03-25 09:43:40,420 DEBUG FileCacheServiceAgentDownloader.StartAsyncDownload => Submitting file https://sis.n-able.com/3rdPartySw/OS/WIN/Applications/Google/Chrome.zip...
[1] 2026-03-25 09:43:40,420 DEBUG FileCacheServiceAgentDownloader.DownloadFile => Waiting for download to be finished
[5] 2026-03-25 09:43:40,423 DEBUG FileCacheServiceAgentDownloader.RetryPolicy => File info is not available yet, trying again in 5s...
[5] 2026-03-25 09:43:45,432 DEBUG FileCacheServiceAgentDownloader.RetryPolicy => File info is not available yet, trying again in 5s...
[5] 2026-03-25 09:43:50,444 DEBUG FileCacheServiceAgentDownloader.HandleDownloadResult => Cache service: update is present [https___sis.n-able.com_3rdPartySw_OS_WIN_Applications_Google_Chrome.zip_2026032506] [https://sis.n-able.com/3rdPartySw/OS/WIN/Applications/Google/Chrome.zip]
[5] 2026-03-25 09:43:50,445 DEBUG downloadInfoDetails: isupdatepresent = "true" || cachedLocation = "C:\ProgramData\MspPlatform\FileCacheServiceAgent\cache\https___sis.n-able.com_3rdPartySw_OS_WIN_Applications_Google_Chrome.zip_2026032506.zip" || filename = "Chrome.zip" || sizeinbytes = "16067" || checksum = "e3c00dd1f52987918c7fc14d50a3f52741243998" || uuid = "https___sis.n-able.com_3rdPartySw_OS_WIN_Applications_Google_Chrome.zip_2026032506" || url = "https://sis.n-able.com/3rdPartySw/OS/WIN/Applications/Google/Chrome.zip" || name = "" || kbs = "" || version = "" || architecture = "" || language = "" || cacheddatetime = "2026-3-25 9:43:45 am" || downloadFailed = "false" || 
[5] 2026-03-25 09:43:50,445 DEBUG FileCacheServiceAgentDownloader.HandleDownloadResult => Downloading file (https___sis.n-able.com_3rdPartySw_OS_WIN_Applications_Google_Chrome.zip_2026032506, C:\ProgramData\MspPlatform\FileCacheServiceAgent\cache\https___sis.n-able.com_3rdPartySw_OS_WIN_Applications_Google_Chrome.zip_2026032506.zip, Chrome.zip, 16067, C:\ProgramData\MspPlatform\PME\ThirdPartyPatch\Downloads)...
[5] 2026-03-25 09:43:50,447 DEBUG DownloadFileInBlocks Status:Complete File location [C:\ProgramData\MspPlatform\FileCacheServiceAgent\cache\https___sis.n-able.com_3rdPartySw_OS_WIN_Applications_Google_Chrome.zip_2026032506.zip] destination [C:\ProgramData\MspPlatform\PME\ThirdPartyPatch\Downloads\Chrome.zip]
[5] 2026-03-25 09:43:50,448 DEBUG Download completed successfully. 
[5] 2026-03-25 09:43:50,448 DEBUG FileCacheServiceAgentDownloader.HandleDownloadResult => File was downloaded as "C:\ProgramData\MspPlatform\PME\ThirdPartyPatch\Downloads\Chrome.zip" with status "Complete"
[1] 2026-03-25 09:43:50,534 DEBUG DownloaderFactory.GetDownloader => Can connect to https://sis.n-able.com/ using FileCacheServiceAgentDownloader
[1] 2026-03-25 09:43:50,535 DEBUG FileCacheServiceAgentDownloader.DownloadFile => url = https://sis.n-able.com/3rdPartySw/OS/WIN/Applications/Microsoft/Microsoft Edge.zip, fileName = C:\ProgramData\MspPlatform\PME\ThirdPartyPatch\Downloads\Microsoft Edge.zip
[1] 2026-03-25 09:43:50,536 DEBUG FileCacheServiceAgentDownloader.StartAsyncDownload => Submitting file https://sis.n-able.com/3rdPartySw/OS/WIN/Applications/Microsoft/Microsoft Edge.zip...
[1] 2026-03-25 09:43:50,537 DEBUG FileCacheServiceAgentDownloader.DownloadFile => Waiting for download to be finished
[5] 2026-03-25 09:43:50,539 DEBUG FileCacheServiceAgentDownloader.RetryPolicy => File info is not available yet, trying again in 5s...
[5] 2026-03-25 09:43:55,554 DEBUG FileCacheServiceAgentDownloader.RetryPolicy => File info is not available yet, trying again in 5s...
[5] 2026-03-25 09:44:00,560 DEBUG FileCacheServiceAgentDownloader.HandleDownloadResult => Cache service: update is present [https___sis.n-able.com_3rdPartySw_OS_WIN_Applications_Microsoft_Microsoft Edge.zip_2026032506] [https://sis.n-able.com/3rdPartySw/OS/WIN/Applications/Microsoft/Microsoft Edge.zip]
[5] 2026-03-25 09:44:00,562 DEBUG downloadInfoDetails: isupdatepresent = "true" || cachedLocation = "C:\ProgramData\MspPlatform\FileCacheServiceAgent\cache\https___sis.n-able.com_3rdPartySw_OS_WIN_Applications_Microsoft_Microsoft Edge.zip_2026032506.zip" || filename = "Microsoft Edge.zip" || sizeinbytes = "9248" || checksum = "63bd7704234080c583083404a891ec16a6726fb5" || uuid = "https___sis.n-able.com_3rdPartySw_OS_WIN_Applications_Microsoft_Microsoft Edge.zip_2026032506" || url = "https://sis.n-able.com/3rdPartySw/OS/WIN/Applications/Microsoft/Microsoft Edge.zip" || name = "" || kbs = "" || version = "" || architecture = "" || language = "" || cacheddatetime = "2026-3-25 9:43:55 am" || downloadFailed = "false" || 
[5] 2026-03-25 09:44:00,562 DEBUG FileCacheServiceAgentDownloader.HandleDownloadResult => Downloading file (https___sis.n-able.com_3rdPartySw_OS_WIN_Applications_Microsoft_Microsoft Edge.zip_2026032506, C:\ProgramData\MspPlatform\FileCacheServiceAgent\cache\https___sis.n-able.com_3rdPartySw_OS_WIN_Applications_Microsoft_Microsoft Edge.zip_2026032506.zip, Microsoft Edge.zip, 9248, C:\ProgramData\MspPlatform\PME\ThirdPartyPatch\Downloads)...
[5] 2026-03-25 09:44:00,564 DEBUG DownloadFileInBlocks Status:Complete File location [C:\ProgramData\MspPlatform\FileCacheServiceAgent\cache\https___sis.n-able.com_3rdPartySw_OS_WIN_Applications_Microsoft_Microsoft Edge.zip_2026032506.zip] destination [C:\ProgramData\MspPlatform\PME\ThirdPartyPatch\Downloads\Microsoft Edge.zip]
[5] 2026-03-25 09:44:00,564 DEBUG Download completed successfully. 
[5] 2026-03-25 09:44:00,565 DEBUG FileCacheServiceAgentDownloader.HandleDownloadResult => File was downloaded as "C:\ProgramData\MspPlatform\PME\ThirdPartyPatch\Downloads\Microsoft Edge.zip" with status "Complete"
[1] 2026-03-25 09:45:17,458 DEBUG DownloaderFactory.GetDownloader => Can connect to https://sis.n-able.com/ using FileCacheServiceAgentDownloader
[1] 2026-03-25 09:45:17,459 DEBUG FileCacheServiceAgentDownloader.DownloadFile => url = https://sis.n-able.com/Repository.xml, fileName = C:\ProgramData\MspPlatform\PME\ThirdPartyPatch\Downloads\Repository.xml
[1] 2026-03-25 09:45:17,460 DEBUG FileCacheServiceAgentDownloader.StartAsyncDownload => Submitting file https://sis.n-able.com/Repository.xml...
[1] 2026-03-25 09:45:17,471 DEBUG FileCacheServiceAgentDownloader.DownloadFile => Waiting for download to be finished
[5] 2026-03-25 09:45:17,698 DEBUG FileCacheServiceAgentDownloader.RetryPolicy => File info is not available yet, trying again in 5s...
[5] 2026-03-25 09:45:22,713 DEBUG FileCacheServiceAgentDownloader.RetryPolicy => File info is not available yet, trying again in 5s...
[5] 2026-03-25 09:45:27,718 DEBUG FileCacheServiceAgentDownloader.HandleDownloadResult => Cache service: update is present [https___sis.n-able.com_Repository.xml_2026032506] [https://sis.n-able.com/Repository.xml]
[5] 2026-03-25 09:45:27,719 DEBUG downloadInfoDetails: isupdatepresent = "true" || cachedLocation = "C:\ProgramData\MspPlatform\FileCacheServiceAgent\cache\https___sis.n-able.com_Repository.xml_2026032506.xml" || filename = "Repository.xml" || sizeinbytes = "5391" || checksum = "0d9341ac62a3ccee2dd1c65c061ec1a83f13fe10" || uuid = "https___sis.n-able.com_Repository.xml_2026032506" || url = "https://sis.n-able.com/Repository.xml" || name = "" || kbs = "" || version = "" || architecture = "" || language = "" || cacheddatetime = "2026-3-25 9:45:23 am" || downloadFailed = "false" || 
[5] 2026-03-25 09:45:27,720 DEBUG FileCacheServiceAgentDownloader.HandleDownloadResult => Downloading file (https___sis.n-able.com_Repository.xml_2026032506, C:\ProgramData\MspPlatform\FileCacheServiceAgent\cache\https___sis.n-able.com_Repository.xml_2026032506.xml, Repository.xml, 5391, C:\ProgramData\MspPlatform\PME\ThirdPartyPatch\Downloads)...
[5] 2026-03-25 09:45:27,730 DEBUG DownloadFileInBlocks Status:Complete File location [C:\ProgramData\MspPlatform\FileCacheServiceAgent\cache\https___sis.n-able.com_Repository.xml_2026032506.xml] destination [C:\ProgramData\MspPlatform\PME\ThirdPartyPatch\Downloads\Repository.xml]
[5] 2026-03-25 09:45:27,730 DEBUG Download completed successfully. 
[5] 2026-03-25 09:45:27,731 DEBUG FileCacheServiceAgentDownloader.HandleDownloadResult => File was downloaded as "C:\ProgramData\MspPlatform\PME\ThirdPartyPatch\Downloads\Repository.xml" with status "Complete"
[1] 2026-03-25 09:45:28,635 DEBUG DownloaderFactory.GetDownloader => Can connect to https://sis.n-able.com/ using FileCacheServiceAgentDownloader
[1] 2026-03-25 09:45:28,637 DEBUG FileCacheServiceAgentDownloader.DownloadFile => url = https://sis.n-able.com/3rdPartySw/OS/WIN/Applications/Microsoft/OneDrive.zip, fileName = C:\ProgramData\MspPlatform\PME\ThirdPartyPatch\Downloads\OneDrive.zip
[1] 2026-03-25 09:45:28,637 DEBUG FileCacheServiceAgentDownloader.StartAsyncDownload => Submitting file https://sis.n-able.com/3rdPartySw/OS/WIN/Applications/Microsoft/OneDrive.zip...
[1] 2026-03-25 09:45:28,638 DEBUG FileCacheServiceAgentDownloader.DownloadFile => Waiting for download to be finished
[6] 2026-03-25 09:45:28,643 DEBUG FileCacheServiceAgentDownloader.RetryPolicy => File info is not available yet, trying again in 5s...
[6] 2026-03-25 09:45:33,650 DEBUG FileCacheServiceAgentDownloader.RetryPolicy => File info is not available yet, trying again in 5s...
[6] 2026-03-25 09:45:38,662 DEBUG FileCacheServiceAgentDownloader.HandleDownloadResult => Cache service: update is present [https___sis.n-able.com_3rdPartySw_OS_WIN_Applications_Microsoft_OneDrive.zip_2026032506] [https://sis.n-able.com/3rdPartySw/OS/WIN/Applications/Microsoft/OneDrive.zip]
[6] 2026-03-25 09:45:38,662 DEBUG downloadInfoDetails: isupdatepresent = "true" || cachedLocation = "C:\ProgramData\MspPlatform\FileCacheServiceAgent\cache\https___sis.n-able.com_3rdPartySw_OS_WIN_Applications_Microsoft_OneDrive.zip_2026032506.zip" || filename = "OneDrive.zip" || sizeinbytes = "32401" || checksum = "f4ceb4f19f66e83a921d5fc6d25743a1a2cbaa70" || uuid = "https___sis.n-able.com_3rdPartySw_OS_WIN_Applications_Microsoft_OneDrive.zip_2026032506" || url = "https://sis.n-able.com/3rdPartySw/OS/WIN/Applications/Microsoft/OneDrive.zip" || name = "" || kbs = "" || version = "" || architecture = "" || language = "" || cacheddatetime = "2026-3-25 9:45:34 am" || downloadFailed = "false" || 
[6] 2026-03-25 09:45:38,663 DEBUG FileCacheServiceAgentDownloader.HandleDownloadResult => Downloading file (https___sis.n-able.com_3rdPartySw_OS_WIN_Applications_Microsoft_OneDrive.zip_2026032506, C:\ProgramData\MspPlatform\FileCacheServiceAgent\cache\https___sis.n-able.com_3rdPartySw_OS_WIN_Applications_Microsoft_OneDrive.zip_2026032506.zip, OneDrive.zip, 32401, C:\ProgramData\MspPlatform\PME\ThirdPartyPatch\Downloads)...
[6] 2026-03-25 09:45:38,666 DEBUG DownloadFileInBlocks Status:Complete File location [C:\ProgramData\MspPlatform\FileCacheServiceAgent\cache\https___sis.n-able.com_3rdPartySw_OS_WIN_Applications_Microsoft_OneDrive.zip_2026032506.zip] destination [C:\ProgramData\MspPlatform\PME\ThirdPartyPatch\Downloads\OneDrive.zip]
[6] 2026-03-25 09:45:38,667 DEBUG Download completed successfully. 
[6] 2026-03-25 09:45:38,667 DEBUG FileCacheServiceAgentDownloader.HandleDownloadResult => File was downloaded as "C:\ProgramData\MspPlatform\PME\ThirdPartyPatch\Downloads\OneDrive.zip" with status "Complete"
[1] 2026-03-25 09:45:38,825 DEBUG DownloaderFactory.GetDownloader => Can connect to https://sis.n-able.com/ using FileCacheServiceAgentDownloader
[1] 2026-03-25 09:45:38,825 DEBUG FileCacheServiceAgentDownloader.DownloadFile => url = https://sis.n-able.com/3rdPartySw/OS/WIN/Applications/Google/Google Drive.zip, fileName = C:\ProgramData\MspPlatform\PME\ThirdPartyPatch\Downloads\Google Drive.zip
[1] 2026-03-25 09:45:38,826 DEBUG FileCacheServiceAgentDownloader.StartAsyncDownload => Submitting file https://sis.n-able.com/3rdPartySw/OS/WIN/Applications/Google/Google Drive.zip...
[1] 2026-03-25 09:45:38,827 DEBUG FileCacheServiceAgentDownloader.DownloadFile => Waiting for download to be finished
[5] 2026-03-25 09:45:38,829 DEBUG FileCacheServiceAgentDownloader.RetryPolicy => File info is not available yet, trying again in 5s...
[5] 2026-03-25 09:45:43,846 DEBUG FileCacheServiceAgentDownloader.RetryPolicy => File info is not available yet, trying again in 5s...
[5] 2026-03-25 09:45:48,856 DEBUG FileCacheServiceAgentDownloader.HandleDownloadResult => Cache service: update is present [https___sis.n-able.com_3rdPartySw_OS_WIN_Applications_Google_Google Drive.zip_2026032506] [https://sis.n-able.com/3rdPartySw/OS/WIN/Applications/Google/Google Drive.zip]
[5] 2026-03-25 09:45:48,858 DEBUG downloadInfoDetails: isupdatepresent = "true" || cachedLocation = "C:\ProgramData\MspPlatform\FileCacheServiceAgent\cache\https___sis.n-able.com_3rdPartySw_OS_WIN_Applications_Google_Google Drive.zip_2026032506.zip" || filename = "Google Drive.zip" || sizeinbytes = "27612" || checksum = "b0ab36ca62742bbbe75dd93777de41698be9eeb1" || uuid = "https___sis.n-able.com_3rdPartySw_OS_WIN_Applications_Google_Google Drive.zip_2026032506" || url = "https://sis.n-able.com/3rdPartySw/OS/WIN/Applications/Google/Google Drive.zip" || name = "" || kbs = "" || version = "" || architecture = "" || language = "" || cacheddatetime = "2026-3-25 9:45:44 am" || downloadFailed = "false" || 
[5] 2026-03-25 09:45:48,858 DEBUG FileCacheServiceAgentDownloader.HandleDownloadResult => Downloading file (https___sis.n-able.com_3rdPartySw_OS_WIN_Applications_Google_Google Drive.zip_2026032506, C:\ProgramData\MspPlatform\FileCacheServiceAgent\cache\https___sis.n-able.com_3rdPartySw_OS_WIN_Applications_Google_Google Drive.zip_2026032506.zip, Google Drive.zip, 27612, C:\ProgramData\MspPlatform\PME\ThirdPartyPatch\Downloads)...
[5] 2026-03-25 09:45:48,863 DEBUG DownloadFileInBlocks Status:Complete File location [C:\ProgramData\MspPlatform\FileCacheServiceAgent\cache\https___sis.n-able.com_3rdPartySw_OS_WIN_Applications_Google_Google Drive.zip_2026032506.zip] destination [C:\ProgramData\MspPlatform\PME\ThirdPartyPatch\Downloads\Google Drive.zip]
[5] 2026-03-25 09:45:48,863 DEBUG Download completed successfully. 
[5] 2026-03-25 09:45:48,864 DEBUG FileCacheServiceAgentDownloader.HandleDownloadResult => File was downloaded as "C:\ProgramData\MspPlatform\PME\ThirdPartyPatch\Downloads\Google Drive.zip" with status "Complete"
[1] 2026-03-25 09:45:49,314 DEBUG DownloaderFactory.GetDownloader => Can connect to https://sis.n-able.com/ using FileCacheServiceAgentDownloader
[1] 2026-03-25 09:45:49,315 DEBUG FileCacheServiceAgentDownloader.DownloadFile => url = https://sis.n-able.com/Repository.xml, fileName = C:\ProgramData\MspPlatform\PME\ThirdPartyPatch\Downloads\Repository.xml
[1] 2026-03-25 09:45:49,317 DEBUG FileCacheServiceAgentDownloader.StartAsyncDownload => Submitting file https://sis.n-able.com/Repository.xml...
[1] 2026-03-25 09:45:49,330 DEBUG FileCacheServiceAgentDownloader.DownloadFile => Waiting for download to be finished
[5] 2026-03-25 09:45:49,355 DEBUG FileCacheServiceAgentDownloader.HandleDownloadResult => Cache service: update is present [https___sis.n-able.com_Repository.xml_2026032506] [https://sis.n-able.com/Repository.xml]
[5] 2026-03-25 09:45:49,357 DEBUG downloadInfoDetails: isupdatepresent = "true" || cachedLocation = "C:\ProgramData\MspPlatform\FileCacheServiceAgent\cache\https___sis.n-able.com_Repository.xml_2026032506.xml" || filename = "Repository.xml" || sizeinbytes = "5391" || checksum = "0d9341ac62a3ccee2dd1c65c061ec1a83f13fe10" || uuid = "https___sis.n-able.com_Repository.xml_2026032506" || url = "https://sis.n-able.com/Repository.xml" || name = "" || kbs = "" || version = "" || architecture = "" || language = "" || cacheddatetime = "2026-3-25 9:45:23 am" || downloadFailed = "false" || 
[5] 2026-03-25 09:45:49,357 DEBUG FileCacheServiceAgentDownloader.HandleDownloadResult => Downloading file (https___sis.n-able.com_Repository.xml_2026032506, C:\ProgramData\MspPlatform\FileCacheServiceAgent\cache\https___sis.n-able.com_Repository.xml_2026032506.xml, Repository.xml, 5391, C:\ProgramData\MspPlatform\PME\ThirdPartyPatch\Downloads)...
[5] 2026-03-25 09:45:49,363 DEBUG DownloadFileInBlocks Status:Complete File location [C:\ProgramData\MspPlatform\FileCacheServiceAgent\cache\https___sis.n-able.com_Repository.xml_2026032506.xml] destination [C:\ProgramData\MspPlatform\PME\ThirdPartyPatch\Downloads\Repository.xml]
[5] 2026-03-25 09:45:49,363 DEBUG Download completed successfully. 
[5] 2026-03-25 09:45:49,363 DEBUG FileCacheServiceAgentDownloader.HandleDownloadResult => File was downloaded as "C:\ProgramData\MspPlatform\PME\ThirdPartyPatch\Downloads\Repository.xml" with status "Complete"
[1] 2026-03-25 09:46:43,557 DEBUG DownloaderFactory.GetDownloader => Can connect to https://sis.n-able.com/ using FileCacheServiceAgentDownloader
[1] 2026-03-25 09:46:43,558 DEBUG FileCacheServiceAgentDownloader.DownloadFile => url = https://sis.n-able.com/Repository.xml, fileName = C:\ProgramData\MspPlatform\PME\ThirdPartyPatch\Downloads\Repository.xml
[1] 2026-03-25 09:46:43,560 DEBUG FileCacheServiceAgentDownloader.StartAsyncDownload => Submitting file https://sis.n-able.com/Repository.xml...
[1] 2026-03-25 09:46:43,580 DEBUG FileCacheServiceAgentDownloader.DownloadFile => Waiting for download to be finished
[5] 2026-03-25 09:46:43,637 DEBUG FileCacheServiceAgentDownloader.HandleDownloadResult => Cache service: update is present [https___sis.n-able.com_Repository.xml_2026032506] [https://sis.n-able.com/Repository.xml]
[5] 2026-03-25 09:46:43,638 DEBUG downloadInfoDetails: isupdatepresent = "true" || cachedLocation = "C:\ProgramData\MspPlatform\FileCacheServiceAgent\cache\https___sis.n-able.com_Repository.xml_2026032506.xml" || filename = "Repository.xml" || sizeinbytes = "5391" || checksum = "0d9341ac62a3ccee2dd1c65c061ec1a83f13fe10" || uuid = "https___sis.n-able.com_Repository.xml_2026032506" || url = "https://sis.n-able.com/Repository.xml" || name = "" || kbs = "" || version = "" || architecture = "" || language = "" || cacheddatetime = "2026-3-25 9:45:23 am" || downloadFailed = "false" || 
[5] 2026-03-25 09:46:43,639 DEBUG FileCacheServiceAgentDownloader.HandleDownloadResult => Downloading file (https___sis.n-able.com_Repository.xml_2026032506, C:\ProgramData\MspPlatform\FileCacheServiceAgent\cache\https___sis.n-able.com_Repository.xml_2026032506.xml, Repository.xml, 5391, C:\ProgramData\MspPlatform\PME\ThirdPartyPatch\Downloads)...
[5] 2026-03-25 09:46:43,653 DEBUG DownloadFileInBlocks Status:Complete File location [C:\ProgramData\MspPlatform\FileCacheServiceAgent\cache\https___sis.n-able.com_Repository.xml_2026032506.xml] destination [C:\ProgramData\MspPlatform\PME\ThirdPartyPatch\Downloads\Repository.xml]
[5] 2026-03-25 09:46:43,654 DEBUG Download completed successfully. 
[5] 2026-03-25 09:46:43,655 DEBUG FileCacheServiceAgentDownloader.HandleDownloadResult => File was downloaded as "C:\ProgramData\MspPlatform\PME\ThirdPartyPatch\Downloads\Repository.xml" with status "Complete"
[1] 2026-03-25 09:46:45,660 DEBUG DownloaderFactory.GetDownloader => Can connect to https://sis.n-able.com/ using FileCacheServiceAgentDownloader
[1] 2026-03-25 09:46:45,661 DEBUG FileCacheServiceAgentDownloader.DownloadFile => url = https://sis.n-able.com/Repository.xml, fileName = C:\ProgramData\MspPlatform\PME\ThirdPartyPatch\Downloads\Repository.xml
[1] 2026-03-25 09:46:45,663 DEBUG FileCacheServiceAgentDownloader.StartAsyncDownload => Submitting file https://sis.n-able.com/Repository.xml...
[1] 2026-03-25 09:46:45,682 DEBUG FileCacheServiceAgentDownloader.DownloadFile => Waiting for download to be finished
[5] 2026-03-25 09:46:45,732 DEBUG FileCacheServiceAgentDownloader.HandleDownloadResult => Cache service: update is present [https___sis.n-able.com_Repository.xml_2026032506] [https://sis.n-able.com/Repository.xml]
[5] 2026-03-25 09:46:45,733 DEBUG downloadInfoDetails: isupdatepresent = "true" || cachedLocation = "C:\ProgramData\MspPlatform\FileCacheServiceAgent\cache\https___sis.n-able.com_Repository.xml_2026032506.xml" || filename = "Repository.xml" || sizeinbytes = "5391" || checksum = "0d9341ac62a3ccee2dd1c65c061ec1a83f13fe10" || uuid = "https___sis.n-able.com_Repository.xml_2026032506" || url = "https://sis.n-able.com/Repository.xml" || name = "" || kbs = "" || version = "" || architecture = "" || language = "" || cacheddatetime = "2026-3-25 9:45:23 am" || downloadFailed = "false" || 
[5] 2026-03-25 09:46:45,734 DEBUG FileCacheServiceAgentDownloader.HandleDownloadResult => Downloading file (https___sis.n-able.com_Repository.xml_2026032506, C:\ProgramData\MspPlatform\FileCacheServiceAgent\cache\https___sis.n-able.com_Repository.xml_2026032506.xml, Repository.xml, 5391, C:\ProgramData\MspPlatform\PME\ThirdPartyPatch\Downloads)...
[5] 2026-03-25 09:46:45,747 DEBUG DownloadFileInBlocks Status:Complete File location [C:\ProgramData\MspPlatform\FileCacheServiceAgent\cache\https___sis.n-able.com_Repository.xml_2026032506.xml] destination [C:\ProgramData\MspPlatform\PME\ThirdPartyPatch\Downloads\Repository.xml]
[5] 2026-03-25 09:46:45,748 DEBUG Download completed successfully. 
[5] 2026-03-25 09:46:45,749 DEBUG FileCacheServiceAgentDownloader.HandleDownloadResult => File was downloaded as "C:\ProgramData\MspPlatform\PME\ThirdPartyPatch\Downloads\Repository.xml" with status "Complete"
[1] 2026-03-25 09:48:57,813 DEBUG DownloaderFactory.GetDownloader => Can connect to https://sis.n-able.com/ using FileCacheServiceAgentDownloader
[1] 2026-03-25 09:48:57,813 DEBUG FileCacheServiceAgentDownloader.DownloadFile => url = https://sis.n-able.com/Repository.xml, fileName = C:\ProgramData\MspPlatform\PME\ThirdPartyPatch\Downloads\Repository.xml
[1] 2026-03-25 09:48:57,813 DEBUG FileCacheServiceAgentDownloader.StartAsyncDownload => Submitting file https://sis.n-able.com/Repository.xml...
[1] 2026-03-25 09:48:57,824 DEBUG FileCacheServiceAgentDownloader.DownloadFile => Waiting for download to be finished
[5] 2026-03-25 09:48:57,849 DEBUG FileCacheServiceAgentDownloader.HandleDownloadResult => Cache service: update is present [https___sis.n-able.com_Repository.xml_2026032506] [https://sis.n-able.com/Repository.xml]
[5] 2026-03-25 09:48:57,850 DEBUG downloadInfoDetails: isupdatepresent = "true" || cachedLocation = "C:\ProgramData\MspPlatform\FileCacheServiceAgent\cache\https___sis.n-able.com_Repository.xml_2026032506.xml" || filename = "Repository.xml" || sizeinbytes = "5391" || checksum = "0d9341ac62a3ccee2dd1c65c061ec1a83f13fe10" || uuid = "https___sis.n-able.com_Repository.xml_2026032506" || url = "https://sis.n-able.com/Repository.xml" || name = "" || kbs = "" || version = "" || architecture = "" || language = "" || cacheddatetime = "2026-3-25 9:45:23 am" || downloadFailed = "false" || 
[5] 2026-03-25 09:48:57,850 DEBUG FileCacheServiceAgentDownloader.HandleDownloadResult => Downloading file (https___sis.n-able.com_Repository.xml_2026032506, C:\ProgramData\MspPlatform\FileCacheServiceAgent\cache\https___sis.n-able.com_Repository.xml_2026032506.xml, Repository.xml, 5391, C:\ProgramData\MspPlatform\PME\ThirdPartyPatch\Downloads)...
[5] 2026-03-25 09:48:57,856 DEBUG DownloadFileInBlocks Status:Complete File location [C:\ProgramData\MspPlatform\FileCacheServiceAgent\cache\https___sis.n-able.com_Repository.xml_2026032506.xml] destination [C:\ProgramData\MspPlatform\PME\ThirdPartyPatch\Downloads\Repository.xml]
[5] 2026-03-25 09:48:57,857 DEBUG Download completed successfully. 
[5] 2026-03-25 09:48:57,857 DEBUG FileCacheServiceAgentDownloader.HandleDownloadResult => File was downloaded as "C:\ProgramData\MspPlatform\PME\ThirdPartyPatch\Downloads\Repository.xml" with status "Complete"
[1] 2026-03-25 09:48:58,800 DEBUG DownloaderFactory.GetDownloader => Can connect to https://sis.n-able.com/ using FileCacheServiceAgentDownloader
[1] 2026-03-25 09:48:58,831 DEBUG FileCacheServiceAgentDownloader.DownloadFile => url = https://sis.n-able.com/Repository.xml, fileName = C:\ProgramData\MspPlatform\PME\ThirdPartyPatch\Downloads\Repository.xml
[1] 2026-03-25 09:48:58,832 DEBUG FileCacheServiceAgentDownloader.StartAsyncDownload => Submitting file https://sis.n-able.com/Repository.xml...
[1] 2026-03-25 09:48:58,845 DEBUG FileCacheServiceAgentDownloader.DownloadFile => Waiting for download to be finished
[5] 2026-03-25 09:48:58,875 DEBUG FileCacheServiceAgentDownloader.HandleDownloadResult => Cache service: update is present [https___sis.n-able.com_Repository.xml_2026032506] [https://sis.n-able.com/Repository.xml]
[5] 2026-03-25 09:48:58,876 DEBUG downloadInfoDetails: isupdatepresent = "true" || cachedLocation = "C:\ProgramData\MspPlatform\FileCacheServiceAgent\cache\https___sis.n-able.com_Repository.xml_2026032506.xml" || filename = "Repository.xml" || sizeinbytes = "5391" || checksum = "0d9341ac62a3ccee2dd1c65c061ec1a83f13fe10" || uuid = "https___sis.n-able.com_Repository.xml_2026032506" || url = "https://sis.n-able.com/Repository.xml" || name = "" || kbs = "" || version = "" || architecture = "" || language = "" || cacheddatetime = "2026-3-25 9:45:23 am" || downloadFailed = "false" || 
[5] 2026-03-25 09:48:58,876 DEBUG FileCacheServiceAgentDownloader.HandleDownloadResult => Downloading file (https___sis.n-able.com_Repository.xml_2026032506, C:\ProgramData\MspPlatform\FileCacheServiceAgent\cache\https___sis.n-able.com_Repository.xml_2026032506.xml, Repository.xml, 5391, C:\ProgramData\MspPlatform\PME\ThirdPartyPatch\Downloads)...
[5] 2026-03-25 09:48:58,882 DEBUG DownloadFileInBlocks Status:Complete File location [C:\ProgramData\MspPlatform\FileCacheServiceAgent\cache\https___sis.n-able.com_Repository.xml_2026032506.xml] destination [C:\ProgramData\MspPlatform\PME\ThirdPartyPatch\Downloads\Repository.xml]
[5] 2026-03-25 09:48:58,883 DEBUG Download completed successfully. 
[5] 2026-03-25 09:48:58,883 DEBUG FileCacheServiceAgentDownloader.HandleDownloadResult => File was downloaded as "C:\ProgramData\MspPlatform\PME\ThirdPartyPatch\Downloads\Repository.xml" with status "Complete"
[1] 2026-03-25 14:32:52,538 DEBUG DownloaderFactory.GetDownloader => Can connect to https://sis.n-able.com/ using FileCacheServiceAgentDownloader
[1] 2026-03-25 14:32:52,569 DEBUG FileCacheServiceAgentDownloader.DownloadFile => url = https://sis.n-able.com/Repository.xml, fileName = C:\ProgramData\MspPlatform\PME\ThirdPartyPatch\Downloads\Repository.xml
[1] 2026-03-25 14:32:52,570 DEBUG FileCacheServiceAgentDownloader.StartAsyncDownload => Submitting file https://sis.n-able.com/Repository.xml...
[1] 2026-03-25 14:32:52,580 DEBUG FileCacheServiceAgentDownloader.DownloadFile => Waiting for download to be finished
[5] 2026-03-25 14:32:52,605 DEBUG FileCacheServiceAgentDownloader.RetryPolicy => File info is not available yet, trying again in 5s...
[5] 2026-03-25 14:32:57,623 DEBUG FileCacheServiceAgentDownloader.RetryPolicy => File info is not available yet, trying again in 5s...
[5] 2026-03-25 14:33:02,628 DEBUG FileCacheServiceAgentDownloader.HandleDownloadResult => Cache service: update is present [https___sis.n-able.com_Repository.xml_2026032512] [https://sis.n-able.com/Repository.xml]
[5] 2026-03-25 14:33:02,629 DEBUG downloadInfoDetails: isupdatepresent = "true" || cachedLocation = "C:\ProgramData\MspPlatform\FileCacheServiceAgent\cache\https___sis.n-able.com_Repository.xml_2026032512.xml" || filename = "Repository.xml" || sizeinbytes = "5391" || checksum = "0d9341ac62a3ccee2dd1c65c061ec1a83f13fe10" || uuid = "https___sis.n-able.com_Repository.xml_2026032512" || url = "https://sis.n-able.com/Repository.xml" || name = "" || kbs = "" || version = "" || architecture = "" || language = "" || cacheddatetime = "2026-3-25 14:32:58 pm" || downloadFailed = "false" || 
[5] 2026-03-25 14:33:02,629 DEBUG FileCacheServiceAgentDownloader.HandleDownloadResult => Downloading file (https___sis.n-able.com_Repository.xml_2026032512, C:\ProgramData\MspPlatform\FileCacheServiceAgent\cache\https___sis.n-able.com_Repository.xml_2026032512.xml, Repository.xml, 5391, C:\ProgramData\MspPlatform\PME\ThirdPartyPatch\Downloads)...
[5] 2026-03-25 14:33:02,639 DEBUG DownloadFileInBlocks Status:Complete File location [C:\ProgramData\MspPlatform\FileCacheServiceAgent\cache\https___sis.n-able.com_Repository.xml_2026032512.xml] destination [C:\ProgramData\MspPlatform\PME\ThirdPartyPatch\Downloads\Repository.xml]
[5] 2026-03-25 14:33:02,639 DEBUG Download completed successfully. 
[5] 2026-03-25 14:33:02,640 DEBUG FileCacheServiceAgentDownloader.HandleDownloadResult => File was downloaded as "C:\ProgramData\MspPlatform\PME\ThirdPartyPatch\Downloads\Repository.xml" with status "Complete"
[1] 2026-03-25 14:33:04,226 DEBUG DownloaderFactory.GetDownloader => Can connect to https://sis.n-able.com/ using FileCacheServiceAgentDownloader
[1] 2026-03-25 14:33:04,226 DEBUG FileCacheServiceAgentDownloader.DownloadFile => url = https://sis.n-able.com/Repository.xml, fileName = C:\ProgramData\MspPlatform\PME\ThirdPartyPatch\Downloads\Repository.xml
[1] 2026-03-25 14:33:04,227 DEBUG FileCacheServiceAgentDownloader.StartAsyncDownload => Submitting file https://sis.n-able.com/Repository.xml...
[1] 2026-03-25 14:33:04,237 DEBUG FileCacheServiceAgentDownloader.DownloadFile => Waiting for download to be finished
[5] 2026-03-25 14:33:04,260 DEBUG FileCacheServiceAgentDownloader.HandleDownloadResult => Cache service: update is present [https___sis.n-able.com_Repository.xml_2026032512] [https://sis.n-able.com/Repository.xml]
[5] 2026-03-25 14:33:04,261 DEBUG downloadInfoDetails: isupdatepresent = "true" || cachedLocation = "C:\ProgramData\MspPlatform\FileCacheServiceAgent\cache\https___sis.n-able.com_Repository.xml_2026032512.xml" || filename = "Repository.xml" || sizeinbytes = "5391" || checksum = "0d9341ac62a3ccee2dd1c65c061ec1a83f13fe10" || uuid = "https___sis.n-able.com_Repository.xml_2026032512" || url = "https://sis.n-able.com/Repository.xml" || name = "" || kbs = "" || version = "" || architecture = "" || language = "" || cacheddatetime = "2026-3-25 14:32:58 pm" || downloadFailed = "false" || 
[5] 2026-03-25 14:33:04,261 DEBUG FileCacheServiceAgentDownloader.HandleDownloadResult => Downloading file (https___sis.n-able.com_Repository.xml_2026032512, C:\ProgramData\MspPlatform\FileCacheServiceAgent\cache\https___sis.n-able.com_Repository.xml_2026032512.xml, Repository.xml, 5391, C:\ProgramData\MspPlatform\PME\ThirdPartyPatch\Downloads)...
[5] 2026-03-25 14:33:04,267 DEBUG DownloadFileInBlocks Status:Complete File location [C:\ProgramData\MspPlatform\FileCacheServiceAgent\cache\https___sis.n-able.com_Repository.xml_2026032512.xml] destination [C:\ProgramData\MspPlatform\PME\ThirdPartyPatch\Downloads\Repository.xml]
[5] 2026-03-25 14:33:04,268 DEBUG Download completed successfully. 
[5] 2026-03-25 14:33:04,268 DEBUG FileCacheServiceAgentDownloader.HandleDownloadResult => File was downloaded as "C:\ProgramData\MspPlatform\PME\ThirdPartyPatch\Downloads\Repository.xml" with status "Complete"
[1] 2026-03-26 09:21:30,234 DEBUG DownloaderFactory.GetDownloader => Can connect to https://sis.n-able.com/ using FileCacheServiceAgentDownloader
[1] 2026-03-26 09:21:30,235 DEBUG FileCacheServiceAgentDownloader.DownloadFile => url = https://sis.n-able.com/Repository.xml, fileName = C:\ProgramData\MspPlatform\PME\ThirdPartyPatch\Downloads\Repository.xml
[1] 2026-03-26 09:21:30,236 DEBUG FileCacheServiceAgentDownloader.StartAsyncDownload => Submitting file https://sis.n-able.com/Repository.xml...
[1] 2026-03-26 09:21:30,242 DEBUG FileCacheServiceAgentDownloader.DownloadFile => Waiting for download to be finished
[5] 2026-03-26 09:21:30,260 DEBUG FileCacheServiceAgentDownloader.RetryPolicy => File info is not available yet, trying again in 5s...
[5] 2026-03-26 09:21:35,276 DEBUG FileCacheServiceAgentDownloader.RetryPolicy => File info is not available yet, trying again in 5s...
[5] 2026-03-26 09:21:40,290 DEBUG FileCacheServiceAgentDownloader.HandleDownloadResult => Cache service: update is present [https___sis.n-able.com_Repository.xml_2026032606] [https://sis.n-able.com/Repository.xml]
[5] 2026-03-26 09:21:40,291 DEBUG downloadInfoDetails: isupdatepresent = "true" || cachedLocation = "C:\ProgramData\MspPlatform\FileCacheServiceAgent\cache\https___sis.n-able.com_Repository.xml_2026032606.xml" || filename = "Repository.xml" || sizeinbytes = "5391" || checksum = "95598785b6dd1e59b4b2bcdd7940f3be017ddbe7" || uuid = "https___sis.n-able.com_Repository.xml_2026032606" || url = "https://sis.n-able.com/Repository.xml" || name = "" || kbs = "" || version = "" || architecture = "" || language = "" || cacheddatetime = "2026-3-26 9:21:35 am" || downloadFailed = "false" || 
[5] 2026-03-26 09:21:40,291 DEBUG FileCacheServiceAgentDownloader.HandleDownloadResult => Downloading file (https___sis.n-able.com_Repository.xml_2026032606, C:\ProgramData\MspPlatform\FileCacheServiceAgent\cache\https___sis.n-able.com_Repository.xml_2026032606.xml, Repository.xml, 5391, C:\ProgramData\MspPlatform\PME\ThirdPartyPatch\Downloads)...
[5] 2026-03-26 09:21:40,298 DEBUG DownloadFileInBlocks Status:Complete File location [C:\ProgramData\MspPlatform\FileCacheServiceAgent\cache\https___sis.n-able.com_Repository.xml_2026032606.xml] destination [C:\ProgramData\MspPlatform\PME\ThirdPartyPatch\Downloads\Repository.xml]
[5] 2026-03-26 09:21:40,298 DEBUG Download completed successfully. 
[5] 2026-03-26 09:21:40,298 DEBUG FileCacheServiceAgentDownloader.HandleDownloadResult => File was downloaded as "C:\ProgramData\MspPlatform\PME\ThirdPartyPatch\Downloads\Repository.xml" with status "Complete"
[1] 2026-03-26 09:21:40,308 DEBUG DownloaderFactory.GetDownloader => Can connect to https://sis.n-able.com/ using FileCacheServiceAgentDownloader
[1] 2026-03-26 09:21:40,310 DEBUG FileCacheServiceAgentDownloader.DownloadFile => url = https://sis.n-able.com/3rdPartySw/ThirdPartySoftware.xml, fileName = C:\ProgramData\MspPlatform\PME\ThirdPartyPatch\Downloads\ThirdPartySoftware.xml
[1] 2026-03-26 09:21:40,310 DEBUG FileCacheServiceAgentDownloader.StartAsyncDownload => Submitting file https://sis.n-able.com/3rdPartySw/ThirdPartySoftware.xml...
[1] 2026-03-26 09:21:40,311 DEBUG FileCacheServiceAgentDownloader.DownloadFile => Waiting for download to be finished
[6] 2026-03-26 09:21:40,312 DEBUG FileCacheServiceAgentDownloader.RetryPolicy => File info is not available yet, trying again in 5s...
[6] 2026-03-26 09:21:45,317 DEBUG FileCacheServiceAgentDownloader.RetryPolicy => File info is not available yet, trying again in 5s...
[6] 2026-03-26 09:21:50,322 DEBUG FileCacheServiceAgentDownloader.HandleDownloadResult => Cache service: update is present [https___sis.n-able.com_3rdPartySw_ThirdPartySoftware.xml_2026032606] [https://sis.n-able.com/3rdPartySw/ThirdPartySoftware.xml]
[6] 2026-03-26 09:21:50,322 DEBUG downloadInfoDetails: isupdatepresent = "true" || cachedLocation = "C:\ProgramData\MspPlatform\FileCacheServiceAgent\cache\https___sis.n-able.com_3rdPartySw_ThirdPartySoftware.xml_2026032606.xml" || filename = "ThirdPartySoftware.xml" || sizeinbytes = "114849" || checksum = "0f2e0d41cc91b7fd26f09401f3d431b873fb4d73" || uuid = "https___sis.n-able.com_3rdPartySw_ThirdPartySoftware.xml_2026032606" || url = "https://sis.n-able.com/3rdPartySw/ThirdPartySoftware.xml" || name = "" || kbs = "" || version = "" || architecture = "" || language = "" || cacheddatetime = "2026-3-26 9:21:46 am" || downloadFailed = "false" || 
[6] 2026-03-26 09:21:50,322 DEBUG FileCacheServiceAgentDownloader.HandleDownloadResult => Downloading file (https___sis.n-able.com_3rdPartySw_ThirdPartySoftware.xml_2026032606, C:\ProgramData\MspPlatform\FileCacheServiceAgent\cache\https___sis.n-able.com_3rdPartySw_ThirdPartySoftware.xml_2026032606.xml, ThirdPartySoftware.xml, 114849, C:\ProgramData\MspPlatform\PME\ThirdPartyPatch\Downloads)...
[6] 2026-03-26 09:21:50,324 DEBUG DownloadFileInBlocks Status:Complete File location [C:\ProgramData\MspPlatform\FileCacheServiceAgent\cache\https___sis.n-able.com_3rdPartySw_ThirdPartySoftware.xml_2026032606.xml] destination [C:\ProgramData\MspPlatform\PME\ThirdPartyPatch\Downloads\ThirdPartySoftware.xml]
[6] 2026-03-26 09:21:50,324 DEBUG Download completed successfully. 
[6] 2026-03-26 09:21:50,324 DEBUG FileCacheServiceAgentDownloader.HandleDownloadResult => File was downloaded as "C:\ProgramData\MspPlatform\PME\ThirdPartyPatch\Downloads\ThirdPartySoftware.xml" with status "Complete"
[1] 2026-03-26 09:21:51,124 DEBUG DownloaderFactory.GetDownloader => Can connect to https://sis.n-able.com/ using FileCacheServiceAgentDownloader
[1] 2026-03-26 09:21:51,125 DEBUG FileCacheServiceAgentDownloader.DownloadFile => url = https://sis.n-able.com/3rdPartySw/OS/WIN/Applications/Microsoft/OneDrive.zip, fileName = C:\ProgramData\MspPlatform\PME\ThirdPartyPatch\Downloads\OneDrive.zip
[1] 2026-03-26 09:21:51,125 DEBUG FileCacheServiceAgentDownloader.StartAsyncDownload => Submitting file https://sis.n-able.com/3rdPartySw/OS/WIN/Applications/Microsoft/OneDrive.zip...
[1] 2026-03-26 09:21:51,126 DEBUG FileCacheServiceAgentDownloader.DownloadFile => Waiting for download to be finished
[6] 2026-03-26 09:21:51,128 DEBUG FileCacheServiceAgentDownloader.RetryPolicy => File info is not available yet, trying again in 5s...
[6] 2026-03-26 09:21:56,136 DEBUG FileCacheServiceAgentDownloader.RetryPolicy => File info is not available yet, trying again in 5s...
[6] 2026-03-26 09:22:01,146 DEBUG FileCacheServiceAgentDownloader.HandleDownloadResult => Cache service: update is present [https___sis.n-able.com_3rdPartySw_OS_WIN_Applications_Microsoft_OneDrive.zip_2026032606] [https://sis.n-able.com/3rdPartySw/OS/WIN/Applications/Microsoft/OneDrive.zip]
[6] 2026-03-26 09:22:01,146 DEBUG downloadInfoDetails: isupdatepresent = "true" || cachedLocation = "C:\ProgramData\MspPlatform\FileCacheServiceAgent\cache\https___sis.n-able.com_3rdPartySw_OS_WIN_Applications_Microsoft_OneDrive.zip_2026032606.zip" || filename = "OneDrive.zip" || sizeinbytes = "32401" || checksum = "f4ceb4f19f66e83a921d5fc6d25743a1a2cbaa70" || uuid = "https___sis.n-able.com_3rdPartySw_OS_WIN_Applications_Microsoft_OneDrive.zip_2026032606" || url = "https://sis.n-able.com/3rdPartySw/OS/WIN/Applications/Microsoft/OneDrive.zip" || name = "" || kbs = "" || version = "" || architecture = "" || language = "" || cacheddatetime = "2026-3-26 9:21:57 am" || downloadFailed = "false" || 
[6] 2026-03-26 09:22:01,147 DEBUG FileCacheServiceAgentDownloader.HandleDownloadResult => Downloading file (https___sis.n-able.com_3rdPartySw_OS_WIN_Applications_Microsoft_OneDrive.zip_2026032606, C:\ProgramData\MspPlatform\FileCacheServiceAgent\cache\https___sis.n-able.com_3rdPartySw_OS_WIN_Applications_Microsoft_OneDrive.zip_2026032606.zip, OneDrive.zip, 32401, C:\ProgramData\MspPlatform\PME\ThirdPartyPatch\Downloads)...
[6] 2026-03-26 09:22:01,148 DEBUG DownloadFileInBlocks Status:Complete File location [C:\ProgramData\MspPlatform\FileCacheServiceAgent\cache\https___sis.n-able.com_3rdPartySw_OS_WIN_Applications_Microsoft_OneDrive.zip_2026032606.zip] destination [C:\ProgramData\MspPlatform\PME\ThirdPartyPatch\Downloads\OneDrive.zip]
[6] 2026-03-26 09:22:01,149 DEBUG Download completed successfully. 
[6] 2026-03-26 09:22:01,149 DEBUG FileCacheServiceAgentDownloader.HandleDownloadResult => File was downloaded as "C:\ProgramData\MspPlatform\PME\ThirdPartyPatch\Downloads\OneDrive.zip" with status "Complete"
[1] 2026-03-26 09:22:01,215 DEBUG DownloaderFactory.GetDownloader => Can connect to https://sis.n-able.com/ using FileCacheServiceAgentDownloader
[1] 2026-03-26 09:22:01,215 DEBUG FileCacheServiceAgentDownloader.DownloadFile => url = https://sis.n-able.com/3rdPartySw/OS/WIN/Applications/Google/Google Drive.zip, fileName = C:\ProgramData\MspPlatform\PME\ThirdPartyPatch\Downloads\Google Drive.zip
[1] 2026-03-26 09:22:01,215 DEBUG FileCacheServiceAgentDownloader.StartAsyncDownload => Submitting file https://sis.n-able.com/3rdPartySw/OS/WIN/Applications/Google/Google Drive.zip...
[1] 2026-03-26 09:22:01,216 DEBUG FileCacheServiceAgentDownloader.DownloadFile => Waiting for download to be finished
[6] 2026-03-26 09:22:01,217 DEBUG FileCacheServiceAgentDownloader.RetryPolicy => File info is not available yet, trying again in 5s...
[6] 2026-03-26 09:22:06,221 DEBUG FileCacheServiceAgentDownloader.RetryPolicy => File info is not available yet, trying again in 5s...
[6] 2026-03-26 09:22:11,230 DEBUG FileCacheServiceAgentDownloader.HandleDownloadResult => Cache service: update is present [https___sis.n-able.com_3rdPartySw_OS_WIN_Applications_Google_Google Drive.zip_2026032606] [https://sis.n-able.com/3rdPartySw/OS/WIN/Applications/Google/Google Drive.zip]
[6] 2026-03-26 09:22:11,231 DEBUG downloadInfoDetails: isupdatepresent = "true" || cachedLocation = "C:\ProgramData\MspPlatform\FileCacheServiceAgent\cache\https___sis.n-able.com_3rdPartySw_OS_WIN_Applications_Google_Google Drive.zip_2026032606.zip" || filename = "Google Drive.zip" || sizeinbytes = "27612" || checksum = "b0ab36ca62742bbbe75dd93777de41698be9eeb1" || uuid = "https___sis.n-able.com_3rdPartySw_OS_WIN_Applications_Google_Google Drive.zip_2026032606" || url = "https://sis.n-able.com/3rdPartySw/OS/WIN/Applications/Google/Google Drive.zip" || name = "" || kbs = "" || version = "" || architecture = "" || language = "" || cacheddatetime = "2026-3-26 9:22:6 am" || downloadFailed = "false" || 
[6] 2026-03-26 09:22:11,232 DEBUG FileCacheServiceAgentDownloader.HandleDownloadResult => Downloading file (https___sis.n-able.com_3rdPartySw_OS_WIN_Applications_Google_Google Drive.zip_2026032606, C:\ProgramData\MspPlatform\FileCacheServiceAgent\cache\https___sis.n-able.com_3rdPartySw_OS_WIN_Applications_Google_Google Drive.zip_2026032606.zip, Google Drive.zip, 27612, C:\ProgramData\MspPlatform\PME\ThirdPartyPatch\Downloads)...
[6] 2026-03-26 09:22:11,233 DEBUG DownloadFileInBlocks Status:Complete File location [C:\ProgramData\MspPlatform\FileCacheServiceAgent\cache\https___sis.n-able.com_3rdPartySw_OS_WIN_Applications_Google_Google Drive.zip_2026032606.zip] destination [C:\ProgramData\MspPlatform\PME\ThirdPartyPatch\Downloads\Google Drive.zip]
[6] 2026-03-26 09:22:11,233 DEBUG Download completed successfully. 
[6] 2026-03-26 09:22:11,233 DEBUG FileCacheServiceAgentDownloader.HandleDownloadResult => File was downloaded as "C:\ProgramData\MspPlatform\PME\ThirdPartyPatch\Downloads\Google Drive.zip" with status "Complete"
[1] 2026-03-26 09:22:11,285 DEBUG DownloaderFactory.GetDownloader => Can connect to https://sis.n-able.com/ using FileCacheServiceAgentDownloader
[1] 2026-03-26 09:22:11,285 DEBUG FileCacheServiceAgentDownloader.DownloadFile => url = https://sis.n-able.com/3rdPartySw/Vendors.xml, fileName = C:\ProgramData\MspPlatform\PME\ThirdPartyPatch\Downloads\Vendors.xml
[1] 2026-03-26 09:22:11,285 DEBUG FileCacheServiceAgentDownloader.StartAsyncDownload => Submitting file https://sis.n-able.com/3rdPartySw/Vendors.xml...
[1] 2026-03-26 09:22:11,286 DEBUG FileCacheServiceAgentDownloader.DownloadFile => Waiting for download to be finished
[6] 2026-03-26 09:22:11,287 DEBUG FileCacheServiceAgentDownloader.RetryPolicy => File info is not available yet, trying again in 5s...
[6] 2026-03-26 09:22:16,293 DEBUG FileCacheServiceAgentDownloader.RetryPolicy => File info is not available yet, trying again in 5s...
[6] 2026-03-26 09:22:21,295 DEBUG FileCacheServiceAgentDownloader.HandleDownloadResult => Cache service: update is present [https___sis.n-able.com_3rdPartySw_Vendors.xml_2026032606] [https://sis.n-able.com/3rdPartySw/Vendors.xml]
[6] 2026-03-26 09:22:21,296 DEBUG downloadInfoDetails: isupdatepresent = "true" || cachedLocation = "C:\ProgramData\MspPlatform\FileCacheServiceAgent\cache\https___sis.n-able.com_3rdPartySw_Vendors.xml_2026032606.xml" || filename = "Vendors.xml" || sizeinbytes = "4135" || checksum = "8de80a3dfbbe1d2386f740986f5044d05c426928" || uuid = "https___sis.n-able.com_3rdPartySw_Vendors.xml_2026032606" || url = "https://sis.n-able.com/3rdPartySw/Vendors.xml" || name = "" || kbs = "" || version = "" || architecture = "" || language = "" || cacheddatetime = "2026-3-26 9:22:16 am" || downloadFailed = "false" || 
[6] 2026-03-26 09:22:21,296 DEBUG FileCacheServiceAgentDownloader.HandleDownloadResult => Downloading file (https___sis.n-able.com_3rdPartySw_Vendors.xml_2026032606, C:\ProgramData\MspPlatform\FileCacheServiceAgent\cache\https___sis.n-able.com_3rdPartySw_Vendors.xml_2026032606.xml, Vendors.xml, 4135, C:\ProgramData\MspPlatform\PME\ThirdPartyPatch\Downloads)...
[6] 2026-03-26 09:22:21,299 DEBUG DownloadFileInBlocks Status:Complete File location [C:\ProgramData\MspPlatform\FileCacheServiceAgent\cache\https___sis.n-able.com_3rdPartySw_Vendors.xml_2026032606.xml] destination [C:\ProgramData\MspPlatform\PME\ThirdPartyPatch\Downloads\Vendors.xml]
[6] 2026-03-26 09:22:21,299 DEBUG Download completed successfully. 
[6] 2026-03-26 09:22:21,299 DEBUG FileCacheServiceAgentDownloader.HandleDownloadResult => File was downloaded as "C:\ProgramData\MspPlatform\PME\ThirdPartyPatch\Downloads\Vendors.xml" with status "Complete"
[1] 2026-03-26 09:22:21,465 DEBUG DownloaderFactory.GetDownloader => Can connect to https://sis.n-able.com/ using FileCacheServiceAgentDownloader
[1] 2026-03-26 09:22:21,465 DEBUG FileCacheServiceAgentDownloader.DownloadFile => url = https://sis.n-able.com/Repository.xml, fileName = C:\ProgramData\MspPlatform\PME\ThirdPartyPatch\Downloads\Repository.xml
[1] 2026-03-26 09:22:21,465 DEBUG FileCacheServiceAgentDownloader.StartAsyncDownload => Submitting file https://sis.n-able.com/Repository.xml...
[1] 2026-03-26 09:22:21,472 DEBUG FileCacheServiceAgentDownloader.DownloadFile => Waiting for download to be finished
[5] 2026-03-26 09:22:21,490 DEBUG FileCacheServiceAgentDownloader.HandleDownloadResult => Cache service: update is present [https___sis.n-able.com_Repository.xml_2026032606] [https://sis.n-able.com/Repository.xml]
[5] 2026-03-26 09:22:21,490 DEBUG downloadInfoDetails: isupdatepresent = "true" || cachedLocation = "C:\ProgramData\MspPlatform\FileCacheServiceAgent\cache\https___sis.n-able.com_Repository.xml_2026032606.xml" || filename = "Repository.xml" || sizeinbytes = "5391" || checksum = "95598785b6dd1e59b4b2bcdd7940f3be017ddbe7" || uuid = "https___sis.n-able.com_Repository.xml_2026032606" || url = "https://sis.n-able.com/Repository.xml" || name = "" || kbs = "" || version = "" || architecture = "" || language = "" || cacheddatetime = "2026-3-26 9:21:35 am" || downloadFailed = "false" || 
[5] 2026-03-26 09:22:21,491 DEBUG FileCacheServiceAgentDownloader.HandleDownloadResult => Downloading file (https___sis.n-able.com_Repository.xml_2026032606, C:\ProgramData\MspPlatform\FileCacheServiceAgent\cache\https___sis.n-able.com_Repository.xml_2026032606.xml, Repository.xml, 5391, C:\ProgramData\MspPlatform\PME\ThirdPartyPatch\Downloads)...
[5] 2026-03-26 09:22:21,495 DEBUG DownloadFileInBlocks Status:Complete File location [C:\ProgramData\MspPlatform\FileCacheServiceAgent\cache\https___sis.n-able.com_Repository.xml_2026032606.xml] destination [C:\ProgramData\MspPlatform\PME\ThirdPartyPatch\Downloads\Repository.xml]
[5] 2026-03-26 09:22:21,495 DEBUG Download completed successfully. 
[5] 2026-03-26 09:22:21,495 DEBUG FileCacheServiceAgentDownloader.HandleDownloadResult => File was downloaded as "C:\ProgramData\MspPlatform\PME\ThirdPartyPatch\Downloads\Repository.xml" with status "Complete"
[1] 2026-03-26 09:22:21,902 DEBUG DownloaderFactory.GetDownloader => Can connect to https://sis.n-able.com/ using FileCacheServiceAgentDownloader
[1] 2026-03-26 09:22:21,903 DEBUG FileCacheServiceAgentDownloader.DownloadFile => url = https://sis.n-able.com/3rdPartySw/OS/WIN/Applications/Google/Chrome.zip, fileName = C:\ProgramData\MspPlatform\PME\ThirdPartyPatch\Downloads\Chrome.zip
[1] 2026-03-26 09:22:21,903 DEBUG FileCacheServiceAgentDownloader.StartAsyncDownload => Submitting file https://sis.n-able.com/3rdPartySw/OS/WIN/Applications/Google/Chrome.zip...
[1] 2026-03-26 09:22:21,903 DEBUG FileCacheServiceAgentDownloader.DownloadFile => Waiting for download to be finished
[5] 2026-03-26 09:22:21,906 DEBUG FileCacheServiceAgentDownloader.RetryPolicy => File info is not available yet, trying again in 5s...
[5] 2026-03-26 09:22:26,915 DEBUG FileCacheServiceAgentDownloader.RetryPolicy => File info is not available yet, trying again in 5s...
[5] 2026-03-26 09:22:31,931 DEBUG FileCacheServiceAgentDownloader.HandleDownloadResult => Cache service: update is present [https___sis.n-able.com_3rdPartySw_OS_WIN_Applications_Google_Chrome.zip_2026032606] [https://sis.n-able.com/3rdPartySw/OS/WIN/Applications/Google/Chrome.zip]
[5] 2026-03-26 09:22:31,931 DEBUG downloadInfoDetails: isupdatepresent = "true" || cachedLocation = "C:\ProgramData\MspPlatform\FileCacheServiceAgent\cache\https___sis.n-able.com_3rdPartySw_OS_WIN_Applications_Google_Chrome.zip_2026032606.zip" || filename = "Chrome.zip" || sizeinbytes = "16067" || checksum = "e3c00dd1f52987918c7fc14d50a3f52741243998" || uuid = "https___sis.n-able.com_3rdPartySw_OS_WIN_Applications_Google_Chrome.zip_2026032606" || url = "https://sis.n-able.com/3rdPartySw/OS/WIN/Applications/Google/Chrome.zip" || name = "" || kbs = "" || version = "" || architecture = "" || language = "" || cacheddatetime = "2026-3-26 9:22:27 am" || downloadFailed = "false" || 
[5] 2026-03-26 09:22:31,932 DEBUG FileCacheServiceAgentDownloader.HandleDownloadResult => Downloading file (https___sis.n-able.com_3rdPartySw_OS_WIN_Applications_Google_Chrome.zip_2026032606, C:\ProgramData\MspPlatform\FileCacheServiceAgent\cache\https___sis.n-able.com_3rdPartySw_OS_WIN_Applications_Google_Chrome.zip_2026032606.zip, Chrome.zip, 16067, C:\ProgramData\MspPlatform\PME\ThirdPartyPatch\Downloads)...
[5] 2026-03-26 09:22:31,934 DEBUG DownloadFileInBlocks Status:Complete File location [C:\ProgramData\MspPlatform\FileCacheServiceAgent\cache\https___sis.n-able.com_3rdPartySw_OS_WIN_Applications_Google_Chrome.zip_2026032606.zip] destination [C:\ProgramData\MspPlatform\PME\ThirdPartyPatch\Downloads\Chrome.zip]
[5] 2026-03-26 09:22:31,934 DEBUG Download completed successfully. 
[5] 2026-03-26 09:22:31,935 DEBUG FileCacheServiceAgentDownloader.HandleDownloadResult => File was downloaded as "C:\ProgramData\MspPlatform\PME\ThirdPartyPatch\Downloads\Chrome.zip" with status "Complete"
[1] 2026-03-26 09:22:31,999 DEBUG DownloaderFactory.GetDownloader => Can connect to https://sis.n-able.com/ using FileCacheServiceAgentDownloader
[1] 2026-03-26 09:22:31,999 DEBUG FileCacheServiceAgentDownloader.DownloadFile => url = https://sis.n-able.com/3rdPartySw/OS/WIN/Applications/Microsoft/Microsoft Edge.zip, fileName = C:\ProgramData\MspPlatform\PME\ThirdPartyPatch\Downloads\Microsoft Edge.zip
[1] 2026-03-26 09:22:31,999 DEBUG FileCacheServiceAgentDownloader.StartAsyncDownload => Submitting file https://sis.n-able.com/3rdPartySw/OS/WIN/Applications/Microsoft/Microsoft Edge.zip...
[1] 2026-03-26 09:22:32,000 DEBUG FileCacheServiceAgentDownloader.DownloadFile => Waiting for download to be finished
[6] 2026-03-26 09:22:32,001 DEBUG FileCacheServiceAgentDownloader.RetryPolicy => File info is not available yet, trying again in 5s...
[6] 2026-03-26 09:22:37,007 DEBUG FileCacheServiceAgentDownloader.RetryPolicy => File info is not available yet, trying again in 5s...
[6] 2026-03-26 09:22:42,014 DEBUG FileCacheServiceAgentDownloader.HandleDownloadResult => Cache service: update is present [https___sis.n-able.com_3rdPartySw_OS_WIN_Applications_Microsoft_Microsoft Edge.zip_2026032606] [https://sis.n-able.com/3rdPartySw/OS/WIN/Applications/Microsoft/Microsoft Edge.zip]
[6] 2026-03-26 09:22:42,015 DEBUG downloadInfoDetails: isupdatepresent = "true" || cachedLocation = "C:\ProgramData\MspPlatform\FileCacheServiceAgent\cache\https___sis.n-able.com_3rdPartySw_OS_WIN_Applications_Microsoft_Microsoft Edge.zip_2026032606.zip" || filename = "Microsoft Edge.zip" || sizeinbytes = "9248" || checksum = "63bd7704234080c583083404a891ec16a6726fb5" || uuid = "https___sis.n-able.com_3rdPartySw_OS_WIN_Applications_Microsoft_Microsoft Edge.zip_2026032606" || url = "https://sis.n-able.com/3rdPartySw/OS/WIN/Applications/Microsoft/Microsoft Edge.zip" || name = "" || kbs = "" || version = "" || architecture = "" || language = "" || cacheddatetime = "2026-3-26 9:22:37 am" || downloadFailed = "false" || 
[6] 2026-03-26 09:22:42,015 DEBUG FileCacheServiceAgentDownloader.HandleDownloadResult => Downloading file (https___sis.n-able.com_3rdPartySw_OS_WIN_Applications_Microsoft_Microsoft Edge.zip_2026032606, C:\ProgramData\MspPlatform\FileCacheServiceAgent\cache\https___sis.n-able.com_3rdPartySw_OS_WIN_Applications_Microsoft_Microsoft Edge.zip_2026032606.zip, Microsoft Edge.zip, 9248, C:\ProgramData\MspPlatform\PME\ThirdPartyPatch\Downloads)...
[6] 2026-03-26 09:22:42,017 DEBUG DownloadFileInBlocks Status:Complete File location [C:\ProgramData\MspPlatform\FileCacheServiceAgent\cache\https___sis.n-able.com_3rdPartySw_OS_WIN_Applications_Microsoft_Microsoft Edge.zip_2026032606.zip] destination [C:\ProgramData\MspPlatform\PME\ThirdPartyPatch\Downloads\Microsoft Edge.zip]
[6] 2026-03-26 09:22:42,017 DEBUG Download completed successfully. 
[6] 2026-03-26 09:22:42,017 DEBUG FileCacheServiceAgentDownloader.HandleDownloadResult => File was downloaded as "C:\ProgramData\MspPlatform\PME\ThirdPartyPatch\Downloads\Microsoft Edge.zip" with status "Complete"
[1] 2026-03-26 09:26:03,073 DEBUG DownloaderFactory.GetDownloader => Can connect to https://sis.n-able.com/ using FileCacheServiceAgentDownloader
[1] 2026-03-26 09:26:03,073 DEBUG FileCacheServiceAgentDownloader.DownloadFile => url = https://sis.n-able.com/Repository.xml, fileName = C:\ProgramData\MspPlatform\PME\ThirdPartyPatch\Downloads\Repository.xml
[1] 2026-03-26 09:26:03,074 DEBUG FileCacheServiceAgentDownloader.StartAsyncDownload => Submitting file https://sis.n-able.com/Repository.xml...
[1] 2026-03-26 09:26:03,081 DEBUG FileCacheServiceAgentDownloader.DownloadFile => Waiting for download to be finished
[5] 2026-03-26 09:26:03,097 DEBUG FileCacheServiceAgentDownloader.HandleDownloadResult => Cache service: update is present [https___sis.n-able.com_Repository.xml_2026032606] [https://sis.n-able.com/Repository.xml]
[5] 2026-03-26 09:26:03,097 DEBUG downloadInfoDetails: isupdatepresent = "true" || cachedLocation = "C:\ProgramData\MspPlatform\FileCacheServiceAgent\cache\https___sis.n-able.com_Repository.xml_2026032606.xml" || filename = "Repository.xml" || sizeinbytes = "5391" || checksum = "95598785b6dd1e59b4b2bcdd7940f3be017ddbe7" || uuid = "https___sis.n-able.com_Repository.xml_2026032606" || url = "https://sis.n-able.com/Repository.xml" || name = "" || kbs = "" || version = "" || architecture = "" || language = "" || cacheddatetime = "2026-3-26 9:21:35 am" || downloadFailed = "false" || 
[5] 2026-03-26 09:26:03,097 DEBUG FileCacheServiceAgentDownloader.HandleDownloadResult => Downloading file (https___sis.n-able.com_Repository.xml_2026032606, C:\ProgramData\MspPlatform\FileCacheServiceAgent\cache\https___sis.n-able.com_Repository.xml_2026032606.xml, Repository.xml, 5391, C:\ProgramData\MspPlatform\PME\ThirdPartyPatch\Downloads)...
[5] 2026-03-26 09:26:03,104 DEBUG DownloadFileInBlocks Status:Complete File location [C:\ProgramData\MspPlatform\FileCacheServiceAgent\cache\https___sis.n-able.com_Repository.xml_2026032606.xml] destination [C:\ProgramData\MspPlatform\PME\ThirdPartyPatch\Downloads\Repository.xml]
[5] 2026-03-26 09:26:03,104 DEBUG Download completed successfully. 
[5] 2026-03-26 09:26:03,104 DEBUG FileCacheServiceAgentDownloader.HandleDownloadResult => File was downloaded as "C:\ProgramData\MspPlatform\PME\ThirdPartyPatch\Downloads\Repository.xml" with status "Complete"
[1] 2026-03-26 09:27:21,265 DEBUG DownloaderFactory.GetDownloader => Can connect to https://sis.n-able.com/ using FileCacheServiceAgentDownloader
[1] 2026-03-26 09:27:21,265 DEBUG FileCacheServiceAgentDownloader.DownloadFile => url = https://sis.n-able.com/Repository.xml, fileName = C:\ProgramData\MspPlatform\PME\ThirdPartyPatch\Downloads\Repository.xml
[1] 2026-03-26 09:27:21,267 DEBUG FileCacheServiceAgentDownloader.StartAsyncDownload => Submitting file https://sis.n-able.com/Repository.xml...
[1] 2026-03-26 09:27:21,273 DEBUG FileCacheServiceAgentDownloader.DownloadFile => Waiting for download to be finished
[5] 2026-03-26 09:27:21,289 DEBUG FileCacheServiceAgentDownloader.HandleDownloadResult => Cache service: update is present [https___sis.n-able.com_Repository.xml_2026032606] [https://sis.n-able.com/Repository.xml]
[5] 2026-03-26 09:27:21,289 DEBUG downloadInfoDetails: isupdatepresent = "true" || cachedLocation = "C:\ProgramData\MspPlatform\FileCacheServiceAgent\cache\https___sis.n-able.com_Repository.xml_2026032606.xml" || filename = "Repository.xml" || sizeinbytes = "5391" || checksum = "95598785b6dd1e59b4b2bcdd7940f3be017ddbe7" || uuid = "https___sis.n-able.com_Repository.xml_2026032606" || url = "https://sis.n-able.com/Repository.xml" || name = "" || kbs = "" || version = "" || architecture = "" || language = "" || cacheddatetime = "2026-3-26 9:21:35 am" || downloadFailed = "false" || 
[5] 2026-03-26 09:27:21,290 DEBUG FileCacheServiceAgentDownloader.HandleDownloadResult => Downloading file (https___sis.n-able.com_Repository.xml_2026032606, C:\ProgramData\MspPlatform\FileCacheServiceAgent\cache\https___sis.n-able.com_Repository.xml_2026032606.xml, Repository.xml, 5391, C:\ProgramData\MspPlatform\PME\ThirdPartyPatch\Downloads)...
[5] 2026-03-26 09:27:21,294 DEBUG DownloadFileInBlocks Status:Complete File location [C:\ProgramData\MspPlatform\FileCacheServiceAgent\cache\https___sis.n-able.com_Repository.xml_2026032606.xml] destination [C:\ProgramData\MspPlatform\PME\ThirdPartyPatch\Downloads\Repository.xml]
[5] 2026-03-26 09:27:21,294 DEBUG Download completed successfully. 
[5] 2026-03-26 09:27:21,294 DEBUG FileCacheServiceAgentDownloader.HandleDownloadResult => File was downloaded as "C:\ProgramData\MspPlatform\PME\ThirdPartyPatch\Downloads\Repository.xml" with status "Complete"
[1] 2026-03-26 09:27:21,917 DEBUG DownloaderFactory.GetDownloader => Can connect to https://sis.n-able.com/ using FileCacheServiceAgentDownloader
[1] 2026-03-26 09:27:21,918 DEBUG FileCacheServiceAgentDownloader.DownloadFile => url = https://sis.n-able.com/Repository.xml, fileName = C:\ProgramData\MspPlatform\PME\ThirdPartyPatch\Downloads\Repository.xml
[1] 2026-03-26 09:27:21,918 DEBUG FileCacheServiceAgentDownloader.StartAsyncDownload => Submitting file https://sis.n-able.com/Repository.xml...
[1] 2026-03-26 09:27:21,925 DEBUG FileCacheServiceAgentDownloader.DownloadFile => Waiting for download to be finished
[5] 2026-03-26 09:27:21,942 DEBUG FileCacheServiceAgentDownloader.HandleDownloadResult => Cache service: update is present [https___sis.n-able.com_Repository.xml_2026032606] [https://sis.n-able.com/Repository.xml]
[5] 2026-03-26 09:27:21,942 DEBUG downloadInfoDetails: isupdatepresent = "true" || cachedLocation = "C:\ProgramData\MspPlatform\FileCacheServiceAgent\cache\https___sis.n-able.com_Repository.xml_2026032606.xml" || filename = "Repository.xml" || sizeinbytes = "5391" || checksum = "95598785b6dd1e59b4b2bcdd7940f3be017ddbe7" || uuid = "https___sis.n-able.com_Repository.xml_2026032606" || url = "https://sis.n-able.com/Repository.xml" || name = "" || kbs = "" || version = "" || architecture = "" || language = "" || cacheddatetime = "2026-3-26 9:21:35 am" || downloadFailed = "false" || 
[5] 2026-03-26 09:27:21,943 DEBUG FileCacheServiceAgentDownloader.HandleDownloadResult => Downloading file (https___sis.n-able.com_Repository.xml_2026032606, C:\ProgramData\MspPlatform\FileCacheServiceAgent\cache\https___sis.n-able.com_Repository.xml_2026032606.xml, Repository.xml, 5391, C:\ProgramData\MspPlatform\PME\ThirdPartyPatch\Downloads)...
[5] 2026-03-26 09:27:21,947 DEBUG DownloadFileInBlocks Status:Complete File location [C:\ProgramData\MspPlatform\FileCacheServiceAgent\cache\https___sis.n-able.com_Repository.xml_2026032606.xml] destination [C:\ProgramData\MspPlatform\PME\ThirdPartyPatch\Downloads\Repository.xml]
[5] 2026-03-26 09:27:21,948 DEBUG Download completed successfully. 
[5] 2026-03-26 09:27:21,948 DEBUG FileCacheServiceAgentDownloader.HandleDownloadResult => File was downloaded as "C:\ProgramData\MspPlatform\PME\ThirdPartyPatch\Downloads\Repository.xml" with status "Complete"
[1] 2026-03-26 11:01:06,979 DEBUG DownloaderFactory.GetDownloader => Can connect to https://sis.n-able.com/ using FileCacheServiceAgentDownloader
[1] 2026-03-26 11:01:06,980 DEBUG FileCacheServiceAgentDownloader.DownloadFile => url = https://sis.n-able.com/Repository.xml, fileName = C:\ProgramData\MspPlatform\PME\ThirdPartyPatch\Downloads\Repository.xml
[1] 2026-03-26 11:01:06,980 DEBUG FileCacheServiceAgentDownloader.StartAsyncDownload => Submitting file https://sis.n-able.com/Repository.xml...
[1] 2026-03-26 11:01:06,988 DEBUG FileCacheServiceAgentDownloader.DownloadFile => Waiting for download to be finished
[5] 2026-03-26 11:01:07,004 DEBUG FileCacheServiceAgentDownloader.HandleDownloadResult => Cache service: update is present [https___sis.n-able.com_Repository.xml_2026032606] [https://sis.n-able.com/Repository.xml]
[5] 2026-03-26 11:01:07,006 DEBUG downloadInfoDetails: isupdatepresent = "true" || cachedLocation = "C:\ProgramData\MspPlatform\FileCacheServiceAgent\cache\https___sis.n-able.com_Repository.xml_2026032606.xml" || filename = "Repository.xml" || sizeinbytes = "5391" || checksum = "95598785b6dd1e59b4b2bcdd7940f3be017ddbe7" || uuid = "https___sis.n-able.com_Repository.xml_2026032606" || url = "https://sis.n-able.com/Repository.xml" || name = "" || kbs = "" || version = "" || architecture = "" || language = "" || cacheddatetime = "2026-3-26 9:21:35 am" || downloadFailed = "false" || 
[5] 2026-03-26 11:01:07,006 DEBUG FileCacheServiceAgentDownloader.HandleDownloadResult => Downloading file (https___sis.n-able.com_Repository.xml_2026032606, C:\ProgramData\MspPlatform\FileCacheServiceAgent\cache\https___sis.n-able.com_Repository.xml_2026032606.xml, Repository.xml, 5391, C:\ProgramData\MspPlatform\PME\ThirdPartyPatch\Downloads)...
[5] 2026-03-26 11:01:07,010 DEBUG DownloadFileInBlocks Status:Complete File location [C:\ProgramData\MspPlatform\FileCacheServiceAgent\cache\https___sis.n-able.com_Repository.xml_2026032606.xml] destination [C:\ProgramData\MspPlatform\PME\ThirdPartyPatch\Downloads\Repository.xml]
[5] 2026-03-26 11:01:07,010 DEBUG Download completed successfully. 
[5] 2026-03-26 11:01:07,010 DEBUG FileCacheServiceAgentDownloader.HandleDownloadResult => File was downloaded as "C:\ProgramData\MspPlatform\PME\ThirdPartyPatch\Downloads\Repository.xml" with status "Complete"
[1] 2026-03-26 11:01:07,659 DEBUG DownloaderFactory.GetDownloader => Can connect to https://sis.n-able.com/ using FileCacheServiceAgentDownloader
[1] 2026-03-26 11:01:07,659 DEBUG FileCacheServiceAgentDownloader.DownloadFile => url = https://sis.n-able.com/Repository.xml, fileName = C:\ProgramData\MspPlatform\PME\ThirdPartyPatch\Downloads\Repository.xml
[1] 2026-03-26 11:01:07,660 DEBUG FileCacheServiceAgentDownloader.StartAsyncDownload => Submitting file https://sis.n-able.com/Repository.xml...
[1] 2026-03-26 11:01:07,667 DEBUG FileCacheServiceAgentDownloader.DownloadFile => Waiting for download to be finished
[5] 2026-03-26 11:01:07,683 DEBUG FileCacheServiceAgentDownloader.HandleDownloadResult => Cache service: update is present [https___sis.n-able.com_Repository.xml_2026032606] [https://sis.n-able.com/Repository.xml]
[5] 2026-03-26 11:01:07,684 DEBUG downloadInfoDetails: isupdatepresent = "true" || cachedLocation = "C:\ProgramData\MspPlatform\FileCacheServiceAgent\cache\https___sis.n-able.com_Repository.xml_2026032606.xml" || filename = "Repository.xml" || sizeinbytes = "5391" || checksum = "95598785b6dd1e59b4b2bcdd7940f3be017ddbe7" || uuid = "https___sis.n-able.com_Repository.xml_2026032606" || url = "https://sis.n-able.com/Repository.xml" || name = "" || kbs = "" || version = "" || architecture = "" || language = "" || cacheddatetime = "2026-3-26 9:21:35 am" || downloadFailed = "false" || 
[5] 2026-03-26 11:01:07,684 DEBUG FileCacheServiceAgentDownloader.HandleDownloadResult => Downloading file (https___sis.n-able.com_Repository.xml_2026032606, C:\ProgramData\MspPlatform\FileCacheServiceAgent\cache\https___sis.n-able.com_Repository.xml_2026032606.xml, Repository.xml, 5391, C:\ProgramData\MspPlatform\PME\ThirdPartyPatch\Downloads)...
[5] 2026-03-26 11:01:07,688 DEBUG DownloadFileInBlocks Status:Complete File location [C:\ProgramData\MspPlatform\FileCacheServiceAgent\cache\https___sis.n-able.com_Repository.xml_2026032606.xml] destination [C:\ProgramData\MspPlatform\PME\ThirdPartyPatch\Downloads\Repository.xml]
[5] 2026-03-26 11:01:07,689 DEBUG Download completed successfully. 
[5] 2026-03-26 11:01:07,689 DEBUG FileCacheServiceAgentDownloader.HandleDownloadResult => File was downloaded as "C:\ProgramData\MspPlatform\PME\ThirdPartyPatch\Downloads\Repository.xml" with status "Complete"
[1] 2026-03-28 08:12:09,094 DEBUG DownloaderFactory.GetDownloader => Can connect to https://sis.n-able.com/ using FileCacheServiceAgentDownloader
[1] 2026-03-28 08:12:09,106 DEBUG FileCacheServiceAgentDownloader.DownloadFile => url = https://sis.n-able.com/Repository.xml, fileName = C:\ProgramData\MspPlatform\PME\ThirdPartyPatch\Downloads\Repository.xml
[1] 2026-03-28 08:12:09,109 DEBUG FileCacheServiceAgentDownloader.StartAsyncDownload => Submitting file https://sis.n-able.com/Repository.xml...
[1] 2026-03-28 08:12:09,121 DEBUG FileCacheServiceAgentDownloader.DownloadFile => Waiting for download to be finished
[5] 2026-03-28 08:12:09,153 DEBUG FileCacheServiceAgentDownloader.RetryPolicy => File info is not available yet, trying again in 5s...
[5] 2026-03-28 08:12:14,169 DEBUG FileCacheServiceAgentDownloader.RetryPolicy => File info is not available yet, trying again in 5s...
[5] 2026-03-28 08:12:19,174 DEBUG FileCacheServiceAgentDownloader.HandleDownloadResult => Cache service: update is present [https___sis.n-able.com_Repository.xml_2026032806] [https://sis.n-able.com/Repository.xml]
[5] 2026-03-28 08:12:19,176 DEBUG downloadInfoDetails: isupdatepresent = "true" || cachedLocation = "C:\ProgramData\MspPlatform\FileCacheServiceAgent\cache\https___sis.n-able.com_Repository.xml_2026032806.xml" || filename = "Repository.xml" || sizeinbytes = "5679" || checksum = "cd968cd5a9c437c0db82eb23533c3f8dfededea4" || uuid = "https___sis.n-able.com_Repository.xml_2026032806" || url = "https://sis.n-able.com/Repository.xml" || name = "" || kbs = "" || version = "" || architecture = "" || language = "" || cacheddatetime = "2026-3-28 8:12:14 am" || downloadFailed = "false" || 
[5] 2026-03-28 08:12:19,176 DEBUG FileCacheServiceAgentDownloader.HandleDownloadResult => Downloading file (https___sis.n-able.com_Repository.xml_2026032806, C:\ProgramData\MspPlatform\FileCacheServiceAgent\cache\https___sis.n-able.com_Repository.xml_2026032806.xml, Repository.xml, 5679, C:\ProgramData\MspPlatform\PME\ThirdPartyPatch\Downloads)...
[5] 2026-03-28 08:12:19,189 DEBUG DownloadFileInBlocks Status:Complete File location [C:\ProgramData\MspPlatform\FileCacheServiceAgent\cache\https___sis.n-able.com_Repository.xml_2026032806.xml] destination [C:\ProgramData\MspPlatform\PME\ThirdPartyPatch\Downloads\Repository.xml]
[5] 2026-03-28 08:12:19,189 DEBUG Download completed successfully. 
[5] 2026-03-28 08:12:19,190 DEBUG FileCacheServiceAgentDownloader.HandleDownloadResult => File was downloaded as "C:\ProgramData\MspPlatform\PME\ThirdPartyPatch\Downloads\Repository.xml" with status "Complete"
[1] 2026-03-28 08:12:20,961 DEBUG DownloaderFactory.GetDownloader => Can connect to https://sis.n-able.com/ using FileCacheServiceAgentDownloader
[1] 2026-03-28 08:12:20,962 DEBUG FileCacheServiceAgentDownloader.DownloadFile => url = https://sis.n-able.com/Repository.xml, fileName = C:\ProgramData\MspPlatform\PME\ThirdPartyPatch\Downloads\Repository.xml
[1] 2026-03-28 08:12:20,963 DEBUG FileCacheServiceAgentDownloader.StartAsyncDownload => Submitting file https://sis.n-able.com/Repository.xml...
[1] 2026-03-28 08:12:20,975 DEBUG FileCacheServiceAgentDownloader.DownloadFile => Waiting for download to be finished
[5] 2026-03-28 08:12:21,006 DEBUG FileCacheServiceAgentDownloader.HandleDownloadResult => Cache service: update is present [https___sis.n-able.com_Repository.xml_2026032806] [https://sis.n-able.com/Repository.xml]
[5] 2026-03-28 08:12:21,007 DEBUG downloadInfoDetails: isupdatepresent = "true" || cachedLocation = "C:\ProgramData\MspPlatform\FileCacheServiceAgent\cache\https___sis.n-able.com_Repository.xml_2026032806.xml" || filename = "Repository.xml" || sizeinbytes = "5679" || checksum = "cd968cd5a9c437c0db82eb23533c3f8dfededea4" || uuid = "https___sis.n-able.com_Repository.xml_2026032806" || url = "https://sis.n-able.com/Repository.xml" || name = "" || kbs = "" || version = "" || architecture = "" || language = "" || cacheddatetime = "2026-3-28 8:12:14 am" || downloadFailed = "false" || 
[5] 2026-03-28 08:12:21,007 DEBUG FileCacheServiceAgentDownloader.HandleDownloadResult => Downloading file (https___sis.n-able.com_Repository.xml_2026032806, C:\ProgramData\MspPlatform\FileCacheServiceAgent\cache\https___sis.n-able.com_Repository.xml_2026032806.xml, Repository.xml, 5679, C:\ProgramData\MspPlatform\PME\ThirdPartyPatch\Downloads)...
[5] 2026-03-28 08:12:21,014 DEBUG DownloadFileInBlocks Status:Complete File location [C:\ProgramData\MspPlatform\FileCacheServiceAgent\cache\https___sis.n-able.com_Repository.xml_2026032806.xml] destination [C:\ProgramData\MspPlatform\PME\ThirdPartyPatch\Downloads\Repository.xml]
[5] 2026-03-28 08:12:21,014 DEBUG Download completed successfully. 
[5] 2026-03-28 08:12:21,014 DEBUG FileCacheServiceAgentDownloader.HandleDownloadResult => File was downloaded as "C:\ProgramData\MspPlatform\PME\ThirdPartyPatch\Downloads\Repository.xml" with status "Complete"
[1] 2026-03-29 08:14:14,964 DEBUG DownloaderFactory.GetDownloader => Can connect to https://sis.n-able.com/ using FileCacheServiceAgentDownloader
[1] 2026-03-29 08:14:14,965 DEBUG FileCacheServiceAgentDownloader.DownloadFile => url = https://sis.n-able.com/Repository.xml, fileName = C:\ProgramData\MspPlatform\PME\ThirdPartyPatch\Downloads\Repository.xml
[1] 2026-03-29 08:14:14,966 DEBUG FileCacheServiceAgentDownloader.StartAsyncDownload => Submitting file https://sis.n-able.com/Repository.xml...
[1] 2026-03-29 08:14:14,979 DEBUG FileCacheServiceAgentDownloader.DownloadFile => Waiting for download to be finished
[5] 2026-03-29 08:14:15,016 DEBUG FileCacheServiceAgentDownloader.RetryPolicy => File info is not available yet, trying again in 5s...
[5] 2026-03-29 08:14:20,021 DEBUG FileCacheServiceAgentDownloader.RetryPolicy => File info is not available yet, trying again in 5s...
[5] 2026-03-29 08:14:25,056 DEBUG FileCacheServiceAgentDownloader.HandleDownloadResult => Cache service: update is present [https___sis.n-able.com_Repository.xml_2026032906] [https://sis.n-able.com/Repository.xml]
[5] 2026-03-29 08:14:25,058 DEBUG downloadInfoDetails: isupdatepresent = "true" || cachedLocation = "C:\ProgramData\MspPlatform\FileCacheServiceAgent\cache\https___sis.n-able.com_Repository.xml_2026032906.xml" || filename = "Repository.xml" || sizeinbytes = "5679" || checksum = "85aa9286c438cc4facfe5b66c4da612409d08b6f" || uuid = "https___sis.n-able.com_Repository.xml_2026032906" || url = "https://sis.n-able.com/Repository.xml" || name = "" || kbs = "" || version = "" || architecture = "" || language = "" || cacheddatetime = "2026-3-29 8:14:20 am" || downloadFailed = "false" || 
[5] 2026-03-29 08:14:25,058 DEBUG FileCacheServiceAgentDownloader.HandleDownloadResult => Downloading file (https___sis.n-able.com_Repository.xml_2026032906, C:\ProgramData\MspPlatform\FileCacheServiceAgent\cache\https___sis.n-able.com_Repository.xml_2026032906.xml, Repository.xml, 5679, C:\ProgramData\MspPlatform\PME\ThirdPartyPatch\Downloads)...
[5] 2026-03-29 08:14:25,068 DEBUG DownloadFileInBlocks Status:Complete File location [C:\ProgramData\MspPlatform\FileCacheServiceAgent\cache\https___sis.n-able.com_Repository.xml_2026032906.xml] destination [C:\ProgramData\MspPlatform\PME\ThirdPartyPatch\Downloads\Repository.xml]
[5] 2026-03-29 08:14:25,068 DEBUG Download completed successfully. 
[5] 2026-03-29 08:14:25,069 DEBUG FileCacheServiceAgentDownloader.HandleDownloadResult => File was downloaded as "C:\ProgramData\MspPlatform\PME\ThirdPartyPatch\Downloads\Repository.xml" with status "Complete"
[1] 2026-03-29 08:14:26,885 DEBUG DownloaderFactory.GetDownloader => Can connect to https://sis.n-able.com/ using FileCacheServiceAgentDownloader
[1] 2026-03-29 08:14:26,885 DEBUG FileCacheServiceAgentDownloader.DownloadFile => url = https://sis.n-able.com/Repository.xml, fileName = C:\ProgramData\MspPlatform\PME\ThirdPartyPatch\Downloads\Repository.xml
[1] 2026-03-29 08:14:26,886 DEBUG FileCacheServiceAgentDownloader.StartAsyncDownload => Submitting file https://sis.n-able.com/Repository.xml...
[1] 2026-03-29 08:14:26,897 DEBUG FileCacheServiceAgentDownloader.DownloadFile => Waiting for download to be finished
[5] 2026-03-29 08:14:26,930 DEBUG FileCacheServiceAgentDownloader.HandleDownloadResult => Cache service: update is present [https___sis.n-able.com_Repository.xml_2026032906] [https://sis.n-able.com/Repository.xml]
[5] 2026-03-29 08:14:26,931 DEBUG downloadInfoDetails: isupdatepresent = "true" || cachedLocation = "C:\ProgramData\MspPlatform\FileCacheServiceAgent\cache\https___sis.n-able.com_Repository.xml_2026032906.xml" || filename = "Repository.xml" || sizeinbytes = "5679" || checksum = "85aa9286c438cc4facfe5b66c4da612409d08b6f" || uuid = "https___sis.n-able.com_Repository.xml_2026032906" || url = "https://sis.n-able.com/Repository.xml" || name = "" || kbs = "" || version = "" || architecture = "" || language = "" || cacheddatetime = "2026-3-29 8:14:20 am" || downloadFailed = "false" || 
[5] 2026-03-29 08:14:26,931 DEBUG FileCacheServiceAgentDownloader.HandleDownloadResult => Downloading file (https___sis.n-able.com_Repository.xml_2026032906, C:\ProgramData\MspPlatform\FileCacheServiceAgent\cache\https___sis.n-able.com_Repository.xml_2026032906.xml, Repository.xml, 5679, C:\ProgramData\MspPlatform\PME\ThirdPartyPatch\Downloads)...
[5] 2026-03-29 08:14:26,936 DEBUG DownloadFileInBlocks Status:Complete File location [C:\ProgramData\MspPlatform\FileCacheServiceAgent\cache\https___sis.n-able.com_Repository.xml_2026032906.xml] destination [C:\ProgramData\MspPlatform\PME\ThirdPartyPatch\Downloads\Repository.xml]
[5] 2026-03-29 08:14:26,937 DEBUG Download completed successfully. 
[5] 2026-03-29 08:14:26,937 DEBUG FileCacheServiceAgentDownloader.HandleDownloadResult => File was downloaded as "C:\ProgramData\MspPlatform\PME\ThirdPartyPatch\Downloads\Repository.xml" with status "Complete"
[1] 2026-03-29 09:02:22,582 DEBUG DownloaderFactory.GetDownloader => Can connect to https://sis.n-able.com/ using FileCacheServiceAgentDownloader
[1] 2026-03-29 09:02:22,583 DEBUG FileCacheServiceAgentDownloader.DownloadFile => url = https://sis.n-able.com/Repository.xml, fileName = C:\ProgramData\MspPlatform\PME\ThirdPartyPatch\Downloads\Repository.xml
[1] 2026-03-29 09:02:22,583 DEBUG FileCacheServiceAgentDownloader.StartAsyncDownload => Submitting file https://sis.n-able.com/Repository.xml...
[1] 2026-03-29 09:02:22,591 DEBUG FileCacheServiceAgentDownloader.DownloadFile => Waiting for download to be finished
[5] 2026-03-29 09:02:22,608 DEBUG FileCacheServiceAgentDownloader.HandleDownloadResult => Cache service: update is present [https___sis.n-able.com_Repository.xml_2026032906] [https://sis.n-able.com/Repository.xml]
[5] 2026-03-29 09:02:22,609 DEBUG downloadInfoDetails: isupdatepresent = "true" || cachedLocation = "C:\ProgramData\MspPlatform\FileCacheServiceAgent\cache\https___sis.n-able.com_Repository.xml_2026032906.xml" || filename = "Repository.xml" || sizeinbytes = "5679" || checksum = "85aa9286c438cc4facfe5b66c4da612409d08b6f" || uuid = "https___sis.n-able.com_Repository.xml_2026032906" || url = "https://sis.n-able.com/Repository.xml" || name = "" || kbs = "" || version = "" || architecture = "" || language = "" || cacheddatetime = "2026-3-29 8:14:20 am" || downloadFailed = "false" || 
[5] 2026-03-29 09:02:22,609 DEBUG FileCacheServiceAgentDownloader.HandleDownloadResult => Downloading file (https___sis.n-able.com_Repository.xml_2026032906, C:\ProgramData\MspPlatform\FileCacheServiceAgent\cache\https___sis.n-able.com_Repository.xml_2026032906.xml, Repository.xml, 5679, C:\ProgramData\MspPlatform\PME\ThirdPartyPatch\Downloads)...
[5] 2026-03-29 09:02:22,614 DEBUG DownloadFileInBlocks Status:Complete File location [C:\ProgramData\MspPlatform\FileCacheServiceAgent\cache\https___sis.n-able.com_Repository.xml_2026032906.xml] destination [C:\ProgramData\MspPlatform\PME\ThirdPartyPatch\Downloads\Repository.xml]
[5] 2026-03-29 09:02:22,615 DEBUG Download completed successfully. 
[5] 2026-03-29 09:02:22,615 DEBUG FileCacheServiceAgentDownloader.HandleDownloadResult => File was downloaded as "C:\ProgramData\MspPlatform\PME\ThirdPartyPatch\Downloads\Repository.xml" with status "Complete"
[1] 2026-03-29 09:02:23,252 DEBUG DownloaderFactory.GetDownloader => Can connect to https://sis.n-able.com/ using FileCacheServiceAgentDownloader
[1] 2026-03-29 09:02:23,252 DEBUG FileCacheServiceAgentDownloader.DownloadFile => url = https://sis.n-able.com/Repository.xml, fileName = C:\ProgramData\MspPlatform\PME\ThirdPartyPatch\Downloads\Repository.xml
[1] 2026-03-29 09:02:23,253 DEBUG FileCacheServiceAgentDownloader.StartAsyncDownload => Submitting file https://sis.n-able.com/Repository.xml...
[1] 2026-03-29 09:02:23,259 DEBUG FileCacheServiceAgentDownloader.DownloadFile => Waiting for download to be finished
[5] 2026-03-29 09:02:23,275 DEBUG FileCacheServiceAgentDownloader.HandleDownloadResult => Cache service: update is present [https___sis.n-able.com_Repository.xml_2026032906] [https://sis.n-able.com/Repository.xml]
[5] 2026-03-29 09:02:23,275 DEBUG downloadInfoDetails: isupdatepresent = "true" || cachedLocation = "C:\ProgramData\MspPlatform\FileCacheServiceAgent\cache\https___sis.n-able.com_Repository.xml_2026032906.xml" || filename = "Repository.xml" || sizeinbytes = "5679" || checksum = "85aa9286c438cc4facfe5b66c4da612409d08b6f" || uuid = "https___sis.n-able.com_Repository.xml_2026032906" || url = "https://sis.n-able.com/Repository.xml" || name = "" || kbs = "" || version = "" || architecture = "" || language = "" || cacheddatetime = "2026-3-29 8:14:20 am" || downloadFailed = "false" || 
[5] 2026-03-29 09:02:23,275 DEBUG FileCacheServiceAgentDownloader.HandleDownloadResult => Downloading file (https___sis.n-able.com_Repository.xml_2026032906, C:\ProgramData\MspPlatform\FileCacheServiceAgent\cache\https___sis.n-able.com_Repository.xml_2026032906.xml, Repository.xml, 5679, C:\ProgramData\MspPlatform\PME\ThirdPartyPatch\Downloads)...
[5] 2026-03-29 09:02:23,279 DEBUG DownloadFileInBlocks Status:Complete File location [C:\ProgramData\MspPlatform\FileCacheServiceAgent\cache\https___sis.n-able.com_Repository.xml_2026032906.xml] destination [C:\ProgramData\MspPlatform\PME\ThirdPartyPatch\Downloads\Repository.xml]
[5] 2026-03-29 09:02:23,279 DEBUG Download completed successfully. 
[5] 2026-03-29 09:02:23,280 DEBUG FileCacheServiceAgentDownloader.HandleDownloadResult => File was downloaded as "C:\ProgramData\MspPlatform\PME\ThirdPartyPatch\Downloads\Repository.xml" with status "Complete"
[1] 2026-03-29 09:02:34,757 DEBUG DownloaderFactory.GetDownloader => Can connect to https://sis.n-able.com/ using FileCacheServiceAgentDownloader
[1] 2026-03-29 09:02:34,757 DEBUG FileCacheServiceAgentDownloader.DownloadFile => url = https://sis.n-able.com/Repository.xml, fileName = C:\ProgramData\MspPlatform\PME\ThirdPartyPatch\Downloads\Repository.xml
[1] 2026-03-29 09:02:34,758 DEBUG FileCacheServiceAgentDownloader.StartAsyncDownload => Submitting file https://sis.n-able.com/Repository.xml...
[1] 2026-03-29 09:02:34,765 DEBUG FileCacheServiceAgentDownloader.DownloadFile => Waiting for download to be finished
[5] 2026-03-29 09:02:34,783 DEBUG FileCacheServiceAgentDownloader.HandleDownloadResult => Cache service: update is present [https___sis.n-able.com_Repository.xml_2026032906] [https://sis.n-able.com/Repository.xml]
[5] 2026-03-29 09:02:34,783 DEBUG downloadInfoDetails: isupdatepresent = "true" || cachedLocation = "C:\ProgramData\MspPlatform\FileCacheServiceAgent\cache\https___sis.n-able.com_Repository.xml_2026032906.xml" || filename = "Repository.xml" || sizeinbytes = "5679" || checksum = "85aa9286c438cc4facfe5b66c4da612409d08b6f" || uuid = "https___sis.n-able.com_Repository.xml_2026032906" || url = "https://sis.n-able.com/Repository.xml" || name = "" || kbs = "" || version = "" || architecture = "" || language = "" || cacheddatetime = "2026-3-29 8:14:20 am" || downloadFailed = "false" || 
[5] 2026-03-29 09:02:34,783 DEBUG FileCacheServiceAgentDownloader.HandleDownloadResult => Downloading file (https___sis.n-able.com_Repository.xml_2026032906, C:\ProgramData\MspPlatform\FileCacheServiceAgent\cache\https___sis.n-able.com_Repository.xml_2026032906.xml, Repository.xml, 5679, C:\ProgramData\MspPlatform\PME\ThirdPartyPatch\Downloads)...
[5] 2026-03-29 09:02:34,787 DEBUG DownloadFileInBlocks Status:Complete File location [C:\ProgramData\MspPlatform\FileCacheServiceAgent\cache\https___sis.n-able.com_Repository.xml_2026032906.xml] destination [C:\ProgramData\MspPlatform\PME\ThirdPartyPatch\Downloads\Repository.xml]
[5] 2026-03-29 09:02:34,787 DEBUG Download completed successfully. 
[5] 2026-03-29 09:02:34,787 DEBUG FileCacheServiceAgentDownloader.HandleDownloadResult => File was downloaded as "C:\ProgramData\MspPlatform\PME\ThirdPartyPatch\Downloads\Repository.xml" with status "Complete"
[1] 2026-03-29 09:03:58,746 DEBUG DownloaderFactory.GetDownloader => Can connect to https://sis.n-able.com/ using FileCacheServiceAgentDownloader
[1] 2026-03-29 09:03:58,746 DEBUG FileCacheServiceAgentDownloader.DownloadFile => url = https://sis.n-able.com/Repository.xml, fileName = C:\ProgramData\MspPlatform\PME\ThirdPartyPatch\Downloads\Repository.xml
[1] 2026-03-29 09:03:58,747 DEBUG FileCacheServiceAgentDownloader.StartAsyncDownload => Submitting file https://sis.n-able.com/Repository.xml...
[1] 2026-03-29 09:03:58,755 DEBUG FileCacheServiceAgentDownloader.DownloadFile => Waiting for download to be finished
[5] 2026-03-29 09:03:58,772 DEBUG FileCacheServiceAgentDownloader.HandleDownloadResult => Cache service: update is present [https___sis.n-able.com_Repository.xml_2026032906] [https://sis.n-able.com/Repository.xml]
[5] 2026-03-29 09:03:58,772 DEBUG downloadInfoDetails: isupdatepresent = "true" || cachedLocation = "C:\ProgramData\MspPlatform\FileCacheServiceAgent\cache\https___sis.n-able.com_Repository.xml_2026032906.xml" || filename = "Repository.xml" || sizeinbytes = "5679" || checksum = "85aa9286c438cc4facfe5b66c4da612409d08b6f" || uuid = "https___sis.n-able.com_Repository.xml_2026032906" || url = "https://sis.n-able.com/Repository.xml" || name = "" || kbs = "" || version = "" || architecture = "" || language = "" || cacheddatetime = "2026-3-29 8:14:20 am" || downloadFailed = "false" || 
[5] 2026-03-29 09:03:58,773 DEBUG FileCacheServiceAgentDownloader.HandleDownloadResult => Downloading file (https___sis.n-able.com_Repository.xml_2026032906, C:\ProgramData\MspPlatform\FileCacheServiceAgent\cache\https___sis.n-able.com_Repository.xml_2026032906.xml, Repository.xml, 5679, C:\ProgramData\MspPlatform\PME\ThirdPartyPatch\Downloads)...
[5] 2026-03-29 09:03:58,776 DEBUG DownloadFileInBlocks Status:Complete File location [C:\ProgramData\MspPlatform\FileCacheServiceAgent\cache\https___sis.n-able.com_Repository.xml_2026032906.xml] destination [C:\ProgramData\MspPlatform\PME\ThirdPartyPatch\Downloads\Repository.xml]
[5] 2026-03-29 09:03:58,776 DEBUG Download completed successfully. 
[5] 2026-03-29 09:03:58,776 DEBUG FileCacheServiceAgentDownloader.HandleDownloadResult => File was downloaded as "C:\ProgramData\MspPlatform\PME\ThirdPartyPatch\Downloads\Repository.xml" with status "Complete"
[1] 2026-03-29 09:03:59,423 DEBUG DownloaderFactory.GetDownloader => Can connect to https://sis.n-able.com/ using FileCacheServiceAgentDownloader
[1] 2026-03-29 09:03:59,423 DEBUG FileCacheServiceAgentDownloader.DownloadFile => url = https://sis.n-able.com/Repository.xml, fileName = C:\ProgramData\MspPlatform\PME\ThirdPartyPatch\Downloads\Repository.xml
[1] 2026-03-29 09:03:59,424 DEBUG FileCacheServiceAgentDownloader.StartAsyncDownload => Submitting file https://sis.n-able.com/Repository.xml...
[1] 2026-03-29 09:03:59,431 DEBUG FileCacheServiceAgentDownloader.DownloadFile => Waiting for download to be finished
[5] 2026-03-29 09:03:59,449 DEBUG FileCacheServiceAgentDownloader.HandleDownloadResult => Cache service: update is present [https___sis.n-able.com_Repository.xml_2026032906] [https://sis.n-able.com/Repository.xml]
[5] 2026-03-29 09:03:59,449 DEBUG downloadInfoDetails: isupdatepresent = "true" || cachedLocation = "C:\ProgramData\MspPlatform\FileCacheServiceAgent\cache\https___sis.n-able.com_Repository.xml_2026032906.xml" || filename = "Repository.xml" || sizeinbytes = "5679" || checksum = "85aa9286c438cc4facfe5b66c4da612409d08b6f" || uuid = "https___sis.n-able.com_Repository.xml_2026032906" || url = "https://sis.n-able.com/Repository.xml" || name = "" || kbs = "" || version = "" || architecture = "" || language = "" || cacheddatetime = "2026-3-29 8:14:20 am" || downloadFailed = "false" || 
[5] 2026-03-29 09:03:59,449 DEBUG FileCacheServiceAgentDownloader.HandleDownloadResult => Downloading file (https___sis.n-able.com_Repository.xml_2026032906, C:\ProgramData\MspPlatform\FileCacheServiceAgent\cache\https___sis.n-able.com_Repository.xml_2026032906.xml, Repository.xml, 5679, C:\ProgramData\MspPlatform\PME\ThirdPartyPatch\Downloads)...
[5] 2026-03-29 09:03:59,454 DEBUG DownloadFileInBlocks Status:Complete File location [C:\ProgramData\MspPlatform\FileCacheServiceAgent\cache\https___sis.n-able.com_Repository.xml_2026032906.xml] destination [C:\ProgramData\MspPlatform\PME\ThirdPartyPatch\Downloads\Repository.xml]
[5] 2026-03-29 09:03:59,454 DEBUG Download completed successfully. 
[5] 2026-03-29 09:03:59,454 DEBUG FileCacheServiceAgentDownloader.HandleDownloadResult => File was downloaded as "C:\ProgramData\MspPlatform\PME\ThirdPartyPatch\Downloads\Repository.xml" with status "Complete"
[1] 2026-03-29 11:04:53,421 DEBUG DownloaderFactory.GetDownloader => Can connect to https://sis.n-able.com/ using FileCacheServiceAgentDownloader
[1] 2026-03-29 11:04:53,422 DEBUG FileCacheServiceAgentDownloader.DownloadFile => url = https://sis.n-able.com/Repository.xml, fileName = C:\ProgramData\MspPlatform\PME\ThirdPartyPatch\Downloads\Repository.xml
[1] 2026-03-29 11:04:53,422 DEBUG FileCacheServiceAgentDownloader.StartAsyncDownload => Submitting file https://sis.n-able.com/Repository.xml...
[1] 2026-03-29 11:04:53,433 DEBUG FileCacheServiceAgentDownloader.DownloadFile => Waiting for download to be finished
[5] 2026-03-29 11:04:53,459 DEBUG FileCacheServiceAgentDownloader.HandleDownloadResult => Cache service: update is present [https___sis.n-able.com_Repository.xml_2026032906] [https://sis.n-able.com/Repository.xml]
[5] 2026-03-29 11:04:53,461 DEBUG downloadInfoDetails: isupdatepresent = "true" || cachedLocation = "C:\ProgramData\MspPlatform\FileCacheServiceAgent\cache\https___sis.n-able.com_Repository.xml_2026032906.xml" || filename = "Repository.xml" || sizeinbytes = "5679" || checksum = "85aa9286c438cc4facfe5b66c4da612409d08b6f" || uuid = "https___sis.n-able.com_Repository.xml_2026032906" || url = "https://sis.n-able.com/Repository.xml" || name = "" || kbs = "" || version = "" || architecture = "" || language = "" || cacheddatetime = "2026-3-29 8:14:20 am" || downloadFailed = "false" || 
[5] 2026-03-29 11:04:53,461 DEBUG FileCacheServiceAgentDownloader.HandleDownloadResult => Downloading file (https___sis.n-able.com_Repository.xml_2026032906, C:\ProgramData\MspPlatform\FileCacheServiceAgent\cache\https___sis.n-able.com_Repository.xml_2026032906.xml, Repository.xml, 5679, C:\ProgramData\MspPlatform\PME\ThirdPartyPatch\Downloads)...
[5] 2026-03-29 11:04:53,469 DEBUG DownloadFileInBlocks Status:Complete File location [C:\ProgramData\MspPlatform\FileCacheServiceAgent\cache\https___sis.n-able.com_Repository.xml_2026032906.xml] destination [C:\ProgramData\MspPlatform\PME\ThirdPartyPatch\Downloads\Repository.xml]
[5] 2026-03-29 11:04:53,469 DEBUG Download completed successfully. 
[5] 2026-03-29 11:04:53,469 DEBUG FileCacheServiceAgentDownloader.HandleDownloadResult => File was downloaded as "C:\ProgramData\MspPlatform\PME\ThirdPartyPatch\Downloads\Repository.xml" with status "Complete"
[1] 2026-03-29 11:04:54,507 DEBUG DownloaderFactory.GetDownloader => Can connect to https://sis.n-able.com/ using FileCacheServiceAgentDownloader
[1] 2026-03-29 11:04:54,538 DEBUG FileCacheServiceAgentDownloader.DownloadFile => url = https://sis.n-able.com/Repository.xml, fileName = C:\ProgramData\MspPlatform\PME\ThirdPartyPatch\Downloads\Repository.xml
[1] 2026-03-29 11:04:54,538 DEBUG FileCacheServiceAgentDownloader.StartAsyncDownload => Submitting file https://sis.n-able.com/Repository.xml...
[1] 2026-03-29 11:04:54,549 DEBUG FileCacheServiceAgentDownloader.DownloadFile => Waiting for download to be finished
[5] 2026-03-29 11:04:54,575 DEBUG FileCacheServiceAgentDownloader.HandleDownloadResult => Cache service: update is present [https___sis.n-able.com_Repository.xml_2026032906] [https://sis.n-able.com/Repository.xml]
[5] 2026-03-29 11:04:54,576 DEBUG downloadInfoDetails: isupdatepresent = "true" || cachedLocation = "C:\ProgramData\MspPlatform\FileCacheServiceAgent\cache\https___sis.n-able.com_Repository.xml_2026032906.xml" || filename = "Repository.xml" || sizeinbytes = "5679" || checksum = "85aa9286c438cc4facfe5b66c4da612409d08b6f" || uuid = "https___sis.n-able.com_Repository.xml_2026032906" || url = "https://sis.n-able.com/Repository.xml" || name = "" || kbs = "" || version = "" || architecture = "" || language = "" || cacheddatetime = "2026-3-29 8:14:20 am" || downloadFailed = "false" || 
[5] 2026-03-29 11:04:54,576 DEBUG FileCacheServiceAgentDownloader.HandleDownloadResult => Downloading file (https___sis.n-able.com_Repository.xml_2026032906, C:\ProgramData\MspPlatform\FileCacheServiceAgent\cache\https___sis.n-able.com_Repository.xml_2026032906.xml, Repository.xml, 5679, C:\ProgramData\MspPlatform\PME\ThirdPartyPatch\Downloads)...
[5] 2026-03-29 11:04:54,582 DEBUG DownloadFileInBlocks Status:Complete File location [C:\ProgramData\MspPlatform\FileCacheServiceAgent\cache\https___sis.n-able.com_Repository.xml_2026032906.xml] destination [C:\ProgramData\MspPlatform\PME\ThirdPartyPatch\Downloads\Repository.xml]
[5] 2026-03-29 11:04:54,582 DEBUG Download completed successfully. 
[5] 2026-03-29 11:04:54,582 DEBUG FileCacheServiceAgentDownloader.HandleDownloadResult => File was downloaded as "C:\ProgramData\MspPlatform\PME\ThirdPartyPatch\Downloads\Repository.xml" with status "Complete"
[1] 2026-03-30 09:00:37,198 DEBUG DownloaderFactory.GetDownloader => Can connect to https://sis.n-able.com/ using FileCacheServiceAgentDownloader
[1] 2026-03-30 09:00:37,199 DEBUG FileCacheServiceAgentDownloader.DownloadFile => url = https://sis.n-able.com/Repository.xml, fileName = C:\ProgramData\MspPlatform\PME\ThirdPartyPatch\Downloads\Repository.xml
[1] 2026-03-30 09:00:37,200 DEBUG FileCacheServiceAgentDownloader.StartAsyncDownload => Submitting file https://sis.n-able.com/Repository.xml...
[1] 2026-03-30 09:00:37,210 DEBUG FileCacheServiceAgentDownloader.DownloadFile => Waiting for download to be finished
[5] 2026-03-30 09:00:37,230 DEBUG FileCacheServiceAgentDownloader.RetryPolicy => File info is not available yet, trying again in 5s...
[5] 2026-03-30 09:00:42,241 DEBUG FileCacheServiceAgentDownloader.RetryPolicy => File info is not available yet, trying again in 5s...
[5] 2026-03-30 09:00:47,250 DEBUG FileCacheServiceAgentDownloader.HandleDownloadResult => Cache service: update is present [https___sis.n-able.com_Repository.xml_2026033006] [https://sis.n-able.com/Repository.xml]
[5] 2026-03-30 09:00:47,251 DEBUG downloadInfoDetails: isupdatepresent = "true" || cachedLocation = "C:\ProgramData\MspPlatform\FileCacheServiceAgent\cache\https___sis.n-able.com_Repository.xml_2026033006.xml" || filename = "Repository.xml" || sizeinbytes = "5391" || checksum = "95598785b6dd1e59b4b2bcdd7940f3be017ddbe7" || uuid = "https___sis.n-able.com_Repository.xml_2026033006" || url = "https://sis.n-able.com/Repository.xml" || name = "" || kbs = "" || version = "" || architecture = "" || language = "" || cacheddatetime = "2026-3-30 9:0:42 am" || downloadFailed = "false" || 
[5] 2026-03-30 09:00:47,251 DEBUG FileCacheServiceAgentDownloader.HandleDownloadResult => Downloading file (https___sis.n-able.com_Repository.xml_2026033006, C:\ProgramData\MspPlatform\FileCacheServiceAgent\cache\https___sis.n-able.com_Repository.xml_2026033006.xml, Repository.xml, 5391, C:\ProgramData\MspPlatform\PME\ThirdPartyPatch\Downloads)...
[5] 2026-03-30 09:00:47,259 DEBUG DownloadFileInBlocks Status:Complete File location [C:\ProgramData\MspPlatform\FileCacheServiceAgent\cache\https___sis.n-able.com_Repository.xml_2026033006.xml] destination [C:\ProgramData\MspPlatform\PME\ThirdPartyPatch\Downloads\Repository.xml]
[5] 2026-03-30 09:00:47,260 DEBUG Download completed successfully. 
[5] 2026-03-30 09:00:47,261 DEBUG FileCacheServiceAgentDownloader.HandleDownloadResult => File was downloaded as "C:\ProgramData\MspPlatform\PME\ThirdPartyPatch\Downloads\Repository.xml" with status "Complete"
[1] 2026-03-30 09:00:48,915 DEBUG DownloaderFactory.GetDownloader => Can connect to https://sis.n-able.com/ using FileCacheServiceAgentDownloader
[1] 2026-03-30 09:00:48,915 DEBUG FileCacheServiceAgentDownloader.DownloadFile => url = https://sis.n-able.com/Repository.xml, fileName = C:\ProgramData\MspPlatform\PME\ThirdPartyPatch\Downloads\Repository.xml
[1] 2026-03-30 09:00:48,916 DEBUG FileCacheServiceAgentDownloader.StartAsyncDownload => Submitting file https://sis.n-able.com/Repository.xml...
[1] 2026-03-30 09:00:48,925 DEBUG FileCacheServiceAgentDownloader.DownloadFile => Waiting for download to be finished
[5] 2026-03-30 09:00:48,945 DEBUG FileCacheServiceAgentDownloader.HandleDownloadResult => Cache service: update is present [https___sis.n-able.com_Repository.xml_2026033006] [https://sis.n-able.com/Repository.xml]
[5] 2026-03-30 09:00:48,945 DEBUG downloadInfoDetails: isupdatepresent = "true" || cachedLocation = "C:\ProgramData\MspPlatform\FileCacheServiceAgent\cache\https___sis.n-able.com_Repository.xml_2026033006.xml" || filename = "Repository.xml" || sizeinbytes = "5391" || checksum = "95598785b6dd1e59b4b2bcdd7940f3be017ddbe7" || uuid = "https___sis.n-able.com_Repository.xml_2026033006" || url = "https://sis.n-able.com/Repository.xml" || name = "" || kbs = "" || version = "" || architecture = "" || language = "" || cacheddatetime = "2026-3-30 9:0:42 am" || downloadFailed = "false" || 
[5] 2026-03-30 09:00:48,945 DEBUG FileCacheServiceAgentDownloader.HandleDownloadResult => Downloading file (https___sis.n-able.com_Repository.xml_2026033006, C:\ProgramData\MspPlatform\FileCacheServiceAgent\cache\https___sis.n-able.com_Repository.xml_2026033006.xml, Repository.xml, 5391, C:\ProgramData\MspPlatform\PME\ThirdPartyPatch\Downloads)...
[5] 2026-03-30 09:00:48,951 DEBUG DownloadFileInBlocks Status:Complete File location [C:\ProgramData\MspPlatform\FileCacheServiceAgent\cache\https___sis.n-able.com_Repository.xml_2026033006.xml] destination [C:\ProgramData\MspPlatform\PME\ThirdPartyPatch\Downloads\Repository.xml]
[5] 2026-03-30 09:00:48,952 DEBUG Download completed successfully. 
[5] 2026-03-30 09:00:48,952 DEBUG FileCacheServiceAgentDownloader.HandleDownloadResult => File was downloaded as "C:\ProgramData\MspPlatform\PME\ThirdPartyPatch\Downloads\Repository.xml" with status "Complete"
[1] 2026-03-30 09:00:50,861 DEBUG DownloaderFactory.GetDownloader => Can connect to https://sis.n-able.com/ using FileCacheServiceAgentDownloader
[1] 2026-03-30 09:00:50,861 DEBUG FileCacheServiceAgentDownloader.DownloadFile => url = https://sis.n-able.com/Repository.xml, fileName = C:\ProgramData\MspPlatform\PME\ThirdPartyPatch\Downloads\Repository.xml
[1] 2026-03-30 09:00:50,862 DEBUG FileCacheServiceAgentDownloader.StartAsyncDownload => Submitting file https://sis.n-able.com/Repository.xml...
[1] 2026-03-30 09:00:50,872 DEBUG FileCacheServiceAgentDownloader.DownloadFile => Waiting for download to be finished
[5] 2026-03-30 09:00:50,893 DEBUG FileCacheServiceAgentDownloader.HandleDownloadResult => Cache service: update is present [https___sis.n-able.com_Repository.xml_2026033006] [https://sis.n-able.com/Repository.xml]
[5] 2026-03-30 09:00:50,893 DEBUG downloadInfoDetails: isupdatepresent = "true" || cachedLocation = "C:\ProgramData\MspPlatform\FileCacheServiceAgent\cache\https___sis.n-able.com_Repository.xml_2026033006.xml" || filename = "Repository.xml" || sizeinbytes = "5391" || checksum = "95598785b6dd1e59b4b2bcdd7940f3be017ddbe7" || uuid = "https___sis.n-able.com_Repository.xml_2026033006" || url = "https://sis.n-able.com/Repository.xml" || name = "" || kbs = "" || version = "" || architecture = "" || language = "" || cacheddatetime = "2026-3-30 9:0:42 am" || downloadFailed = "false" || 
[5] 2026-03-30 09:00:50,894 DEBUG FileCacheServiceAgentDownloader.HandleDownloadResult => Downloading file (https___sis.n-able.com_Repository.xml_2026033006, C:\ProgramData\MspPlatform\FileCacheServiceAgent\cache\https___sis.n-able.com_Repository.xml_2026033006.xml, Repository.xml, 5391, C:\ProgramData\MspPlatform\PME\ThirdPartyPatch\Downloads)...
[5] 2026-03-30 09:00:50,900 DEBUG DownloadFileInBlocks Status:Complete File location [C:\ProgramData\MspPlatform\FileCacheServiceAgent\cache\https___sis.n-able.com_Repository.xml_2026033006.xml] destination [C:\ProgramData\MspPlatform\PME\ThirdPartyPatch\Downloads\Repository.xml]
[5] 2026-03-30 09:00:50,900 DEBUG Download completed successfully. 
[5] 2026-03-30 09:00:50,901 DEBUG FileCacheServiceAgentDownloader.HandleDownloadResult => File was downloaded as "C:\ProgramData\MspPlatform\PME\ThirdPartyPatch\Downloads\Repository.xml" with status "Complete"
[1] 2026-03-30 09:02:43,513 DEBUG DownloaderFactory.GetDownloader => Can connect to https://sis.n-able.com/ using FileCacheServiceAgentDownloader
[1] 2026-03-30 09:02:43,514 DEBUG FileCacheServiceAgentDownloader.DownloadFile => url = https://sis.n-able.com/Repository.xml, fileName = C:\ProgramData\MspPlatform\PME\ThirdPartyPatch\Downloads\Repository.xml
[1] 2026-03-30 09:02:43,515 DEBUG FileCacheServiceAgentDownloader.StartAsyncDownload => Submitting file https://sis.n-able.com/Repository.xml...
[1] 2026-03-30 09:02:43,527 DEBUG FileCacheServiceAgentDownloader.DownloadFile => Waiting for download to be finished
[5] 2026-03-30 09:02:43,547 DEBUG FileCacheServiceAgentDownloader.HandleDownloadResult => Cache service: update is present [https___sis.n-able.com_Repository.xml_2026033006] [https://sis.n-able.com/Repository.xml]
[5] 2026-03-30 09:02:43,547 DEBUG downloadInfoDetails: isupdatepresent = "true" || cachedLocation = "C:\ProgramData\MspPlatform\FileCacheServiceAgent\cache\https___sis.n-able.com_Repository.xml_2026033006.xml" || filename = "Repository.xml" || sizeinbytes = "5391" || checksum = "95598785b6dd1e59b4b2bcdd7940f3be017ddbe7" || uuid = "https___sis.n-able.com_Repository.xml_2026033006" || url = "https://sis.n-able.com/Repository.xml" || name = "" || kbs = "" || version = "" || architecture = "" || language = "" || cacheddatetime = "2026-3-30 9:0:42 am" || downloadFailed = "false" || 
[5] 2026-03-30 09:02:43,547 DEBUG FileCacheServiceAgentDownloader.HandleDownloadResult => Downloading file (https___sis.n-able.com_Repository.xml_2026033006, C:\ProgramData\MspPlatform\FileCacheServiceAgent\cache\https___sis.n-able.com_Repository.xml_2026033006.xml, Repository.xml, 5391, C:\ProgramData\MspPlatform\PME\ThirdPartyPatch\Downloads)...
[5] 2026-03-30 09:02:43,553 DEBUG DownloadFileInBlocks Status:Complete File location [C:\ProgramData\MspPlatform\FileCacheServiceAgent\cache\https___sis.n-able.com_Repository.xml_2026033006.xml] destination [C:\ProgramData\MspPlatform\PME\ThirdPartyPatch\Downloads\Repository.xml]
[5] 2026-03-30 09:02:43,553 DEBUG Download completed successfully. 
[5] 2026-03-30 09:02:43,553 DEBUG FileCacheServiceAgentDownloader.HandleDownloadResult => File was downloaded as "C:\ProgramData\MspPlatform\PME\ThirdPartyPatch\Downloads\Repository.xml" with status "Complete"
[1] 2026-03-30 09:02:44,492 DEBUG DownloaderFactory.GetDownloader => Can connect to https://sis.n-able.com/ using FileCacheServiceAgentDownloader
[1] 2026-03-30 09:02:44,493 DEBUG FileCacheServiceAgentDownloader.DownloadFile => url = https://sis.n-able.com/Repository.xml, fileName = C:\ProgramData\MspPlatform\PME\ThirdPartyPatch\Downloads\Repository.xml
[1] 2026-03-30 09:02:44,494 DEBUG FileCacheServiceAgentDownloader.StartAsyncDownload => Submitting file https://sis.n-able.com/Repository.xml...
[1] 2026-03-30 09:02:44,504 DEBUG FileCacheServiceAgentDownloader.DownloadFile => Waiting for download to be finished
[5] 2026-03-30 09:02:44,524 DEBUG FileCacheServiceAgentDownloader.HandleDownloadResult => Cache service: update is present [https___sis.n-able.com_Repository.xml_2026033006] [https://sis.n-able.com/Repository.xml]
[5] 2026-03-30 09:02:44,525 DEBUG downloadInfoDetails: isupdatepresent = "true" || cachedLocation = "C:\ProgramData\MspPlatform\FileCacheServiceAgent\cache\https___sis.n-able.com_Repository.xml_2026033006.xml" || filename = "Repository.xml" || sizeinbytes = "5391" || checksum = "95598785b6dd1e59b4b2bcdd7940f3be017ddbe7" || uuid = "https___sis.n-able.com_Repository.xml_2026033006" || url = "https://sis.n-able.com/Repository.xml" || name = "" || kbs = "" || version = "" || architecture = "" || language = "" || cacheddatetime = "2026-3-30 9:0:42 am" || downloadFailed = "false" || 
[5] 2026-03-30 09:02:44,525 DEBUG FileCacheServiceAgentDownloader.HandleDownloadResult => Downloading file (https___sis.n-able.com_Repository.xml_2026033006, C:\ProgramData\MspPlatform\FileCacheServiceAgent\cache\https___sis.n-able.com_Repository.xml_2026033006.xml, Repository.xml, 5391, C:\ProgramData\MspPlatform\PME\ThirdPartyPatch\Downloads)...
[5] 2026-03-30 09:02:44,529 DEBUG DownloadFileInBlocks Status:Complete File location [C:\ProgramData\MspPlatform\FileCacheServiceAgent\cache\https___sis.n-able.com_Repository.xml_2026033006.xml] destination [C:\ProgramData\MspPlatform\PME\ThirdPartyPatch\Downloads\Repository.xml]
[5] 2026-03-30 09:02:44,530 DEBUG Download completed successfully. 
[5] 2026-03-30 09:02:44,530 DEBUG FileCacheServiceAgentDownloader.HandleDownloadResult => File was downloaded as "C:\ProgramData\MspPlatform\PME\ThirdPartyPatch\Downloads\Repository.xml" with status "Complete"
[1] 2026-03-30 11:01:44,842 DEBUG DownloaderFactory.GetDownloader => Can connect to https://sis.n-able.com/ using FileCacheServiceAgentDownloader
[1] 2026-03-30 11:01:44,843 DEBUG FileCacheServiceAgentDownloader.DownloadFile => url = https://sis.n-able.com/Repository.xml, fileName = C:\ProgramData\MspPlatform\PME\ThirdPartyPatch\Downloads\Repository.xml
[1] 2026-03-30 11:01:44,843 DEBUG FileCacheServiceAgentDownloader.StartAsyncDownload => Submitting file https://sis.n-able.com/Repository.xml...
[1] 2026-03-30 11:01:44,855 DEBUG FileCacheServiceAgentDownloader.DownloadFile => Waiting for download to be finished
[5] 2026-03-30 11:01:44,873 DEBUG FileCacheServiceAgentDownloader.HandleDownloadResult => Cache service: update is present [https___sis.n-able.com_Repository.xml_2026033006] [https://sis.n-able.com/Repository.xml]
[5] 2026-03-30 11:01:44,873 DEBUG downloadInfoDetails: isupdatepresent = "true" || cachedLocation = "C:\ProgramData\MspPlatform\FileCacheServiceAgent\cache\https___sis.n-able.com_Repository.xml_2026033006.xml" || filename = "Repository.xml" || sizeinbytes = "5391" || checksum = "95598785b6dd1e59b4b2bcdd7940f3be017ddbe7" || uuid = "https___sis.n-able.com_Repository.xml_2026033006" || url = "https://sis.n-able.com/Repository.xml" || name = "" || kbs = "" || version = "" || architecture = "" || language = "" || cacheddatetime = "2026-3-30 9:0:42 am" || downloadFailed = "false" || 
[5] 2026-03-30 11:01:44,873 DEBUG FileCacheServiceAgentDownloader.HandleDownloadResult => Downloading file (https___sis.n-able.com_Repository.xml_2026033006, C:\ProgramData\MspPlatform\FileCacheServiceAgent\cache\https___sis.n-able.com_Repository.xml_2026033006.xml, Repository.xml, 5391, C:\ProgramData\MspPlatform\PME\ThirdPartyPatch\Downloads)...
[5] 2026-03-30 11:01:44,879 DEBUG DownloadFileInBlocks Status:Complete File location [C:\ProgramData\MspPlatform\FileCacheServiceAgent\cache\https___sis.n-able.com_Repository.xml_2026033006.xml] destination [C:\ProgramData\MspPlatform\PME\ThirdPartyPatch\Downloads\Repository.xml]
[5] 2026-03-30 11:01:44,879 DEBUG Download completed successfully. 
[5] 2026-03-30 11:01:44,879 DEBUG FileCacheServiceAgentDownloader.HandleDownloadResult => File was downloaded as "C:\ProgramData\MspPlatform\PME\ThirdPartyPatch\Downloads\Repository.xml" with status "Complete"
[1] 2026-03-30 11:01:45,827 DEBUG DownloaderFactory.GetDownloader => Can connect to https://sis.n-able.com/ using FileCacheServiceAgentDownloader
[1] 2026-03-30 11:01:45,828 DEBUG FileCacheServiceAgentDownloader.DownloadFile => url = https://sis.n-able.com/Repository.xml, fileName = C:\ProgramData\MspPlatform\PME\ThirdPartyPatch\Downloads\Repository.xml
[1] 2026-03-30 11:01:45,828 DEBUG FileCacheServiceAgentDownloader.StartAsyncDownload => Submitting file https://sis.n-able.com/Repository.xml...
[1] 2026-03-30 11:01:45,839 DEBUG FileCacheServiceAgentDownloader.DownloadFile => Waiting for download to be finished
[5] 2026-03-30 11:01:45,856 DEBUG FileCacheServiceAgentDownloader.HandleDownloadResult => Cache service: update is present [https___sis.n-able.com_Repository.xml_2026033006] [https://sis.n-able.com/Repository.xml]
[5] 2026-03-30 11:01:45,856 DEBUG downloadInfoDetails: isupdatepresent = "true" || cachedLocation = "C:\ProgramData\MspPlatform\FileCacheServiceAgent\cache\https___sis.n-able.com_Repository.xml_2026033006.xml" || filename = "Repository.xml" || sizeinbytes = "5391" || checksum = "95598785b6dd1e59b4b2bcdd7940f3be017ddbe7" || uuid = "https___sis.n-able.com_Repository.xml_2026033006" || url = "https://sis.n-able.com/Repository.xml" || name = "" || kbs = "" || version = "" || architecture = "" || language = "" || cacheddatetime = "2026-3-30 9:0:42 am" || downloadFailed = "false" || 
[5] 2026-03-30 11:01:45,856 DEBUG FileCacheServiceAgentDownloader.HandleDownloadResult => Downloading file (https___sis.n-able.com_Repository.xml_2026033006, C:\ProgramData\MspPlatform\FileCacheServiceAgent\cache\https___sis.n-able.com_Repository.xml_2026033006.xml, Repository.xml, 5391, C:\ProgramData\MspPlatform\PME\ThirdPartyPatch\Downloads)...
[5] 2026-03-30 11:01:45,861 DEBUG DownloadFileInBlocks Status:Complete File location [C:\ProgramData\MspPlatform\FileCacheServiceAgent\cache\https___sis.n-able.com_Repository.xml_2026033006.xml] destination [C:\ProgramData\MspPlatform\PME\ThirdPartyPatch\Downloads\Repository.xml]
[5] 2026-03-30 11:01:45,861 DEBUG Download completed successfully. 
[5] 2026-03-30 11:01:45,861 DEBUG FileCacheServiceAgentDownloader.HandleDownloadResult => File was downloaded as "C:\ProgramData\MspPlatform\PME\ThirdPartyPatch\Downloads\Repository.xml" with status "Complete"
[1] 2026-03-31 13:16:44,241 DEBUG DownloaderFactory.GetDownloader => Can connect to https://sis.n-able.com/ using FileCacheServiceAgentDownloader
[1] 2026-03-31 13:16:44,243 DEBUG FileCacheServiceAgentDownloader.DownloadFile => url = https://sis.n-able.com/Repository.xml, fileName = C:\ProgramData\MspPlatform\PME\ThirdPartyPatch\Downloads\Repository.xml
[1] 2026-03-31 13:16:44,244 DEBUG FileCacheServiceAgentDownloader.StartAsyncDownload => Submitting file https://sis.n-able.com/Repository.xml...
[1] 2026-03-31 13:16:44,263 DEBUG FileCacheServiceAgentDownloader.DownloadFile => Waiting for download to be finished
[5] 2026-03-31 13:16:44,297 DEBUG FileCacheServiceAgentDownloader.RetryPolicy => File info is not available yet, trying again in 5s...
[5] 2026-03-31 13:16:49,310 DEBUG FileCacheServiceAgentDownloader.RetryPolicy => File info is not available yet, trying again in 5s...
[5] 2026-03-31 13:16:54,326 DEBUG FileCacheServiceAgentDownloader.HandleDownloadResult => Cache service: update is present [https___sis.n-able.com_Repository.xml_2026033112] [https://sis.n-able.com/Repository.xml]
[5] 2026-03-31 13:16:54,327 DEBUG downloadInfoDetails: isupdatepresent = "true" || cachedLocation = "C:\ProgramData\MspPlatform\FileCacheServiceAgent\cache\https___sis.n-able.com_Repository.xml_2026033112.xml" || filename = "Repository.xml" || sizeinbytes = "5391" || checksum = "95598785b6dd1e59b4b2bcdd7940f3be017ddbe7" || uuid = "https___sis.n-able.com_Repository.xml_2026033112" || url = "https://sis.n-able.com/Repository.xml" || name = "" || kbs = "" || version = "" || architecture = "" || language = "" || cacheddatetime = "2026-3-31 13:16:49 pm" || downloadFailed = "false" || 
[5] 2026-03-31 13:16:54,327 DEBUG FileCacheServiceAgentDownloader.HandleDownloadResult => Downloading file (https___sis.n-able.com_Repository.xml_2026033112, C:\ProgramData\MspPlatform\FileCacheServiceAgent\cache\https___sis.n-able.com_Repository.xml_2026033112.xml, Repository.xml, 5391, C:\ProgramData\MspPlatform\PME\ThirdPartyPatch\Downloads)...
[5] 2026-03-31 13:16:54,340 DEBUG DownloadFileInBlocks Status:Complete File location [C:\ProgramData\MspPlatform\FileCacheServiceAgent\cache\https___sis.n-able.com_Repository.xml_2026033112.xml] destination [C:\ProgramData\MspPlatform\PME\ThirdPartyPatch\Downloads\Repository.xml]
[5] 2026-03-31 13:16:54,341 DEBUG Download completed successfully. 
[5] 2026-03-31 13:16:54,341 DEBUG FileCacheServiceAgentDownloader.HandleDownloadResult => File was downloaded as "C:\ProgramData\MspPlatform\PME\ThirdPartyPatch\Downloads\Repository.xml" with status "Complete"
[1] 2026-03-31 13:16:56,904 DEBUG DownloaderFactory.GetDownloader => Can connect to https://sis.n-able.com/ using FileCacheServiceAgentDownloader
[1] 2026-03-31 13:16:56,905 DEBUG FileCacheServiceAgentDownloader.DownloadFile => url = https://sis.n-able.com/Repository.xml, fileName = C:\ProgramData\MspPlatform\PME\ThirdPartyPatch\Downloads\Repository.xml
[1] 2026-03-31 13:16:56,906 DEBUG FileCacheServiceAgentDownloader.StartAsyncDownload => Submitting file https://sis.n-able.com/Repository.xml...
[1] 2026-03-31 13:16:56,923 DEBUG FileCacheServiceAgentDownloader.DownloadFile => Waiting for download to be finished
[5] 2026-03-31 13:16:56,953 DEBUG FileCacheServiceAgentDownloader.HandleDownloadResult => Cache service: update is present [https___sis.n-able.com_Repository.xml_2026033112] [https://sis.n-able.com/Repository.xml]
[5] 2026-03-31 13:16:56,954 DEBUG downloadInfoDetails: isupdatepresent = "true" || cachedLocation = "C:\ProgramData\MspPlatform\FileCacheServiceAgent\cache\https___sis.n-able.com_Repository.xml_2026033112.xml" || filename = "Repository.xml" || sizeinbytes = "5391" || checksum = "95598785b6dd1e59b4b2bcdd7940f3be017ddbe7" || uuid = "https___sis.n-able.com_Repository.xml_2026033112" || url = "https://sis.n-able.com/Repository.xml" || name = "" || kbs = "" || version = "" || architecture = "" || language = "" || cacheddatetime = "2026-3-31 13:16:49 pm" || downloadFailed = "false" || 
[5] 2026-03-31 13:16:56,954 DEBUG FileCacheServiceAgentDownloader.HandleDownloadResult => Downloading file (https___sis.n-able.com_Repository.xml_2026033112, C:\ProgramData\MspPlatform\FileCacheServiceAgent\cache\https___sis.n-able.com_Repository.xml_2026033112.xml, Repository.xml, 5391, C:\ProgramData\MspPlatform\PME\ThirdPartyPatch\Downloads)...
[5] 2026-03-31 13:16:56,961 DEBUG DownloadFileInBlocks Status:Complete File location [C:\ProgramData\MspPlatform\FileCacheServiceAgent\cache\https___sis.n-able.com_Repository.xml_2026033112.xml] destination [C:\ProgramData\MspPlatform\PME\ThirdPartyPatch\Downloads\Repository.xml]
[5] 2026-03-31 13:16:56,961 DEBUG Download completed successfully. 
[5] 2026-03-31 13:16:56,962 DEBUG FileCacheServiceAgentDownloader.HandleDownloadResult => File was downloaded as "C:\ProgramData\MspPlatform\PME\ThirdPartyPatch\Downloads\Repository.xml" with status "Complete"
[1] 2026-04-02 08:02:16,418 DEBUG DownloaderFactory.GetDownloader => Can connect to https://sis.n-able.com/ using FileCacheServiceAgentDownloader
[1] 2026-04-02 08:02:16,420 DEBUG FileCacheServiceAgentDownloader.DownloadFile => url = https://sis.n-able.com/Repository.xml, fileName = C:\ProgramData\MspPlatform\PME\ThirdPartyPatch\Downloads\Repository.xml
[1] 2026-04-02 08:02:16,421 DEBUG FileCacheServiceAgentDownloader.StartAsyncDownload => Submitting file https://sis.n-able.com/Repository.xml...
[1] 2026-04-02 08:02:16,435 DEBUG FileCacheServiceAgentDownloader.DownloadFile => Waiting for download to be finished
[5] 2026-04-02 08:02:16,495 DEBUG FileCacheServiceAgentDownloader.RetryPolicy => File info is not available yet, trying again in 5s...
[5] 2026-04-02 08:02:21,503 DEBUG FileCacheServiceAgentDownloader.RetryPolicy => File info is not available yet, trying again in 5s...
[5] 2026-04-02 08:02:26,516 DEBUG FileCacheServiceAgentDownloader.HandleDownloadResult => Cache service: update is present [https___sis.n-able.com_Repository.xml_2026040206] [https://sis.n-able.com/Repository.xml]
[5] 2026-04-02 08:02:26,517 DEBUG downloadInfoDetails: isupdatepresent = "true" || cachedLocation = "C:\ProgramData\MspPlatform\FileCacheServiceAgent\cache\https___sis.n-able.com_Repository.xml_2026040206.xml" || filename = "Repository.xml" || sizeinbytes = "5679" || checksum = "6620e8b43472d36ddc615a2c455767bba145ca78" || uuid = "https___sis.n-able.com_Repository.xml_2026040206" || url = "https://sis.n-able.com/Repository.xml" || name = "" || kbs = "" || version = "" || architecture = "" || language = "" || cacheddatetime = "2026-4-2 8:2:22 am" || downloadFailed = "false" || 
[5] 2026-04-02 08:02:26,518 DEBUG FileCacheServiceAgentDownloader.HandleDownloadResult => Downloading file (https___sis.n-able.com_Repository.xml_2026040206, C:\ProgramData\MspPlatform\FileCacheServiceAgent\cache\https___sis.n-able.com_Repository.xml_2026040206.xml, Repository.xml, 5679, C:\ProgramData\MspPlatform\PME\ThirdPartyPatch\Downloads)...
[5] 2026-04-02 08:02:26,532 DEBUG DownloadFileInBlocks Status:Complete File location [C:\ProgramData\MspPlatform\FileCacheServiceAgent\cache\https___sis.n-able.com_Repository.xml_2026040206.xml] destination [C:\ProgramData\MspPlatform\PME\ThirdPartyPatch\Downloads\Repository.xml]
[5] 2026-04-02 08:02:26,533 DEBUG Download completed successfully. 
[5] 2026-04-02 08:02:26,533 DEBUG FileCacheServiceAgentDownloader.HandleDownloadResult => File was downloaded as "C:\ProgramData\MspPlatform\PME\ThirdPartyPatch\Downloads\Repository.xml" with status "Complete"
[1] 2026-04-02 08:02:26,589 DEBUG DownloaderFactory.GetDownloader => Can connect to https://sis.n-able.com/ using FileCacheServiceAgentDownloader
[1] 2026-04-02 08:02:26,592 DEBUG FileCacheServiceAgentDownloader.DownloadFile => url = https://sis.n-able.com/3rdPartySw/ThirdPartySoftware.xml, fileName = C:\ProgramData\MspPlatform\PME\ThirdPartyPatch\Downloads\ThirdPartySoftware.xml
[1] 2026-04-02 08:02:26,593 DEBUG FileCacheServiceAgentDownloader.StartAsyncDownload => Submitting file https://sis.n-able.com/3rdPartySw/ThirdPartySoftware.xml...
[1] 2026-04-02 08:02:26,594 DEBUG FileCacheServiceAgentDownloader.DownloadFile => Waiting for download to be finished
[6] 2026-04-02 08:02:26,597 DEBUG FileCacheServiceAgentDownloader.RetryPolicy => File info is not available yet, trying again in 5s...
[6] 2026-04-02 08:02:31,617 DEBUG FileCacheServiceAgentDownloader.RetryPolicy => File info is not available yet, trying again in 5s...
[6] 2026-04-02 08:02:36,623 DEBUG FileCacheServiceAgentDownloader.HandleDownloadResult => Cache service: update is present [https___sis.n-able.com_3rdPartySw_ThirdPartySoftware.xml_2026040206] [https://sis.n-able.com/3rdPartySw/ThirdPartySoftware.xml]
[6] 2026-04-02 08:02:36,624 DEBUG downloadInfoDetails: isupdatepresent = "true" || cachedLocation = "C:\ProgramData\MspPlatform\FileCacheServiceAgent\cache\https___sis.n-able.com_3rdPartySw_ThirdPartySoftware.xml_2026040206.xml" || filename = "ThirdPartySoftware.xml" || sizeinbytes = "114837" || checksum = "d1e5f7e4fc420c1c423289b7939e992081b1ebcc" || uuid = "https___sis.n-able.com_3rdPartySw_ThirdPartySoftware.xml_2026040206" || url = "https://sis.n-able.com/3rdPartySw/ThirdPartySoftware.xml" || name = "" || kbs = "" || version = "" || architecture = "" || language = "" || cacheddatetime = "2026-4-2 8:2:32 am" || downloadFailed = "false" || 
[6] 2026-04-02 08:02:36,625 DEBUG FileCacheServiceAgentDownloader.HandleDownloadResult => Downloading file (https___sis.n-able.com_3rdPartySw_ThirdPartySoftware.xml_2026040206, C:\ProgramData\MspPlatform\FileCacheServiceAgent\cache\https___sis.n-able.com_3rdPartySw_ThirdPartySoftware.xml_2026040206.xml, ThirdPartySoftware.xml, 114837, C:\ProgramData\MspPlatform\PME\ThirdPartyPatch\Downloads)...
[6] 2026-04-02 08:02:36,629 DEBUG DownloadFileInBlocks Status:Complete File location [C:\ProgramData\MspPlatform\FileCacheServiceAgent\cache\https___sis.n-able.com_3rdPartySw_ThirdPartySoftware.xml_2026040206.xml] destination [C:\ProgramData\MspPlatform\PME\ThirdPartyPatch\Downloads\ThirdPartySoftware.xml]
[6] 2026-04-02 08:02:36,630 DEBUG Download completed successfully. 
[6] 2026-04-02 08:02:36,630 DEBUG FileCacheServiceAgentDownloader.HandleDownloadResult => File was downloaded as "C:\ProgramData\MspPlatform\PME\ThirdPartyPatch\Downloads\ThirdPartySoftware.xml" with status "Complete"
[1] 2026-04-02 08:02:38,331 DEBUG DownloaderFactory.GetDownloader => Can connect to https://sis.n-able.com/ using FileCacheServiceAgentDownloader
[1] 2026-04-02 08:02:38,331 DEBUG FileCacheServiceAgentDownloader.DownloadFile => url = https://sis.n-able.com/3rdPartySw/OS/WIN/Applications/Microsoft/OneDrive.zip, fileName = C:\ProgramData\MspPlatform\PME\ThirdPartyPatch\Downloads\OneDrive.zip
[1] 2026-04-02 08:02:38,331 DEBUG FileCacheServiceAgentDownloader.StartAsyncDownload => Submitting file https://sis.n-able.com/3rdPartySw/OS/WIN/Applications/Microsoft/OneDrive.zip...
[1] 2026-04-02 08:02:38,332 DEBUG FileCacheServiceAgentDownloader.DownloadFile => Waiting for download to be finished
[5] 2026-04-02 08:02:38,334 DEBUG FileCacheServiceAgentDownloader.RetryPolicy => File info is not available yet, trying again in 5s...
[5] 2026-04-02 08:02:43,340 DEBUG FileCacheServiceAgentDownloader.RetryPolicy => File info is not available yet, trying again in 5s...
[5] 2026-04-02 08:02:48,356 DEBUG FileCacheServiceAgentDownloader.HandleDownloadResult => Cache service: update is present [https___sis.n-able.com_3rdPartySw_OS_WIN_Applications_Microsoft_OneDrive.zip_2026040206] [https://sis.n-able.com/3rdPartySw/OS/WIN/Applications/Microsoft/OneDrive.zip]
[5] 2026-04-02 08:02:48,357 DEBUG downloadInfoDetails: isupdatepresent = "true" || cachedLocation = "C:\ProgramData\MspPlatform\FileCacheServiceAgent\cache\https___sis.n-able.com_3rdPartySw_OS_WIN_Applications_Microsoft_OneDrive.zip_2026040206.zip" || filename = "OneDrive.zip" || sizeinbytes = "32478" || checksum = "47b98aa8046049514db116ec4d2d607a340541ac" || uuid = "https___sis.n-able.com_3rdPartySw_OS_WIN_Applications_Microsoft_OneDrive.zip_2026040206" || url = "https://sis.n-able.com/3rdPartySw/OS/WIN/Applications/Microsoft/OneDrive.zip" || name = "" || kbs = "" || version = "" || architecture = "" || language = "" || cacheddatetime = "2026-4-2 8:2:43 am" || downloadFailed = "false" || 
[5] 2026-04-02 08:02:48,357 DEBUG FileCacheServiceAgentDownloader.HandleDownloadResult => Downloading file (https___sis.n-able.com_3rdPartySw_OS_WIN_Applications_Microsoft_OneDrive.zip_2026040206, C:\ProgramData\MspPlatform\FileCacheServiceAgent\cache\https___sis.n-able.com_3rdPartySw_OS_WIN_Applications_Microsoft_OneDrive.zip_2026040206.zip, OneDrive.zip, 32478, C:\ProgramData\MspPlatform\PME\ThirdPartyPatch\Downloads)...
[5] 2026-04-02 08:02:48,359 DEBUG DownloadFileInBlocks Status:Complete File location [C:\ProgramData\MspPlatform\FileCacheServiceAgent\cache\https___sis.n-able.com_3rdPartySw_OS_WIN_Applications_Microsoft_OneDrive.zip_2026040206.zip] destination [C:\ProgramData\MspPlatform\PME\ThirdPartyPatch\Downloads\OneDrive.zip]
[5] 2026-04-02 08:02:48,359 DEBUG Download completed successfully. 
[5] 2026-04-02 08:02:48,359 DEBUG FileCacheServiceAgentDownloader.HandleDownloadResult => File was downloaded as "C:\ProgramData\MspPlatform\PME\ThirdPartyPatch\Downloads\OneDrive.zip" with status "Complete"
[1] 2026-04-02 08:02:48,544 DEBUG DownloaderFactory.GetDownloader => Can connect to https://sis.n-able.com/ using FileCacheServiceAgentDownloader
[1] 2026-04-02 08:02:48,544 DEBUG FileCacheServiceAgentDownloader.DownloadFile => url = https://sis.n-able.com/3rdPartySw/OS/WIN/Applications/Google/Google Drive.zip, fileName = C:\ProgramData\MspPlatform\PME\ThirdPartyPatch\Downloads\Google Drive.zip
[1] 2026-04-02 08:02:48,544 DEBUG FileCacheServiceAgentDownloader.StartAsyncDownload => Submitting file https://sis.n-able.com/3rdPartySw/OS/WIN/Applications/Google/Google Drive.zip...
[1] 2026-04-02 08:02:48,545 DEBUG FileCacheServiceAgentDownloader.DownloadFile => Waiting for download to be finished
[5] 2026-04-02 08:02:48,548 DEBUG FileCacheServiceAgentDownloader.RetryPolicy => File info is not available yet, trying again in 5s...
[5] 2026-04-02 08:02:53,558 DEBUG FileCacheServiceAgentDownloader.RetryPolicy => File info is not available yet, trying again in 5s...
[5] 2026-04-02 08:02:58,572 DEBUG FileCacheServiceAgentDownloader.HandleDownloadResult => Cache service: update is present [https___sis.n-able.com_3rdPartySw_OS_WIN_Applications_Google_Google Drive.zip_2026040206] [https://sis.n-able.com/3rdPartySw/OS/WIN/Applications/Google/Google Drive.zip]
[5] 2026-04-02 08:02:58,573 DEBUG downloadInfoDetails: isupdatepresent = "true" || cachedLocation = "C:\ProgramData\MspPlatform\FileCacheServiceAgent\cache\https___sis.n-able.com_3rdPartySw_OS_WIN_Applications_Google_Google Drive.zip_2026040206.zip" || filename = "Google Drive.zip" || sizeinbytes = "27612" || checksum = "b0ab36ca62742bbbe75dd93777de41698be9eeb1" || uuid = "https___sis.n-able.com_3rdPartySw_OS_WIN_Applications_Google_Google Drive.zip_2026040206" || url = "https://sis.n-able.com/3rdPartySw/OS/WIN/Applications/Google/Google Drive.zip" || name = "" || kbs = "" || version = "" || architecture = "" || language = "" || cacheddatetime = "2026-4-2 8:2:53 am" || downloadFailed = "false" || 
[5] 2026-04-02 08:02:58,574 DEBUG FileCacheServiceAgentDownloader.HandleDownloadResult => Downloading file (https___sis.n-able.com_3rdPartySw_OS_WIN_Applications_Google_Google Drive.zip_2026040206, C:\ProgramData\MspPlatform\FileCacheServiceAgent\cache\https___sis.n-able.com_3rdPartySw_OS_WIN_Applications_Google_Google Drive.zip_2026040206.zip, Google Drive.zip, 27612, C:\ProgramData\MspPlatform\PME\ThirdPartyPatch\Downloads)...
[5] 2026-04-02 08:02:58,579 DEBUG DownloadFileInBlocks Status:Complete File location [C:\ProgramData\MspPlatform\FileCacheServiceAgent\cache\https___sis.n-able.com_3rdPartySw_OS_WIN_Applications_Google_Google Drive.zip_2026040206.zip] destination [C:\ProgramData\MspPlatform\PME\ThirdPartyPatch\Downloads\Google Drive.zip]
[5] 2026-04-02 08:02:58,579 DEBUG Download completed successfully. 
[5] 2026-04-02 08:02:58,580 DEBUG FileCacheServiceAgentDownloader.HandleDownloadResult => File was downloaded as "C:\ProgramData\MspPlatform\PME\ThirdPartyPatch\Downloads\Google Drive.zip" with status "Complete"
[1] 2026-04-02 08:02:58,591 DEBUG DownloaderFactory.GetDownloader => Can connect to https://sis.n-able.com/ using FileCacheServiceAgentDownloader
[1] 2026-04-02 08:02:58,591 DEBUG FileCacheServiceAgentDownloader.DownloadFile => url = https://sis.n-able.com/3rdPartySw/OS/WIN/Applications/Microsoft/Microsoft Edge.zip, fileName = C:\ProgramData\MspPlatform\PME\ThirdPartyPatch\Downloads\Microsoft Edge.zip
[1] 2026-04-02 08:02:58,592 DEBUG FileCacheServiceAgentDownloader.StartAsyncDownload => Submitting file https://sis.n-able.com/3rdPartySw/OS/WIN/Applications/Microsoft/Microsoft Edge.zip...
[1] 2026-04-02 08:02:58,594 DEBUG FileCacheServiceAgentDownloader.DownloadFile => Waiting for download to be finished
[6] 2026-04-02 08:02:58,597 DEBUG FileCacheServiceAgentDownloader.RetryPolicy => File info is not available yet, trying again in 5s...
[6] 2026-04-02 08:03:03,612 DEBUG FileCacheServiceAgentDownloader.RetryPolicy => File info is not available yet, trying again in 5s...
[6] 2026-04-02 08:03:08,669 DEBUG FileCacheServiceAgentDownloader.HandleDownloadResult => Cache service: update is present [https___sis.n-able.com_3rdPartySw_OS_WIN_Applications_Microsoft_Microsoft Edge.zip_2026040206] [https://sis.n-able.com/3rdPartySw/OS/WIN/Applications/Microsoft/Microsoft Edge.zip]
[6] 2026-04-02 08:03:08,671 DEBUG downloadInfoDetails: isupdatepresent = "true" || cachedLocation = "C:\ProgramData\MspPlatform\FileCacheServiceAgent\cache\https___sis.n-able.com_3rdPartySw_OS_WIN_Applications_Microsoft_Microsoft Edge.zip_2026040206.zip" || filename = "Microsoft Edge.zip" || sizeinbytes = "9313" || checksum = "d1b536bafbdc7f7f4d3c88012c3e11e4a69e792a" || uuid = "https___sis.n-able.com_3rdPartySw_OS_WIN_Applications_Microsoft_Microsoft Edge.zip_2026040206" || url = "https://sis.n-able.com/3rdPartySw/OS/WIN/Applications/Microsoft/Microsoft Edge.zip" || name = "" || kbs = "" || version = "" || architecture = "" || language = "" || cacheddatetime = "2026-4-2 8:3:3 am" || downloadFailed = "false" || 
[6] 2026-04-02 08:03:08,671 DEBUG FileCacheServiceAgentDownloader.HandleDownloadResult => Downloading file (https___sis.n-able.com_3rdPartySw_OS_WIN_Applications_Microsoft_Microsoft Edge.zip_2026040206, C:\ProgramData\MspPlatform\FileCacheServiceAgent\cache\https___sis.n-able.com_3rdPartySw_OS_WIN_Applications_Microsoft_Microsoft Edge.zip_2026040206.zip, Microsoft Edge.zip, 9313, C:\ProgramData\MspPlatform\PME\ThirdPartyPatch\Downloads)...
[6] 2026-04-02 08:03:08,677 DEBUG DownloadFileInBlocks Status:Complete File location [C:\ProgramData\MspPlatform\FileCacheServiceAgent\cache\https___sis.n-able.com_3rdPartySw_OS_WIN_Applications_Microsoft_Microsoft Edge.zip_2026040206.zip] destination [C:\ProgramData\MspPlatform\PME\ThirdPartyPatch\Downloads\Microsoft Edge.zip]
[6] 2026-04-02 08:03:08,679 DEBUG Download completed successfully. 
[6] 2026-04-02 08:03:08,679 DEBUG FileCacheServiceAgentDownloader.HandleDownloadResult => File was downloaded as "C:\ProgramData\MspPlatform\PME\ThirdPartyPatch\Downloads\Microsoft Edge.zip" with status "Complete"
[1] 2026-04-02 08:03:08,778 DEBUG DownloaderFactory.GetDownloader => Can connect to https://sis.n-able.com/ using FileCacheServiceAgentDownloader
[1] 2026-04-02 08:03:08,779 DEBUG FileCacheServiceAgentDownloader.DownloadFile => url = https://sis.n-able.com/3rdPartySw/Vendors.xml, fileName = C:\ProgramData\MspPlatform\PME\ThirdPartyPatch\Downloads\Vendors.xml
[1] 2026-04-02 08:03:08,780 DEBUG FileCacheServiceAgentDownloader.StartAsyncDownload => Submitting file https://sis.n-able.com/3rdPartySw/Vendors.xml...
[1] 2026-04-02 08:03:08,781 DEBUG FileCacheServiceAgentDownloader.DownloadFile => Waiting for download to be finished
[6] 2026-04-02 08:03:08,784 DEBUG FileCacheServiceAgentDownloader.RetryPolicy => File info is not available yet, trying again in 5s...
[6] 2026-04-02 08:03:13,801 DEBUG FileCacheServiceAgentDownloader.RetryPolicy => File info is not available yet, trying again in 5s...
[6] 2026-04-02 08:03:18,815 DEBUG FileCacheServiceAgentDownloader.HandleDownloadResult => Cache service: update is present [https___sis.n-able.com_3rdPartySw_Vendors.xml_2026040206] [https://sis.n-able.com/3rdPartySw/Vendors.xml]
[6] 2026-04-02 08:03:18,817 DEBUG downloadInfoDetails: isupdatepresent = "true" || cachedLocation = "C:\ProgramData\MspPlatform\FileCacheServiceAgent\cache\https___sis.n-able.com_3rdPartySw_Vendors.xml_2026040206.xml" || filename = "Vendors.xml" || sizeinbytes = "4135" || checksum = "8de80a3dfbbe1d2386f740986f5044d05c426928" || uuid = "https___sis.n-able.com_3rdPartySw_Vendors.xml_2026040206" || url = "https://sis.n-able.com/3rdPartySw/Vendors.xml" || name = "" || kbs = "" || version = "" || architecture = "" || language = "" || cacheddatetime = "2026-4-2 8:3:14 am" || downloadFailed = "false" || 
[6] 2026-04-02 08:03:18,818 DEBUG FileCacheServiceAgentDownloader.HandleDownloadResult => Downloading file (https___sis.n-able.com_3rdPartySw_Vendors.xml_2026040206, C:\ProgramData\MspPlatform\FileCacheServiceAgent\cache\https___sis.n-able.com_3rdPartySw_Vendors.xml_2026040206.xml, Vendors.xml, 4135, C:\ProgramData\MspPlatform\PME\ThirdPartyPatch\Downloads)...
[6] 2026-04-02 08:03:18,822 DEBUG DownloadFileInBlocks Status:Complete File location [C:\ProgramData\MspPlatform\FileCacheServiceAgent\cache\https___sis.n-able.com_3rdPartySw_Vendors.xml_2026040206.xml] destination [C:\ProgramData\MspPlatform\PME\ThirdPartyPatch\Downloads\Vendors.xml]
[6] 2026-04-02 08:03:18,823 DEBUG Download completed successfully. 
[6] 2026-04-02 08:03:18,823 DEBUG FileCacheServiceAgentDownloader.HandleDownloadResult => File was downloaded as "C:\ProgramData\MspPlatform\PME\ThirdPartyPatch\Downloads\Vendors.xml" with status "Complete"
[1] 2026-04-02 08:03:19,163 DEBUG DownloaderFactory.GetDownloader => Can connect to https://sis.n-able.com/ using FileCacheServiceAgentDownloader
[1] 2026-04-02 08:03:19,163 DEBUG FileCacheServiceAgentDownloader.DownloadFile => url = https://sis.n-able.com/Repository.xml, fileName = C:\ProgramData\MspPlatform\PME\ThirdPartyPatch\Downloads\Repository.xml
[1] 2026-04-02 08:03:19,164 DEBUG FileCacheServiceAgentDownloader.StartAsyncDownload => Submitting file https://sis.n-able.com/Repository.xml...
[1] 2026-04-02 08:03:19,176 DEBUG FileCacheServiceAgentDownloader.DownloadFile => Waiting for download to be finished
[5] 2026-04-02 08:03:19,202 DEBUG FileCacheServiceAgentDownloader.HandleDownloadResult => Cache service: update is present [https___sis.n-able.com_Repository.xml_2026040206] [https://sis.n-able.com/Repository.xml]
[5] 2026-04-02 08:03:19,204 DEBUG downloadInfoDetails: isupdatepresent = "true" || cachedLocation = "C:\ProgramData\MspPlatform\FileCacheServiceAgent\cache\https___sis.n-able.com_Repository.xml_2026040206.xml" || filename = "Repository.xml" || sizeinbytes = "5679" || checksum = "6620e8b43472d36ddc615a2c455767bba145ca78" || uuid = "https___sis.n-able.com_Repository.xml_2026040206" || url = "https://sis.n-able.com/Repository.xml" || name = "" || kbs = "" || version = "" || architecture = "" || language = "" || cacheddatetime = "2026-4-2 8:2:22 am" || downloadFailed = "false" || 
[5] 2026-04-02 08:03:19,204 DEBUG FileCacheServiceAgentDownloader.HandleDownloadResult => Downloading file (https___sis.n-able.com_Repository.xml_2026040206, C:\ProgramData\MspPlatform\FileCacheServiceAgent\cache\https___sis.n-able.com_Repository.xml_2026040206.xml, Repository.xml, 5679, C:\ProgramData\MspPlatform\PME\ThirdPartyPatch\Downloads)...
[5] 2026-04-02 08:03:19,211 DEBUG DownloadFileInBlocks Status:Complete File location [C:\ProgramData\MspPlatform\FileCacheServiceAgent\cache\https___sis.n-able.com_Repository.xml_2026040206.xml] destination [C:\ProgramData\MspPlatform\PME\ThirdPartyPatch\Downloads\Repository.xml]
[5] 2026-04-02 08:03:19,211 DEBUG Download completed successfully. 
[5] 2026-04-02 08:03:19,211 DEBUG FileCacheServiceAgentDownloader.HandleDownloadResult => File was downloaded as "C:\ProgramData\MspPlatform\PME\ThirdPartyPatch\Downloads\Repository.xml" with status "Complete"
[1] 2026-04-02 08:03:19,919 DEBUG DownloaderFactory.GetDownloader => Can connect to https://sis.n-able.com/ using FileCacheServiceAgentDownloader
[1] 2026-04-02 08:03:19,919 DEBUG FileCacheServiceAgentDownloader.DownloadFile => url = https://sis.n-able.com/3rdPartySw/OS/WIN/Applications/Google/Chrome.zip, fileName = C:\ProgramData\MspPlatform\PME\ThirdPartyPatch\Downloads\Chrome.zip
[1] 2026-04-02 08:03:19,921 DEBUG FileCacheServiceAgentDownloader.StartAsyncDownload => Submitting file https://sis.n-able.com/3rdPartySw/OS/WIN/Applications/Google/Chrome.zip...
[1] 2026-04-02 08:03:19,921 DEBUG FileCacheServiceAgentDownloader.DownloadFile => Waiting for download to be finished
[5] 2026-04-02 08:03:19,924 DEBUG FileCacheServiceAgentDownloader.RetryPolicy => File info is not available yet, trying again in 5s...
[5] 2026-04-02 08:03:24,936 DEBUG FileCacheServiceAgentDownloader.RetryPolicy => File info is not available yet, trying again in 5s...
[5] 2026-04-02 08:03:29,951 DEBUG FileCacheServiceAgentDownloader.HandleDownloadResult => Cache service: update is present [https___sis.n-able.com_3rdPartySw_OS_WIN_Applications_Google_Chrome.zip_2026040206] [https://sis.n-able.com/3rdPartySw/OS/WIN/Applications/Google/Chrome.zip]
[5] 2026-04-02 08:03:29,952 DEBUG downloadInfoDetails: isupdatepresent = "true" || cachedLocation = "C:\ProgramData\MspPlatform\FileCacheServiceAgent\cache\https___sis.n-able.com_3rdPartySw_OS_WIN_Applications_Google_Chrome.zip_2026040206.zip" || filename = "Chrome.zip" || sizeinbytes = "16120" || checksum = "3f288008e0646ee25bdb65d79f5d439299300653" || uuid = "https___sis.n-able.com_3rdPartySw_OS_WIN_Applications_Google_Chrome.zip_2026040206" || url = "https://sis.n-able.com/3rdPartySw/OS/WIN/Applications/Google/Chrome.zip" || name = "" || kbs = "" || version = "" || architecture = "" || language = "" || cacheddatetime = "2026-4-2 8:3:25 am" || downloadFailed = "false" || 
[5] 2026-04-02 08:03:29,953 DEBUG FileCacheServiceAgentDownloader.HandleDownloadResult => Downloading file (https___sis.n-able.com_3rdPartySw_OS_WIN_Applications_Google_Chrome.zip_2026040206, C:\ProgramData\MspPlatform\FileCacheServiceAgent\cache\https___sis.n-able.com_3rdPartySw_OS_WIN_Applications_Google_Chrome.zip_2026040206.zip, Chrome.zip, 16120, C:\ProgramData\MspPlatform\PME\ThirdPartyPatch\Downloads)...
[5] 2026-04-02 08:03:29,958 DEBUG DownloadFileInBlocks Status:Complete File location [C:\ProgramData\MspPlatform\FileCacheServiceAgent\cache\https___sis.n-able.com_3rdPartySw_OS_WIN_Applications_Google_Chrome.zip_2026040206.zip] destination [C:\ProgramData\MspPlatform\PME\ThirdPartyPatch\Downloads\Chrome.zip]
[5] 2026-04-02 08:03:29,959 DEBUG Download completed successfully. 
[5] 2026-04-02 08:03:29,959 DEBUG FileCacheServiceAgentDownloader.HandleDownloadResult => File was downloaded as "C:\ProgramData\MspPlatform\PME\ThirdPartyPatch\Downloads\Chrome.zip" with status "Complete"
[1] 2026-04-04 07:50:25,492 DEBUG DownloaderFactory.GetDownloader => Can connect to https://sis.n-able.com/ using FileCacheServiceAgentDownloader
[1] 2026-04-04 07:50:25,494 DEBUG FileCacheServiceAgentDownloader.DownloadFile => url = https://sis.n-able.com/Repository.xml, fileName = C:\ProgramData\MspPlatform\PME\ThirdPartyPatch\Downloads\Repository.xml
[1] 2026-04-04 07:50:25,495 DEBUG FileCacheServiceAgentDownloader.StartAsyncDownload => Submitting file https://sis.n-able.com/Repository.xml...
[1] 2026-04-04 07:50:25,515 DEBUG FileCacheServiceAgentDownloader.DownloadFile => Waiting for download to be finished
[5] 2026-04-04 07:50:25,559 DEBUG FileCacheServiceAgentDownloader.RetryPolicy => File info is not available yet, trying again in 5s...
[5] 2026-04-04 07:50:30,571 DEBUG FileCacheServiceAgentDownloader.RetryPolicy => File info is not available yet, trying again in 5s...
[5] 2026-04-04 07:50:35,583 DEBUG FileCacheServiceAgentDownloader.HandleDownloadResult => Cache service: update is present [https___sis.n-able.com_Repository.xml_2026040406] [https://sis.n-able.com/Repository.xml]
[5] 2026-04-04 07:50:35,585 DEBUG downloadInfoDetails: isupdatepresent = "true" || cachedLocation = "C:\ProgramData\MspPlatform\FileCacheServiceAgent\cache\https___sis.n-able.com_Repository.xml_2026040406.xml" || filename = "Repository.xml" || sizeinbytes = "5679" || checksum = "e9a5f3da69791158efe0db7c0d750a44a78c2d9b" || uuid = "https___sis.n-able.com_Repository.xml_2026040406" || url = "https://sis.n-able.com/Repository.xml" || name = "" || kbs = "" || version = "" || architecture = "" || language = "" || cacheddatetime = "2026-4-4 7:50:31 am" || downloadFailed = "false" || 
[5] 2026-04-04 07:50:35,585 DEBUG FileCacheServiceAgentDownloader.HandleDownloadResult => Downloading file (https___sis.n-able.com_Repository.xml_2026040406, C:\ProgramData\MspPlatform\FileCacheServiceAgent\cache\https___sis.n-able.com_Repository.xml_2026040406.xml, Repository.xml, 5679, C:\ProgramData\MspPlatform\PME\ThirdPartyPatch\Downloads)...
[5] 2026-04-04 07:50:35,599 DEBUG DownloadFileInBlocks Status:Complete File location [C:\ProgramData\MspPlatform\FileCacheServiceAgent\cache\https___sis.n-able.com_Repository.xml_2026040406.xml] destination [C:\ProgramData\MspPlatform\PME\ThirdPartyPatch\Downloads\Repository.xml]
[5] 2026-04-04 07:50:35,600 DEBUG Download completed successfully. 
[5] 2026-04-04 07:50:35,601 DEBUG FileCacheServiceAgentDownloader.HandleDownloadResult => File was downloaded as "C:\ProgramData\MspPlatform\PME\ThirdPartyPatch\Downloads\Repository.xml" with status "Complete"
[1] 2026-04-04 07:50:35,657 DEBUG DownloaderFactory.GetDownloader => Can connect to https://sis.n-able.com/ using FileCacheServiceAgentDownloader
[1] 2026-04-04 07:50:35,659 DEBUG FileCacheServiceAgentDownloader.DownloadFile => url = https://sis.n-able.com/3rdPartySw/ThirdPartySoftware.xml, fileName = C:\ProgramData\MspPlatform\PME\ThirdPartyPatch\Downloads\ThirdPartySoftware.xml
[1] 2026-04-04 07:50:35,659 DEBUG FileCacheServiceAgentDownloader.StartAsyncDownload => Submitting file https://sis.n-able.com/3rdPartySw/ThirdPartySoftware.xml...
[1] 2026-04-04 07:50:35,660 DEBUG FileCacheServiceAgentDownloader.DownloadFile => Waiting for download to be finished
[6] 2026-04-04 07:50:35,661 DEBUG FileCacheServiceAgentDownloader.RetryPolicy => File info is not available yet, trying again in 5s...
[6] 2026-04-04 07:50:40,666 DEBUG FileCacheServiceAgentDownloader.RetryPolicy => File info is not available yet, trying again in 5s...
[6] 2026-04-04 07:50:45,679 DEBUG FileCacheServiceAgentDownloader.HandleDownloadResult => Cache service: update is present [https___sis.n-able.com_3rdPartySw_ThirdPartySoftware.xml_2026040406] [https://sis.n-able.com/3rdPartySw/ThirdPartySoftware.xml]
[6] 2026-04-04 07:50:45,680 DEBUG downloadInfoDetails: isupdatepresent = "true" || cachedLocation = "C:\ProgramData\MspPlatform\FileCacheServiceAgent\cache\https___sis.n-able.com_3rdPartySw_ThirdPartySoftware.xml_2026040406.xml" || filename = "ThirdPartySoftware.xml" || sizeinbytes = "114837" || checksum = "7a39f19c871b7b54e9a196fea21305e7dc1ac996" || uuid = "https___sis.n-able.com_3rdPartySw_ThirdPartySoftware.xml_2026040406" || url = "https://sis.n-able.com/3rdPartySw/ThirdPartySoftware.xml" || name = "" || kbs = "" || version = "" || architecture = "" || language = "" || cacheddatetime = "2026-4-4 7:50:41 am" || downloadFailed = "false" || 
[6] 2026-04-04 07:50:45,681 DEBUG FileCacheServiceAgentDownloader.HandleDownloadResult => Downloading file (https___sis.n-able.com_3rdPartySw_ThirdPartySoftware.xml_2026040406, C:\ProgramData\MspPlatform\FileCacheServiceAgent\cache\https___sis.n-able.com_3rdPartySw_ThirdPartySoftware.xml_2026040406.xml, ThirdPartySoftware.xml, 114837, C:\ProgramData\MspPlatform\PME\ThirdPartyPatch\Downloads)...
[6] 2026-04-04 07:50:45,689 DEBUG DownloadFileInBlocks Status:Complete File location [C:\ProgramData\MspPlatform\FileCacheServiceAgent\cache\https___sis.n-able.com_3rdPartySw_ThirdPartySoftware.xml_2026040406.xml] destination [C:\ProgramData\MspPlatform\PME\ThirdPartyPatch\Downloads\ThirdPartySoftware.xml]
[6] 2026-04-04 07:50:45,692 DEBUG Download completed successfully. 
[6] 2026-04-04 07:50:45,694 DEBUG FileCacheServiceAgentDownloader.HandleDownloadResult => File was downloaded as "C:\ProgramData\MspPlatform\PME\ThirdPartyPatch\Downloads\ThirdPartySoftware.xml" with status "Complete"
[1] 2026-04-04 07:50:47,511 DEBUG DownloaderFactory.GetDownloader => Can connect to https://sis.n-able.com/ using FileCacheServiceAgentDownloader
[1] 2026-04-04 07:50:47,512 DEBUG FileCacheServiceAgentDownloader.DownloadFile => url = https://sis.n-able.com/3rdPartySw/OS/WIN/Applications/Microsoft/OneDrive.zip, fileName = C:\ProgramData\MspPlatform\PME\ThirdPartyPatch\Downloads\OneDrive.zip
[1] 2026-04-04 07:50:47,513 DEBUG FileCacheServiceAgentDownloader.StartAsyncDownload => Submitting file https://sis.n-able.com/3rdPartySw/OS/WIN/Applications/Microsoft/OneDrive.zip...
[1] 2026-04-04 07:50:47,515 DEBUG FileCacheServiceAgentDownloader.DownloadFile => Waiting for download to be finished
[5] 2026-04-04 07:50:47,516 DEBUG FileCacheServiceAgentDownloader.RetryPolicy => File info is not available yet, trying again in 5s...
[5] 2026-04-04 07:50:52,534 DEBUG FileCacheServiceAgentDownloader.RetryPolicy => File info is not available yet, trying again in 5s...
[5] 2026-04-04 07:50:57,547 DEBUG FileCacheServiceAgentDownloader.HandleDownloadResult => Cache service: update is present [https___sis.n-able.com_3rdPartySw_OS_WIN_Applications_Microsoft_OneDrive.zip_2026040406] [https://sis.n-able.com/3rdPartySw/OS/WIN/Applications/Microsoft/OneDrive.zip]
[5] 2026-04-04 07:50:57,548 DEBUG downloadInfoDetails: isupdatepresent = "true" || cachedLocation = "C:\ProgramData\MspPlatform\FileCacheServiceAgent\cache\https___sis.n-able.com_3rdPartySw_OS_WIN_Applications_Microsoft_OneDrive.zip_2026040406.zip" || filename = "OneDrive.zip" || sizeinbytes = "32478" || checksum = "47b98aa8046049514db116ec4d2d607a340541ac" || uuid = "https___sis.n-able.com_3rdPartySw_OS_WIN_Applications_Microsoft_OneDrive.zip_2026040406" || url = "https://sis.n-able.com/3rdPartySw/OS/WIN/Applications/Microsoft/OneDrive.zip" || name = "" || kbs = "" || version = "" || architecture = "" || language = "" || cacheddatetime = "2026-4-4 7:50:52 am" || downloadFailed = "false" || 
[5] 2026-04-04 07:50:57,548 DEBUG FileCacheServiceAgentDownloader.HandleDownloadResult => Downloading file (https___sis.n-able.com_3rdPartySw_OS_WIN_Applications_Microsoft_OneDrive.zip_2026040406, C:\ProgramData\MspPlatform\FileCacheServiceAgent\cache\https___sis.n-able.com_3rdPartySw_OS_WIN_Applications_Microsoft_OneDrive.zip_2026040406.zip, OneDrive.zip, 32478, C:\ProgramData\MspPlatform\PME\ThirdPartyPatch\Downloads)...
[5] 2026-04-04 07:50:57,553 DEBUG DownloadFileInBlocks Status:Complete File location [C:\ProgramData\MspPlatform\FileCacheServiceAgent\cache\https___sis.n-able.com_3rdPartySw_OS_WIN_Applications_Microsoft_OneDrive.zip_2026040406.zip] destination [C:\ProgramData\MspPlatform\PME\ThirdPartyPatch\Downloads\OneDrive.zip]
[5] 2026-04-04 07:50:57,553 DEBUG Download completed successfully. 
[5] 2026-04-04 07:50:57,554 DEBUG FileCacheServiceAgentDownloader.HandleDownloadResult => File was downloaded as "C:\ProgramData\MspPlatform\PME\ThirdPartyPatch\Downloads\OneDrive.zip" with status "Complete"
[1] 2026-04-04 07:50:57,776 DEBUG DownloaderFactory.GetDownloader => Can connect to https://sis.n-able.com/ using FileCacheServiceAgentDownloader
[1] 2026-04-04 07:50:57,777 DEBUG FileCacheServiceAgentDownloader.DownloadFile => url = https://sis.n-able.com/3rdPartySw/OS/WIN/Applications/Google/Google Drive.zip, fileName = C:\ProgramData\MspPlatform\PME\ThirdPartyPatch\Downloads\Google Drive.zip
[1] 2026-04-04 07:50:57,777 DEBUG FileCacheServiceAgentDownloader.StartAsyncDownload => Submitting file https://sis.n-able.com/3rdPartySw/OS/WIN/Applications/Google/Google Drive.zip...
[1] 2026-04-04 07:50:57,779 DEBUG FileCacheServiceAgentDownloader.DownloadFile => Waiting for download to be finished
[6] 2026-04-04 07:50:57,783 DEBUG FileCacheServiceAgentDownloader.RetryPolicy => File info is not available yet, trying again in 5s...
[6] 2026-04-04 07:51:02,799 DEBUG FileCacheServiceAgentDownloader.RetryPolicy => File info is not available yet, trying again in 5s...
[6] 2026-04-04 07:51:07,811 DEBUG FileCacheServiceAgentDownloader.HandleDownloadResult => Cache service: update is present [https___sis.n-able.com_3rdPartySw_OS_WIN_Applications_Google_Google Drive.zip_2026040406] [https://sis.n-able.com/3rdPartySw/OS/WIN/Applications/Google/Google Drive.zip]
[6] 2026-04-04 07:51:07,812 DEBUG downloadInfoDetails: isupdatepresent = "true" || cachedLocation = "C:\ProgramData\MspPlatform\FileCacheServiceAgent\cache\https___sis.n-able.com_3rdPartySw_OS_WIN_Applications_Google_Google Drive.zip_2026040406.zip" || filename = "Google Drive.zip" || sizeinbytes = "27612" || checksum = "b0ab36ca62742bbbe75dd93777de41698be9eeb1" || uuid = "https___sis.n-able.com_3rdPartySw_OS_WIN_Applications_Google_Google Drive.zip_2026040406" || url = "https://sis.n-able.com/3rdPartySw/OS/WIN/Applications/Google/Google Drive.zip" || name = "" || kbs = "" || version = "" || architecture = "" || language = "" || cacheddatetime = "2026-4-4 7:51:3 am" || downloadFailed = "false" || 
[6] 2026-04-04 07:51:07,813 DEBUG FileCacheServiceAgentDownloader.HandleDownloadResult => Downloading file (https___sis.n-able.com_3rdPartySw_OS_WIN_Applications_Google_Google Drive.zip_2026040406, C:\ProgramData\MspPlatform\FileCacheServiceAgent\cache\https___sis.n-able.com_3rdPartySw_OS_WIN_Applications_Google_Google Drive.zip_2026040406.zip, Google Drive.zip, 27612, C:\ProgramData\MspPlatform\PME\ThirdPartyPatch\Downloads)...
[6] 2026-04-04 07:51:07,816 DEBUG DownloadFileInBlocks Status:Complete File location [C:\ProgramData\MspPlatform\FileCacheServiceAgent\cache\https___sis.n-able.com_3rdPartySw_OS_WIN_Applications_Google_Google Drive.zip_2026040406.zip] destination [C:\ProgramData\MspPlatform\PME\ThirdPartyPatch\Downloads\Google Drive.zip]
[6] 2026-04-04 07:51:07,817 DEBUG Download completed successfully. 
[6] 2026-04-04 07:51:07,817 DEBUG FileCacheServiceAgentDownloader.HandleDownloadResult => File was downloaded as "C:\ProgramData\MspPlatform\PME\ThirdPartyPatch\Downloads\Google Drive.zip" with status "Complete"
[1] 2026-04-04 07:51:07,830 DEBUG DownloaderFactory.GetDownloader => Can connect to https://sis.n-able.com/ using FileCacheServiceAgentDownloader
[1] 2026-04-04 07:51:07,832 DEBUG FileCacheServiceAgentDownloader.DownloadFile => url = https://sis.n-able.com/3rdPartySw/OS/WIN/Applications/Microsoft/Microsoft Edge.zip, fileName = C:\ProgramData\MspPlatform\PME\ThirdPartyPatch\Downloads\Microsoft Edge.zip
[1] 2026-04-04 07:51:07,833 DEBUG FileCacheServiceAgentDownloader.StartAsyncDownload => Submitting file https://sis.n-able.com/3rdPartySw/OS/WIN/Applications/Microsoft/Microsoft Edge.zip...
[6] 2026-04-04 07:51:07,835 DEBUG FileCacheServiceAgentDownloader.RetryPolicy => File info is not available yet, trying again in 5s...
[1] 2026-04-04 07:51:07,836 DEBUG FileCacheServiceAgentDownloader.DownloadFile => Waiting for download to be finished
[6] 2026-04-04 07:51:12,851 DEBUG FileCacheServiceAgentDownloader.RetryPolicy => File info is not available yet, trying again in 5s...
[6] 2026-04-04 07:51:17,893 DEBUG FileCacheServiceAgentDownloader.HandleDownloadResult => Cache service: update is present [https___sis.n-able.com_3rdPartySw_OS_WIN_Applications_Microsoft_Microsoft Edge.zip_2026040406] [https://sis.n-able.com/3rdPartySw/OS/WIN/Applications/Microsoft/Microsoft Edge.zip]
[6] 2026-04-04 07:51:17,894 DEBUG downloadInfoDetails: isupdatepresent = "true" || cachedLocation = "C:\ProgramData\MspPlatform\FileCacheServiceAgent\cache\https___sis.n-able.com_3rdPartySw_OS_WIN_Applications_Microsoft_Microsoft Edge.zip_2026040406.zip" || filename = "Microsoft Edge.zip" || sizeinbytes = "9378" || checksum = "866f4d8f32ef4400d26f6af3e6c3b8c11ab7b87a" || uuid = "https___sis.n-able.com_3rdPartySw_OS_WIN_Applications_Microsoft_Microsoft Edge.zip_2026040406" || url = "https://sis.n-able.com/3rdPartySw/OS/WIN/Applications/Microsoft/Microsoft Edge.zip" || name = "" || kbs = "" || version = "" || architecture = "" || language = "" || cacheddatetime = "2026-4-4 7:51:13 am" || downloadFailed = "false" || 
[6] 2026-04-04 07:51:17,895 DEBUG FileCacheServiceAgentDownloader.HandleDownloadResult => Downloading file (https___sis.n-able.com_3rdPartySw_OS_WIN_Applications_Microsoft_Microsoft Edge.zip_2026040406, C:\ProgramData\MspPlatform\FileCacheServiceAgent\cache\https___sis.n-able.com_3rdPartySw_OS_WIN_Applications_Microsoft_Microsoft Edge.zip_2026040406.zip, Microsoft Edge.zip, 9378, C:\ProgramData\MspPlatform\PME\ThirdPartyPatch\Downloads)...
[6] 2026-04-04 07:51:17,901 DEBUG DownloadFileInBlocks Status:Complete File location [C:\ProgramData\MspPlatform\FileCacheServiceAgent\cache\https___sis.n-able.com_3rdPartySw_OS_WIN_Applications_Microsoft_Microsoft Edge.zip_2026040406.zip] destination [C:\ProgramData\MspPlatform\PME\ThirdPartyPatch\Downloads\Microsoft Edge.zip]
[6] 2026-04-04 07:51:17,901 DEBUG Download completed successfully. 
[6] 2026-04-04 07:51:17,903 DEBUG FileCacheServiceAgentDownloader.HandleDownloadResult => File was downloaded as "C:\ProgramData\MspPlatform\PME\ThirdPartyPatch\Downloads\Microsoft Edge.zip" with status "Complete"
[1] 2026-04-04 07:51:18,027 DEBUG DownloaderFactory.GetDownloader => Can connect to https://sis.n-able.com/ using FileCacheServiceAgentDownloader
[1] 2026-04-04 07:51:18,028 DEBUG FileCacheServiceAgentDownloader.DownloadFile => url = https://sis.n-able.com/3rdPartySw/Vendors.xml, fileName = C:\ProgramData\MspPlatform\PME\ThirdPartyPatch\Downloads\Vendors.xml
[1] 2026-04-04 07:51:18,028 DEBUG FileCacheServiceAgentDownloader.StartAsyncDownload => Submitting file https://sis.n-able.com/3rdPartySw/Vendors.xml...
[1] 2026-04-04 07:51:18,029 DEBUG FileCacheServiceAgentDownloader.DownloadFile => Waiting for download to be finished
[5] 2026-04-04 07:51:18,031 DEBUG FileCacheServiceAgentDownloader.RetryPolicy => File info is not available yet, trying again in 5s...
[5] 2026-04-04 07:51:23,048 DEBUG FileCacheServiceAgentDownloader.RetryPolicy => File info is not available yet, trying again in 5s...
[5] 2026-04-04 07:51:28,055 DEBUG FileCacheServiceAgentDownloader.HandleDownloadResult => Cache service: update is present [https___sis.n-able.com_3rdPartySw_Vendors.xml_2026040406] [https://sis.n-able.com/3rdPartySw/Vendors.xml]
[5] 2026-04-04 07:51:28,063 DEBUG downloadInfoDetails: isupdatepresent = "true" || cachedLocation = "C:\ProgramData\MspPlatform\FileCacheServiceAgent\cache\https___sis.n-able.com_3rdPartySw_Vendors.xml_2026040406.xml" || filename = "Vendors.xml" || sizeinbytes = "4135" || checksum = "8de80a3dfbbe1d2386f740986f5044d05c426928" || uuid = "https___sis.n-able.com_3rdPartySw_Vendors.xml_2026040406" || url = "https://sis.n-able.com/3rdPartySw/Vendors.xml" || name = "" || kbs = "" || version = "" || architecture = "" || language = "" || cacheddatetime = "2026-4-4 7:51:23 am" || downloadFailed = "false" || 
[5] 2026-04-04 07:51:28,064 DEBUG FileCacheServiceAgentDownloader.HandleDownloadResult => Downloading file (https___sis.n-able.com_3rdPartySw_Vendors.xml_2026040406, C:\ProgramData\MspPlatform\FileCacheServiceAgent\cache\https___sis.n-able.com_3rdPartySw_Vendors.xml_2026040406.xml, Vendors.xml, 4135, C:\ProgramData\MspPlatform\PME\ThirdPartyPatch\Downloads)...
[5] 2026-04-04 07:51:28,069 DEBUG DownloadFileInBlocks Status:Complete File location [C:\ProgramData\MspPlatform\FileCacheServiceAgent\cache\https___sis.n-able.com_3rdPartySw_Vendors.xml_2026040406.xml] destination [C:\ProgramData\MspPlatform\PME\ThirdPartyPatch\Downloads\Vendors.xml]
[5] 2026-04-04 07:51:28,070 DEBUG Download completed successfully. 
[5] 2026-04-04 07:51:28,070 DEBUG FileCacheServiceAgentDownloader.HandleDownloadResult => File was downloaded as "C:\ProgramData\MspPlatform\PME\ThirdPartyPatch\Downloads\Vendors.xml" with status "Complete"
[1] 2026-04-04 07:51:28,651 DEBUG DownloaderFactory.GetDownloader => Can connect to https://sis.n-able.com/ using FileCacheServiceAgentDownloader
[1] 2026-04-04 07:51:28,653 DEBUG FileCacheServiceAgentDownloader.DownloadFile => url = https://sis.n-able.com/Repository.xml, fileName = C:\ProgramData\MspPlatform\PME\ThirdPartyPatch\Downloads\Repository.xml
[1] 2026-04-04 07:51:28,654 DEBUG FileCacheServiceAgentDownloader.StartAsyncDownload => Submitting file https://sis.n-able.com/Repository.xml...
[1] 2026-04-04 07:51:28,674 DEBUG FileCacheServiceAgentDownloader.DownloadFile => Waiting for download to be finished
[5] 2026-04-04 07:51:28,727 DEBUG FileCacheServiceAgentDownloader.HandleDownloadResult => Cache service: update is present [https___sis.n-able.com_Repository.xml_2026040406] [https://sis.n-able.com/Repository.xml]
[5] 2026-04-04 07:51:28,728 DEBUG downloadInfoDetails: isupdatepresent = "true" || cachedLocation = "C:\ProgramData\MspPlatform\FileCacheServiceAgent\cache\https___sis.n-able.com_Repository.xml_2026040406.xml" || filename = "Repository.xml" || sizeinbytes = "5679" || checksum = "e9a5f3da69791158efe0db7c0d750a44a78c2d9b" || uuid = "https___sis.n-able.com_Repository.xml_2026040406" || url = "https://sis.n-able.com/Repository.xml" || name = "" || kbs = "" || version = "" || architecture = "" || language = "" || cacheddatetime = "2026-4-4 7:50:31 am" || downloadFailed = "false" || 
[5] 2026-04-04 07:51:28,729 DEBUG FileCacheServiceAgentDownloader.HandleDownloadResult => Downloading file (https___sis.n-able.com_Repository.xml_2026040406, C:\ProgramData\MspPlatform\FileCacheServiceAgent\cache\https___sis.n-able.com_Repository.xml_2026040406.xml, Repository.xml, 5679, C:\ProgramData\MspPlatform\PME\ThirdPartyPatch\Downloads)...
[5] 2026-04-04 07:51:28,741 DEBUG DownloadFileInBlocks Status:Complete File location [C:\ProgramData\MspPlatform\FileCacheServiceAgent\cache\https___sis.n-able.com_Repository.xml_2026040406.xml] destination [C:\ProgramData\MspPlatform\PME\ThirdPartyPatch\Downloads\Repository.xml]
[5] 2026-04-04 07:51:28,742 DEBUG Download completed successfully. 
[5] 2026-04-04 07:51:28,742 DEBUG FileCacheServiceAgentDownloader.HandleDownloadResult => File was downloaded as "C:\ProgramData\MspPlatform\PME\ThirdPartyPatch\Downloads\Repository.xml" with status "Complete"
[1] 2026-04-04 07:51:30,075 DEBUG DownloaderFactory.GetDownloader => Can connect to https://sis.n-able.com/ using FileCacheServiceAgentDownloader
[1] 2026-04-04 07:51:30,075 DEBUG FileCacheServiceAgentDownloader.DownloadFile => url = https://sis.n-able.com/3rdPartySw/OS/WIN/Applications/Google/Chrome.zip, fileName = C:\ProgramData\MspPlatform\PME\ThirdPartyPatch\Downloads\Chrome.zip
[1] 2026-04-04 07:51:30,076 DEBUG FileCacheServiceAgentDownloader.StartAsyncDownload => Submitting file https://sis.n-able.com/3rdPartySw/OS/WIN/Applications/Google/Chrome.zip...
[1] 2026-04-04 07:51:30,076 DEBUG FileCacheServiceAgentDownloader.DownloadFile => Waiting for download to be finished
[6] 2026-04-04 07:51:30,079 DEBUG FileCacheServiceAgentDownloader.RetryPolicy => File info is not available yet, trying again in 5s...
[6] 2026-04-04 07:51:35,082 DEBUG FileCacheServiceAgentDownloader.RetryPolicy => File info is not available yet, trying again in 5s...
[6] 2026-04-04 07:51:40,087 DEBUG FileCacheServiceAgentDownloader.HandleDownloadResult => Cache service: update is present [https___sis.n-able.com_3rdPartySw_OS_WIN_Applications_Google_Chrome.zip_2026040406] [https://sis.n-able.com/3rdPartySw/OS/WIN/Applications/Google/Chrome.zip]
[6] 2026-04-04 07:51:40,088 DEBUG downloadInfoDetails: isupdatepresent = "true" || cachedLocation = "C:\ProgramData\MspPlatform\FileCacheServiceAgent\cache\https___sis.n-able.com_3rdPartySw_OS_WIN_Applications_Google_Chrome.zip_2026040406.zip" || filename = "Chrome.zip" || sizeinbytes = "16176" || checksum = "3e31de2788835fd71d14f2b8e329ba4733bb6f00" || uuid = "https___sis.n-able.com_3rdPartySw_OS_WIN_Applications_Google_Chrome.zip_2026040406" || url = "https://sis.n-able.com/3rdPartySw/OS/WIN/Applications/Google/Chrome.zip" || name = "" || kbs = "" || version = "" || architecture = "" || language = "" || cacheddatetime = "2026-4-4 7:51:35 am" || downloadFailed = "false" || 
[6] 2026-04-04 07:51:40,089 DEBUG FileCacheServiceAgentDownloader.HandleDownloadResult => Downloading file (https___sis.n-able.com_3rdPartySw_OS_WIN_Applications_Google_Chrome.zip_2026040406, C:\ProgramData\MspPlatform\FileCacheServiceAgent\cache\https___sis.n-able.com_3rdPartySw_OS_WIN_Applications_Google_Chrome.zip_2026040406.zip, Chrome.zip, 16176, C:\ProgramData\MspPlatform\PME\ThirdPartyPatch\Downloads)...
[6] 2026-04-04 07:51:40,095 DEBUG DownloadFileInBlocks Status:Complete File location [C:\ProgramData\MspPlatform\FileCacheServiceAgent\cache\https___sis.n-able.com_3rdPartySw_OS_WIN_Applications_Google_Chrome.zip_2026040406.zip] destination [C:\ProgramData\MspPlatform\PME\ThirdPartyPatch\Downloads\Chrome.zip]
[6] 2026-04-04 07:51:40,095 DEBUG Download completed successfully. 
[6] 2026-04-04 07:51:40,097 DEBUG FileCacheServiceAgentDownloader.HandleDownloadResult => File was downloaded as "C:\ProgramData\MspPlatform\PME\ThirdPartyPatch\Downloads\Chrome.zip" with status "Complete"
[1] 2026-04-05 08:24:29,635 DEBUG DownloaderFactory.GetDownloader => Can connect to https://sis.n-able.com/ using FileCacheServiceAgentDownloader
[1] 2026-04-05 08:24:29,636 DEBUG FileCacheServiceAgentDownloader.DownloadFile => url = https://sis.n-able.com/Repository.xml, fileName = C:\ProgramData\MspPlatform\PME\ThirdPartyPatch\Downloads\Repository.xml
[1] 2026-04-05 08:24:29,636 DEBUG FileCacheServiceAgentDownloader.StartAsyncDownload => Submitting file https://sis.n-able.com/Repository.xml...
[1] 2026-04-05 08:24:29,643 DEBUG FileCacheServiceAgentDownloader.DownloadFile => Waiting for download to be finished
[5] 2026-04-05 08:24:29,660 DEBUG FileCacheServiceAgentDownloader.RetryPolicy => File info is not available yet, trying again in 5s...
[5] 2026-04-05 08:24:34,665 DEBUG FileCacheServiceAgentDownloader.RetryPolicy => File info is not available yet, trying again in 5s...
[5] 2026-04-05 08:24:39,681 DEBUG FileCacheServiceAgentDownloader.RetryPolicy => File info is not available yet, trying again in 5s...
[5] 2026-04-05 08:24:44,692 DEBUG FileCacheServiceAgentDownloader.RetryPolicy => File info is not available yet, trying again in 15s...
[5] 2026-04-05 08:24:59,703 ERROR FileCacheServiceAgentDownloader.HandleDownloadResult => Error when downloading file https://sis.n-able.com/Repository.xml: FileCacheServiceAgentDownloader.HandleDownloadResult => Caching failed for https___sis.n-able.com_Repository.xml_2026040506 - check cache service logs for error.
System.IO.FileNotFoundException: FileCacheServiceAgentDownloader.HandleDownloadResult => Caching failed for https___sis.n-able.com_Repository.xml_2026040506 - check cache service logs for error.
   at ApplicationsUpdater.src.Downloaders.FileCacheServiceAgentDownloader.HandleDownloadResult(String uuid, Uri url, String fileName)
[1] 2026-04-05 08:24:59,725 DEBUG DownloaderFactory.GetDownloader => Can connect to https://sis.n-able.com/ using FileCacheServiceAgentDownloader
[1] 2026-04-05 08:24:59,726 DEBUG FileCacheServiceAgentDownloader.DownloadFile => url = https://sis.n-able.com/3rdPartySw/ThirdPartySoftware.xml, fileName = C:\ProgramData\MspPlatform\PME\ThirdPartyPatch\Downloads\ThirdPartySoftware.xml
[1] 2026-04-05 08:24:59,726 DEBUG FileCacheServiceAgentDownloader.StartAsyncDownload => Submitting file https://sis.n-able.com/3rdPartySw/ThirdPartySoftware.xml...
[1] 2026-04-05 08:24:59,727 DEBUG FileCacheServiceAgentDownloader.DownloadFile => Waiting for download to be finished
[5] 2026-04-05 08:24:59,728 DEBUG FileCacheServiceAgentDownloader.RetryPolicy => File info is not available yet, trying again in 5s...
[5] 2026-04-05 08:25:04,738 DEBUG FileCacheServiceAgentDownloader.RetryPolicy => File info is not available yet, trying again in 5s...
[5] 2026-04-05 08:25:09,745 DEBUG FileCacheServiceAgentDownloader.RetryPolicy => File info is not available yet, trying again in 5s...
[5] 2026-04-05 08:25:14,761 DEBUG FileCacheServiceAgentDownloader.RetryPolicy => File info is not available yet, trying again in 15s...
[5] 2026-04-05 08:25:29,779 ERROR FileCacheServiceAgentDownloader.HandleDownloadResult => Error when downloading file https://sis.n-able.com/3rdPartySw/ThirdPartySoftware.xml: FileCacheServiceAgentDownloader.HandleDownloadResult => Caching failed for https___sis.n-able.com_3rdPartySw_ThirdPartySoftware.xml_2026040506 - check cache service logs for error.
System.IO.FileNotFoundException: FileCacheServiceAgentDownloader.HandleDownloadResult => Caching failed for https___sis.n-able.com_3rdPartySw_ThirdPartySoftware.xml_2026040506 - check cache service logs for error.
   at ApplicationsUpdater.src.Downloaders.FileCacheServiceAgentDownloader.HandleDownloadResult(String uuid, Uri url, String fileName)
[1] 2026-04-05 08:25:29,785 DEBUG DownloaderFactory.GetDownloader => Can connect to https://sis.n-able.com/ using FileCacheServiceAgentDownloader
[1] 2026-04-05 08:25:29,786 DEBUG FileCacheServiceAgentDownloader.DownloadFile => url = https://sis.n-able.com/3rdPartySw/Vendors.xml, fileName = C:\ProgramData\MspPlatform\PME\ThirdPartyPatch\Downloads\Vendors.xml
[1] 2026-04-05 08:25:29,786 DEBUG FileCacheServiceAgentDownloader.StartAsyncDownload => Submitting file https://sis.n-able.com/3rdPartySw/Vendors.xml...
[1] 2026-04-05 08:25:29,786 DEBUG FileCacheServiceAgentDownloader.DownloadFile => Waiting for download to be finished
[5] 2026-04-05 08:25:29,788 DEBUG FileCacheServiceAgentDownloader.RetryPolicy => File info is not available yet, trying again in 5s...
[5] 2026-04-05 08:25:34,793 DEBUG FileCacheServiceAgentDownloader.RetryPolicy => File info is not available yet, trying again in 5s...
[5] 2026-04-05 08:25:39,802 DEBUG FileCacheServiceAgentDownloader.RetryPolicy => File info is not available yet, trying again in 5s...
[5] 2026-04-05 08:25:44,818 DEBUG FileCacheServiceAgentDownloader.RetryPolicy => File info is not available yet, trying again in 15s...
[5] 2026-04-05 08:25:59,825 ERROR FileCacheServiceAgentDownloader.HandleDownloadResult => Error when downloading file https://sis.n-able.com/3rdPartySw/Vendors.xml: FileCacheServiceAgentDownloader.HandleDownloadResult => Caching failed for https___sis.n-able.com_3rdPartySw_Vendors.xml_2026040506 - check cache service logs for error.
System.IO.FileNotFoundException: FileCacheServiceAgentDownloader.HandleDownloadResult => Caching failed for https___sis.n-able.com_3rdPartySw_Vendors.xml_2026040506 - check cache service logs for error.
   at ApplicationsUpdater.src.Downloaders.FileCacheServiceAgentDownloader.HandleDownloadResult(String uuid, Uri url, String fileName)
[1] 2026-04-05 10:00:56,772 DEBUG DownloaderFactory.GetDownloader => Can connect to https://sis.n-able.com/ using FileCacheServiceAgentDownloader
[1] 2026-04-05 10:00:56,773 DEBUG FileCacheServiceAgentDownloader.DownloadFile => url = https://sis.n-able.com/3rdPartySw/ThirdPartySoftware.xml, fileName = C:\ProgramData\MspPlatform\PME\ThirdPartyPatch\Downloads\ThirdPartySoftware.xml
[1] 2026-04-05 10:00:56,774 DEBUG FileCacheServiceAgentDownloader.StartAsyncDownload => Submitting file https://sis.n-able.com/3rdPartySw/ThirdPartySoftware.xml...
[1] 2026-04-05 10:00:56,781 DEBUG FileCacheServiceAgentDownloader.DownloadFile => Waiting for download to be finished
[5] 2026-04-05 10:00:56,801 DEBUG FileCacheServiceAgentDownloader.HandleDownloadResult => Cache service: update is present [https___sis.n-able.com_3rdPartySw_ThirdPartySoftware.xml_2026040506] [https://sis.n-able.com/3rdPartySw/ThirdPartySoftware.xml]
[5] 2026-04-05 10:00:56,801 DEBUG downloadInfoDetails: isupdatepresent = "true" || cachedLocation = "C:\ProgramData\MspPlatform\FileCacheServiceAgent\cache\https___sis.n-able.com_3rdPartySw_ThirdPartySoftware.xml_2026040506.xml" || filename = "ThirdPartySoftware.xml" || sizeinbytes = "114837" || checksum = "7a39f19c871b7b54e9a196fea21305e7dc1ac996" || uuid = "https___sis.n-able.com_3rdPartySw_ThirdPartySoftware.xml_2026040506" || url = "https://sis.n-able.com/3rdPartySw/ThirdPartySoftware.xml" || name = "" || kbs = "" || version = "" || architecture = "" || language = "" || cacheddatetime = "2026-4-5 8:26:49 am" || downloadFailed = "false" || 
[5] 2026-04-05 10:00:56,802 DEBUG FileCacheServiceAgentDownloader.HandleDownloadResult => Downloading file (https___sis.n-able.com_3rdPartySw_ThirdPartySoftware.xml_2026040506, C:\ProgramData\MspPlatform\FileCacheServiceAgent\cache\https___sis.n-able.com_3rdPartySw_ThirdPartySoftware.xml_2026040506.xml, ThirdPartySoftware.xml, 114837, C:\ProgramData\MspPlatform\PME\ThirdPartyPatch\Downloads)...
[5] 2026-04-05 10:00:56,808 DEBUG DownloadFileInBlocks Status:Complete File location [C:\ProgramData\MspPlatform\FileCacheServiceAgent\cache\https___sis.n-able.com_3rdPartySw_ThirdPartySoftware.xml_2026040506.xml] destination [C:\ProgramData\MspPlatform\PME\ThirdPartyPatch\Downloads\ThirdPartySoftware.xml]
[5] 2026-04-05 10:00:56,808 DEBUG Download completed successfully. 
[5] 2026-04-05 10:00:56,808 DEBUG FileCacheServiceAgentDownloader.HandleDownloadResult => File was downloaded as "C:\ProgramData\MspPlatform\PME\ThirdPartyPatch\Downloads\ThirdPartySoftware.xml" with status "Complete"
[1] 2026-04-05 10:00:57,159 DEBUG DownloaderFactory.GetDownloader => Can connect to https://sis.n-able.com/ using FileCacheServiceAgentDownloader
[1] 2026-04-05 10:00:57,159 DEBUG FileCacheServiceAgentDownloader.DownloadFile => url = https://sis.n-able.com/3rdPartySw/OS/WIN/Applications/Google/Chrome.zip, fileName = C:\ProgramData\MspPlatform\PME\ThirdPartyPatch\Downloads\Chrome.zip
[1] 2026-04-05 10:00:57,159 DEBUG FileCacheServiceAgentDownloader.StartAsyncDownload => Submitting file https://sis.n-able.com/3rdPartySw/OS/WIN/Applications/Google/Chrome.zip...
[1] 2026-04-05 10:00:57,159 DEBUG FileCacheServiceAgentDownloader.DownloadFile => Waiting for download to be finished
[5] 2026-04-05 10:00:57,161 DEBUG FileCacheServiceAgentDownloader.RetryPolicy => File info is not available yet, trying again in 5s...
[5] 2026-04-05 10:01:02,169 DEBUG FileCacheServiceAgentDownloader.RetryPolicy => File info is not available yet, trying again in 5s...
[5] 2026-04-05 10:01:07,176 DEBUG FileCacheServiceAgentDownloader.HandleDownloadResult => Cache service: update is present [https___sis.n-able.com_3rdPartySw_OS_WIN_Applications_Google_Chrome.zip_2026040506] [https://sis.n-able.com/3rdPartySw/OS/WIN/Applications/Google/Chrome.zip]
[5] 2026-04-05 10:01:07,176 DEBUG downloadInfoDetails: isupdatepresent = "true" || cachedLocation = "C:\ProgramData\MspPlatform\FileCacheServiceAgent\cache\https___sis.n-able.com_3rdPartySw_OS_WIN_Applications_Google_Chrome.zip_2026040506.zip" || filename = "Chrome.zip" || sizeinbytes = "16176" || checksum = "3e31de2788835fd71d14f2b8e329ba4733bb6f00" || uuid = "https___sis.n-able.com_3rdPartySw_OS_WIN_Applications_Google_Chrome.zip_2026040506" || url = "https://sis.n-able.com/3rdPartySw/OS/WIN/Applications/Google/Chrome.zip" || name = "" || kbs = "" || version = "" || architecture = "" || language = "" || cacheddatetime = "2026-4-5 10:1:3 am" || downloadFailed = "false" || 
[5] 2026-04-05 10:01:07,176 DEBUG FileCacheServiceAgentDownloader.HandleDownloadResult => Downloading file (https___sis.n-able.com_3rdPartySw_OS_WIN_Applications_Google_Chrome.zip_2026040506, C:\ProgramData\MspPlatform\FileCacheServiceAgent\cache\https___sis.n-able.com_3rdPartySw_OS_WIN_Applications_Google_Chrome.zip_2026040506.zip, Chrome.zip, 16176, C:\ProgramData\MspPlatform\PME\ThirdPartyPatch\Downloads)...
[5] 2026-04-05 10:01:07,177 DEBUG DownloadFileInBlocks Status:Complete File location [C:\ProgramData\MspPlatform\FileCacheServiceAgent\cache\https___sis.n-able.com_3rdPartySw_OS_WIN_Applications_Google_Chrome.zip_2026040506.zip] destination [C:\ProgramData\MspPlatform\PME\ThirdPartyPatch\Downloads\Chrome.zip]
[5] 2026-04-05 10:01:07,177 DEBUG Download completed successfully. 
[5] 2026-04-05 10:01:07,178 DEBUG FileCacheServiceAgentDownloader.HandleDownloadResult => File was downloaded as "C:\ProgramData\MspPlatform\PME\ThirdPartyPatch\Downloads\Chrome.zip" with status "Complete"
[1] 2026-04-05 10:01:07,246 DEBUG DownloaderFactory.GetDownloader => Can connect to https://sis.n-able.com/ using FileCacheServiceAgentDownloader
[1] 2026-04-05 10:01:07,247 DEBUG FileCacheServiceAgentDownloader.DownloadFile => url = https://sis.n-able.com/3rdPartySw/OS/WIN/Applications/Microsoft/OneDrive.zip, fileName = C:\ProgramData\MspPlatform\PME\ThirdPartyPatch\Downloads\OneDrive.zip
[1] 2026-04-05 10:01:07,247 DEBUG FileCacheServiceAgentDownloader.StartAsyncDownload => Submitting file https://sis.n-able.com/3rdPartySw/OS/WIN/Applications/Microsoft/OneDrive.zip...
[1] 2026-04-05 10:01:07,247 DEBUG FileCacheServiceAgentDownloader.DownloadFile => Waiting for download to be finished
[5] 2026-04-05 10:01:07,248 DEBUG FileCacheServiceAgentDownloader.RetryPolicy => File info is not available yet, trying again in 5s...
[5] 2026-04-05 10:01:12,257 DEBUG FileCacheServiceAgentDownloader.RetryPolicy => File info is not available yet, trying again in 5s...
[5] 2026-04-05 10:01:17,271 DEBUG FileCacheServiceAgentDownloader.HandleDownloadResult => Cache service: update is present [https___sis.n-able.com_3rdPartySw_OS_WIN_Applications_Microsoft_OneDrive.zip_2026040506] [https://sis.n-able.com/3rdPartySw/OS/WIN/Applications/Microsoft/OneDrive.zip]
[5] 2026-04-05 10:01:17,272 DEBUG downloadInfoDetails: isupdatepresent = "true" || cachedLocation = "C:\ProgramData\MspPlatform\FileCacheServiceAgent\cache\https___sis.n-able.com_3rdPartySw_OS_WIN_Applications_Microsoft_OneDrive.zip_2026040506.zip" || filename = "OneDrive.zip" || sizeinbytes = "32478" || checksum = "47b98aa8046049514db116ec4d2d607a340541ac" || uuid = "https___sis.n-able.com_3rdPartySw_OS_WIN_Applications_Microsoft_OneDrive.zip_2026040506" || url = "https://sis.n-able.com/3rdPartySw/OS/WIN/Applications/Microsoft/OneDrive.zip" || name = "" || kbs = "" || version = "" || architecture = "" || language = "" || cacheddatetime = "2026-4-5 10:1:12 am" || downloadFailed = "false" || 
[5] 2026-04-05 10:01:17,272 DEBUG FileCacheServiceAgentDownloader.HandleDownloadResult => Downloading file (https___sis.n-able.com_3rdPartySw_OS_WIN_Applications_Microsoft_OneDrive.zip_2026040506, C:\ProgramData\MspPlatform\FileCacheServiceAgent\cache\https___sis.n-able.com_3rdPartySw_OS_WIN_Applications_Microsoft_OneDrive.zip_2026040506.zip, OneDrive.zip, 32478, C:\ProgramData\MspPlatform\PME\ThirdPartyPatch\Downloads)...
[5] 2026-04-05 10:01:17,273 DEBUG DownloadFileInBlocks Status:Complete File location [C:\ProgramData\MspPlatform\FileCacheServiceAgent\cache\https___sis.n-able.com_3rdPartySw_OS_WIN_Applications_Microsoft_OneDrive.zip_2026040506.zip] destination [C:\ProgramData\MspPlatform\PME\ThirdPartyPatch\Downloads\OneDrive.zip]
[5] 2026-04-05 10:01:17,273 DEBUG Download completed successfully. 
[5] 2026-04-05 10:01:17,273 DEBUG FileCacheServiceAgentDownloader.HandleDownloadResult => File was downloaded as "C:\ProgramData\MspPlatform\PME\ThirdPartyPatch\Downloads\OneDrive.zip" with status "Complete"
[1] 2026-04-05 10:01:17,278 DEBUG DownloaderFactory.GetDownloader => Can connect to https://sis.n-able.com/ using FileCacheServiceAgentDownloader
[1] 2026-04-05 10:01:17,278 DEBUG FileCacheServiceAgentDownloader.DownloadFile => url = https://sis.n-able.com/3rdPartySw/OS/WIN/Applications/Google/Google Drive.zip, fileName = C:\ProgramData\MspPlatform\PME\ThirdPartyPatch\Downloads\Google Drive.zip
[1] 2026-04-05 10:01:17,279 DEBUG FileCacheServiceAgentDownloader.StartAsyncDownload => Submitting file https://sis.n-able.com/3rdPartySw/OS/WIN/Applications/Google/Google Drive.zip...
[1] 2026-04-05 10:01:17,279 DEBUG FileCacheServiceAgentDownloader.DownloadFile => Waiting for download to be finished
[5] 2026-04-05 10:01:17,280 DEBUG FileCacheServiceAgentDownloader.RetryPolicy => File info is not available yet, trying again in 5s...
[5] 2026-04-05 10:01:22,292 DEBUG FileCacheServiceAgentDownloader.RetryPolicy => File info is not available yet, trying again in 5s...
[5] 2026-04-05 10:01:27,299 DEBUG FileCacheServiceAgentDownloader.HandleDownloadResult => Cache service: update is present [https___sis.n-able.com_3rdPartySw_OS_WIN_Applications_Google_Google Drive.zip_2026040506] [https://sis.n-able.com/3rdPartySw/OS/WIN/Applications/Google/Google Drive.zip]
[5] 2026-04-05 10:01:27,300 DEBUG downloadInfoDetails: isupdatepresent = "true" || cachedLocation = "C:\ProgramData\MspPlatform\FileCacheServiceAgent\cache\https___sis.n-able.com_3rdPartySw_OS_WIN_Applications_Google_Google Drive.zip_2026040506.zip" || filename = "Google Drive.zip" || sizeinbytes = "27612" || checksum = "b0ab36ca62742bbbe75dd93777de41698be9eeb1" || uuid = "https___sis.n-able.com_3rdPartySw_OS_WIN_Applications_Google_Google Drive.zip_2026040506" || url = "https://sis.n-able.com/3rdPartySw/OS/WIN/Applications/Google/Google Drive.zip" || name = "" || kbs = "" || version = "" || architecture = "" || language = "" || cacheddatetime = "2026-4-5 10:1:22 am" || downloadFailed = "false" || 
[5] 2026-04-05 10:01:27,301 DEBUG FileCacheServiceAgentDownloader.HandleDownloadResult => Downloading file (https___sis.n-able.com_3rdPartySw_OS_WIN_Applications_Google_Google Drive.zip_2026040506, C:\ProgramData\MspPlatform\FileCacheServiceAgent\cache\https___sis.n-able.com_3rdPartySw_OS_WIN_Applications_Google_Google Drive.zip_2026040506.zip, Google Drive.zip, 27612, C:\ProgramData\MspPlatform\PME\ThirdPartyPatch\Downloads)...
[5] 2026-04-05 10:01:27,302 DEBUG DownloadFileInBlocks Status:Complete File location [C:\ProgramData\MspPlatform\FileCacheServiceAgent\cache\https___sis.n-able.com_3rdPartySw_OS_WIN_Applications_Google_Google Drive.zip_2026040506.zip] destination [C:\ProgramData\MspPlatform\PME\ThirdPartyPatch\Downloads\Google Drive.zip]
[5] 2026-04-05 10:01:27,302 DEBUG Download completed successfully. 
[5] 2026-04-05 10:01:27,303 DEBUG FileCacheServiceAgentDownloader.HandleDownloadResult => File was downloaded as "C:\ProgramData\MspPlatform\PME\ThirdPartyPatch\Downloads\Google Drive.zip" with status "Complete"
[1] 2026-04-05 10:01:27,308 DEBUG DownloaderFactory.GetDownloader => Can connect to https://sis.n-able.com/ using FileCacheServiceAgentDownloader
[1] 2026-04-05 10:01:27,308 DEBUG FileCacheServiceAgentDownloader.DownloadFile => url = https://sis.n-able.com/3rdPartySw/OS/WIN/Applications/Microsoft/Microsoft Edge.zip, fileName = C:\ProgramData\MspPlatform\PME\ThirdPartyPatch\Downloads\Microsoft Edge.zip
[1] 2026-04-05 10:01:27,308 DEBUG FileCacheServiceAgentDownloader.StartAsyncDownload => Submitting file https://sis.n-able.com/3rdPartySw/OS/WIN/Applications/Microsoft/Microsoft Edge.zip...
[1] 2026-04-05 10:01:27,309 DEBUG FileCacheServiceAgentDownloader.DownloadFile => Waiting for download to be finished
[5] 2026-04-05 10:01:27,310 DEBUG FileCacheServiceAgentDownloader.RetryPolicy => File info is not available yet, trying again in 5s...
[5] 2026-04-05 10:01:32,320 DEBUG FileCacheServiceAgentDownloader.RetryPolicy => File info is not available yet, trying again in 5s...
[5] 2026-04-05 10:01:37,335 DEBUG FileCacheServiceAgentDownloader.HandleDownloadResult => Cache service: update is present [https___sis.n-able.com_3rdPartySw_OS_WIN_Applications_Microsoft_Microsoft Edge.zip_2026040506] [https://sis.n-able.com/3rdPartySw/OS/WIN/Applications/Microsoft/Microsoft Edge.zip]
[5] 2026-04-05 10:01:37,336 DEBUG downloadInfoDetails: isupdatepresent = "true" || cachedLocation = "C:\ProgramData\MspPlatform\FileCacheServiceAgent\cache\https___sis.n-able.com_3rdPartySw_OS_WIN_Applications_Microsoft_Microsoft Edge.zip_2026040506.zip" || filename = "Microsoft Edge.zip" || sizeinbytes = "9378" || checksum = "866f4d8f32ef4400d26f6af3e6c3b8c11ab7b87a" || uuid = "https___sis.n-able.com_3rdPartySw_OS_WIN_Applications_Microsoft_Microsoft Edge.zip_2026040506" || url = "https://sis.n-able.com/3rdPartySw/OS/WIN/Applications/Microsoft/Microsoft Edge.zip" || name = "" || kbs = "" || version = "" || architecture = "" || language = "" || cacheddatetime = "2026-4-5 10:1:32 am" || downloadFailed = "false" || 
[5] 2026-04-05 10:01:37,336 DEBUG FileCacheServiceAgentDownloader.HandleDownloadResult => Downloading file (https___sis.n-able.com_3rdPartySw_OS_WIN_Applications_Microsoft_Microsoft Edge.zip_2026040506, C:\ProgramData\MspPlatform\FileCacheServiceAgent\cache\https___sis.n-able.com_3rdPartySw_OS_WIN_Applications_Microsoft_Microsoft Edge.zip_2026040506.zip, Microsoft Edge.zip, 9378, C:\ProgramData\MspPlatform\PME\ThirdPartyPatch\Downloads)...
[5] 2026-04-05 10:01:37,337 DEBUG DownloadFileInBlocks Status:Complete File location [C:\ProgramData\MspPlatform\FileCacheServiceAgent\cache\https___sis.n-able.com_3rdPartySw_OS_WIN_Applications_Microsoft_Microsoft Edge.zip_2026040506.zip] destination [C:\ProgramData\MspPlatform\PME\ThirdPartyPatch\Downloads\Microsoft Edge.zip]
[5] 2026-04-05 10:01:37,337 DEBUG Download completed successfully. 
[5] 2026-04-05 10:01:37,337 DEBUG FileCacheServiceAgentDownloader.HandleDownloadResult => File was downloaded as "C:\ProgramData\MspPlatform\PME\ThirdPartyPatch\Downloads\Microsoft Edge.zip" with status "Complete"
[1] 2026-04-05 10:01:37,391 DEBUG DownloaderFactory.GetDownloader => Can connect to https://sis.n-able.com/ using FileCacheServiceAgentDownloader
[1] 2026-04-05 10:01:37,391 DEBUG FileCacheServiceAgentDownloader.DownloadFile => url = https://sis.n-able.com/3rdPartySw/Vendors.xml, fileName = C:\ProgramData\MspPlatform\PME\ThirdPartyPatch\Downloads\Vendors.xml
[1] 2026-04-05 10:01:37,392 DEBUG FileCacheServiceAgentDownloader.StartAsyncDownload => Submitting file https://sis.n-able.com/3rdPartySw/Vendors.xml...
[1] 2026-04-05 10:01:37,392 DEBUG FileCacheServiceAgentDownloader.DownloadFile => Waiting for download to be finished
[5] 2026-04-05 10:01:37,394 DEBUG FileCacheServiceAgentDownloader.RetryPolicy => File info is not available yet, trying again in 5s...
[5] 2026-04-05 10:01:42,403 DEBUG FileCacheServiceAgentDownloader.HandleDownloadResult => Cache service: update is present [https___sis.n-able.com_3rdPartySw_Vendors.xml_2026040506] [https://sis.n-able.com/3rdPartySw/Vendors.xml]
[5] 2026-04-05 10:01:42,404 DEBUG downloadInfoDetails: isupdatepresent = "true" || cachedLocation = "C:\ProgramData\MspPlatform\FileCacheServiceAgent\cache\https___sis.n-able.com_3rdPartySw_Vendors.xml_2026040506.xml" || filename = "Vendors.xml" || sizeinbytes = "4135" || checksum = "8de80a3dfbbe1d2386f740986f5044d05c426928" || uuid = "https___sis.n-able.com_3rdPartySw_Vendors.xml_2026040506" || url = "https://sis.n-able.com/3rdPartySw/Vendors.xml" || name = "" || kbs = "" || version = "" || architecture = "" || language = "" || cacheddatetime = "2026-4-5 8:26:48 am" || downloadFailed = "false" || 
[5] 2026-04-05 10:01:42,404 DEBUG FileCacheServiceAgentDownloader.HandleDownloadResult => Downloading file (https___sis.n-able.com_3rdPartySw_Vendors.xml_2026040506, C:\ProgramData\MspPlatform\FileCacheServiceAgent\cache\https___sis.n-able.com_3rdPartySw_Vendors.xml_2026040506.xml, Vendors.xml, 4135, C:\ProgramData\MspPlatform\PME\ThirdPartyPatch\Downloads)...
[5] 2026-04-05 10:01:42,406 DEBUG DownloadFileInBlocks Status:Complete File location [C:\ProgramData\MspPlatform\FileCacheServiceAgent\cache\https___sis.n-able.com_3rdPartySw_Vendors.xml_2026040506.xml] destination [C:\ProgramData\MspPlatform\PME\ThirdPartyPatch\Downloads\Vendors.xml]
[5] 2026-04-05 10:01:42,406 DEBUG Download completed successfully. 
[5] 2026-04-05 10:01:42,406 DEBUG FileCacheServiceAgentDownloader.HandleDownloadResult => File was downloaded as "C:\ProgramData\MspPlatform\PME\ThirdPartyPatch\Downloads\Vendors.xml" with status "Complete"
[1] 2026-04-05 10:01:42,592 DEBUG DownloaderFactory.GetDownloader => Can connect to https://sis.n-able.com/ using FileCacheServiceAgentDownloader
[1] 2026-04-05 10:01:42,593 DEBUG FileCacheServiceAgentDownloader.DownloadFile => url = https://sis.n-able.com/Repository.xml, fileName = C:\ProgramData\MspPlatform\PME\ThirdPartyPatch\Downloads\Repository.xml
[1] 2026-04-05 10:01:42,593 DEBUG FileCacheServiceAgentDownloader.StartAsyncDownload => Submitting file https://sis.n-able.com/Repository.xml...
[1] 2026-04-05 10:01:42,600 DEBUG FileCacheServiceAgentDownloader.DownloadFile => Waiting for download to be finished
[5] 2026-04-05 10:01:42,617 DEBUG FileCacheServiceAgentDownloader.HandleDownloadResult => Cache service: update is present [https___sis.n-able.com_Repository.xml_2026040506] [https://sis.n-able.com/Repository.xml]
[5] 2026-04-05 10:01:42,617 DEBUG downloadInfoDetails: isupdatepresent = "true" || cachedLocation = "C:\ProgramData\MspPlatform\FileCacheServiceAgent\cache\https___sis.n-able.com_Repository.xml_2026040506.xml" || filename = "Repository.xml" || sizeinbytes = "5679" || checksum = "8f3c006f9c0a55b2908bef2ad44c421848155b4a" || uuid = "https___sis.n-able.com_Repository.xml_2026040506" || url = "https://sis.n-able.com/Repository.xml" || name = "" || kbs = "" || version = "" || architecture = "" || language = "" || cacheddatetime = "2026-4-5 8:26:48 am" || downloadFailed = "false" || 
[5] 2026-04-05 10:01:42,617 DEBUG FileCacheServiceAgentDownloader.HandleDownloadResult => Downloading file (https___sis.n-able.com_Repository.xml_2026040506, C:\ProgramData\MspPlatform\FileCacheServiceAgent\cache\https___sis.n-able.com_Repository.xml_2026040506.xml, Repository.xml, 5679, C:\ProgramData\MspPlatform\PME\ThirdPartyPatch\Downloads)...
[5] 2026-04-05 10:01:42,622 DEBUG DownloadFileInBlocks Status:Complete File location [C:\ProgramData\MspPlatform\FileCacheServiceAgent\cache\https___sis.n-able.com_Repository.xml_2026040506.xml] destination [C:\ProgramData\MspPlatform\PME\ThirdPartyPatch\Downloads\Repository.xml]
[5] 2026-04-05 10:01:42,623 DEBUG Download completed successfully. 
[5] 2026-04-05 10:01:42,623 DEBUG FileCacheServiceAgentDownloader.HandleDownloadResult => File was downloaded as "C:\ProgramData\MspPlatform\PME\ThirdPartyPatch\Downloads\Repository.xml" with status "Complete"
[1] 2026-04-05 10:04:04,060 DEBUG DownloaderFactory.GetDownloader => Can connect to https://sis.n-able.com/ using FileCacheServiceAgentDownloader
[1] 2026-04-05 10:04:04,060 DEBUG FileCacheServiceAgentDownloader.DownloadFile => url = https://sis.n-able.com/Repository.xml, fileName = C:\ProgramData\MspPlatform\PME\ThirdPartyPatch\Downloads\Repository.xml
[1] 2026-04-05 10:04:04,061 DEBUG FileCacheServiceAgentDownloader.StartAsyncDownload => Submitting file https://sis.n-able.com/Repository.xml...
[1] 2026-04-05 10:04:04,068 DEBUG FileCacheServiceAgentDownloader.DownloadFile => Waiting for download to be finished
[5] 2026-04-05 10:04:04,085 DEBUG FileCacheServiceAgentDownloader.HandleDownloadResult => Cache service: update is present [https___sis.n-able.com_Repository.xml_2026040506] [https://sis.n-able.com/Repository.xml]
[5] 2026-04-05 10:04:04,085 DEBUG downloadInfoDetails: isupdatepresent = "true" || cachedLocation = "C:\ProgramData\MspPlatform\FileCacheServiceAgent\cache\https___sis.n-able.com_Repository.xml_2026040506.xml" || filename = "Repository.xml" || sizeinbytes = "5679" || checksum = "8f3c006f9c0a55b2908bef2ad44c421848155b4a" || uuid = "https___sis.n-able.com_Repository.xml_2026040506" || url = "https://sis.n-able.com/Repository.xml" || name = "" || kbs = "" || version = "" || architecture = "" || language = "" || cacheddatetime = "2026-4-5 8:26:48 am" || downloadFailed = "false" || 
[5] 2026-04-05 10:04:04,085 DEBUG FileCacheServiceAgentDownloader.HandleDownloadResult => Downloading file (https___sis.n-able.com_Repository.xml_2026040506, C:\ProgramData\MspPlatform\FileCacheServiceAgent\cache\https___sis.n-able.com_Repository.xml_2026040506.xml, Repository.xml, 5679, C:\ProgramData\MspPlatform\PME\ThirdPartyPatch\Downloads)...
[5] 2026-04-05 10:04:04,089 DEBUG DownloadFileInBlocks Status:Complete File location [C:\ProgramData\MspPlatform\FileCacheServiceAgent\cache\https___sis.n-able.com_Repository.xml_2026040506.xml] destination [C:\ProgramData\MspPlatform\PME\ThirdPartyPatch\Downloads\Repository.xml]
[5] 2026-04-05 10:04:04,089 DEBUG Download completed successfully. 
[5] 2026-04-05 10:04:04,089 DEBUG FileCacheServiceAgentDownloader.HandleDownloadResult => File was downloaded as "C:\ProgramData\MspPlatform\PME\ThirdPartyPatch\Downloads\Repository.xml" with status "Complete"
[1] 2026-04-05 10:04:04,667 DEBUG DownloaderFactory.GetDownloader => Can connect to https://sis.n-able.com/ using FileCacheServiceAgentDownloader
[1] 2026-04-05 10:04:04,668 DEBUG FileCacheServiceAgentDownloader.DownloadFile => url = https://sis.n-able.com/Repository.xml, fileName = C:\ProgramData\MspPlatform\PME\ThirdPartyPatch\Downloads\Repository.xml
[1] 2026-04-05 10:04:04,668 DEBUG FileCacheServiceAgentDownloader.StartAsyncDownload => Submitting file https://sis.n-able.com/Repository.xml...
[1] 2026-04-05 10:04:04,674 DEBUG FileCacheServiceAgentDownloader.DownloadFile => Waiting for download to be finished
[5] 2026-04-05 10:04:04,691 DEBUG FileCacheServiceAgentDownloader.HandleDownloadResult => Cache service: update is present [https___sis.n-able.com_Repository.xml_2026040506] [https://sis.n-able.com/Repository.xml]
[5] 2026-04-05 10:04:04,691 DEBUG downloadInfoDetails: isupdatepresent = "true" || cachedLocation = "C:\ProgramData\MspPlatform\FileCacheServiceAgent\cache\https___sis.n-able.com_Repository.xml_2026040506.xml" || filename = "Repository.xml" || sizeinbytes = "5679" || checksum = "8f3c006f9c0a55b2908bef2ad44c421848155b4a" || uuid = "https___sis.n-able.com_Repository.xml_2026040506" || url = "https://sis.n-able.com/Repository.xml" || name = "" || kbs = "" || version = "" || architecture = "" || language = "" || cacheddatetime = "2026-4-5 8:26:48 am" || downloadFailed = "false" || 
[5] 2026-04-05 10:04:04,691 DEBUG FileCacheServiceAgentDownloader.HandleDownloadResult => Downloading file (https___sis.n-able.com_Repository.xml_2026040506, C:\ProgramData\MspPlatform\FileCacheServiceAgent\cache\https___sis.n-able.com_Repository.xml_2026040506.xml, Repository.xml, 5679, C:\ProgramData\MspPlatform\PME\ThirdPartyPatch\Downloads)...
[5] 2026-04-05 10:04:04,695 DEBUG DownloadFileInBlocks Status:Complete File location [C:\ProgramData\MspPlatform\FileCacheServiceAgent\cache\https___sis.n-able.com_Repository.xml_2026040506.xml] destination [C:\ProgramData\MspPlatform\PME\ThirdPartyPatch\Downloads\Repository.xml]
[5] 2026-04-05 10:04:04,695 DEBUG Download completed successfully. 
[5] 2026-04-05 10:04:04,695 DEBUG FileCacheServiceAgentDownloader.HandleDownloadResult => File was downloaded as "C:\ProgramData\MspPlatform\PME\ThirdPartyPatch\Downloads\Repository.xml" with status "Complete"
[1] 2026-04-05 10:48:16,150 DEBUG DownloaderFactory.GetDownloader => Can connect to https://sis.n-able.com/ using FileCacheServiceAgentDownloader
[1] 2026-04-05 10:48:16,151 DEBUG FileCacheServiceAgentDownloader.DownloadFile => url = https://sis.n-able.com/Repository.xml, fileName = C:\ProgramData\MspPlatform\PME\ThirdPartyPatch\Downloads\Repository.xml
[1] 2026-04-05 10:48:16,153 DEBUG FileCacheServiceAgentDownloader.StartAsyncDownload => Submitting file https://sis.n-able.com/Repository.xml...
[1] 2026-04-05 10:48:16,169 DEBUG FileCacheServiceAgentDownloader.DownloadFile => Waiting for download to be finished
[5] 2026-04-05 10:48:16,217 DEBUG FileCacheServiceAgentDownloader.HandleDownloadResult => Cache service: update is present [https___sis.n-able.com_Repository.xml_2026040506] [https://sis.n-able.com/Repository.xml]
[5] 2026-04-05 10:48:16,218 DEBUG downloadInfoDetails: isupdatepresent = "true" || cachedLocation = "C:\ProgramData\MspPlatform\FileCacheServiceAgent\cache\https___sis.n-able.com_Repository.xml_2026040506.xml" || filename = "Repository.xml" || sizeinbytes = "5679" || checksum = "8f3c006f9c0a55b2908bef2ad44c421848155b4a" || uuid = "https___sis.n-able.com_Repository.xml_2026040506" || url = "https://sis.n-able.com/Repository.xml" || name = "" || kbs = "" || version = "" || architecture = "" || language = "" || cacheddatetime = "2026-4-5 8:26:48 am" || downloadFailed = "false" || 
[5] 2026-04-05 10:48:16,218 DEBUG FileCacheServiceAgentDownloader.HandleDownloadResult => Downloading file (https___sis.n-able.com_Repository.xml_2026040506, C:\ProgramData\MspPlatform\FileCacheServiceAgent\cache\https___sis.n-able.com_Repository.xml_2026040506.xml, Repository.xml, 5679, C:\ProgramData\MspPlatform\PME\ThirdPartyPatch\Downloads)...
[5] 2026-04-05 10:48:16,229 DEBUG DownloadFileInBlocks Status:Complete File location [C:\ProgramData\MspPlatform\FileCacheServiceAgent\cache\https___sis.n-able.com_Repository.xml_2026040506.xml] destination [C:\ProgramData\MspPlatform\PME\ThirdPartyPatch\Downloads\Repository.xml]
[5] 2026-04-05 10:48:16,230 DEBUG Download completed successfully. 
[5] 2026-04-05 10:48:16,230 DEBUG FileCacheServiceAgentDownloader.HandleDownloadResult => File was downloaded as "C:\ProgramData\MspPlatform\PME\ThirdPartyPatch\Downloads\Repository.xml" with status "Complete"
[1] 2026-04-05 10:48:18,207 DEBUG DownloaderFactory.GetDownloader => Can connect to https://sis.n-able.com/ using FileCacheServiceAgentDownloader
[1] 2026-04-05 10:48:18,209 DEBUG FileCacheServiceAgentDownloader.DownloadFile => url = https://sis.n-able.com/Repository.xml, fileName = C:\ProgramData\MspPlatform\PME\ThirdPartyPatch\Downloads\Repository.xml
[1] 2026-04-05 10:48:18,210 DEBUG FileCacheServiceAgentDownloader.StartAsyncDownload => Submitting file https://sis.n-able.com/Repository.xml...
[1] 2026-04-05 10:48:18,228 DEBUG FileCacheServiceAgentDownloader.DownloadFile => Waiting for download to be finished
[5] 2026-04-05 10:48:18,276 DEBUG FileCacheServiceAgentDownloader.HandleDownloadResult => Cache service: update is present [https___sis.n-able.com_Repository.xml_2026040506] [https://sis.n-able.com/Repository.xml]
[5] 2026-04-05 10:48:18,276 DEBUG downloadInfoDetails: isupdatepresent = "true" || cachedLocation = "C:\ProgramData\MspPlatform\FileCacheServiceAgent\cache\https___sis.n-able.com_Repository.xml_2026040506.xml" || filename = "Repository.xml" || sizeinbytes = "5679" || checksum = "8f3c006f9c0a55b2908bef2ad44c421848155b4a" || uuid = "https___sis.n-able.com_Repository.xml_2026040506" || url = "https://sis.n-able.com/Repository.xml" || name = "" || kbs = "" || version = "" || architecture = "" || language = "" || cacheddatetime = "2026-4-5 8:26:48 am" || downloadFailed = "false" || 
[5] 2026-04-05 10:48:18,277 DEBUG FileCacheServiceAgentDownloader.HandleDownloadResult => Downloading file (https___sis.n-able.com_Repository.xml_2026040506, C:\ProgramData\MspPlatform\FileCacheServiceAgent\cache\https___sis.n-able.com_Repository.xml_2026040506.xml, Repository.xml, 5679, C:\ProgramData\MspPlatform\PME\ThirdPartyPatch\Downloads)...
[5] 2026-04-05 10:48:18,289 DEBUG DownloadFileInBlocks Status:Complete File location [C:\ProgramData\MspPlatform\FileCacheServiceAgent\cache\https___sis.n-able.com_Repository.xml_2026040506.xml] destination [C:\ProgramData\MspPlatform\PME\ThirdPartyPatch\Downloads\Repository.xml]
[5] 2026-04-05 10:48:18,291 DEBUG Download completed successfully. 
[5] 2026-04-05 10:48:18,292 DEBUG FileCacheServiceAgentDownloader.HandleDownloadResult => File was downloaded as "C:\ProgramData\MspPlatform\PME\ThirdPartyPatch\Downloads\Repository.xml" with status "Complete"
[1] 2026-04-05 11:29:53,275 DEBUG DownloaderFactory.GetDownloader => Can connect to https://sis.n-able.com/ using FileCacheServiceAgentDownloader
[1] 2026-04-05 11:29:53,276 DEBUG FileCacheServiceAgentDownloader.DownloadFile => url = https://sis.n-able.com/Repository.xml, fileName = C:\ProgramData\MspPlatform\PME\ThirdPartyPatch\Downloads\Repository.xml
[1] 2026-04-05 11:29:53,277 DEBUG FileCacheServiceAgentDownloader.StartAsyncDownload => Submitting file https://sis.n-able.com/Repository.xml...
[1] 2026-04-05 11:29:53,294 DEBUG FileCacheServiceAgentDownloader.DownloadFile => Waiting for download to be finished
[5] 2026-04-05 11:29:53,341 DEBUG FileCacheServiceAgentDownloader.HandleDownloadResult => Cache service: update is present [https___sis.n-able.com_Repository.xml_2026040506] [https://sis.n-able.com/Repository.xml]
[5] 2026-04-05 11:29:53,341 DEBUG downloadInfoDetails: isupdatepresent = "true" || cachedLocation = "C:\ProgramData\MspPlatform\FileCacheServiceAgent\cache\https___sis.n-able.com_Repository.xml_2026040506.xml" || filename = "Repository.xml" || sizeinbytes = "5679" || checksum = "8f3c006f9c0a55b2908bef2ad44c421848155b4a" || uuid = "https___sis.n-able.com_Repository.xml_2026040506" || url = "https://sis.n-able.com/Repository.xml" || name = "" || kbs = "" || version = "" || architecture = "" || language = "" || cacheddatetime = "2026-4-5 8:26:48 am" || downloadFailed = "false" || 
[5] 2026-04-05 11:29:53,342 DEBUG FileCacheServiceAgentDownloader.HandleDownloadResult => Downloading file (https___sis.n-able.com_Repository.xml_2026040506, C:\ProgramData\MspPlatform\FileCacheServiceAgent\cache\https___sis.n-able.com_Repository.xml_2026040506.xml, Repository.xml, 5679, C:\ProgramData\MspPlatform\PME\ThirdPartyPatch\Downloads)...
[5] 2026-04-05 11:29:53,353 DEBUG DownloadFileInBlocks Status:Complete File location [C:\ProgramData\MspPlatform\FileCacheServiceAgent\cache\https___sis.n-able.com_Repository.xml_2026040506.xml] destination [C:\ProgramData\MspPlatform\PME\ThirdPartyPatch\Downloads\Repository.xml]
[5] 2026-04-05 11:29:53,354 DEBUG Download completed successfully. 
[5] 2026-04-05 11:29:53,354 DEBUG FileCacheServiceAgentDownloader.HandleDownloadResult => File was downloaded as "C:\ProgramData\MspPlatform\PME\ThirdPartyPatch\Downloads\Repository.xml" with status "Complete"
[1] 2026-04-05 11:29:55,106 DEBUG DownloaderFactory.GetDownloader => Can connect to https://sis.n-able.com/ using FileCacheServiceAgentDownloader
[1] 2026-04-05 11:29:55,107 DEBUG FileCacheServiceAgentDownloader.DownloadFile => url = https://sis.n-able.com/Repository.xml, fileName = C:\ProgramData\MspPlatform\PME\ThirdPartyPatch\Downloads\Repository.xml
[1] 2026-04-05 11:29:55,108 DEBUG FileCacheServiceAgentDownloader.StartAsyncDownload => Submitting file https://sis.n-able.com/Repository.xml...
[1] 2026-04-05 11:29:55,124 DEBUG FileCacheServiceAgentDownloader.DownloadFile => Waiting for download to be finished
[5] 2026-04-05 11:29:55,171 DEBUG FileCacheServiceAgentDownloader.HandleDownloadResult => Cache service: update is present [https___sis.n-able.com_Repository.xml_2026040506] [https://sis.n-able.com/Repository.xml]
[5] 2026-04-05 11:29:55,172 DEBUG downloadInfoDetails: isupdatepresent = "true" || cachedLocation = "C:\ProgramData\MspPlatform\FileCacheServiceAgent\cache\https___sis.n-able.com_Repository.xml_2026040506.xml" || filename = "Repository.xml" || sizeinbytes = "5679" || checksum = "8f3c006f9c0a55b2908bef2ad44c421848155b4a" || uuid = "https___sis.n-able.com_Repository.xml_2026040506" || url = "https://sis.n-able.com/Repository.xml" || name = "" || kbs = "" || version = "" || architecture = "" || language = "" || cacheddatetime = "2026-4-5 8:26:48 am" || downloadFailed = "false" || 
[5] 2026-04-05 11:29:55,172 DEBUG FileCacheServiceAgentDownloader.HandleDownloadResult => Downloading file (https___sis.n-able.com_Repository.xml_2026040506, C:\ProgramData\MspPlatform\FileCacheServiceAgent\cache\https___sis.n-able.com_Repository.xml_2026040506.xml, Repository.xml, 5679, C:\ProgramData\MspPlatform\PME\ThirdPartyPatch\Downloads)...
[5] 2026-04-05 11:29:55,184 DEBUG DownloadFileInBlocks Status:Complete File location [C:\ProgramData\MspPlatform\FileCacheServiceAgent\cache\https___sis.n-able.com_Repository.xml_2026040506.xml] destination [C:\ProgramData\MspPlatform\PME\ThirdPartyPatch\Downloads\Repository.xml]
[5] 2026-04-05 11:29:55,185 DEBUG Download completed successfully. 
[5] 2026-04-05 11:29:55,185 DEBUG FileCacheServiceAgentDownloader.HandleDownloadResult => File was downloaded as "C:\ProgramData\MspPlatform\PME\ThirdPartyPatch\Downloads\Repository.xml" with status "Complete"
[1] 2026-04-06 11:02:41,062 DEBUG DownloaderFactory.GetDownloader => Can connect to https://sis.n-able.com/ using FileCacheServiceAgentDownloader
[1] 2026-04-06 11:02:41,063 DEBUG FileCacheServiceAgentDownloader.DownloadFile => url = https://sis.n-able.com/Repository.xml, fileName = C:\ProgramData\MspPlatform\PME\ThirdPartyPatch\Downloads\Repository.xml
[1] 2026-04-06 11:02:41,064 DEBUG FileCacheServiceAgentDownloader.StartAsyncDownload => Submitting file https://sis.n-able.com/Repository.xml...
[1] 2026-04-06 11:02:41,077 DEBUG FileCacheServiceAgentDownloader.DownloadFile => Waiting for download to be finished
[5] 2026-04-06 11:02:41,110 DEBUG FileCacheServiceAgentDownloader.RetryPolicy => File info is not available yet, trying again in 5s...
[5] 2026-04-06 11:02:46,121 DEBUG FileCacheServiceAgentDownloader.RetryPolicy => File info is not available yet, trying again in 5s...
[5] 2026-04-06 11:02:51,127 DEBUG FileCacheServiceAgentDownloader.HandleDownloadResult => Cache service: update is present [https___sis.n-able.com_Repository.xml_2026040606] [https://sis.n-able.com/Repository.xml]
[5] 2026-04-06 11:02:51,128 DEBUG downloadInfoDetails: isupdatepresent = "true" || cachedLocation = "C:\ProgramData\MspPlatform\FileCacheServiceAgent\cache\https___sis.n-able.com_Repository.xml_2026040606.xml" || filename = "Repository.xml" || sizeinbytes = "5391" || checksum = "c6433e32ecb59bba03f3b164e803e68390079206" || uuid = "https___sis.n-able.com_Repository.xml_2026040606" || url = "https://sis.n-able.com/Repository.xml" || name = "" || kbs = "" || version = "" || architecture = "" || language = "" || cacheddatetime = "2026-4-6 11:2:46 am" || downloadFailed = "false" || 
[5] 2026-04-06 11:02:51,128 DEBUG FileCacheServiceAgentDownloader.HandleDownloadResult => Downloading file (https___sis.n-able.com_Repository.xml_2026040606, C:\ProgramData\MspPlatform\FileCacheServiceAgent\cache\https___sis.n-able.com_Repository.xml_2026040606.xml, Repository.xml, 5391, C:\ProgramData\MspPlatform\PME\ThirdPartyPatch\Downloads)...
[5] 2026-04-06 11:02:51,142 DEBUG DownloadFileInBlocks Status:Complete File location [C:\ProgramData\MspPlatform\FileCacheServiceAgent\cache\https___sis.n-able.com_Repository.xml_2026040606.xml] destination [C:\ProgramData\MspPlatform\PME\ThirdPartyPatch\Downloads\Repository.xml]
[5] 2026-04-06 11:02:51,143 DEBUG Download completed successfully. 
[5] 2026-04-06 11:02:51,143 DEBUG FileCacheServiceAgentDownloader.HandleDownloadResult => File was downloaded as "C:\ProgramData\MspPlatform\PME\ThirdPartyPatch\Downloads\Repository.xml" with status "Complete"
[1] 2026-04-06 11:02:53,449 DEBUG DownloaderFactory.GetDownloader => Can connect to https://sis.n-able.com/ using FileCacheServiceAgentDownloader
[1] 2026-04-06 11:02:53,450 DEBUG FileCacheServiceAgentDownloader.DownloadFile => url = https://sis.n-able.com/Repository.xml, fileName = C:\ProgramData\MspPlatform\PME\ThirdPartyPatch\Downloads\Repository.xml
[1] 2026-04-06 11:02:53,451 DEBUG FileCacheServiceAgentDownloader.StartAsyncDownload => Submitting file https://sis.n-able.com/Repository.xml...
[1] 2026-04-06 11:02:53,462 DEBUG FileCacheServiceAgentDownloader.DownloadFile => Waiting for download to be finished
[5] 2026-04-06 11:02:53,490 DEBUG FileCacheServiceAgentDownloader.HandleDownloadResult => Cache service: update is present [https___sis.n-able.com_Repository.xml_2026040606] [https://sis.n-able.com/Repository.xml]
[5] 2026-04-06 11:02:53,519 DEBUG downloadInfoDetails: isupdatepresent = "true" || cachedLocation = "C:\ProgramData\MspPlatform\FileCacheServiceAgent\cache\https___sis.n-able.com_Repository.xml_2026040606.xml" || filename = "Repository.xml" || sizeinbytes = "5391" || checksum = "c6433e32ecb59bba03f3b164e803e68390079206" || uuid = "https___sis.n-able.com_Repository.xml_2026040606" || url = "https://sis.n-able.com/Repository.xml" || name = "" || kbs = "" || version = "" || architecture = "" || language = "" || cacheddatetime = "2026-4-6 11:2:46 am" || downloadFailed = "false" || 
[5] 2026-04-06 11:02:53,520 DEBUG FileCacheServiceAgentDownloader.HandleDownloadResult => Downloading file (https___sis.n-able.com_Repository.xml_2026040606, C:\ProgramData\MspPlatform\FileCacheServiceAgent\cache\https___sis.n-able.com_Repository.xml_2026040606.xml, Repository.xml, 5391, C:\ProgramData\MspPlatform\PME\ThirdPartyPatch\Downloads)...
[5] 2026-04-06 11:02:53,526 DEBUG DownloadFileInBlocks Status:Complete File location [C:\ProgramData\MspPlatform\FileCacheServiceAgent\cache\https___sis.n-able.com_Repository.xml_2026040606.xml] destination [C:\ProgramData\MspPlatform\PME\ThirdPartyPatch\Downloads\Repository.xml]
[5] 2026-04-06 11:02:53,527 DEBUG Download completed successfully. 
[5] 2026-04-06 11:02:53,527 DEBUG FileCacheServiceAgentDownloader.HandleDownloadResult => File was downloaded as "C:\ProgramData\MspPlatform\PME\ThirdPartyPatch\Downloads\Repository.xml" with status "Complete"
[1] 2026-04-07 11:02:49,148 DEBUG DownloaderFactory.GetDownloader => Can connect to https://sis.n-able.com/ using FileCacheServiceAgentDownloader
[1] 2026-04-07 11:02:49,150 DEBUG FileCacheServiceAgentDownloader.DownloadFile => url = https://sis.n-able.com/Repository.xml, fileName = C:\ProgramData\MspPlatform\PME\ThirdPartyPatch\Downloads\Repository.xml
[1] 2026-04-07 11:02:49,151 DEBUG FileCacheServiceAgentDownloader.StartAsyncDownload => Submitting file https://sis.n-able.com/Repository.xml...
[1] 2026-04-07 11:02:49,161 DEBUG FileCacheServiceAgentDownloader.DownloadFile => Waiting for download to be finished
[5] 2026-04-07 11:02:49,188 DEBUG FileCacheServiceAgentDownloader.RetryPolicy => File info is not available yet, trying again in 5s...
[5] 2026-04-07 11:02:54,197 DEBUG FileCacheServiceAgentDownloader.RetryPolicy => File info is not available yet, trying again in 5s...
[5] 2026-04-07 11:02:59,213 DEBUG FileCacheServiceAgentDownloader.HandleDownloadResult => Cache service: update is present [https___sis.n-able.com_Repository.xml_2026040706] [https://sis.n-able.com/Repository.xml]
[5] 2026-04-07 11:02:59,214 DEBUG downloadInfoDetails: isupdatepresent = "true" || cachedLocation = "C:\ProgramData\MspPlatform\FileCacheServiceAgent\cache\https___sis.n-able.com_Repository.xml_2026040706.xml" || filename = "Repository.xml" || sizeinbytes = "5391" || checksum = "0f6740207654b5648dbaff4fbc80d7e4ec3b6489" || uuid = "https___sis.n-able.com_Repository.xml_2026040706" || url = "https://sis.n-able.com/Repository.xml" || name = "" || kbs = "" || version = "" || architecture = "" || language = "" || cacheddatetime = "2026-4-7 11:2:54 am" || downloadFailed = "false" || 
[5] 2026-04-07 11:02:59,215 DEBUG FileCacheServiceAgentDownloader.HandleDownloadResult => Downloading file (https___sis.n-able.com_Repository.xml_2026040706, C:\ProgramData\MspPlatform\FileCacheServiceAgent\cache\https___sis.n-able.com_Repository.xml_2026040706.xml, Repository.xml, 5391, C:\ProgramData\MspPlatform\PME\ThirdPartyPatch\Downloads)...
[5] 2026-04-07 11:02:59,228 DEBUG DownloadFileInBlocks Status:Complete File location [C:\ProgramData\MspPlatform\FileCacheServiceAgent\cache\https___sis.n-able.com_Repository.xml_2026040706.xml] destination [C:\ProgramData\MspPlatform\PME\ThirdPartyPatch\Downloads\Repository.xml]
[5] 2026-04-07 11:02:59,229 DEBUG Download completed successfully. 
[5] 2026-04-07 11:02:59,230 DEBUG FileCacheServiceAgentDownloader.HandleDownloadResult => File was downloaded as "C:\ProgramData\MspPlatform\PME\ThirdPartyPatch\Downloads\Repository.xml" with status "Complete"
[1] 2026-04-07 11:02:59,307 DEBUG DownloaderFactory.GetDownloader => Can connect to https://sis.n-able.com/ using FileCacheServiceAgentDownloader
[1] 2026-04-07 11:02:59,309 DEBUG FileCacheServiceAgentDownloader.DownloadFile => url = https://sis.n-able.com/3rdPartySw/ThirdPartySoftware.xml, fileName = C:\ProgramData\MspPlatform\PME\ThirdPartyPatch\Downloads\ThirdPartySoftware.xml
[1] 2026-04-07 11:02:59,310 DEBUG FileCacheServiceAgentDownloader.StartAsyncDownload => Submitting file https://sis.n-able.com/3rdPartySw/ThirdPartySoftware.xml...
[1] 2026-04-07 11:02:59,311 DEBUG FileCacheServiceAgentDownloader.DownloadFile => Waiting for download to be finished
[5] 2026-04-07 11:02:59,313 DEBUG FileCacheServiceAgentDownloader.RetryPolicy => File info is not available yet, trying again in 5s...
[5] 2026-04-07 11:03:04,318 DEBUG FileCacheServiceAgentDownloader.RetryPolicy => File info is not available yet, trying again in 5s...
[5] 2026-04-07 11:03:09,323 DEBUG FileCacheServiceAgentDownloader.HandleDownloadResult => Cache service: update is present [https___sis.n-able.com_3rdPartySw_ThirdPartySoftware.xml_2026040706] [https://sis.n-able.com/3rdPartySw/ThirdPartySoftware.xml]
[5] 2026-04-07 11:03:09,326 DEBUG downloadInfoDetails: isupdatepresent = "true" || cachedLocation = "C:\ProgramData\MspPlatform\FileCacheServiceAgent\cache\https___sis.n-able.com_3rdPartySw_ThirdPartySoftware.xml_2026040706.xml" || filename = "ThirdPartySoftware.xml" || sizeinbytes = "114873" || checksum = "4bfd3f6d8e7bda5d634bad39b869108692da5300" || uuid = "https___sis.n-able.com_3rdPartySw_ThirdPartySoftware.xml_2026040706" || url = "https://sis.n-able.com/3rdPartySw/ThirdPartySoftware.xml" || name = "" || kbs = "" || version = "" || architecture = "" || language = "" || cacheddatetime = "2026-4-7 11:3:5 am" || downloadFailed = "false" || 
[5] 2026-04-07 11:03:09,327 DEBUG FileCacheServiceAgentDownloader.HandleDownloadResult => Downloading file (https___sis.n-able.com_3rdPartySw_ThirdPartySoftware.xml_2026040706, C:\ProgramData\MspPlatform\FileCacheServiceAgent\cache\https___sis.n-able.com_3rdPartySw_ThirdPartySoftware.xml_2026040706.xml, ThirdPartySoftware.xml, 114873, C:\ProgramData\MspPlatform\PME\ThirdPartyPatch\Downloads)...
[5] 2026-04-07 11:03:09,330 DEBUG DownloadFileInBlocks Status:Complete File location [C:\ProgramData\MspPlatform\FileCacheServiceAgent\cache\https___sis.n-able.com_3rdPartySw_ThirdPartySoftware.xml_2026040706.xml] destination [C:\ProgramData\MspPlatform\PME\ThirdPartyPatch\Downloads\ThirdPartySoftware.xml]
[5] 2026-04-07 11:03:09,331 DEBUG Download completed successfully. 
[5] 2026-04-07 11:03:09,331 DEBUG FileCacheServiceAgentDownloader.HandleDownloadResult => File was downloaded as "C:\ProgramData\MspPlatform\PME\ThirdPartyPatch\Downloads\ThirdPartySoftware.xml" with status "Complete"
[1] 2026-04-07 11:03:10,922 DEBUG DownloaderFactory.GetDownloader => Can connect to https://sis.n-able.com/ using FileCacheServiceAgentDownloader
[1] 2026-04-07 11:03:10,922 DEBUG FileCacheServiceAgentDownloader.DownloadFile => url = https://sis.n-able.com/3rdPartySw/OS/WIN/Applications/Google/Chrome.zip, fileName = C:\ProgramData\MspPlatform\PME\ThirdPartyPatch\Downloads\Chrome.zip
[1] 2026-04-07 11:03:10,923 DEBUG FileCacheServiceAgentDownloader.StartAsyncDownload => Submitting file https://sis.n-able.com/3rdPartySw/OS/WIN/Applications/Google/Chrome.zip...
[1] 2026-04-07 11:03:10,925 DEBUG FileCacheServiceAgentDownloader.DownloadFile => Waiting for download to be finished
[5] 2026-04-07 11:03:10,927 DEBUG FileCacheServiceAgentDownloader.RetryPolicy => File info is not available yet, trying again in 5s...
[5] 2026-04-07 11:03:15,929 DEBUG FileCacheServiceAgentDownloader.RetryPolicy => File info is not available yet, trying again in 5s...
[5] 2026-04-07 11:03:20,941 DEBUG FileCacheServiceAgentDownloader.HandleDownloadResult => Cache service: update is present [https___sis.n-able.com_3rdPartySw_OS_WIN_Applications_Google_Chrome.zip_2026040706] [https://sis.n-able.com/3rdPartySw/OS/WIN/Applications/Google/Chrome.zip]
[5] 2026-04-07 11:03:20,944 DEBUG downloadInfoDetails: isupdatepresent = "true" || cachedLocation = "C:\ProgramData\MspPlatform\FileCacheServiceAgent\cache\https___sis.n-able.com_3rdPartySw_OS_WIN_Applications_Google_Chrome.zip_2026040706.zip" || filename = "Chrome.zip" || sizeinbytes = "16176" || checksum = "3e31de2788835fd71d14f2b8e329ba4733bb6f00" || uuid = "https___sis.n-able.com_3rdPartySw_OS_WIN_Applications_Google_Chrome.zip_2026040706" || url = "https://sis.n-able.com/3rdPartySw/OS/WIN/Applications/Google/Chrome.zip" || name = "" || kbs = "" || version = "" || architecture = "" || language = "" || cacheddatetime = "2026-4-7 11:3:16 am" || downloadFailed = "false" || 
[5] 2026-04-07 11:03:20,944 DEBUG FileCacheServiceAgentDownloader.HandleDownloadResult => Downloading file (https___sis.n-able.com_3rdPartySw_OS_WIN_Applications_Google_Chrome.zip_2026040706, C:\ProgramData\MspPlatform\FileCacheServiceAgent\cache\https___sis.n-able.com_3rdPartySw_OS_WIN_Applications_Google_Chrome.zip_2026040706.zip, Chrome.zip, 16176, C:\ProgramData\MspPlatform\PME\ThirdPartyPatch\Downloads)...
[5] 2026-04-07 11:03:20,947 DEBUG DownloadFileInBlocks Status:Complete File location [C:\ProgramData\MspPlatform\FileCacheServiceAgent\cache\https___sis.n-able.com_3rdPartySw_OS_WIN_Applications_Google_Chrome.zip_2026040706.zip] destination [C:\ProgramData\MspPlatform\PME\ThirdPartyPatch\Downloads\Chrome.zip]
[5] 2026-04-07 11:03:20,948 DEBUG Download completed successfully. 
[5] 2026-04-07 11:03:20,948 DEBUG FileCacheServiceAgentDownloader.HandleDownloadResult => File was downloaded as "C:\ProgramData\MspPlatform\PME\ThirdPartyPatch\Downloads\Chrome.zip" with status "Complete"
[1] 2026-04-07 11:03:21,156 DEBUG DownloaderFactory.GetDownloader => Can connect to https://sis.n-able.com/ using FileCacheServiceAgentDownloader
[1] 2026-04-07 11:03:21,156 DEBUG FileCacheServiceAgentDownloader.DownloadFile => url = https://sis.n-able.com/3rdPartySw/OS/WIN/Applications/Microsoft/OneDrive.zip, fileName = C:\ProgramData\MspPlatform\PME\ThirdPartyPatch\Downloads\OneDrive.zip
[1] 2026-04-07 11:03:21,157 DEBUG FileCacheServiceAgentDownloader.StartAsyncDownload => Submitting file https://sis.n-able.com/3rdPartySw/OS/WIN/Applications/Microsoft/OneDrive.zip...
[1] 2026-04-07 11:03:21,159 DEBUG FileCacheServiceAgentDownloader.DownloadFile => Waiting for download to be finished
[5] 2026-04-07 11:03:21,161 DEBUG FileCacheServiceAgentDownloader.RetryPolicy => File info is not available yet, trying again in 5s...
[5] 2026-04-07 11:03:26,167 DEBUG FileCacheServiceAgentDownloader.RetryPolicy => File info is not available yet, trying again in 5s...
[5] 2026-04-07 11:03:31,183 DEBUG FileCacheServiceAgentDownloader.HandleDownloadResult => Cache service: update is present [https___sis.n-able.com_3rdPartySw_OS_WIN_Applications_Microsoft_OneDrive.zip_2026040706] [https://sis.n-able.com/3rdPartySw/OS/WIN/Applications/Microsoft/OneDrive.zip]
[5] 2026-04-07 11:03:31,184 DEBUG downloadInfoDetails: isupdatepresent = "true" || cachedLocation = "C:\ProgramData\MspPlatform\FileCacheServiceAgent\cache\https___sis.n-able.com_3rdPartySw_OS_WIN_Applications_Microsoft_OneDrive.zip_2026040706.zip" || filename = "OneDrive.zip" || sizeinbytes = "32478" || checksum = "47b98aa8046049514db116ec4d2d607a340541ac" || uuid = "https___sis.n-able.com_3rdPartySw_OS_WIN_Applications_Microsoft_OneDrive.zip_2026040706" || url = "https://sis.n-able.com/3rdPartySw/OS/WIN/Applications/Microsoft/OneDrive.zip" || name = "" || kbs = "" || version = "" || architecture = "" || language = "" || cacheddatetime = "2026-4-7 11:3:26 am" || downloadFailed = "false" || 
[5] 2026-04-07 11:03:31,185 DEBUG FileCacheServiceAgentDownloader.HandleDownloadResult => Downloading file (https___sis.n-able.com_3rdPartySw_OS_WIN_Applications_Microsoft_OneDrive.zip_2026040706, C:\ProgramData\MspPlatform\FileCacheServiceAgent\cache\https___sis.n-able.com_3rdPartySw_OS_WIN_Applications_Microsoft_OneDrive.zip_2026040706.zip, OneDrive.zip, 32478, C:\ProgramData\MspPlatform\PME\ThirdPartyPatch\Downloads)...
[5] 2026-04-07 11:03:31,189 DEBUG DownloadFileInBlocks Status:Complete File location [C:\ProgramData\MspPlatform\FileCacheServiceAgent\cache\https___sis.n-able.com_3rdPartySw_OS_WIN_Applications_Microsoft_OneDrive.zip_2026040706.zip] destination [C:\ProgramData\MspPlatform\PME\ThirdPartyPatch\Downloads\OneDrive.zip]
[5] 2026-04-07 11:03:31,189 DEBUG Download completed successfully. 
[5] 2026-04-07 11:03:31,190 DEBUG FileCacheServiceAgentDownloader.HandleDownloadResult => File was downloaded as "C:\ProgramData\MspPlatform\PME\ThirdPartyPatch\Downloads\OneDrive.zip" with status "Complete"
[1] 2026-04-07 11:03:31,239 DEBUG DownloaderFactory.GetDownloader => Can connect to https://sis.n-able.com/ using FileCacheServiceAgentDownloader
[1] 2026-04-07 11:03:31,240 DEBUG FileCacheServiceAgentDownloader.DownloadFile => url = https://sis.n-able.com/3rdPartySw/OS/WIN/Applications/Google/Google Drive.zip, fileName = C:\ProgramData\MspPlatform\PME\ThirdPartyPatch\Downloads\Google Drive.zip
[1] 2026-04-07 11:03:31,241 DEBUG FileCacheServiceAgentDownloader.StartAsyncDownload => Submitting file https://sis.n-able.com/3rdPartySw/OS/WIN/Applications/Google/Google Drive.zip...
[1] 2026-04-07 11:03:31,242 DEBUG FileCacheServiceAgentDownloader.DownloadFile => Waiting for download to be finished
[6] 2026-04-07 11:03:31,245 DEBUG FileCacheServiceAgentDownloader.RetryPolicy => File info is not available yet, trying again in 5s...
[6] 2026-04-07 11:03:36,266 DEBUG FileCacheServiceAgentDownloader.RetryPolicy => File info is not available yet, trying again in 5s...
[6] 2026-04-07 11:03:41,271 DEBUG FileCacheServiceAgentDownloader.HandleDownloadResult => Cache service: update is present [https___sis.n-able.com_3rdPartySw_OS_WIN_Applications_Google_Google Drive.zip_2026040706] [https://sis.n-able.com/3rdPartySw/OS/WIN/Applications/Google/Google Drive.zip]
[6] 2026-04-07 11:03:41,272 DEBUG downloadInfoDetails: isupdatepresent = "true" || cachedLocation = "C:\ProgramData\MspPlatform\FileCacheServiceAgent\cache\https___sis.n-able.com_3rdPartySw_OS_WIN_Applications_Google_Google Drive.zip_2026040706.zip" || filename = "Google Drive.zip" || sizeinbytes = "27612" || checksum = "b0ab36ca62742bbbe75dd93777de41698be9eeb1" || uuid = "https___sis.n-able.com_3rdPartySw_OS_WIN_Applications_Google_Google Drive.zip_2026040706" || url = "https://sis.n-able.com/3rdPartySw/OS/WIN/Applications/Google/Google Drive.zip" || name = "" || kbs = "" || version = "" || architecture = "" || language = "" || cacheddatetime = "2026-4-7 11:3:37 am" || downloadFailed = "false" || 
[6] 2026-04-07 11:03:41,274 DEBUG FileCacheServiceAgentDownloader.HandleDownloadResult => Downloading file (https___sis.n-able.com_3rdPartySw_OS_WIN_Applications_Google_Google Drive.zip_2026040706, C:\ProgramData\MspPlatform\FileCacheServiceAgent\cache\https___sis.n-able.com_3rdPartySw_OS_WIN_Applications_Google_Google Drive.zip_2026040706.zip, Google Drive.zip, 27612, C:\ProgramData\MspPlatform\PME\ThirdPartyPatch\Downloads)...
[6] 2026-04-07 11:03:41,278 DEBUG DownloadFileInBlocks Status:Complete File location [C:\ProgramData\MspPlatform\FileCacheServiceAgent\cache\https___sis.n-able.com_3rdPartySw_OS_WIN_Applications_Google_Google Drive.zip_2026040706.zip] destination [C:\ProgramData\MspPlatform\PME\ThirdPartyPatch\Downloads\Google Drive.zip]
[6] 2026-04-07 11:03:41,278 DEBUG Download completed successfully. 
[6] 2026-04-07 11:03:41,279 DEBUG FileCacheServiceAgentDownloader.HandleDownloadResult => File was downloaded as "C:\ProgramData\MspPlatform\PME\ThirdPartyPatch\Downloads\Google Drive.zip" with status "Complete"
[1] 2026-04-07 11:03:41,291 DEBUG DownloaderFactory.GetDownloader => Can connect to https://sis.n-able.com/ using FileCacheServiceAgentDownloader
[1] 2026-04-07 11:03:41,294 DEBUG FileCacheServiceAgentDownloader.DownloadFile => url = https://sis.n-able.com/3rdPartySw/OS/WIN/Applications/Microsoft/Microsoft Edge.zip, fileName = C:\ProgramData\MspPlatform\PME\ThirdPartyPatch\Downloads\Microsoft Edge.zip
[1] 2026-04-07 11:03:41,295 DEBUG FileCacheServiceAgentDownloader.StartAsyncDownload => Submitting file https://sis.n-able.com/3rdPartySw/OS/WIN/Applications/Microsoft/Microsoft Edge.zip...
[1] 2026-04-07 11:03:41,297 DEBUG FileCacheServiceAgentDownloader.DownloadFile => Waiting for download to be finished
[5] 2026-04-07 11:03:41,301 DEBUG FileCacheServiceAgentDownloader.RetryPolicy => File info is not available yet, trying again in 5s...
[5] 2026-04-07 11:03:46,318 DEBUG FileCacheServiceAgentDownloader.RetryPolicy => File info is not available yet, trying again in 5s...
[5] 2026-04-07 11:03:51,324 DEBUG FileCacheServiceAgentDownloader.HandleDownloadResult => Cache service: update is present [https___sis.n-able.com_3rdPartySw_OS_WIN_Applications_Microsoft_Microsoft Edge.zip_2026040706] [https://sis.n-able.com/3rdPartySw/OS/WIN/Applications/Microsoft/Microsoft Edge.zip]
[5] 2026-04-07 11:03:51,326 DEBUG downloadInfoDetails: isupdatepresent = "true" || cachedLocation = "C:\ProgramData\MspPlatform\FileCacheServiceAgent\cache\https___sis.n-able.com_3rdPartySw_OS_WIN_Applications_Microsoft_Microsoft Edge.zip_2026040706.zip" || filename = "Microsoft Edge.zip" || sizeinbytes = "9378" || checksum = "866f4d8f32ef4400d26f6af3e6c3b8c11ab7b87a" || uuid = "https___sis.n-able.com_3rdPartySw_OS_WIN_Applications_Microsoft_Microsoft Edge.zip_2026040706" || url = "https://sis.n-able.com/3rdPartySw/OS/WIN/Applications/Microsoft/Microsoft Edge.zip" || name = "" || kbs = "" || version = "" || architecture = "" || language = "" || cacheddatetime = "2026-4-7 11:3:46 am" || downloadFailed = "false" || 
[5] 2026-04-07 11:03:51,326 DEBUG FileCacheServiceAgentDownloader.HandleDownloadResult => Downloading file (https___sis.n-able.com_3rdPartySw_OS_WIN_Applications_Microsoft_Microsoft Edge.zip_2026040706, C:\ProgramData\MspPlatform\FileCacheServiceAgent\cache\https___sis.n-able.com_3rdPartySw_OS_WIN_Applications_Microsoft_Microsoft Edge.zip_2026040706.zip, Microsoft Edge.zip, 9378, C:\ProgramData\MspPlatform\PME\ThirdPartyPatch\Downloads)...
[5] 2026-04-07 11:03:51,329 DEBUG DownloadFileInBlocks Status:Complete File location [C:\ProgramData\MspPlatform\FileCacheServiceAgent\cache\https___sis.n-able.com_3rdPartySw_OS_WIN_Applications_Microsoft_Microsoft Edge.zip_2026040706.zip] destination [C:\ProgramData\MspPlatform\PME\ThirdPartyPatch\Downloads\Microsoft Edge.zip]
[5] 2026-04-07 11:03:51,329 DEBUG Download completed successfully. 
[5] 2026-04-07 11:03:51,330 DEBUG FileCacheServiceAgentDownloader.HandleDownloadResult => File was downloaded as "C:\ProgramData\MspPlatform\PME\ThirdPartyPatch\Downloads\Microsoft Edge.zip" with status "Complete"
[1] 2026-04-07 11:03:51,470 DEBUG DownloaderFactory.GetDownloader => Can connect to https://sis.n-able.com/ using FileCacheServiceAgentDownloader
[1] 2026-04-07 11:03:51,471 DEBUG FileCacheServiceAgentDownloader.DownloadFile => url = https://sis.n-able.com/3rdPartySw/Vendors.xml, fileName = C:\ProgramData\MspPlatform\PME\ThirdPartyPatch\Downloads\Vendors.xml
[1] 2026-04-07 11:03:51,472 DEBUG FileCacheServiceAgentDownloader.StartAsyncDownload => Submitting file https://sis.n-able.com/3rdPartySw/Vendors.xml...
[1] 2026-04-07 11:03:51,473 DEBUG FileCacheServiceAgentDownloader.DownloadFile => Waiting for download to be finished
[5] 2026-04-07 11:03:51,475 DEBUG FileCacheServiceAgentDownloader.RetryPolicy => File info is not available yet, trying again in 5s...
[5] 2026-04-07 11:03:56,482 DEBUG FileCacheServiceAgentDownloader.RetryPolicy => File info is not available yet, trying again in 5s...
[5] 2026-04-07 11:04:01,488 DEBUG FileCacheServiceAgentDownloader.HandleDownloadResult => Cache service: update is present [https___sis.n-able.com_3rdPartySw_Vendors.xml_2026040706] [https://sis.n-able.com/3rdPartySw/Vendors.xml]
[5] 2026-04-07 11:04:01,489 DEBUG downloadInfoDetails: isupdatepresent = "true" || cachedLocation = "C:\ProgramData\MspPlatform\FileCacheServiceAgent\cache\https___sis.n-able.com_3rdPartySw_Vendors.xml_2026040706.xml" || filename = "Vendors.xml" || sizeinbytes = "4135" || checksum = "8de80a3dfbbe1d2386f740986f5044d05c426928" || uuid = "https___sis.n-able.com_3rdPartySw_Vendors.xml_2026040706" || url = "https://sis.n-able.com/3rdPartySw/Vendors.xml" || name = "" || kbs = "" || version = "" || architecture = "" || language = "" || cacheddatetime = "2026-4-7 11:3:56 am" || downloadFailed = "false" || 
[5] 2026-04-07 11:04:01,490 DEBUG FileCacheServiceAgentDownloader.HandleDownloadResult => Downloading file (https___sis.n-able.com_3rdPartySw_Vendors.xml_2026040706, C:\ProgramData\MspPlatform\FileCacheServiceAgent\cache\https___sis.n-able.com_3rdPartySw_Vendors.xml_2026040706.xml, Vendors.xml, 4135, C:\ProgramData\MspPlatform\PME\ThirdPartyPatch\Downloads)...
[5] 2026-04-07 11:04:01,494 DEBUG DownloadFileInBlocks Status:Complete File location [C:\ProgramData\MspPlatform\FileCacheServiceAgent\cache\https___sis.n-able.com_3rdPartySw_Vendors.xml_2026040706.xml] destination [C:\ProgramData\MspPlatform\PME\ThirdPartyPatch\Downloads\Vendors.xml]
[5] 2026-04-07 11:04:01,494 DEBUG Download completed successfully. 
[5] 2026-04-07 11:04:01,495 DEBUG FileCacheServiceAgentDownloader.HandleDownloadResult => File was downloaded as "C:\ProgramData\MspPlatform\PME\ThirdPartyPatch\Downloads\Vendors.xml" with status "Complete"
[1] 2026-04-07 11:04:02,024 DEBUG DownloaderFactory.GetDownloader => Can connect to https://sis.n-able.com/ using FileCacheServiceAgentDownloader
[1] 2026-04-07 11:04:02,026 DEBUG FileCacheServiceAgentDownloader.DownloadFile => url = https://sis.n-able.com/Repository.xml, fileName = C:\ProgramData\MspPlatform\PME\ThirdPartyPatch\Downloads\Repository.xml
[1] 2026-04-07 11:04:02,027 DEBUG FileCacheServiceAgentDownloader.StartAsyncDownload => Submitting file https://sis.n-able.com/Repository.xml...
[1] 2026-04-07 11:04:02,043 DEBUG FileCacheServiceAgentDownloader.DownloadFile => Waiting for download to be finished
[5] 2026-04-07 11:04:02,096 DEBUG FileCacheServiceAgentDownloader.HandleDownloadResult => Cache service: update is present [https___sis.n-able.com_Repository.xml_2026040706] [https://sis.n-able.com/Repository.xml]
[5] 2026-04-07 11:04:02,097 DEBUG downloadInfoDetails: isupdatepresent = "true" || cachedLocation = "C:\ProgramData\MspPlatform\FileCacheServiceAgent\cache\https___sis.n-able.com_Repository.xml_2026040706.xml" || filename = "Repository.xml" || sizeinbytes = "5391" || checksum = "0f6740207654b5648dbaff4fbc80d7e4ec3b6489" || uuid = "https___sis.n-able.com_Repository.xml_2026040706" || url = "https://sis.n-able.com/Repository.xml" || name = "" || kbs = "" || version = "" || architecture = "" || language = "" || cacheddatetime = "2026-4-7 11:2:54 am" || downloadFailed = "false" || 
[5] 2026-04-07 11:04:02,097 DEBUG FileCacheServiceAgentDownloader.HandleDownloadResult => Downloading file (https___sis.n-able.com_Repository.xml_2026040706, C:\ProgramData\MspPlatform\FileCacheServiceAgent\cache\https___sis.n-able.com_Repository.xml_2026040706.xml, Repository.xml, 5391, C:\ProgramData\MspPlatform\PME\ThirdPartyPatch\Downloads)...
[5] 2026-04-07 11:04:02,109 DEBUG DownloadFileInBlocks Status:Complete File location [C:\ProgramData\MspPlatform\FileCacheServiceAgent\cache\https___sis.n-able.com_Repository.xml_2026040706.xml] destination [C:\ProgramData\MspPlatform\PME\ThirdPartyPatch\Downloads\Repository.xml]
[5] 2026-04-07 11:04:02,110 DEBUG Download completed successfully. 
[5] 2026-04-07 11:04:02,110 DEBUG FileCacheServiceAgentDownloader.HandleDownloadResult => File was downloaded as "C:\ProgramData\MspPlatform\PME\ThirdPartyPatch\Downloads\Repository.xml" with status "Complete"
[1] 2026-04-09 08:28:26,072 DEBUG DownloaderFactory.GetDownloader => Can connect to https://sis.n-able.com/ using FileCacheServiceAgentDownloader
[1] 2026-04-09 08:28:26,075 DEBUG FileCacheServiceAgentDownloader.DownloadFile => url = https://sis.n-able.com/Repository.xml, fileName = C:\ProgramData\MspPlatform\PME\ThirdPartyPatch\Downloads\Repository.xml
[1] 2026-04-09 08:28:26,077 DEBUG FileCacheServiceAgentDownloader.StartAsyncDownload => Submitting file https://sis.n-able.com/Repository.xml...
[1] 2026-04-09 08:28:26,098 DEBUG FileCacheServiceAgentDownloader.DownloadFile => Waiting for download to be finished
[5] 2026-04-09 08:28:26,189 DEBUG FileCacheServiceAgentDownloader.RetryPolicy => File info is not available yet, trying again in 5s...
[5] 2026-04-09 08:35:10,541 DEBUG FileCacheServiceAgentDownloader.RetryPolicy => File info is not available yet, trying again in 5s...
[5] 2026-04-09 08:35:15,554 DEBUG FileCacheServiceAgentDownloader.HandleDownloadResult => Cache service: update is present [https___sis.n-able.com_Repository.xml_2026040906] [https://sis.n-able.com/Repository.xml]
[5] 2026-04-09 08:35:15,556 DEBUG downloadInfoDetails: isupdatepresent = "true" || cachedLocation = "C:\ProgramData\MspPlatform\FileCacheServiceAgent\cache\https___sis.n-able.com_Repository.xml_2026040906.xml" || filename = "Repository.xml" || sizeinbytes = "5391" || checksum = "8c9a77457fb67aa692be4fb9701f5870b8174206" || uuid = "https___sis.n-able.com_Repository.xml_2026040906" || url = "https://sis.n-able.com/Repository.xml" || name = "" || kbs = "" || version = "" || architecture = "" || language = "" || cacheddatetime = "2026-4-9 8:35:12 am" || downloadFailed = "false" || 
[5] 2026-04-09 08:35:15,557 DEBUG FileCacheServiceAgentDownloader.HandleDownloadResult => Downloading file (https___sis.n-able.com_Repository.xml_2026040906, C:\ProgramData\MspPlatform\FileCacheServiceAgent\cache\https___sis.n-able.com_Repository.xml_2026040906.xml, Repository.xml, 5391, C:\ProgramData\MspPlatform\PME\ThirdPartyPatch\Downloads)...
[5] 2026-04-09 08:35:15,575 DEBUG DownloadFileInBlocks Status:Complete File location [C:\ProgramData\MspPlatform\FileCacheServiceAgent\cache\https___sis.n-able.com_Repository.xml_2026040906.xml] destination [C:\ProgramData\MspPlatform\PME\ThirdPartyPatch\Downloads\Repository.xml]
[5] 2026-04-09 08:35:15,577 DEBUG Download completed successfully. 
[5] 2026-04-09 08:35:15,577 DEBUG FileCacheServiceAgentDownloader.HandleDownloadResult => File was downloaded as "C:\ProgramData\MspPlatform\PME\ThirdPartyPatch\Downloads\Repository.xml" with status "Complete"
[1] 2026-04-09 08:35:15,621 DEBUG DownloaderFactory.GetDownloader => Can connect to https://sis.n-able.com/ using FileCacheServiceAgentDownloader
[1] 2026-04-09 08:35:15,624 DEBUG FileCacheServiceAgentDownloader.DownloadFile => url = https://sis.n-able.com/3rdPartySw/ThirdPartySoftware.xml, fileName = C:\ProgramData\MspPlatform\PME\ThirdPartyPatch\Downloads\ThirdPartySoftware.xml
[1] 2026-04-09 08:35:15,624 DEBUG FileCacheServiceAgentDownloader.StartAsyncDownload => Submitting file https://sis.n-able.com/3rdPartySw/ThirdPartySoftware.xml...
[1] 2026-04-09 08:35:15,626 DEBUG FileCacheServiceAgentDownloader.DownloadFile => Waiting for download to be finished
[6] 2026-04-09 08:35:15,629 DEBUG FileCacheServiceAgentDownloader.RetryPolicy => File info is not available yet, trying again in 5s...
[6] 2026-04-09 08:35:20,647 DEBUG FileCacheServiceAgentDownloader.RetryPolicy => File info is not available yet, trying again in 5s...
[6] 2026-04-09 08:35:25,659 DEBUG FileCacheServiceAgentDownloader.HandleDownloadResult => Cache service: update is present [https___sis.n-able.com_3rdPartySw_ThirdPartySoftware.xml_2026040906] [https://sis.n-able.com/3rdPartySw/ThirdPartySoftware.xml]
[6] 2026-04-09 08:35:25,660 DEBUG downloadInfoDetails: isupdatepresent = "true" || cachedLocation = "C:\ProgramData\MspPlatform\FileCacheServiceAgent\cache\https___sis.n-able.com_3rdPartySw_ThirdPartySoftware.xml_2026040906.xml" || filename = "ThirdPartySoftware.xml" || sizeinbytes = "114877" || checksum = "9c66b3d3e43b4cdc7118024a6f3491840e674488" || uuid = "https___sis.n-able.com_3rdPartySw_ThirdPartySoftware.xml_2026040906" || url = "https://sis.n-able.com/3rdPartySw/ThirdPartySoftware.xml" || name = "" || kbs = "" || version = "" || architecture = "" || language = "" || cacheddatetime = "2026-4-9 8:35:21 am" || downloadFailed = "false" || 
[6] 2026-04-09 08:35:25,660 DEBUG FileCacheServiceAgentDownloader.HandleDownloadResult => Downloading file (https___sis.n-able.com_3rdPartySw_ThirdPartySoftware.xml_2026040906, C:\ProgramData\MspPlatform\FileCacheServiceAgent\cache\https___sis.n-able.com_3rdPartySw_ThirdPartySoftware.xml_2026040906.xml, ThirdPartySoftware.xml, 114877, C:\ProgramData\MspPlatform\PME\ThirdPartyPatch\Downloads)...
[6] 2026-04-09 08:35:25,663 DEBUG DownloadFileInBlocks Status:Complete File location [C:\ProgramData\MspPlatform\FileCacheServiceAgent\cache\https___sis.n-able.com_3rdPartySw_ThirdPartySoftware.xml_2026040906.xml] destination [C:\ProgramData\MspPlatform\PME\ThirdPartyPatch\Downloads\ThirdPartySoftware.xml]
[6] 2026-04-09 08:35:25,663 DEBUG Download completed successfully. 
[6] 2026-04-09 08:35:25,663 DEBUG FileCacheServiceAgentDownloader.HandleDownloadResult => File was downloaded as "C:\ProgramData\MspPlatform\PME\ThirdPartyPatch\Downloads\ThirdPartySoftware.xml" with status "Complete"
[1] 2026-04-09 08:35:27,478 DEBUG DownloaderFactory.GetDownloader => Can connect to https://sis.n-able.com/ using FileCacheServiceAgentDownloader
[1] 2026-04-09 08:35:27,478 DEBUG FileCacheServiceAgentDownloader.DownloadFile => url = https://sis.n-able.com/3rdPartySw/OS/WIN/Applications/Microsoft/OneDrive.zip, fileName = C:\ProgramData\MspPlatform\PME\ThirdPartyPatch\Downloads\OneDrive.zip
[1] 2026-04-09 08:35:27,478 DEBUG FileCacheServiceAgentDownloader.StartAsyncDownload => Submitting file https://sis.n-able.com/3rdPartySw/OS/WIN/Applications/Microsoft/OneDrive.zip...
[1] 2026-04-09 08:35:27,479 DEBUG FileCacheServiceAgentDownloader.DownloadFile => Waiting for download to be finished
[6] 2026-04-09 08:35:27,481 DEBUG FileCacheServiceAgentDownloader.RetryPolicy => File info is not available yet, trying again in 5s...
[6] 2026-04-09 08:35:32,492 DEBUG FileCacheServiceAgentDownloader.RetryPolicy => File info is not available yet, trying again in 5s...
[6] 2026-04-09 08:35:37,496 DEBUG FileCacheServiceAgentDownloader.HandleDownloadResult => Cache service: update is present [https___sis.n-able.com_3rdPartySw_OS_WIN_Applications_Microsoft_OneDrive.zip_2026040906] [https://sis.n-able.com/3rdPartySw/OS/WIN/Applications/Microsoft/OneDrive.zip]
[6] 2026-04-09 08:35:37,497 DEBUG downloadInfoDetails: isupdatepresent = "true" || cachedLocation = "C:\ProgramData\MspPlatform\FileCacheServiceAgent\cache\https___sis.n-able.com_3rdPartySw_OS_WIN_Applications_Microsoft_OneDrive.zip_2026040906.zip" || filename = "OneDrive.zip" || sizeinbytes = "32478" || checksum = "47b98aa8046049514db116ec4d2d607a340541ac" || uuid = "https___sis.n-able.com_3rdPartySw_OS_WIN_Applications_Microsoft_OneDrive.zip_2026040906" || url = "https://sis.n-able.com/3rdPartySw/OS/WIN/Applications/Microsoft/OneDrive.zip" || name = "" || kbs = "" || version = "" || architecture = "" || language = "" || cacheddatetime = "2026-4-9 8:35:33 am" || downloadFailed = "false" || 
[6] 2026-04-09 08:35:37,497 DEBUG FileCacheServiceAgentDownloader.HandleDownloadResult => Downloading file (https___sis.n-able.com_3rdPartySw_OS_WIN_Applications_Microsoft_OneDrive.zip_2026040906, C:\ProgramData\MspPlatform\FileCacheServiceAgent\cache\https___sis.n-able.com_3rdPartySw_OS_WIN_Applications_Microsoft_OneDrive.zip_2026040906.zip, OneDrive.zip, 32478, C:\ProgramData\MspPlatform\PME\ThirdPartyPatch\Downloads)...
[6] 2026-04-09 08:35:37,501 DEBUG DownloadFileInBlocks Status:Complete File location [C:\ProgramData\MspPlatform\FileCacheServiceAgent\cache\https___sis.n-able.com_3rdPartySw_OS_WIN_Applications_Microsoft_OneDrive.zip_2026040906.zip] destination [C:\ProgramData\MspPlatform\PME\ThirdPartyPatch\Downloads\OneDrive.zip]
[6] 2026-04-09 08:35:37,502 DEBUG Download completed successfully. 
[6] 2026-04-09 08:35:37,502 DEBUG FileCacheServiceAgentDownloader.HandleDownloadResult => File was downloaded as "C:\ProgramData\MspPlatform\PME\ThirdPartyPatch\Downloads\OneDrive.zip" with status "Complete"
[1] 2026-04-09 08:35:37,759 DEBUG DownloaderFactory.GetDownloader => Can connect to https://sis.n-able.com/ using FileCacheServiceAgentDownloader
[1] 2026-04-09 08:35:37,760 DEBUG FileCacheServiceAgentDownloader.DownloadFile => url = https://sis.n-able.com/3rdPartySw/OS/WIN/Applications/Google/Google Drive.zip, fileName = C:\ProgramData\MspPlatform\PME\ThirdPartyPatch\Downloads\Google Drive.zip
[1] 2026-04-09 08:35:37,761 DEBUG FileCacheServiceAgentDownloader.StartAsyncDownload => Submitting file https://sis.n-able.com/3rdPartySw/OS/WIN/Applications/Google/Google Drive.zip...
[1] 2026-04-09 08:35:37,763 DEBUG FileCacheServiceAgentDownloader.DownloadFile => Waiting for download to be finished
[5] 2026-04-09 08:35:37,765 DEBUG FileCacheServiceAgentDownloader.RetryPolicy => File info is not available yet, trying again in 5s...
[5] 2026-04-09 08:35:42,783 DEBUG FileCacheServiceAgentDownloader.RetryPolicy => File info is not available yet, trying again in 5s...
[5] 2026-04-09 08:35:47,789 DEBUG FileCacheServiceAgentDownloader.HandleDownloadResult => Cache service: update is present [https___sis.n-able.com_3rdPartySw_OS_WIN_Applications_Google_Google Drive.zip_2026040906] [https://sis.n-able.com/3rdPartySw/OS/WIN/Applications/Google/Google Drive.zip]
[5] 2026-04-09 08:35:47,791 DEBUG downloadInfoDetails: isupdatepresent = "true" || cachedLocation = "C:\ProgramData\MspPlatform\FileCacheServiceAgent\cache\https___sis.n-able.com_3rdPartySw_OS_WIN_Applications_Google_Google Drive.zip_2026040906.zip" || filename = "Google Drive.zip" || sizeinbytes = "27612" || checksum = "b0ab36ca62742bbbe75dd93777de41698be9eeb1" || uuid = "https___sis.n-able.com_3rdPartySw_OS_WIN_Applications_Google_Google Drive.zip_2026040906" || url = "https://sis.n-able.com/3rdPartySw/OS/WIN/Applications/Google/Google Drive.zip" || name = "" || kbs = "" || version = "" || architecture = "" || language = "" || cacheddatetime = "2026-4-9 8:35:43 am" || downloadFailed = "false" || 
[5] 2026-04-09 08:35:47,791 DEBUG FileCacheServiceAgentDownloader.HandleDownloadResult => Downloading file (https___sis.n-able.com_3rdPartySw_OS_WIN_Applications_Google_Google Drive.zip_2026040906, C:\ProgramData\MspPlatform\FileCacheServiceAgent\cache\https___sis.n-able.com_3rdPartySw_OS_WIN_Applications_Google_Google Drive.zip_2026040906.zip, Google Drive.zip, 27612, C:\ProgramData\MspPlatform\PME\ThirdPartyPatch\Downloads)...
[5] 2026-04-09 08:35:47,796 DEBUG DownloadFileInBlocks Status:Complete File location [C:\ProgramData\MspPlatform\FileCacheServiceAgent\cache\https___sis.n-able.com_3rdPartySw_OS_WIN_Applications_Google_Google Drive.zip_2026040906.zip] destination [C:\ProgramData\MspPlatform\PME\ThirdPartyPatch\Downloads\Google Drive.zip]
[5] 2026-04-09 08:35:47,798 DEBUG Download completed successfully. 
[5] 2026-04-09 08:35:47,798 DEBUG FileCacheServiceAgentDownloader.HandleDownloadResult => File was downloaded as "C:\ProgramData\MspPlatform\PME\ThirdPartyPatch\Downloads\Google Drive.zip" with status "Complete"
[1] 2026-04-09 08:35:47,812 DEBUG DownloaderFactory.GetDownloader => Can connect to https://sis.n-able.com/ using FileCacheServiceAgentDownloader
[1] 2026-04-09 08:35:47,812 DEBUG FileCacheServiceAgentDownloader.DownloadFile => url = https://sis.n-able.com/3rdPartySw/OS/WIN/Applications/Microsoft/Microsoft Edge.zip, fileName = C:\ProgramData\MspPlatform\PME\ThirdPartyPatch\Downloads\Microsoft Edge.zip
[1] 2026-04-09 08:35:47,813 DEBUG FileCacheServiceAgentDownloader.StartAsyncDownload => Submitting file https://sis.n-able.com/3rdPartySw/OS/WIN/Applications/Microsoft/Microsoft Edge.zip...
[1] 2026-04-09 08:35:47,816 DEBUG FileCacheServiceAgentDownloader.DownloadFile => Waiting for download to be finished
[5] 2026-04-09 08:35:47,820 DEBUG FileCacheServiceAgentDownloader.RetryPolicy => File info is not available yet, trying again in 5s...
[5] 2026-04-09 08:35:52,858 DEBUG FileCacheServiceAgentDownloader.RetryPolicy => File info is not available yet, trying again in 5s...
[5] 2026-04-09 08:35:57,869 DEBUG FileCacheServiceAgentDownloader.HandleDownloadResult => Cache service: update is present [https___sis.n-able.com_3rdPartySw_OS_WIN_Applications_Microsoft_Microsoft Edge.zip_2026040906] [https://sis.n-able.com/3rdPartySw/OS/WIN/Applications/Microsoft/Microsoft Edge.zip]
[5] 2026-04-09 08:35:57,870 DEBUG downloadInfoDetails: isupdatepresent = "true" || cachedLocation = "C:\ProgramData\MspPlatform\FileCacheServiceAgent\cache\https___sis.n-able.com_3rdPartySw_OS_WIN_Applications_Microsoft_Microsoft Edge.zip_2026040906.zip" || filename = "Microsoft Edge.zip" || sizeinbytes = "9442" || checksum = "5bc0d6cfd241abc5799e30c025138c9814127807" || uuid = "https___sis.n-able.com_3rdPartySw_OS_WIN_Applications_Microsoft_Microsoft Edge.zip_2026040906" || url = "https://sis.n-able.com/3rdPartySw/OS/WIN/Applications/Microsoft/Microsoft Edge.zip" || name = "" || kbs = "" || version = "" || architecture = "" || language = "" || cacheddatetime = "2026-4-9 8:35:53 am" || downloadFailed = "false" || 
[5] 2026-04-09 08:35:57,871 DEBUG FileCacheServiceAgentDownloader.HandleDownloadResult => Downloading file (https___sis.n-able.com_3rdPartySw_OS_WIN_Applications_Microsoft_Microsoft Edge.zip_2026040906, C:\ProgramData\MspPlatform\FileCacheServiceAgent\cache\https___sis.n-able.com_3rdPartySw_OS_WIN_Applications_Microsoft_Microsoft Edge.zip_2026040906.zip, Microsoft Edge.zip, 9442, C:\ProgramData\MspPlatform\PME\ThirdPartyPatch\Downloads)...
[5] 2026-04-09 08:35:57,875 DEBUG DownloadFileInBlocks Status:Complete File location [C:\ProgramData\MspPlatform\FileCacheServiceAgent\cache\https___sis.n-able.com_3rdPartySw_OS_WIN_Applications_Microsoft_Microsoft Edge.zip_2026040906.zip] destination [C:\ProgramData\MspPlatform\PME\ThirdPartyPatch\Downloads\Microsoft Edge.zip]
[5] 2026-04-09 08:35:57,875 DEBUG Download completed successfully. 
[5] 2026-04-09 08:35:57,876 DEBUG FileCacheServiceAgentDownloader.HandleDownloadResult => File was downloaded as "C:\ProgramData\MspPlatform\PME\ThirdPartyPatch\Downloads\Microsoft Edge.zip" with status "Complete"
[1] 2026-04-09 08:35:58,007 DEBUG DownloaderFactory.GetDownloader => Can connect to https://sis.n-able.com/ using FileCacheServiceAgentDownloader
[1] 2026-04-09 08:35:58,008 DEBUG FileCacheServiceAgentDownloader.DownloadFile => url = https://sis.n-able.com/3rdPartySw/Vendors.xml, fileName = C:\ProgramData\MspPlatform\PME\ThirdPartyPatch\Downloads\Vendors.xml
[1] 2026-04-09 08:35:58,009 DEBUG FileCacheServiceAgentDownloader.StartAsyncDownload => Submitting file https://sis.n-able.com/3rdPartySw/Vendors.xml...
[1] 2026-04-09 08:35:58,010 DEBUG FileCacheServiceAgentDownloader.DownloadFile => Waiting for download to be finished
[5] 2026-04-09 08:35:58,012 DEBUG FileCacheServiceAgentDownloader.RetryPolicy => File info is not available yet, trying again in 5s...
[5] 2026-04-09 08:36:03,015 DEBUG FileCacheServiceAgentDownloader.RetryPolicy => File info is not available yet, trying again in 5s...
[5] 2026-04-09 08:36:08,029 DEBUG FileCacheServiceAgentDownloader.HandleDownloadResult => Cache service: update is present [https___sis.n-able.com_3rdPartySw_Vendors.xml_2026040906] [https://sis.n-able.com/3rdPartySw/Vendors.xml]
[5] 2026-04-09 08:36:08,030 DEBUG downloadInfoDetails: isupdatepresent = "true" || cachedLocation = "C:\ProgramData\MspPlatform\FileCacheServiceAgent\cache\https___sis.n-able.com_3rdPartySw_Vendors.xml_2026040906.xml" || filename = "Vendors.xml" || sizeinbytes = "4135" || checksum = "8de80a3dfbbe1d2386f740986f5044d05c426928" || uuid = "https___sis.n-able.com_3rdPartySw_Vendors.xml_2026040906" || url = "https://sis.n-able.com/3rdPartySw/Vendors.xml" || name = "" || kbs = "" || version = "" || architecture = "" || language = "" || cacheddatetime = "2026-4-9 8:36:3 am" || downloadFailed = "false" || 
[5] 2026-04-09 08:36:08,030 DEBUG FileCacheServiceAgentDownloader.HandleDownloadResult => Downloading file (https___sis.n-able.com_3rdPartySw_Vendors.xml_2026040906, C:\ProgramData\MspPlatform\FileCacheServiceAgent\cache\https___sis.n-able.com_3rdPartySw_Vendors.xml_2026040906.xml, Vendors.xml, 4135, C:\ProgramData\MspPlatform\PME\ThirdPartyPatch\Downloads)...
[5] 2026-04-09 08:36:08,033 DEBUG DownloadFileInBlocks Status:Complete File location [C:\ProgramData\MspPlatform\FileCacheServiceAgent\cache\https___sis.n-able.com_3rdPartySw_Vendors.xml_2026040906.xml] destination [C:\ProgramData\MspPlatform\PME\ThirdPartyPatch\Downloads\Vendors.xml]
[5] 2026-04-09 08:36:08,034 DEBUG Download completed successfully. 
[5] 2026-04-09 08:36:08,034 DEBUG FileCacheServiceAgentDownloader.HandleDownloadResult => File was downloaded as "C:\ProgramData\MspPlatform\PME\ThirdPartyPatch\Downloads\Vendors.xml" with status "Complete"
[1] 2026-04-09 08:36:08,661 DEBUG DownloaderFactory.GetDownloader => Can connect to https://sis.n-able.com/ using FileCacheServiceAgentDownloader
[1] 2026-04-09 08:36:08,662 DEBUG FileCacheServiceAgentDownloader.DownloadFile => url = https://sis.n-able.com/Repository.xml, fileName = C:\ProgramData\MspPlatform\PME\ThirdPartyPatch\Downloads\Repository.xml
[1] 2026-04-09 08:36:08,664 DEBUG FileCacheServiceAgentDownloader.StartAsyncDownload => Submitting file https://sis.n-able.com/Repository.xml...
[1] 2026-04-09 08:36:08,685 DEBUG FileCacheServiceAgentDownloader.DownloadFile => Waiting for download to be finished
[5] 2026-04-09 08:36:08,753 DEBUG FileCacheServiceAgentDownloader.HandleDownloadResult => Cache service: update is present [https___sis.n-able.com_Repository.xml_2026040906] [https://sis.n-able.com/Repository.xml]
[5] 2026-04-09 08:36:08,754 DEBUG downloadInfoDetails: isupdatepresent = "true" || cachedLocation = "C:\ProgramData\MspPlatform\FileCacheServiceAgent\cache\https___sis.n-able.com_Repository.xml_2026040906.xml" || filename = "Repository.xml" || sizeinbytes = "5391" || checksum = "8c9a77457fb67aa692be4fb9701f5870b8174206" || uuid = "https___sis.n-able.com_Repository.xml_2026040906" || url = "https://sis.n-able.com/Repository.xml" || name = "" || kbs = "" || version = "" || architecture = "" || language = "" || cacheddatetime = "2026-4-9 8:35:12 am" || downloadFailed = "false" || 
[5] 2026-04-09 08:36:08,754 DEBUG FileCacheServiceAgentDownloader.HandleDownloadResult => Downloading file (https___sis.n-able.com_Repository.xml_2026040906, C:\ProgramData\MspPlatform\FileCacheServiceAgent\cache\https___sis.n-able.com_Repository.xml_2026040906.xml, Repository.xml, 5391, C:\ProgramData\MspPlatform\PME\ThirdPartyPatch\Downloads)...
[5] 2026-04-09 08:36:08,765 DEBUG DownloadFileInBlocks Status:Complete File location [C:\ProgramData\MspPlatform\FileCacheServiceAgent\cache\https___sis.n-able.com_Repository.xml_2026040906.xml] destination [C:\ProgramData\MspPlatform\PME\ThirdPartyPatch\Downloads\Repository.xml]
[5] 2026-04-09 08:36:08,766 DEBUG Download completed successfully. 
[5] 2026-04-09 08:36:08,766 DEBUG FileCacheServiceAgentDownloader.HandleDownloadResult => File was downloaded as "C:\ProgramData\MspPlatform\PME\ThirdPartyPatch\Downloads\Repository.xml" with status "Complete"
[1] 2026-04-09 08:36:09,569 DEBUG DownloaderFactory.GetDownloader => Can connect to https://sis.n-able.com/ using FileCacheServiceAgentDownloader
[1] 2026-04-09 08:36:09,569 DEBUG FileCacheServiceAgentDownloader.DownloadFile => url = https://sis.n-able.com/3rdPartySw/OS/WIN/Applications/Google/Chrome.zip, fileName = C:\ProgramData\MspPlatform\PME\ThirdPartyPatch\Downloads\Chrome.zip
[1] 2026-04-09 08:36:09,570 DEBUG FileCacheServiceAgentDownloader.StartAsyncDownload => Submitting file https://sis.n-able.com/3rdPartySw/OS/WIN/Applications/Google/Chrome.zip...
[1] 2026-04-09 08:36:09,571 DEBUG FileCacheServiceAgentDownloader.DownloadFile => Waiting for download to be finished
[5] 2026-04-09 08:36:09,574 DEBUG FileCacheServiceAgentDownloader.RetryPolicy => File info is not available yet, trying again in 5s...
[5] 2026-04-09 08:36:14,581 DEBUG FileCacheServiceAgentDownloader.RetryPolicy => File info is not available yet, trying again in 5s...
[5] 2026-04-09 08:36:19,590 DEBUG FileCacheServiceAgentDownloader.HandleDownloadResult => Cache service: update is present [https___sis.n-able.com_3rdPartySw_OS_WIN_Applications_Google_Chrome.zip_2026040906] [https://sis.n-able.com/3rdPartySw/OS/WIN/Applications/Google/Chrome.zip]
[5] 2026-04-09 08:36:19,591 DEBUG downloadInfoDetails: isupdatepresent = "true" || cachedLocation = "C:\ProgramData\MspPlatform\FileCacheServiceAgent\cache\https___sis.n-able.com_3rdPartySw_OS_WIN_Applications_Google_Chrome.zip_2026040906.zip" || filename = "Chrome.zip" || sizeinbytes = "16242" || checksum = "b595e9cc0fcab5dc29f3db21e6920f38d36a2ee1" || uuid = "https___sis.n-able.com_3rdPartySw_OS_WIN_Applications_Google_Chrome.zip_2026040906" || url = "https://sis.n-able.com/3rdPartySw/OS/WIN/Applications/Google/Chrome.zip" || name = "" || kbs = "" || version = "" || architecture = "" || language = "" || cacheddatetime = "2026-4-9 8:36:16 am" || downloadFailed = "false" || 
[5] 2026-04-09 08:36:19,591 DEBUG FileCacheServiceAgentDownloader.HandleDownloadResult => Downloading file (https___sis.n-able.com_3rdPartySw_OS_WIN_Applications_Google_Chrome.zip_2026040906, C:\ProgramData\MspPlatform\FileCacheServiceAgent\cache\https___sis.n-able.com_3rdPartySw_OS_WIN_Applications_Google_Chrome.zip_2026040906.zip, Chrome.zip, 16242, C:\ProgramData\MspPlatform\PME\ThirdPartyPatch\Downloads)...
[5] 2026-04-09 08:36:19,594 DEBUG DownloadFileInBlocks Status:Complete File location [C:\ProgramData\MspPlatform\FileCacheServiceAgent\cache\https___sis.n-able.com_3rdPartySw_OS_WIN_Applications_Google_Chrome.zip_2026040906.zip] destination [C:\ProgramData\MspPlatform\PME\ThirdPartyPatch\Downloads\Chrome.zip]
[5] 2026-04-09 08:36:19,595 DEBUG Download completed successfully. 
[5] 2026-04-09 08:36:19,595 DEBUG FileCacheServiceAgentDownloader.HandleDownloadResult => File was downloaded as "C:\ProgramData\MspPlatform\PME\ThirdPartyPatch\Downloads\Chrome.zip" with status "Complete"
[1] 2026-04-09 11:17:08,612 DEBUG DownloaderFactory.GetDownloader => Can connect to https://sis.n-able.com/ using FileCacheServiceAgentDownloader
[1] 2026-04-09 11:17:08,615 DEBUG FileCacheServiceAgentDownloader.DownloadFile => url = https://sis.n-able.com/Repository.xml, fileName = C:\ProgramData\MspPlatform\PME\ThirdPartyPatch\Downloads\Repository.xml
[1] 2026-04-09 11:17:08,617 DEBUG FileCacheServiceAgentDownloader.StartAsyncDownload => Submitting file https://sis.n-able.com/Repository.xml...
[1] 2026-04-09 11:17:08,665 DEBUG FileCacheServiceAgentDownloader.DownloadFile => Waiting for download to be finished
[6] 2026-04-09 11:17:08,733 DEBUG FileCacheServiceAgentDownloader.HandleDownloadResult => Cache service: update is present [https___sis.n-able.com_Repository.xml_2026040906] [https://sis.n-able.com/Repository.xml]
[6] 2026-04-09 11:17:08,734 DEBUG downloadInfoDetails: isupdatepresent = "true" || cachedLocation = "C:\ProgramData\MspPlatform\FileCacheServiceAgent\cache\https___sis.n-able.com_Repository.xml_2026040906.xml" || filename = "Repository.xml" || sizeinbytes = "5391" || checksum = "8c9a77457fb67aa692be4fb9701f5870b8174206" || uuid = "https___sis.n-able.com_Repository.xml_2026040906" || url = "https://sis.n-able.com/Repository.xml" || name = "" || kbs = "" || version = "" || architecture = "" || language = "" || cacheddatetime = "2026-4-9 8:35:12 am" || downloadFailed = "false" || 
[6] 2026-04-09 11:17:08,734 DEBUG FileCacheServiceAgentDownloader.HandleDownloadResult => Downloading file (https___sis.n-able.com_Repository.xml_2026040906, C:\ProgramData\MspPlatform\FileCacheServiceAgent\cache\https___sis.n-able.com_Repository.xml_2026040906.xml, Repository.xml, 5391, C:\ProgramData\MspPlatform\PME\ThirdPartyPatch\Downloads)...
[6] 2026-04-09 11:17:08,749 DEBUG DownloadFileInBlocks Status:Complete File location [C:\ProgramData\MspPlatform\FileCacheServiceAgent\cache\https___sis.n-able.com_Repository.xml_2026040906.xml] destination [C:\ProgramData\MspPlatform\PME\ThirdPartyPatch\Downloads\Repository.xml]
[6] 2026-04-09 11:17:08,750 DEBUG Download completed successfully. 
[6] 2026-04-09 11:17:08,750 DEBUG FileCacheServiceAgentDownloader.HandleDownloadResult => File was downloaded as "C:\ProgramData\MspPlatform\PME\ThirdPartyPatch\Downloads\Repository.xml" with status "Complete"
[1] 2026-04-09 11:17:11,401 DEBUG DownloaderFactory.GetDownloader => Can connect to https://sis.n-able.com/ using FileCacheServiceAgentDownloader
[1] 2026-04-09 11:17:11,402 DEBUG FileCacheServiceAgentDownloader.DownloadFile => url = https://sis.n-able.com/Repository.xml, fileName = C:\ProgramData\MspPlatform\PME\ThirdPartyPatch\Downloads\Repository.xml
[1] 2026-04-09 11:17:11,404 DEBUG FileCacheServiceAgentDownloader.StartAsyncDownload => Submitting file https://sis.n-able.com/Repository.xml...
[1] 2026-04-09 11:17:11,421 DEBUG FileCacheServiceAgentDownloader.DownloadFile => Waiting for download to be finished
[5] 2026-04-09 11:17:11,467 DEBUG FileCacheServiceAgentDownloader.HandleDownloadResult => Cache service: update is present [https___sis.n-able.com_Repository.xml_2026040906] [https://sis.n-able.com/Repository.xml]
[5] 2026-04-09 11:17:11,468 DEBUG downloadInfoDetails: isupdatepresent = "true" || cachedLocation = "C:\ProgramData\MspPlatform\FileCacheServiceAgent\cache\https___sis.n-able.com_Repository.xml_2026040906.xml" || filename = "Repository.xml" || sizeinbytes = "5391" || checksum = "8c9a77457fb67aa692be4fb9701f5870b8174206" || uuid = "https___sis.n-able.com_Repository.xml_2026040906" || url = "https://sis.n-able.com/Repository.xml" || name = "" || kbs = "" || version = "" || architecture = "" || language = "" || cacheddatetime = "2026-4-9 8:35:12 am" || downloadFailed = "false" || 
[5] 2026-04-09 11:17:11,469 DEBUG FileCacheServiceAgentDownloader.HandleDownloadResult => Downloading file (https___sis.n-able.com_Repository.xml_2026040906, C:\ProgramData\MspPlatform\FileCacheServiceAgent\cache\https___sis.n-able.com_Repository.xml_2026040906.xml, Repository.xml, 5391, C:\ProgramData\MspPlatform\PME\ThirdPartyPatch\Downloads)...
[5] 2026-04-09 11:17:11,479 DEBUG DownloadFileInBlocks Status:Complete File location [C:\ProgramData\MspPlatform\FileCacheServiceAgent\cache\https___sis.n-able.com_Repository.xml_2026040906.xml] destination [C:\ProgramData\MspPlatform\PME\ThirdPartyPatch\Downloads\Repository.xml]
[5] 2026-04-09 11:17:11,480 DEBUG Download completed successfully. 
[5] 2026-04-09 11:17:11,480 DEBUG FileCacheServiceAgentDownloader.HandleDownloadResult => File was downloaded as "C:\ProgramData\MspPlatform\PME\ThirdPartyPatch\Downloads\Repository.xml" with status "Complete"
[1] 2026-04-12 08:27:59,048 DEBUG DownloaderFactory.GetDownloader => Can connect to https://sis.n-able.com/ using FileCacheServiceAgentDownloader
[1] 2026-04-12 08:27:59,049 DEBUG FileCacheServiceAgentDownloader.DownloadFile => url = https://sis.n-able.com/Repository.xml, fileName = C:\ProgramData\MspPlatform\PME\ThirdPartyPatch\Downloads\Repository.xml
[1] 2026-04-12 08:27:59,049 DEBUG FileCacheServiceAgentDownloader.StartAsyncDownload => Submitting file https://sis.n-able.com/Repository.xml...
[1] 2026-04-12 08:27:59,058 DEBUG FileCacheServiceAgentDownloader.DownloadFile => Waiting for download to be finished
[5] 2026-04-12 08:27:59,077 DEBUG FileCacheServiceAgentDownloader.RetryPolicy => File info is not available yet, trying again in 5s...
[5] 2026-04-12 08:28:04,081 DEBUG FileCacheServiceAgentDownloader.RetryPolicy => File info is not available yet, trying again in 5s...
[5] 2026-04-12 08:28:09,087 DEBUG FileCacheServiceAgentDownloader.HandleDownloadResult => Cache service: update is present [https___sis.n-able.com_Repository.xml_2026041206] [https://sis.n-able.com/Repository.xml]
[5] 2026-04-12 08:28:09,088 DEBUG downloadInfoDetails: isupdatepresent = "true" || cachedLocation = "C:\ProgramData\MspPlatform\FileCacheServiceAgent\cache\https___sis.n-able.com_Repository.xml_2026041206.xml" || filename = "Repository.xml" || sizeinbytes = "5679" || checksum = "3e81576204886f1bb5bb35e041d36b67c1f4ec0a" || uuid = "https___sis.n-able.com_Repository.xml_2026041206" || url = "https://sis.n-able.com/Repository.xml" || name = "" || kbs = "" || version = "" || architecture = "" || language = "" || cacheddatetime = "2026-4-12 8:28:4 am" || downloadFailed = "false" || 
[5] 2026-04-12 08:28:09,088 DEBUG FileCacheServiceAgentDownloader.HandleDownloadResult => Downloading file (https___sis.n-able.com_Repository.xml_2026041206, C:\ProgramData\MspPlatform\FileCacheServiceAgent\cache\https___sis.n-able.com_Repository.xml_2026041206.xml, Repository.xml, 5679, C:\ProgramData\MspPlatform\PME\ThirdPartyPatch\Downloads)...
[5] 2026-04-12 08:28:09,096 DEBUG DownloadFileInBlocks Status:Complete File location [C:\ProgramData\MspPlatform\FileCacheServiceAgent\cache\https___sis.n-able.com_Repository.xml_2026041206.xml] destination [C:\ProgramData\MspPlatform\PME\ThirdPartyPatch\Downloads\Repository.xml]
[5] 2026-04-12 08:28:09,097 DEBUG Download completed successfully. 
[5] 2026-04-12 08:28:09,097 DEBUG FileCacheServiceAgentDownloader.HandleDownloadResult => File was downloaded as "C:\ProgramData\MspPlatform\PME\ThirdPartyPatch\Downloads\Repository.xml" with status "Complete"
[1] 2026-04-12 08:28:09,111 DEBUG DownloaderFactory.GetDownloader => Can connect to https://sis.n-able.com/ using FileCacheServiceAgentDownloader
[1] 2026-04-12 08:28:09,113 DEBUG FileCacheServiceAgentDownloader.DownloadFile => url = https://sis.n-able.com/3rdPartySw/ThirdPartySoftware.xml, fileName = C:\ProgramData\MspPlatform\PME\ThirdPartyPatch\Downloads\ThirdPartySoftware.xml
[1] 2026-04-12 08:28:09,113 DEBUG FileCacheServiceAgentDownloader.StartAsyncDownload => Submitting file https://sis.n-able.com/3rdPartySw/ThirdPartySoftware.xml...
[1] 2026-04-12 08:28:09,113 DEBUG FileCacheServiceAgentDownloader.DownloadFile => Waiting for download to be finished
[5] 2026-04-12 08:28:09,115 DEBUG FileCacheServiceAgentDownloader.RetryPolicy => File info is not available yet, trying again in 5s...
[5] 2026-04-12 08:28:14,123 DEBUG FileCacheServiceAgentDownloader.RetryPolicy => File info is not available yet, trying again in 5s...
[5] 2026-04-12 08:28:19,136 DEBUG FileCacheServiceAgentDownloader.HandleDownloadResult => Cache service: update is present [https___sis.n-able.com_3rdPartySw_ThirdPartySoftware.xml_2026041206] [https://sis.n-able.com/3rdPartySw/ThirdPartySoftware.xml]
[5] 2026-04-12 08:28:19,138 DEBUG downloadInfoDetails: isupdatepresent = "true" || cachedLocation = "C:\ProgramData\MspPlatform\FileCacheServiceAgent\cache\https___sis.n-able.com_3rdPartySw_ThirdPartySoftware.xml_2026041206.xml" || filename = "ThirdPartySoftware.xml" || sizeinbytes = "114876" || checksum = "ebf6c31aafcfaeb270c8dcfffa236c1ad0f9e285" || uuid = "https___sis.n-able.com_3rdPartySw_ThirdPartySoftware.xml_2026041206" || url = "https://sis.n-able.com/3rdPartySw/ThirdPartySoftware.xml" || name = "" || kbs = "" || version = "" || architecture = "" || language = "" || cacheddatetime = "2026-4-12 8:28:14 am" || downloadFailed = "false" || 
[5] 2026-04-12 08:28:19,138 DEBUG FileCacheServiceAgentDownloader.HandleDownloadResult => Downloading file (https___sis.n-able.com_3rdPartySw_ThirdPartySoftware.xml_2026041206, C:\ProgramData\MspPlatform\FileCacheServiceAgent\cache\https___sis.n-able.com_3rdPartySw_ThirdPartySoftware.xml_2026041206.xml, ThirdPartySoftware.xml, 114876, C:\ProgramData\MspPlatform\PME\ThirdPartyPatch\Downloads)...
[5] 2026-04-12 08:28:19,140 DEBUG DownloadFileInBlocks Status:Complete File location [C:\ProgramData\MspPlatform\FileCacheServiceAgent\cache\https___sis.n-able.com_3rdPartySw_ThirdPartySoftware.xml_2026041206.xml] destination [C:\ProgramData\MspPlatform\PME\ThirdPartyPatch\Downloads\ThirdPartySoftware.xml]
[5] 2026-04-12 08:28:19,140 DEBUG Download completed successfully. 
[5] 2026-04-12 08:28:19,140 DEBUG FileCacheServiceAgentDownloader.HandleDownloadResult => File was downloaded as "C:\ProgramData\MspPlatform\PME\ThirdPartyPatch\Downloads\ThirdPartySoftware.xml" with status "Complete"
[1] 2026-04-12 08:28:19,869 DEBUG DownloaderFactory.GetDownloader => Can connect to https://sis.n-able.com/ using FileCacheServiceAgentDownloader
[1] 2026-04-12 08:28:19,869 DEBUG FileCacheServiceAgentDownloader.DownloadFile => url = https://sis.n-able.com/3rdPartySw/OS/WIN/Applications/Microsoft/OneDrive.zip, fileName = C:\ProgramData\MspPlatform\PME\ThirdPartyPatch\Downloads\OneDrive.zip
[1] 2026-04-12 08:28:19,870 DEBUG FileCacheServiceAgentDownloader.StartAsyncDownload => Submitting file https://sis.n-able.com/3rdPartySw/OS/WIN/Applications/Microsoft/OneDrive.zip...
[1] 2026-04-12 08:28:19,870 DEBUG FileCacheServiceAgentDownloader.DownloadFile => Waiting for download to be finished
[6] 2026-04-12 08:28:19,872 DEBUG FileCacheServiceAgentDownloader.RetryPolicy => File info is not available yet, trying again in 5s...
[6] 2026-04-12 08:28:24,883 DEBUG FileCacheServiceAgentDownloader.RetryPolicy => File info is not available yet, trying again in 5s...
[6] 2026-04-12 08:28:29,895 DEBUG FileCacheServiceAgentDownloader.HandleDownloadResult => Cache service: update is present [https___sis.n-able.com_3rdPartySw_OS_WIN_Applications_Microsoft_OneDrive.zip_2026041206] [https://sis.n-able.com/3rdPartySw/OS/WIN/Applications/Microsoft/OneDrive.zip]
[6] 2026-04-12 08:28:29,896 DEBUG downloadInfoDetails: isupdatepresent = "true" || cachedLocation = "C:\ProgramData\MspPlatform\FileCacheServiceAgent\cache\https___sis.n-able.com_3rdPartySw_OS_WIN_Applications_Microsoft_OneDrive.zip_2026041206.zip" || filename = "OneDrive.zip" || sizeinbytes = "32478" || checksum = "47b98aa8046049514db116ec4d2d607a340541ac" || uuid = "https___sis.n-able.com_3rdPartySw_OS_WIN_Applications_Microsoft_OneDrive.zip_2026041206" || url = "https://sis.n-able.com/3rdPartySw/OS/WIN/Applications/Microsoft/OneDrive.zip" || name = "" || kbs = "" || version = "" || architecture = "" || language = "" || cacheddatetime = "2026-4-12 8:28:25 am" || downloadFailed = "false" || 
[6] 2026-04-12 08:28:29,896 DEBUG FileCacheServiceAgentDownloader.HandleDownloadResult => Downloading file (https___sis.n-able.com_3rdPartySw_OS_WIN_Applications_Microsoft_OneDrive.zip_2026041206, C:\ProgramData\MspPlatform\FileCacheServiceAgent\cache\https___sis.n-able.com_3rdPartySw_OS_WIN_Applications_Microsoft_OneDrive.zip_2026041206.zip, OneDrive.zip, 32478, C:\ProgramData\MspPlatform\PME\ThirdPartyPatch\Downloads)...
[6] 2026-04-12 08:28:29,898 DEBUG DownloadFileInBlocks Status:Complete File location [C:\ProgramData\MspPlatform\FileCacheServiceAgent\cache\https___sis.n-able.com_3rdPartySw_OS_WIN_Applications_Microsoft_OneDrive.zip_2026041206.zip] destination [C:\ProgramData\MspPlatform\PME\ThirdPartyPatch\Downloads\OneDrive.zip]
[6] 2026-04-12 08:28:29,899 DEBUG Download completed successfully. 
[6] 2026-04-12 08:28:29,899 DEBUG FileCacheServiceAgentDownloader.HandleDownloadResult => File was downloaded as "C:\ProgramData\MspPlatform\PME\ThirdPartyPatch\Downloads\OneDrive.zip" with status "Complete"
[1] 2026-04-12 08:28:29,979 DEBUG DownloaderFactory.GetDownloader => Can connect to https://sis.n-able.com/ using FileCacheServiceAgentDownloader
[1] 2026-04-12 08:28:29,979 DEBUG FileCacheServiceAgentDownloader.DownloadFile => url = https://sis.n-able.com/3rdPartySw/OS/WIN/Applications/Google/Google Drive.zip, fileName = C:\ProgramData\MspPlatform\PME\ThirdPartyPatch\Downloads\Google Drive.zip
[1] 2026-04-12 08:28:29,980 DEBUG FileCacheServiceAgentDownloader.StartAsyncDownload => Submitting file https://sis.n-able.com/3rdPartySw/OS/WIN/Applications/Google/Google Drive.zip...
[1] 2026-04-12 08:28:29,980 DEBUG FileCacheServiceAgentDownloader.DownloadFile => Waiting for download to be finished
[6] 2026-04-12 08:28:29,981 DEBUG FileCacheServiceAgentDownloader.RetryPolicy => File info is not available yet, trying again in 5s...
[6] 2026-04-12 08:28:34,988 DEBUG FileCacheServiceAgentDownloader.RetryPolicy => File info is not available yet, trying again in 5s...
[6] 2026-04-12 08:28:39,998 DEBUG FileCacheServiceAgentDownloader.HandleDownloadResult => Cache service: update is present [https___sis.n-able.com_3rdPartySw_OS_WIN_Applications_Google_Google Drive.zip_2026041206] [https://sis.n-able.com/3rdPartySw/OS/WIN/Applications/Google/Google Drive.zip]
[6] 2026-04-12 08:28:39,999 DEBUG downloadInfoDetails: isupdatepresent = "true" || cachedLocation = "C:\ProgramData\MspPlatform\FileCacheServiceAgent\cache\https___sis.n-able.com_3rdPartySw_OS_WIN_Applications_Google_Google Drive.zip_2026041206.zip" || filename = "Google Drive.zip" || sizeinbytes = "27612" || checksum = "b0ab36ca62742bbbe75dd93777de41698be9eeb1" || uuid = "https___sis.n-able.com_3rdPartySw_OS_WIN_Applications_Google_Google Drive.zip_2026041206" || url = "https://sis.n-able.com/3rdPartySw/OS/WIN/Applications/Google/Google Drive.zip" || name = "" || kbs = "" || version = "" || architecture = "" || language = "" || cacheddatetime = "2026-4-12 8:28:35 am" || downloadFailed = "false" || 
[6] 2026-04-12 08:28:39,999 DEBUG FileCacheServiceAgentDownloader.HandleDownloadResult => Downloading file (https___sis.n-able.com_3rdPartySw_OS_WIN_Applications_Google_Google Drive.zip_2026041206, C:\ProgramData\MspPlatform\FileCacheServiceAgent\cache\https___sis.n-able.com_3rdPartySw_OS_WIN_Applications_Google_Google Drive.zip_2026041206.zip, Google Drive.zip, 27612, C:\ProgramData\MspPlatform\PME\ThirdPartyPatch\Downloads)...
[6] 2026-04-12 08:28:40,003 DEBUG DownloadFileInBlocks Status:Complete File location [C:\ProgramData\MspPlatform\FileCacheServiceAgent\cache\https___sis.n-able.com_3rdPartySw_OS_WIN_Applications_Google_Google Drive.zip_2026041206.zip] destination [C:\ProgramData\MspPlatform\PME\ThirdPartyPatch\Downloads\Google Drive.zip]
[6] 2026-04-12 08:28:40,003 DEBUG Download completed successfully. 
[6] 2026-04-12 08:28:40,003 DEBUG FileCacheServiceAgentDownloader.HandleDownloadResult => File was downloaded as "C:\ProgramData\MspPlatform\PME\ThirdPartyPatch\Downloads\Google Drive.zip" with status "Complete"
[1] 2026-04-12 08:28:40,008 DEBUG DownloaderFactory.GetDownloader => Can connect to https://sis.n-able.com/ using FileCacheServiceAgentDownloader
[1] 2026-04-12 08:28:40,008 DEBUG FileCacheServiceAgentDownloader.DownloadFile => url = https://sis.n-able.com/3rdPartySw/OS/WIN/Applications/Microsoft/Microsoft Edge.zip, fileName = C:\ProgramData\MspPlatform\PME\ThirdPartyPatch\Downloads\Microsoft Edge.zip
[1] 2026-04-12 08:28:40,008 DEBUG FileCacheServiceAgentDownloader.StartAsyncDownload => Submitting file https://sis.n-able.com/3rdPartySw/OS/WIN/Applications/Microsoft/Microsoft Edge.zip...
[1] 2026-04-12 08:28:40,009 DEBUG FileCacheServiceAgentDownloader.DownloadFile => Waiting for download to be finished
[6] 2026-04-12 08:28:40,010 DEBUG FileCacheServiceAgentDownloader.RetryPolicy => File info is not available yet, trying again in 5s...
[6] 2026-04-12 08:28:45,029 DEBUG FileCacheServiceAgentDownloader.RetryPolicy => File info is not available yet, trying again in 5s...
[6] 2026-04-12 08:28:50,045 DEBUG FileCacheServiceAgentDownloader.HandleDownloadResult => Cache service: update is present [https___sis.n-able.com_3rdPartySw_OS_WIN_Applications_Microsoft_Microsoft Edge.zip_2026041206] [https://sis.n-able.com/3rdPartySw/OS/WIN/Applications/Microsoft/Microsoft Edge.zip]
[6] 2026-04-12 08:28:50,046 DEBUG downloadInfoDetails: isupdatepresent = "true" || cachedLocation = "C:\ProgramData\MspPlatform\FileCacheServiceAgent\cache\https___sis.n-able.com_3rdPartySw_OS_WIN_Applications_Microsoft_Microsoft Edge.zip_2026041206.zip" || filename = "Microsoft Edge.zip" || sizeinbytes = "9442" || checksum = "5bc0d6cfd241abc5799e30c025138c9814127807" || uuid = "https___sis.n-able.com_3rdPartySw_OS_WIN_Applications_Microsoft_Microsoft Edge.zip_2026041206" || url = "https://sis.n-able.com/3rdPartySw/OS/WIN/Applications/Microsoft/Microsoft Edge.zip" || name = "" || kbs = "" || version = "" || architecture = "" || language = "" || cacheddatetime = "2026-4-12 8:28:45 am" || downloadFailed = "false" || 
[6] 2026-04-12 08:28:50,047 DEBUG FileCacheServiceAgentDownloader.HandleDownloadResult => Downloading file (https___sis.n-able.com_3rdPartySw_OS_WIN_Applications_Microsoft_Microsoft Edge.zip_2026041206, C:\ProgramData\MspPlatform\FileCacheServiceAgent\cache\https___sis.n-able.com_3rdPartySw_OS_WIN_Applications_Microsoft_Microsoft Edge.zip_2026041206.zip, Microsoft Edge.zip, 9442, C:\ProgramData\MspPlatform\PME\ThirdPartyPatch\Downloads)...
[6] 2026-04-12 08:28:50,049 DEBUG DownloadFileInBlocks Status:Complete File location [C:\ProgramData\MspPlatform\FileCacheServiceAgent\cache\https___sis.n-able.com_3rdPartySw_OS_WIN_Applications_Microsoft_Microsoft Edge.zip_2026041206.zip] destination [C:\ProgramData\MspPlatform\PME\ThirdPartyPatch\Downloads\Microsoft Edge.zip]
[6] 2026-04-12 08:28:50,054 DEBUG Download completed successfully. 
[6] 2026-04-12 08:28:50,054 DEBUG FileCacheServiceAgentDownloader.HandleDownloadResult => File was downloaded as "C:\ProgramData\MspPlatform\PME\ThirdPartyPatch\Downloads\Microsoft Edge.zip" with status "Complete"
[1] 2026-04-12 08:28:50,096 DEBUG DownloaderFactory.GetDownloader => Can connect to https://sis.n-able.com/ using FileCacheServiceAgentDownloader
[1] 2026-04-12 08:28:50,096 DEBUG FileCacheServiceAgentDownloader.DownloadFile => url = https://sis.n-able.com/3rdPartySw/Vendors.xml, fileName = C:\ProgramData\MspPlatform\PME\ThirdPartyPatch\Downloads\Vendors.xml
[1] 2026-04-12 08:28:50,096 DEBUG FileCacheServiceAgentDownloader.StartAsyncDownload => Submitting file https://sis.n-able.com/3rdPartySw/Vendors.xml...
[1] 2026-04-12 08:28:50,098 DEBUG FileCacheServiceAgentDownloader.DownloadFile => Waiting for download to be finished
[6] 2026-04-12 08:28:50,100 DEBUG FileCacheServiceAgentDownloader.RetryPolicy => File info is not available yet, trying again in 5s...
[6] 2026-04-12 08:28:55,113 DEBUG FileCacheServiceAgentDownloader.RetryPolicy => File info is not available yet, trying again in 5s...
[6] 2026-04-12 08:29:00,116 DEBUG FileCacheServiceAgentDownloader.HandleDownloadResult => Cache service: update is present [https___sis.n-able.com_3rdPartySw_Vendors.xml_2026041206] [https://sis.n-able.com/3rdPartySw/Vendors.xml]
[6] 2026-04-12 08:29:00,117 DEBUG downloadInfoDetails: isupdatepresent = "true" || cachedLocation = "C:\ProgramData\MspPlatform\FileCacheServiceAgent\cache\https___sis.n-able.com_3rdPartySw_Vendors.xml_2026041206.xml" || filename = "Vendors.xml" || sizeinbytes = "4135" || checksum = "8de80a3dfbbe1d2386f740986f5044d05c426928" || uuid = "https___sis.n-able.com_3rdPartySw_Vendors.xml_2026041206" || url = "https://sis.n-able.com/3rdPartySw/Vendors.xml" || name = "" || kbs = "" || version = "" || architecture = "" || language = "" || cacheddatetime = "2026-4-12 8:28:55 am" || downloadFailed = "false" || 
[6] 2026-04-12 08:29:00,117 DEBUG FileCacheServiceAgentDownloader.HandleDownloadResult => Downloading file (https___sis.n-able.com_3rdPartySw_Vendors.xml_2026041206, C:\ProgramData\MspPlatform\FileCacheServiceAgent\cache\https___sis.n-able.com_3rdPartySw_Vendors.xml_2026041206.xml, Vendors.xml, 4135, C:\ProgramData\MspPlatform\PME\ThirdPartyPatch\Downloads)...
[6] 2026-04-12 08:29:00,119 DEBUG DownloadFileInBlocks Status:Complete File location [C:\ProgramData\MspPlatform\FileCacheServiceAgent\cache\https___sis.n-able.com_3rdPartySw_Vendors.xml_2026041206.xml] destination [C:\ProgramData\MspPlatform\PME\ThirdPartyPatch\Downloads\Vendors.xml]
[6] 2026-04-12 08:29:00,119 DEBUG Download completed successfully. 
[6] 2026-04-12 08:29:00,120 DEBUG FileCacheServiceAgentDownloader.HandleDownloadResult => File was downloaded as "C:\ProgramData\MspPlatform\PME\ThirdPartyPatch\Downloads\Vendors.xml" with status "Complete"
[1] 2026-04-12 08:29:00,304 DEBUG DownloaderFactory.GetDownloader => Can connect to https://sis.n-able.com/ using FileCacheServiceAgentDownloader
[1] 2026-04-12 08:29:00,304 DEBUG FileCacheServiceAgentDownloader.DownloadFile => url = https://sis.n-able.com/Repository.xml, fileName = C:\ProgramData\MspPlatform\PME\ThirdPartyPatch\Downloads\Repository.xml
[1] 2026-04-12 08:29:00,305 DEBUG FileCacheServiceAgentDownloader.StartAsyncDownload => Submitting file https://sis.n-able.com/Repository.xml...
[1] 2026-04-12 08:29:00,311 DEBUG FileCacheServiceAgentDownloader.DownloadFile => Waiting for download to be finished
[5] 2026-04-12 08:29:00,329 DEBUG FileCacheServiceAgentDownloader.HandleDownloadResult => Cache service: update is present [https___sis.n-able.com_Repository.xml_2026041206] [https://sis.n-able.com/Repository.xml]
[5] 2026-04-12 08:29:00,329 DEBUG downloadInfoDetails: isupdatepresent = "true" || cachedLocation = "C:\ProgramData\MspPlatform\FileCacheServiceAgent\cache\https___sis.n-able.com_Repository.xml_2026041206.xml" || filename = "Repository.xml" || sizeinbytes = "5679" || checksum = "3e81576204886f1bb5bb35e041d36b67c1f4ec0a" || uuid = "https___sis.n-able.com_Repository.xml_2026041206" || url = "https://sis.n-able.com/Repository.xml" || name = "" || kbs = "" || version = "" || architecture = "" || language = "" || cacheddatetime = "2026-4-12 8:28:4 am" || downloadFailed = "false" || 
[5] 2026-04-12 08:29:00,330 DEBUG FileCacheServiceAgentDownloader.HandleDownloadResult => Downloading file (https___sis.n-able.com_Repository.xml_2026041206, C:\ProgramData\MspPlatform\FileCacheServiceAgent\cache\https___sis.n-able.com_Repository.xml_2026041206.xml, Repository.xml, 5679, C:\ProgramData\MspPlatform\PME\ThirdPartyPatch\Downloads)...
[5] 2026-04-12 08:29:00,333 DEBUG DownloadFileInBlocks Status:Complete File location [C:\ProgramData\MspPlatform\FileCacheServiceAgent\cache\https___sis.n-able.com_Repository.xml_2026041206.xml] destination [C:\ProgramData\MspPlatform\PME\ThirdPartyPatch\Downloads\Repository.xml]
[5] 2026-04-12 08:29:00,334 DEBUG Download completed successfully. 
[5] 2026-04-12 08:29:00,334 DEBUG FileCacheServiceAgentDownloader.HandleDownloadResult => File was downloaded as "C:\ProgramData\MspPlatform\PME\ThirdPartyPatch\Downloads\Repository.xml" with status "Complete"
[1] 2026-04-12 08:29:00,769 DEBUG DownloaderFactory.GetDownloader => Can connect to https://sis.n-able.com/ using FileCacheServiceAgentDownloader
[1] 2026-04-12 08:29:00,769 DEBUG FileCacheServiceAgentDownloader.DownloadFile => url = https://sis.n-able.com/3rdPartySw/OS/WIN/Applications/Google/Chrome.zip, fileName = C:\ProgramData\MspPlatform\PME\ThirdPartyPatch\Downloads\Chrome.zip
[1] 2026-04-12 08:29:00,770 DEBUG FileCacheServiceAgentDownloader.StartAsyncDownload => Submitting file https://sis.n-able.com/3rdPartySw/OS/WIN/Applications/Google/Chrome.zip...
[1] 2026-04-12 08:29:00,770 DEBUG FileCacheServiceAgentDownloader.DownloadFile => Waiting for download to be finished
[6] 2026-04-12 08:29:00,773 DEBUG FileCacheServiceAgentDownloader.RetryPolicy => File info is not available yet, trying again in 5s...
[6] 2026-04-12 08:29:05,778 DEBUG FileCacheServiceAgentDownloader.RetryPolicy => File info is not available yet, trying again in 5s...
[6] 2026-04-12 08:29:10,793 DEBUG FileCacheServiceAgentDownloader.HandleDownloadResult => Cache service: update is present [https___sis.n-able.com_3rdPartySw_OS_WIN_Applications_Google_Chrome.zip_2026041206] [https://sis.n-able.com/3rdPartySw/OS/WIN/Applications/Google/Chrome.zip]
[6] 2026-04-12 08:29:10,794 DEBUG downloadInfoDetails: isupdatepresent = "true" || cachedLocation = "C:\ProgramData\MspPlatform\FileCacheServiceAgent\cache\https___sis.n-able.com_3rdPartySw_OS_WIN_Applications_Google_Chrome.zip_2026041206.zip" || filename = "Chrome.zip" || sizeinbytes = "16242" || checksum = "b595e9cc0fcab5dc29f3db21e6920f38d36a2ee1" || uuid = "https___sis.n-able.com_3rdPartySw_OS_WIN_Applications_Google_Chrome.zip_2026041206" || url = "https://sis.n-able.com/3rdPartySw/OS/WIN/Applications/Google/Chrome.zip" || name = "" || kbs = "" || version = "" || architecture = "" || language = "" || cacheddatetime = "2026-4-12 8:29:6 am" || downloadFailed = "false" || 
[6] 2026-04-12 08:29:10,794 DEBUG FileCacheServiceAgentDownloader.HandleDownloadResult => Downloading file (https___sis.n-able.com_3rdPartySw_OS_WIN_Applications_Google_Chrome.zip_2026041206, C:\ProgramData\MspPlatform\FileCacheServiceAgent\cache\https___sis.n-able.com_3rdPartySw_OS_WIN_Applications_Google_Chrome.zip_2026041206.zip, Chrome.zip, 16242, C:\ProgramData\MspPlatform\PME\ThirdPartyPatch\Downloads)...
[6] 2026-04-12 08:29:10,796 DEBUG DownloadFileInBlocks Status:Complete File location [C:\ProgramData\MspPlatform\FileCacheServiceAgent\cache\https___sis.n-able.com_3rdPartySw_OS_WIN_Applications_Google_Chrome.zip_2026041206.zip] destination [C:\ProgramData\MspPlatform\PME\ThirdPartyPatch\Downloads\Chrome.zip]
[6] 2026-04-12 08:29:10,796 DEBUG Download completed successfully. 
[6] 2026-04-12 08:29:10,796 DEBUG FileCacheServiceAgentDownloader.HandleDownloadResult => File was downloaded as "C:\ProgramData\MspPlatform\PME\ThirdPartyPatch\Downloads\Chrome.zip" with status "Complete"
[1] 2026-04-12 09:00:34,298 DEBUG DownloaderFactory.GetDownloader => Can connect to https://sis.n-able.com/ using FileCacheServiceAgentDownloader
[1] 2026-04-12 09:00:34,299 DEBUG FileCacheServiceAgentDownloader.DownloadFile => url = https://sis.n-able.com/Repository.xml, fileName = C:\ProgramData\MspPlatform\PME\ThirdPartyPatch\Downloads\Repository.xml
[1] 2026-04-12 09:00:34,299 DEBUG FileCacheServiceAgentDownloader.StartAsyncDownload => Submitting file https://sis.n-able.com/Repository.xml...
[1] 2026-04-12 09:00:34,305 DEBUG FileCacheServiceAgentDownloader.DownloadFile => Waiting for download to be finished
[5] 2026-04-12 09:00:34,324 DEBUG FileCacheServiceAgentDownloader.HandleDownloadResult => Cache service: update is present [https___sis.n-able.com_Repository.xml_2026041206] [https://sis.n-able.com/Repository.xml]
[5] 2026-04-12 09:00:34,324 DEBUG downloadInfoDetails: isupdatepresent = "true" || cachedLocation = "C:\ProgramData\MspPlatform\FileCacheServiceAgent\cache\https___sis.n-able.com_Repository.xml_2026041206.xml" || filename = "Repository.xml" || sizeinbytes = "5679" || checksum = "3e81576204886f1bb5bb35e041d36b67c1f4ec0a" || uuid = "https___sis.n-able.com_Repository.xml_2026041206" || url = "https://sis.n-able.com/Repository.xml" || name = "" || kbs = "" || version = "" || architecture = "" || language = "" || cacheddatetime = "2026-4-12 8:28:4 am" || downloadFailed = "false" || 
[5] 2026-04-12 09:00:34,324 DEBUG FileCacheServiceAgentDownloader.HandleDownloadResult => Downloading file (https___sis.n-able.com_Repository.xml_2026041206, C:\ProgramData\MspPlatform\FileCacheServiceAgent\cache\https___sis.n-able.com_Repository.xml_2026041206.xml, Repository.xml, 5679, C:\ProgramData\MspPlatform\PME\ThirdPartyPatch\Downloads)...
[5] 2026-04-12 09:00:34,328 DEBUG DownloadFileInBlocks Status:Complete File location [C:\ProgramData\MspPlatform\FileCacheServiceAgent\cache\https___sis.n-able.com_Repository.xml_2026041206.xml] destination [C:\ProgramData\MspPlatform\PME\ThirdPartyPatch\Downloads\Repository.xml]
[5] 2026-04-12 09:00:34,329 DEBUG Download completed successfully. 
[5] 2026-04-12 09:00:34,329 DEBUG FileCacheServiceAgentDownloader.HandleDownloadResult => File was downloaded as "C:\ProgramData\MspPlatform\PME\ThirdPartyPatch\Downloads\Repository.xml" with status "Complete"
[1] 2026-04-12 09:00:34,926 DEBUG DownloaderFactory.GetDownloader => Can connect to https://sis.n-able.com/ using FileCacheServiceAgentDownloader
[1] 2026-04-12 09:00:34,927 DEBUG FileCacheServiceAgentDownloader.DownloadFile => url = https://sis.n-able.com/Repository.xml, fileName = C:\ProgramData\MspPlatform\PME\ThirdPartyPatch\Downloads\Repository.xml
[1] 2026-04-12 09:00:34,928 DEBUG FileCacheServiceAgentDownloader.StartAsyncDownload => Submitting file https://sis.n-able.com/Repository.xml...
[1] 2026-04-12 09:00:34,934 DEBUG FileCacheServiceAgentDownloader.DownloadFile => Waiting for download to be finished
[5] 2026-04-12 09:00:34,949 DEBUG FileCacheServiceAgentDownloader.HandleDownloadResult => Cache service: update is present [https___sis.n-able.com_Repository.xml_2026041206] [https://sis.n-able.com/Repository.xml]
[5] 2026-04-12 09:00:34,950 DEBUG downloadInfoDetails: isupdatepresent = "true" || cachedLocation = "C:\ProgramData\MspPlatform\FileCacheServiceAgent\cache\https___sis.n-able.com_Repository.xml_2026041206.xml" || filename = "Repository.xml" || sizeinbytes = "5679" || checksum = "3e81576204886f1bb5bb35e041d36b67c1f4ec0a" || uuid = "https___sis.n-able.com_Repository.xml_2026041206" || url = "https://sis.n-able.com/Repository.xml" || name = "" || kbs = "" || version = "" || architecture = "" || language = "" || cacheddatetime = "2026-4-12 8:28:4 am" || downloadFailed = "false" || 
[5] 2026-04-12 09:00:34,950 DEBUG FileCacheServiceAgentDownloader.HandleDownloadResult => Downloading file (https___sis.n-able.com_Repository.xml_2026041206, C:\ProgramData\MspPlatform\FileCacheServiceAgent\cache\https___sis.n-able.com_Repository.xml_2026041206.xml, Repository.xml, 5679, C:\ProgramData\MspPlatform\PME\ThirdPartyPatch\Downloads)...
[5] 2026-04-12 09:00:34,953 DEBUG DownloadFileInBlocks Status:Complete File location [C:\ProgramData\MspPlatform\FileCacheServiceAgent\cache\https___sis.n-able.com_Repository.xml_2026041206.xml] destination [C:\ProgramData\MspPlatform\PME\ThirdPartyPatch\Downloads\Repository.xml]
[5] 2026-04-12 09:00:34,953 DEBUG Download completed successfully. 
[5] 2026-04-12 09:00:34,954 DEBUG FileCacheServiceAgentDownloader.HandleDownloadResult => File was downloaded as "C:\ProgramData\MspPlatform\PME\ThirdPartyPatch\Downloads\Repository.xml" with status "Complete"
[1] 2026-04-12 09:00:56,400 DEBUG DownloaderFactory.GetDownloader => Can connect to https://sis.n-able.com/ using FileCacheServiceAgentDownloader
[1] 2026-04-12 09:00:56,400 DEBUG FileCacheServiceAgentDownloader.DownloadFile => url = https://sis.n-able.com/Repository.xml, fileName = C:\ProgramData\MspPlatform\PME\ThirdPartyPatch\Downloads\Repository.xml
[1] 2026-04-12 09:00:56,401 DEBUG FileCacheServiceAgentDownloader.StartAsyncDownload => Submitting file https://sis.n-able.com/Repository.xml...
[1] 2026-04-12 09:00:56,408 DEBUG FileCacheServiceAgentDownloader.DownloadFile => Waiting for download to be finished
[5] 2026-04-12 09:00:56,426 DEBUG FileCacheServiceAgentDownloader.HandleDownloadResult => Cache service: update is present [https___sis.n-able.com_Repository.xml_2026041206] [https://sis.n-able.com/Repository.xml]
[5] 2026-04-12 09:00:56,427 DEBUG downloadInfoDetails: isupdatepresent = "true" || cachedLocation = "C:\ProgramData\MspPlatform\FileCacheServiceAgent\cache\https___sis.n-able.com_Repository.xml_2026041206.xml" || filename = "Repository.xml" || sizeinbytes = "5679" || checksum = "3e81576204886f1bb5bb35e041d36b67c1f4ec0a" || uuid = "https___sis.n-able.com_Repository.xml_2026041206" || url = "https://sis.n-able.com/Repository.xml" || name = "" || kbs = "" || version = "" || architecture = "" || language = "" || cacheddatetime = "2026-4-12 8:28:4 am" || downloadFailed = "false" || 
[5] 2026-04-12 09:00:56,427 DEBUG FileCacheServiceAgentDownloader.HandleDownloadResult => Downloading file (https___sis.n-able.com_Repository.xml_2026041206, C:\ProgramData\MspPlatform\FileCacheServiceAgent\cache\https___sis.n-able.com_Repository.xml_2026041206.xml, Repository.xml, 5679, C:\ProgramData\MspPlatform\PME\ThirdPartyPatch\Downloads)...
[5] 2026-04-12 09:00:56,431 DEBUG DownloadFileInBlocks Status:Complete File location [C:\ProgramData\MspPlatform\FileCacheServiceAgent\cache\https___sis.n-able.com_Repository.xml_2026041206.xml] destination [C:\ProgramData\MspPlatform\PME\ThirdPartyPatch\Downloads\Repository.xml]
[5] 2026-04-12 09:00:56,431 DEBUG Download completed successfully. 
[5] 2026-04-12 09:00:56,432 DEBUG FileCacheServiceAgentDownloader.HandleDownloadResult => File was downloaded as "C:\ProgramData\MspPlatform\PME\ThirdPartyPatch\Downloads\Repository.xml" with status "Complete"
[1] 2026-04-12 09:02:50,084 DEBUG DownloaderFactory.GetDownloader => Can connect to https://sis.n-able.com/ using FileCacheServiceAgentDownloader
[1] 2026-04-12 09:02:50,084 DEBUG FileCacheServiceAgentDownloader.DownloadFile => url = https://sis.n-able.com/Repository.xml, fileName = C:\ProgramData\MspPlatform\PME\ThirdPartyPatch\Downloads\Repository.xml
[1] 2026-04-12 09:02:50,085 DEBUG FileCacheServiceAgentDownloader.StartAsyncDownload => Submitting file https://sis.n-able.com/Repository.xml...
[1] 2026-04-12 09:02:50,092 DEBUG FileCacheServiceAgentDownloader.DownloadFile => Waiting for download to be finished
[5] 2026-04-12 09:02:50,110 DEBUG FileCacheServiceAgentDownloader.HandleDownloadResult => Cache service: update is present [https___sis.n-able.com_Repository.xml_2026041206] [https://sis.n-able.com/Repository.xml]
[5] 2026-04-12 09:02:50,111 DEBUG downloadInfoDetails: isupdatepresent = "true" || cachedLocation = "C:\ProgramData\MspPlatform\FileCacheServiceAgent\cache\https___sis.n-able.com_Repository.xml_2026041206.xml" || filename = "Repository.xml" || sizeinbytes = "5679" || checksum = "3e81576204886f1bb5bb35e041d36b67c1f4ec0a" || uuid = "https___sis.n-able.com_Repository.xml_2026041206" || url = "https://sis.n-able.com/Repository.xml" || name = "" || kbs = "" || version = "" || architecture = "" || language = "" || cacheddatetime = "2026-4-12 8:28:4 am" || downloadFailed = "false" || 
[5] 2026-04-12 09:02:50,111 DEBUG FileCacheServiceAgentDownloader.HandleDownloadResult => Downloading file (https___sis.n-able.com_Repository.xml_2026041206, C:\ProgramData\MspPlatform\FileCacheServiceAgent\cache\https___sis.n-able.com_Repository.xml_2026041206.xml, Repository.xml, 5679, C:\ProgramData\MspPlatform\PME\ThirdPartyPatch\Downloads)...
[5] 2026-04-12 09:02:50,115 DEBUG DownloadFileInBlocks Status:Complete File location [C:\ProgramData\MspPlatform\FileCacheServiceAgent\cache\https___sis.n-able.com_Repository.xml_2026041206.xml] destination [C:\ProgramData\MspPlatform\PME\ThirdPartyPatch\Downloads\Repository.xml]
[5] 2026-04-12 09:02:50,115 DEBUG Download completed successfully. 
[5] 2026-04-12 09:02:50,115 DEBUG FileCacheServiceAgentDownloader.HandleDownloadResult => File was downloaded as "C:\ProgramData\MspPlatform\PME\ThirdPartyPatch\Downloads\Repository.xml" with status "Complete"
[1] 2026-04-12 09:02:50,775 DEBUG DownloaderFactory.GetDownloader => Can connect to https://sis.n-able.com/ using FileCacheServiceAgentDownloader
[1] 2026-04-12 09:02:50,775 DEBUG FileCacheServiceAgentDownloader.DownloadFile => url = https://sis.n-able.com/Repository.xml, fileName = C:\ProgramData\MspPlatform\PME\ThirdPartyPatch\Downloads\Repository.xml
[1] 2026-04-12 09:02:50,776 DEBUG FileCacheServiceAgentDownloader.StartAsyncDownload => Submitting file https://sis.n-able.com/Repository.xml...
[1] 2026-04-12 09:02:50,782 DEBUG FileCacheServiceAgentDownloader.DownloadFile => Waiting for download to be finished
[5] 2026-04-12 09:02:50,800 DEBUG FileCacheServiceAgentDownloader.HandleDownloadResult => Cache service: update is present [https___sis.n-able.com_Repository.xml_2026041206] [https://sis.n-able.com/Repository.xml]
[5] 2026-04-12 09:02:50,801 DEBUG downloadInfoDetails: isupdatepresent = "true" || cachedLocation = "C:\ProgramData\MspPlatform\FileCacheServiceAgent\cache\https___sis.n-able.com_Repository.xml_2026041206.xml" || filename = "Repository.xml" || sizeinbytes = "5679" || checksum = "3e81576204886f1bb5bb35e041d36b67c1f4ec0a" || uuid = "https___sis.n-able.com_Repository.xml_2026041206" || url = "https://sis.n-able.com/Repository.xml" || name = "" || kbs = "" || version = "" || architecture = "" || language = "" || cacheddatetime = "2026-4-12 8:28:4 am" || downloadFailed = "false" || 
[5] 2026-04-12 09:02:50,801 DEBUG FileCacheServiceAgentDownloader.HandleDownloadResult => Downloading file (https___sis.n-able.com_Repository.xml_2026041206, C:\ProgramData\MspPlatform\FileCacheServiceAgent\cache\https___sis.n-able.com_Repository.xml_2026041206.xml, Repository.xml, 5679, C:\ProgramData\MspPlatform\PME\ThirdPartyPatch\Downloads)...
[5] 2026-04-12 09:02:50,805 DEBUG DownloadFileInBlocks Status:Complete File location [C:\ProgramData\MspPlatform\FileCacheServiceAgent\cache\https___sis.n-able.com_Repository.xml_2026041206.xml] destination [C:\ProgramData\MspPlatform\PME\ThirdPartyPatch\Downloads\Repository.xml]
[5] 2026-04-12 09:02:50,805 DEBUG Download completed successfully. 
[5] 2026-04-12 09:02:50,806 DEBUG FileCacheServiceAgentDownloader.HandleDownloadResult => File was downloaded as "C:\ProgramData\MspPlatform\PME\ThirdPartyPatch\Downloads\Repository.xml" with status "Complete"
[1] 2026-04-12 11:03:20,248 DEBUG DownloaderFactory.GetDownloader => Can connect to https://sis.n-able.com/ using FileCacheServiceAgentDownloader
[1] 2026-04-12 11:03:20,249 DEBUG FileCacheServiceAgentDownloader.DownloadFile => url = https://sis.n-able.com/Repository.xml, fileName = C:\ProgramData\MspPlatform\PME\ThirdPartyPatch\Downloads\Repository.xml
[1] 2026-04-12 11:03:20,251 DEBUG FileCacheServiceAgentDownloader.StartAsyncDownload => Submitting file https://sis.n-able.com/Repository.xml...
[1] 2026-04-12 11:03:20,269 DEBUG FileCacheServiceAgentDownloader.DownloadFile => Waiting for download to be finished
[5] 2026-04-12 11:03:20,317 DEBUG FileCacheServiceAgentDownloader.HandleDownloadResult => Cache service: update is present [https___sis.n-able.com_Repository.xml_2026041206] [https://sis.n-able.com/Repository.xml]
[5] 2026-04-12 11:03:20,319 DEBUG downloadInfoDetails: isupdatepresent = "true" || cachedLocation = "C:\ProgramData\MspPlatform\FileCacheServiceAgent\cache\https___sis.n-able.com_Repository.xml_2026041206.xml" || filename = "Repository.xml" || sizeinbytes = "5679" || checksum = "3e81576204886f1bb5bb35e041d36b67c1f4ec0a" || uuid = "https___sis.n-able.com_Repository.xml_2026041206" || url = "https://sis.n-able.com/Repository.xml" || name = "" || kbs = "" || version = "" || architecture = "" || language = "" || cacheddatetime = "2026-4-12 8:28:4 am" || downloadFailed = "false" || 
[5] 2026-04-12 11:03:20,319 DEBUG FileCacheServiceAgentDownloader.HandleDownloadResult => Downloading file (https___sis.n-able.com_Repository.xml_2026041206, C:\ProgramData\MspPlatform\FileCacheServiceAgent\cache\https___sis.n-able.com_Repository.xml_2026041206.xml, Repository.xml, 5679, C:\ProgramData\MspPlatform\PME\ThirdPartyPatch\Downloads)...
[5] 2026-04-12 11:03:20,330 DEBUG DownloadFileInBlocks Status:Complete File location [C:\ProgramData\MspPlatform\FileCacheServiceAgent\cache\https___sis.n-able.com_Repository.xml_2026041206.xml] destination [C:\ProgramData\MspPlatform\PME\ThirdPartyPatch\Downloads\Repository.xml]
[5] 2026-04-12 11:03:20,331 DEBUG Download completed successfully. 
[5] 2026-04-12 11:03:20,331 DEBUG FileCacheServiceAgentDownloader.HandleDownloadResult => File was downloaded as "C:\ProgramData\MspPlatform\PME\ThirdPartyPatch\Downloads\Repository.xml" with status "Complete"
[1] 2026-04-12 11:03:22,203 DEBUG DownloaderFactory.GetDownloader => Can connect to https://sis.n-able.com/ using FileCacheServiceAgentDownloader
[1] 2026-04-12 11:03:22,204 DEBUG FileCacheServiceAgentDownloader.DownloadFile => url = https://sis.n-able.com/Repository.xml, fileName = C:\ProgramData\MspPlatform\PME\ThirdPartyPatch\Downloads\Repository.xml
[1] 2026-04-12 11:03:22,205 DEBUG FileCacheServiceAgentDownloader.StartAsyncDownload => Submitting file https://sis.n-able.com/Repository.xml...
[1] 2026-04-12 11:03:22,221 DEBUG FileCacheServiceAgentDownloader.DownloadFile => Waiting for download to be finished
[5] 2026-04-12 11:03:22,268 DEBUG FileCacheServiceAgentDownloader.HandleDownloadResult => Cache service: update is present [https___sis.n-able.com_Repository.xml_2026041206] [https://sis.n-able.com/Repository.xml]
[5] 2026-04-12 11:03:22,269 DEBUG downloadInfoDetails: isupdatepresent = "true" || cachedLocation = "C:\ProgramData\MspPlatform\FileCacheServiceAgent\cache\https___sis.n-able.com_Repository.xml_2026041206.xml" || filename = "Repository.xml" || sizeinbytes = "5679" || checksum = "3e81576204886f1bb5bb35e041d36b67c1f4ec0a" || uuid = "https___sis.n-able.com_Repository.xml_2026041206" || url = "https://sis.n-able.com/Repository.xml" || name = "" || kbs = "" || version = "" || architecture = "" || language = "" || cacheddatetime = "2026-4-12 8:28:4 am" || downloadFailed = "false" || 
[5] 2026-04-12 11:03:22,269 DEBUG FileCacheServiceAgentDownloader.HandleDownloadResult => Downloading file (https___sis.n-able.com_Repository.xml_2026041206, C:\ProgramData\MspPlatform\FileCacheServiceAgent\cache\https___sis.n-able.com_Repository.xml_2026041206.xml, Repository.xml, 5679, C:\ProgramData\MspPlatform\PME\ThirdPartyPatch\Downloads)...
[5] 2026-04-12 11:03:22,282 DEBUG DownloadFileInBlocks Status:Complete File location [C:\ProgramData\MspPlatform\FileCacheServiceAgent\cache\https___sis.n-able.com_Repository.xml_2026041206.xml] destination [C:\ProgramData\MspPlatform\PME\ThirdPartyPatch\Downloads\Repository.xml]
[5] 2026-04-12 11:03:22,282 DEBUG Download completed successfully. 
[5] 2026-04-12 11:03:22,283 DEBUG FileCacheServiceAgentDownloader.HandleDownloadResult => File was downloaded as "C:\ProgramData\MspPlatform\PME\ThirdPartyPatch\Downloads\Repository.xml" with status "Complete"
[1] 2026-04-13 09:01:18,235 DEBUG DownloaderFactory.GetDownloader => Can connect to https://sis.n-able.com/ using FileCacheServiceAgentDownloader
[1] 2026-04-13 09:01:18,236 DEBUG FileCacheServiceAgentDownloader.DownloadFile => url = https://sis.n-able.com/Repository.xml, fileName = C:\ProgramData\MspPlatform\PME\ThirdPartyPatch\Downloads\Repository.xml
[1] 2026-04-13 09:01:18,236 DEBUG FileCacheServiceAgentDownloader.StartAsyncDownload => Submitting file https://sis.n-able.com/Repository.xml...
[1] 2026-04-13 09:01:18,243 DEBUG FileCacheServiceAgentDownloader.DownloadFile => Waiting for download to be finished
[5] 2026-04-13 09:01:18,262 DEBUG FileCacheServiceAgentDownloader.RetryPolicy => File info is not available yet, trying again in 5s...
[5] 2026-04-13 09:01:23,280 DEBUG FileCacheServiceAgentDownloader.RetryPolicy => File info is not available yet, trying again in 5s...
[5] 2026-04-13 09:01:28,296 DEBUG FileCacheServiceAgentDownloader.HandleDownloadResult => Cache service: update is present [https___sis.n-able.com_Repository.xml_2026041306] [https://sis.n-able.com/Repository.xml]
[5] 2026-04-13 09:01:28,297 DEBUG downloadInfoDetails: isupdatepresent = "true" || cachedLocation = "C:\ProgramData\MspPlatform\FileCacheServiceAgent\cache\https___sis.n-able.com_Repository.xml_2026041306.xml" || filename = "Repository.xml" || sizeinbytes = "5391" || checksum = "36339e6217a4ffd81876075d7d491471fbd12867" || uuid = "https___sis.n-able.com_Repository.xml_2026041306" || url = "https://sis.n-able.com/Repository.xml" || name = "" || kbs = "" || version = "" || architecture = "" || language = "" || cacheddatetime = "2026-4-13 9:1:23 am" || downloadFailed = "false" || 
[5] 2026-04-13 09:01:28,298 DEBUG FileCacheServiceAgentDownloader.HandleDownloadResult => Downloading file (https___sis.n-able.com_Repository.xml_2026041306, C:\ProgramData\MspPlatform\FileCacheServiceAgent\cache\https___sis.n-able.com_Repository.xml_2026041306.xml, Repository.xml, 5391, C:\ProgramData\MspPlatform\PME\ThirdPartyPatch\Downloads)...
[5] 2026-04-13 09:01:28,305 DEBUG DownloadFileInBlocks Status:Complete File location [C:\ProgramData\MspPlatform\FileCacheServiceAgent\cache\https___sis.n-able.com_Repository.xml_2026041306.xml] destination [C:\ProgramData\MspPlatform\PME\ThirdPartyPatch\Downloads\Repository.xml]
[5] 2026-04-13 09:01:28,305 DEBUG Download completed successfully. 
[5] 2026-04-13 09:01:28,306 DEBUG FileCacheServiceAgentDownloader.HandleDownloadResult => File was downloaded as "C:\ProgramData\MspPlatform\PME\ThirdPartyPatch\Downloads\Repository.xml" with status "Complete"
[1] 2026-04-13 09:01:29,289 DEBUG DownloaderFactory.GetDownloader => Can connect to https://sis.n-able.com/ using FileCacheServiceAgentDownloader
[1] 2026-04-13 09:01:29,289 DEBUG FileCacheServiceAgentDownloader.DownloadFile => url = https://sis.n-able.com/Repository.xml, fileName = C:\ProgramData\MspPlatform\PME\ThirdPartyPatch\Downloads\Repository.xml
[1] 2026-04-13 09:01:29,290 DEBUG FileCacheServiceAgentDownloader.StartAsyncDownload => Submitting file https://sis.n-able.com/Repository.xml...
[1] 2026-04-13 09:01:29,296 DEBUG FileCacheServiceAgentDownloader.DownloadFile => Waiting for download to be finished
[5] 2026-04-13 09:01:29,314 DEBUG FileCacheServiceAgentDownloader.HandleDownloadResult => Cache service: update is present [https___sis.n-able.com_Repository.xml_2026041306] [https://sis.n-able.com/Repository.xml]
[5] 2026-04-13 09:01:29,314 DEBUG downloadInfoDetails: isupdatepresent = "true" || cachedLocation = "C:\ProgramData\MspPlatform\FileCacheServiceAgent\cache\https___sis.n-able.com_Repository.xml_2026041306.xml" || filename = "Repository.xml" || sizeinbytes = "5391" || checksum = "36339e6217a4ffd81876075d7d491471fbd12867" || uuid = "https___sis.n-able.com_Repository.xml_2026041306" || url = "https://sis.n-able.com/Repository.xml" || name = "" || kbs = "" || version = "" || architecture = "" || language = "" || cacheddatetime = "2026-4-13 9:1:23 am" || downloadFailed = "false" || 
[5] 2026-04-13 09:01:29,315 DEBUG FileCacheServiceAgentDownloader.HandleDownloadResult => Downloading file (https___sis.n-able.com_Repository.xml_2026041306, C:\ProgramData\MspPlatform\FileCacheServiceAgent\cache\https___sis.n-able.com_Repository.xml_2026041306.xml, Repository.xml, 5391, C:\ProgramData\MspPlatform\PME\ThirdPartyPatch\Downloads)...
[5] 2026-04-13 09:01:29,319 DEBUG DownloadFileInBlocks Status:Complete File location [C:\ProgramData\MspPlatform\FileCacheServiceAgent\cache\https___sis.n-able.com_Repository.xml_2026041306.xml] destination [C:\ProgramData\MspPlatform\PME\ThirdPartyPatch\Downloads\Repository.xml]
[5] 2026-04-13 09:01:29,319 DEBUG Download completed successfully. 
[5] 2026-04-13 09:01:29,319 DEBUG FileCacheServiceAgentDownloader.HandleDownloadResult => File was downloaded as "C:\ProgramData\MspPlatform\PME\ThirdPartyPatch\Downloads\Repository.xml" with status "Complete"
[1] 2026-04-13 09:01:40,724 DEBUG DownloaderFactory.GetDownloader => Can connect to https://sis.n-able.com/ using FileCacheServiceAgentDownloader
[1] 2026-04-13 09:01:40,724 DEBUG FileCacheServiceAgentDownloader.DownloadFile => url = https://sis.n-able.com/Repository.xml, fileName = C:\ProgramData\MspPlatform\PME\ThirdPartyPatch\Downloads\Repository.xml
[1] 2026-04-13 09:01:40,724 DEBUG FileCacheServiceAgentDownloader.StartAsyncDownload => Submitting file https://sis.n-able.com/Repository.xml...
[1] 2026-04-13 09:01:40,732 DEBUG FileCacheServiceAgentDownloader.DownloadFile => Waiting for download to be finished
[5] 2026-04-13 09:01:40,749 DEBUG FileCacheServiceAgentDownloader.HandleDownloadResult => Cache service: update is present [https___sis.n-able.com_Repository.xml_2026041306] [https://sis.n-able.com/Repository.xml]
[5] 2026-04-13 09:01:40,750 DEBUG downloadInfoDetails: isupdatepresent = "true" || cachedLocation = "C:\ProgramData\MspPlatform\FileCacheServiceAgent\cache\https___sis.n-able.com_Repository.xml_2026041306.xml" || filename = "Repository.xml" || sizeinbytes = "5391" || checksum = "36339e6217a4ffd81876075d7d491471fbd12867" || uuid = "https___sis.n-able.com_Repository.xml_2026041306" || url = "https://sis.n-able.com/Repository.xml" || name = "" || kbs = "" || version = "" || architecture = "" || language = "" || cacheddatetime = "2026-4-13 9:1:23 am" || downloadFailed = "false" || 
[5] 2026-04-13 09:01:40,750 DEBUG FileCacheServiceAgentDownloader.HandleDownloadResult => Downloading file (https___sis.n-able.com_Repository.xml_2026041306, C:\ProgramData\MspPlatform\FileCacheServiceAgent\cache\https___sis.n-able.com_Repository.xml_2026041306.xml, Repository.xml, 5391, C:\ProgramData\MspPlatform\PME\ThirdPartyPatch\Downloads)...
[5] 2026-04-13 09:01:40,753 DEBUG DownloadFileInBlocks Status:Complete File location [C:\ProgramData\MspPlatform\FileCacheServiceAgent\cache\https___sis.n-able.com_Repository.xml_2026041306.xml] destination [C:\ProgramData\MspPlatform\PME\ThirdPartyPatch\Downloads\Repository.xml]
[5] 2026-04-13 09:01:40,754 DEBUG Download completed successfully. 
[5] 2026-04-13 09:01:40,754 DEBUG FileCacheServiceAgentDownloader.HandleDownloadResult => File was downloaded as "C:\ProgramData\MspPlatform\PME\ThirdPartyPatch\Downloads\Repository.xml" with status "Complete"
[1] 2026-04-13 09:05:08,511 DEBUG DownloaderFactory.GetDownloader => Can connect to https://sis.n-able.com/ using FileCacheServiceAgentDownloader
[1] 2026-04-13 09:05:08,511 DEBUG FileCacheServiceAgentDownloader.DownloadFile => url = https://sis.n-able.com/Repository.xml, fileName = C:\ProgramData\MspPlatform\PME\ThirdPartyPatch\Downloads\Repository.xml
[1] 2026-04-13 09:05:08,513 DEBUG FileCacheServiceAgentDownloader.StartAsyncDownload => Submitting file https://sis.n-able.com/Repository.xml...
[1] 2026-04-13 09:05:08,519 DEBUG FileCacheServiceAgentDownloader.DownloadFile => Waiting for download to be finished
[5] 2026-04-13 09:05:08,538 DEBUG FileCacheServiceAgentDownloader.HandleDownloadResult => Cache service: update is present [https___sis.n-able.com_Repository.xml_2026041306] [https://sis.n-able.com/Repository.xml]
[5] 2026-04-13 09:05:08,538 DEBUG downloadInfoDetails: isupdatepresent = "true" || cachedLocation = "C:\ProgramData\MspPlatform\FileCacheServiceAgent\cache\https___sis.n-able.com_Repository.xml_2026041306.xml" || filename = "Repository.xml" || sizeinbytes = "5391" || checksum = "36339e6217a4ffd81876075d7d491471fbd12867" || uuid = "https___sis.n-able.com_Repository.xml_2026041306" || url = "https://sis.n-able.com/Repository.xml" || name = "" || kbs = "" || version = "" || architecture = "" || language = "" || cacheddatetime = "2026-4-13 9:1:23 am" || downloadFailed = "false" || 
[5] 2026-04-13 09:05:08,538 DEBUG FileCacheServiceAgentDownloader.HandleDownloadResult => Downloading file (https___sis.n-able.com_Repository.xml_2026041306, C:\ProgramData\MspPlatform\FileCacheServiceAgent\cache\https___sis.n-able.com_Repository.xml_2026041306.xml, Repository.xml, 5391, C:\ProgramData\MspPlatform\PME\ThirdPartyPatch\Downloads)...
[5] 2026-04-13 09:05:08,542 DEBUG DownloadFileInBlocks Status:Complete File location [C:\ProgramData\MspPlatform\FileCacheServiceAgent\cache\https___sis.n-able.com_Repository.xml_2026041306.xml] destination [C:\ProgramData\MspPlatform\PME\ThirdPartyPatch\Downloads\Repository.xml]
[5] 2026-04-13 09:05:08,543 DEBUG Download completed successfully. 
[5] 2026-04-13 09:05:08,543 DEBUG FileCacheServiceAgentDownloader.HandleDownloadResult => File was downloaded as "C:\ProgramData\MspPlatform\PME\ThirdPartyPatch\Downloads\Repository.xml" with status "Complete"
[1] 2026-04-13 09:05:09,167 DEBUG DownloaderFactory.GetDownloader => Can connect to https://sis.n-able.com/ using FileCacheServiceAgentDownloader
[1] 2026-04-13 09:05:09,168 DEBUG FileCacheServiceAgentDownloader.DownloadFile => url = https://sis.n-able.com/Repository.xml, fileName = C:\ProgramData\MspPlatform\PME\ThirdPartyPatch\Downloads\Repository.xml
[1] 2026-04-13 09:05:09,168 DEBUG FileCacheServiceAgentDownloader.StartAsyncDownload => Submitting file https://sis.n-able.com/Repository.xml...
[1] 2026-04-13 09:05:09,175 DEBUG FileCacheServiceAgentDownloader.DownloadFile => Waiting for download to be finished
[5] 2026-04-13 09:05:09,191 DEBUG FileCacheServiceAgentDownloader.HandleDownloadResult => Cache service: update is present [https___sis.n-able.com_Repository.xml_2026041306] [https://sis.n-able.com/Repository.xml]
[5] 2026-04-13 09:05:09,191 DEBUG downloadInfoDetails: isupdatepresent = "true" || cachedLocation = "C:\ProgramData\MspPlatform\FileCacheServiceAgent\cache\https___sis.n-able.com_Repository.xml_2026041306.xml" || filename = "Repository.xml" || sizeinbytes = "5391" || checksum = "36339e6217a4ffd81876075d7d491471fbd12867" || uuid = "https___sis.n-able.com_Repository.xml_2026041306" || url = "https://sis.n-able.com/Repository.xml" || name = "" || kbs = "" || version = "" || architecture = "" || language = "" || cacheddatetime = "2026-4-13 9:1:23 am" || downloadFailed = "false" || 
[5] 2026-04-13 09:05:09,192 DEBUG FileCacheServiceAgentDownloader.HandleDownloadResult => Downloading file (https___sis.n-able.com_Repository.xml_2026041306, C:\ProgramData\MspPlatform\FileCacheServiceAgent\cache\https___sis.n-able.com_Repository.xml_2026041306.xml, Repository.xml, 5391, C:\ProgramData\MspPlatform\PME\ThirdPartyPatch\Downloads)...
[5] 2026-04-13 09:05:09,196 DEBUG DownloadFileInBlocks Status:Complete File location [C:\ProgramData\MspPlatform\FileCacheServiceAgent\cache\https___sis.n-able.com_Repository.xml_2026041306.xml] destination [C:\ProgramData\MspPlatform\PME\ThirdPartyPatch\Downloads\Repository.xml]
[5] 2026-04-13 09:05:09,196 DEBUG Download completed successfully. 
[5] 2026-04-13 09:05:09,196 DEBUG FileCacheServiceAgentDownloader.HandleDownloadResult => File was downloaded as "C:\ProgramData\MspPlatform\PME\ThirdPartyPatch\Downloads\Repository.xml" with status "Complete"
[1] 2026-04-13 11:12:07,514 DEBUG DownloaderFactory.GetDownloader => Can connect to https://sis.n-able.com/ using FileCacheServiceAgentDownloader
[1] 2026-04-13 11:12:07,515 DEBUG FileCacheServiceAgentDownloader.DownloadFile => url = https://sis.n-able.com/Repository.xml, fileName = C:\ProgramData\MspPlatform\PME\ThirdPartyPatch\Downloads\Repository.xml
[1] 2026-04-13 11:12:07,516 DEBUG FileCacheServiceAgentDownloader.StartAsyncDownload => Submitting file https://sis.n-able.com/Repository.xml...
[1] 2026-04-13 11:12:07,534 DEBUG FileCacheServiceAgentDownloader.DownloadFile => Waiting for download to be finished
[5] 2026-04-13 11:12:07,582 DEBUG FileCacheServiceAgentDownloader.HandleDownloadResult => Cache service: update is present [https___sis.n-able.com_Repository.xml_2026041306] [https://sis.n-able.com/Repository.xml]
[5] 2026-04-13 11:12:07,582 DEBUG downloadInfoDetails: isupdatepresent = "true" || cachedLocation = "C:\ProgramData\MspPlatform\FileCacheServiceAgent\cache\https___sis.n-able.com_Repository.xml_2026041306.xml" || filename = "Repository.xml" || sizeinbytes = "5391" || checksum = "36339e6217a4ffd81876075d7d491471fbd12867" || uuid = "https___sis.n-able.com_Repository.xml_2026041306" || url = "https://sis.n-able.com/Repository.xml" || name = "" || kbs = "" || version = "" || architecture = "" || language = "" || cacheddatetime = "2026-4-13 9:1:23 am" || downloadFailed = "false" || 
[5] 2026-04-13 11:12:07,583 DEBUG FileCacheServiceAgentDownloader.HandleDownloadResult => Downloading file (https___sis.n-able.com_Repository.xml_2026041306, C:\ProgramData\MspPlatform\FileCacheServiceAgent\cache\https___sis.n-able.com_Repository.xml_2026041306.xml, Repository.xml, 5391, C:\ProgramData\MspPlatform\PME\ThirdPartyPatch\Downloads)...
[5] 2026-04-13 11:12:07,593 DEBUG DownloadFileInBlocks Status:Complete File location [C:\ProgramData\MspPlatform\FileCacheServiceAgent\cache\https___sis.n-able.com_Repository.xml_2026041306.xml] destination [C:\ProgramData\MspPlatform\PME\ThirdPartyPatch\Downloads\Repository.xml]
[5] 2026-04-13 11:12:07,593 DEBUG Download completed successfully. 
[5] 2026-04-13 11:12:07,595 DEBUG FileCacheServiceAgentDownloader.HandleDownloadResult => File was downloaded as "C:\ProgramData\MspPlatform\PME\ThirdPartyPatch\Downloads\Repository.xml" with status "Complete"
[1] 2026-04-13 11:12:09,364 DEBUG DownloaderFactory.GetDownloader => Can connect to https://sis.n-able.com/ using FileCacheServiceAgentDownloader
[1] 2026-04-13 11:12:09,365 DEBUG FileCacheServiceAgentDownloader.DownloadFile => url = https://sis.n-able.com/Repository.xml, fileName = C:\ProgramData\MspPlatform\PME\ThirdPartyPatch\Downloads\Repository.xml
[1] 2026-04-13 11:12:09,367 DEBUG FileCacheServiceAgentDownloader.StartAsyncDownload => Submitting file https://sis.n-able.com/Repository.xml...
[1] 2026-04-13 11:12:09,383 DEBUG FileCacheServiceAgentDownloader.DownloadFile => Waiting for download to be finished
[5] 2026-04-13 11:12:09,429 DEBUG FileCacheServiceAgentDownloader.HandleDownloadResult => Cache service: update is present [https___sis.n-able.com_Repository.xml_2026041306] [https://sis.n-able.com/Repository.xml]
[5] 2026-04-13 11:12:09,429 DEBUG downloadInfoDetails: isupdatepresent = "true" || cachedLocation = "C:\ProgramData\MspPlatform\FileCacheServiceAgent\cache\https___sis.n-able.com_Repository.xml_2026041306.xml" || filename = "Repository.xml" || sizeinbytes = "5391" || checksum = "36339e6217a4ffd81876075d7d491471fbd12867" || uuid = "https___sis.n-able.com_Repository.xml_2026041306" || url = "https://sis.n-able.com/Repository.xml" || name = "" || kbs = "" || version = "" || architecture = "" || language = "" || cacheddatetime = "2026-4-13 9:1:23 am" || downloadFailed = "false" || 
[5] 2026-04-13 11:12:09,430 DEBUG FileCacheServiceAgentDownloader.HandleDownloadResult => Downloading file (https___sis.n-able.com_Repository.xml_2026041306, C:\ProgramData\MspPlatform\FileCacheServiceAgent\cache\https___sis.n-able.com_Repository.xml_2026041306.xml, Repository.xml, 5391, C:\ProgramData\MspPlatform\PME\ThirdPartyPatch\Downloads)...
[5] 2026-04-13 11:12:09,442 DEBUG DownloadFileInBlocks Status:Complete File location [C:\ProgramData\MspPlatform\FileCacheServiceAgent\cache\https___sis.n-able.com_Repository.xml_2026041306.xml] destination [C:\ProgramData\MspPlatform\PME\ThirdPartyPatch\Downloads\Repository.xml]
[5] 2026-04-13 11:12:09,442 DEBUG Download completed successfully. 
[5] 2026-04-13 11:12:09,443 DEBUG FileCacheServiceAgentDownloader.HandleDownloadResult => File was downloaded as "C:\ProgramData\MspPlatform\PME\ThirdPartyPatch\Downloads\Repository.xml" with status "Complete"
[1] 2026-04-14 09:05:01,224 DEBUG DownloaderFactory.GetDownloader => Can connect to https://sis.n-able.com/ using FileCacheServiceAgentDownloader
[1] 2026-04-14 09:05:01,227 DEBUG FileCacheServiceAgentDownloader.DownloadFile => url = https://sis.n-able.com/Repository.xml, fileName = C:\ProgramData\MspPlatform\PME\ThirdPartyPatch\Downloads\Repository.xml
[1] 2026-04-14 09:05:01,227 DEBUG FileCacheServiceAgentDownloader.StartAsyncDownload => Submitting file https://sis.n-able.com/Repository.xml...
[1] 2026-04-14 09:05:01,240 DEBUG FileCacheServiceAgentDownloader.DownloadFile => Waiting for download to be finished
[5] 2026-04-14 09:05:01,265 DEBUG FileCacheServiceAgentDownloader.RetryPolicy => File info is not available yet, trying again in 5s...
[5] 2026-04-14 09:05:06,274 DEBUG FileCacheServiceAgentDownloader.RetryPolicy => File info is not available yet, trying again in 5s...
[5] 2026-04-14 09:05:11,290 DEBUG FileCacheServiceAgentDownloader.HandleDownloadResult => Cache service: update is present [https___sis.n-able.com_Repository.xml_2026041406] [https://sis.n-able.com/Repository.xml]
[5] 2026-04-14 09:05:11,291 DEBUG downloadInfoDetails: isupdatepresent = "true" || cachedLocation = "C:\ProgramData\MspPlatform\FileCacheServiceAgent\cache\https___sis.n-able.com_Repository.xml_2026041406.xml" || filename = "Repository.xml" || sizeinbytes = "5679" || checksum = "0c649b2b4d422697e0e56395453ac63b841b8e65" || uuid = "https___sis.n-able.com_Repository.xml_2026041406" || url = "https://sis.n-able.com/Repository.xml" || name = "" || kbs = "" || version = "" || architecture = "" || language = "" || cacheddatetime = "2026-4-14 9:5:6 am" || downloadFailed = "false" || 
[5] 2026-04-14 09:05:11,291 DEBUG FileCacheServiceAgentDownloader.HandleDownloadResult => Downloading file (https___sis.n-able.com_Repository.xml_2026041406, C:\ProgramData\MspPlatform\FileCacheServiceAgent\cache\https___sis.n-able.com_Repository.xml_2026041406.xml, Repository.xml, 5679, C:\ProgramData\MspPlatform\PME\ThirdPartyPatch\Downloads)...
[5] 2026-04-14 09:05:11,300 DEBUG DownloadFileInBlocks Status:Complete File location [C:\ProgramData\MspPlatform\FileCacheServiceAgent\cache\https___sis.n-able.com_Repository.xml_2026041406.xml] destination [C:\ProgramData\MspPlatform\PME\ThirdPartyPatch\Downloads\Repository.xml]
[5] 2026-04-14 09:05:11,301 DEBUG Download completed successfully. 
[5] 2026-04-14 09:05:11,301 DEBUG FileCacheServiceAgentDownloader.HandleDownloadResult => File was downloaded as "C:\ProgramData\MspPlatform\PME\ThirdPartyPatch\Downloads\Repository.xml" with status "Complete"
[1] 2026-04-14 09:05:11,319 DEBUG DownloaderFactory.GetDownloader => Can connect to https://sis.n-able.com/ using FileCacheServiceAgentDownloader
[1] 2026-04-14 09:05:11,320 DEBUG FileCacheServiceAgentDownloader.DownloadFile => url = https://sis.n-able.com/3rdPartySw/ThirdPartySoftware.xml, fileName = C:\ProgramData\MspPlatform\PME\ThirdPartyPatch\Downloads\ThirdPartySoftware.xml
[1] 2026-04-14 09:05:11,321 DEBUG FileCacheServiceAgentDownloader.StartAsyncDownload => Submitting file https://sis.n-able.com/3rdPartySw/ThirdPartySoftware.xml...
[1] 2026-04-14 09:05:11,322 DEBUG FileCacheServiceAgentDownloader.DownloadFile => Waiting for download to be finished
[6] 2026-04-14 09:05:11,323 DEBUG FileCacheServiceAgentDownloader.RetryPolicy => File info is not available yet, trying again in 5s...
[6] 2026-04-14 09:05:16,329 DEBUG FileCacheServiceAgentDownloader.RetryPolicy => File info is not available yet, trying again in 5s...
[6] 2026-04-14 09:05:21,334 DEBUG FileCacheServiceAgentDownloader.HandleDownloadResult => Cache service: update is present [https___sis.n-able.com_3rdPartySw_ThirdPartySoftware.xml_2026041406] [https://sis.n-able.com/3rdPartySw/ThirdPartySoftware.xml]
[6] 2026-04-14 09:05:21,335 DEBUG downloadInfoDetails: isupdatepresent = "true" || cachedLocation = "C:\ProgramData\MspPlatform\FileCacheServiceAgent\cache\https___sis.n-able.com_3rdPartySw_ThirdPartySoftware.xml_2026041406.xml" || filename = "ThirdPartySoftware.xml" || sizeinbytes = "114899" || checksum = "d5f66b0eac7d64aa493de9c73e786841af264f60" || uuid = "https___sis.n-able.com_3rdPartySw_ThirdPartySoftware.xml_2026041406" || url = "https://sis.n-able.com/3rdPartySw/ThirdPartySoftware.xml" || name = "" || kbs = "" || version = "" || architecture = "" || language = "" || cacheddatetime = "2026-4-14 9:5:16 am" || downloadFailed = "false" || 
[6] 2026-04-14 09:05:21,335 DEBUG FileCacheServiceAgentDownloader.HandleDownloadResult => Downloading file (https___sis.n-able.com_3rdPartySw_ThirdPartySoftware.xml_2026041406, C:\ProgramData\MspPlatform\FileCacheServiceAgent\cache\https___sis.n-able.com_3rdPartySw_ThirdPartySoftware.xml_2026041406.xml, ThirdPartySoftware.xml, 114899, C:\ProgramData\MspPlatform\PME\ThirdPartyPatch\Downloads)...
[6] 2026-04-14 09:05:21,338 DEBUG DownloadFileInBlocks Status:Complete File location [C:\ProgramData\MspPlatform\FileCacheServiceAgent\cache\https___sis.n-able.com_3rdPartySw_ThirdPartySoftware.xml_2026041406.xml] destination [C:\ProgramData\MspPlatform\PME\ThirdPartyPatch\Downloads\ThirdPartySoftware.xml]
[6] 2026-04-14 09:05:21,338 DEBUG Download completed successfully. 
[6] 2026-04-14 09:05:21,338 DEBUG FileCacheServiceAgentDownloader.HandleDownloadResult => File was downloaded as "C:\ProgramData\MspPlatform\PME\ThirdPartyPatch\Downloads\ThirdPartySoftware.xml" with status "Complete"
[1] 2026-04-14 09:05:22,398 DEBUG DownloaderFactory.GetDownloader => Can connect to https://sis.n-able.com/ using FileCacheServiceAgentDownloader
[1] 2026-04-14 09:05:22,398 DEBUG FileCacheServiceAgentDownloader.DownloadFile => url = https://sis.n-able.com/3rdPartySw/OS/WIN/Applications/Google/Chrome.zip, fileName = C:\ProgramData\MspPlatform\PME\ThirdPartyPatch\Downloads\Chrome.zip
[1] 2026-04-14 09:05:22,399 DEBUG FileCacheServiceAgentDownloader.StartAsyncDownload => Submitting file https://sis.n-able.com/3rdPartySw/OS/WIN/Applications/Google/Chrome.zip...
[1] 2026-04-14 09:05:22,399 DEBUG FileCacheServiceAgentDownloader.DownloadFile => Waiting for download to be finished
[6] 2026-04-14 09:05:22,402 DEBUG FileCacheServiceAgentDownloader.RetryPolicy => File info is not available yet, trying again in 5s...
[6] 2026-04-14 09:05:27,411 DEBUG FileCacheServiceAgentDownloader.RetryPolicy => File info is not available yet, trying again in 5s...
[6] 2026-04-14 09:05:32,421 DEBUG FileCacheServiceAgentDownloader.HandleDownloadResult => Cache service: update is present [https___sis.n-able.com_3rdPartySw_OS_WIN_Applications_Google_Chrome.zip_2026041406] [https://sis.n-able.com/3rdPartySw/OS/WIN/Applications/Google/Chrome.zip]
[6] 2026-04-14 09:05:32,423 DEBUG downloadInfoDetails: isupdatepresent = "true" || cachedLocation = "C:\ProgramData\MspPlatform\FileCacheServiceAgent\cache\https___sis.n-able.com_3rdPartySw_OS_WIN_Applications_Google_Chrome.zip_2026041406.zip" || filename = "Chrome.zip" || sizeinbytes = "16242" || checksum = "b595e9cc0fcab5dc29f3db21e6920f38d36a2ee1" || uuid = "https___sis.n-able.com_3rdPartySw_OS_WIN_Applications_Google_Chrome.zip_2026041406" || url = "https://sis.n-able.com/3rdPartySw/OS/WIN/Applications/Google/Chrome.zip" || name = "" || kbs = "" || version = "" || architecture = "" || language = "" || cacheddatetime = "2026-4-14 9:5:28 am" || downloadFailed = "false" || 
[6] 2026-04-14 09:05:32,423 DEBUG FileCacheServiceAgentDownloader.HandleDownloadResult => Downloading file (https___sis.n-able.com_3rdPartySw_OS_WIN_Applications_Google_Chrome.zip_2026041406, C:\ProgramData\MspPlatform\FileCacheServiceAgent\cache\https___sis.n-able.com_3rdPartySw_OS_WIN_Applications_Google_Chrome.zip_2026041406.zip, Chrome.zip, 16242, C:\ProgramData\MspPlatform\PME\ThirdPartyPatch\Downloads)...
[6] 2026-04-14 09:05:32,426 DEBUG DownloadFileInBlocks Status:Complete File location [C:\ProgramData\MspPlatform\FileCacheServiceAgent\cache\https___sis.n-able.com_3rdPartySw_OS_WIN_Applications_Google_Chrome.zip_2026041406.zip] destination [C:\ProgramData\MspPlatform\PME\ThirdPartyPatch\Downloads\Chrome.zip]
[6] 2026-04-14 09:05:32,427 DEBUG Download completed successfully. 
[6] 2026-04-14 09:05:32,427 DEBUG FileCacheServiceAgentDownloader.HandleDownloadResult => File was downloaded as "C:\ProgramData\MspPlatform\PME\ThirdPartyPatch\Downloads\Chrome.zip" with status "Complete"
[1] 2026-04-14 09:05:32,543 DEBUG DownloaderFactory.GetDownloader => Can connect to https://sis.n-able.com/ using FileCacheServiceAgentDownloader
[1] 2026-04-14 09:05:32,544 DEBUG FileCacheServiceAgentDownloader.DownloadFile => url = https://sis.n-able.com/3rdPartySw/OS/WIN/Applications/Microsoft/OneDrive.zip, fileName = C:\ProgramData\MspPlatform\PME\ThirdPartyPatch\Downloads\OneDrive.zip
[1] 2026-04-14 09:05:32,544 DEBUG FileCacheServiceAgentDownloader.StartAsyncDownload => Submitting file https://sis.n-able.com/3rdPartySw/OS/WIN/Applications/Microsoft/OneDrive.zip...
[1] 2026-04-14 09:05:32,547 DEBUG FileCacheServiceAgentDownloader.DownloadFile => Waiting for download to be finished
[5] 2026-04-14 09:05:32,550 DEBUG FileCacheServiceAgentDownloader.RetryPolicy => File info is not available yet, trying again in 5s...
[5] 2026-04-14 09:05:37,556 DEBUG FileCacheServiceAgentDownloader.RetryPolicy => File info is not available yet, trying again in 5s...
[5] 2026-04-14 09:05:42,568 DEBUG FileCacheServiceAgentDownloader.HandleDownloadResult => Cache service: update is present [https___sis.n-able.com_3rdPartySw_OS_WIN_Applications_Microsoft_OneDrive.zip_2026041406] [https://sis.n-able.com/3rdPartySw/OS/WIN/Applications/Microsoft/OneDrive.zip]
[5] 2026-04-14 09:05:42,570 DEBUG downloadInfoDetails: isupdatepresent = "true" || cachedLocation = "C:\ProgramData\MspPlatform\FileCacheServiceAgent\cache\https___sis.n-able.com_3rdPartySw_OS_WIN_Applications_Microsoft_OneDrive.zip_2026041406.zip" || filename = "OneDrive.zip" || sizeinbytes = "32551" || checksum = "2a389c5ca7090a924c06631f82df0ad92128bb54" || uuid = "https___sis.n-able.com_3rdPartySw_OS_WIN_Applications_Microsoft_OneDrive.zip_2026041406" || url = "https://sis.n-able.com/3rdPartySw/OS/WIN/Applications/Microsoft/OneDrive.zip" || name = "" || kbs = "" || version = "" || architecture = "" || language = "" || cacheddatetime = "2026-4-14 9:5:37 am" || downloadFailed = "false" || 
[5] 2026-04-14 09:05:42,570 DEBUG FileCacheServiceAgentDownloader.HandleDownloadResult => Downloading file (https___sis.n-able.com_3rdPartySw_OS_WIN_Applications_Microsoft_OneDrive.zip_2026041406, C:\ProgramData\MspPlatform\FileCacheServiceAgent\cache\https___sis.n-able.com_3rdPartySw_OS_WIN_Applications_Microsoft_OneDrive.zip_2026041406.zip, OneDrive.zip, 32551, C:\ProgramData\MspPlatform\PME\ThirdPartyPatch\Downloads)...
[5] 2026-04-14 09:05:42,572 DEBUG DownloadFileInBlocks Status:Complete File location [C:\ProgramData\MspPlatform\FileCacheServiceAgent\cache\https___sis.n-able.com_3rdPartySw_OS_WIN_Applications_Microsoft_OneDrive.zip_2026041406.zip] destination [C:\ProgramData\MspPlatform\PME\ThirdPartyPatch\Downloads\OneDrive.zip]
[5] 2026-04-14 09:05:42,572 DEBUG Download completed successfully. 
[5] 2026-04-14 09:05:42,572 DEBUG FileCacheServiceAgentDownloader.HandleDownloadResult => File was downloaded as "C:\ProgramData\MspPlatform\PME\ThirdPartyPatch\Downloads\OneDrive.zip" with status "Complete"
[1] 2026-04-14 09:05:42,580 DEBUG DownloaderFactory.GetDownloader => Can connect to https://sis.n-able.com/ using FileCacheServiceAgentDownloader
[1] 2026-04-14 09:05:42,581 DEBUG FileCacheServiceAgentDownloader.DownloadFile => url = https://sis.n-able.com/3rdPartySw/OS/WIN/Applications/Google/Google Drive.zip, fileName = C:\ProgramData\MspPlatform\PME\ThirdPartyPatch\Downloads\Google Drive.zip
[1] 2026-04-14 09:05:42,581 DEBUG FileCacheServiceAgentDownloader.StartAsyncDownload => Submitting file https://sis.n-able.com/3rdPartySw/OS/WIN/Applications/Google/Google Drive.zip...
[1] 2026-04-14 09:05:42,582 DEBUG FileCacheServiceAgentDownloader.DownloadFile => Waiting for download to be finished
[5] 2026-04-14 09:05:42,583 DEBUG FileCacheServiceAgentDownloader.RetryPolicy => File info is not available yet, trying again in 5s...
[5] 2026-04-14 09:05:47,597 DEBUG FileCacheServiceAgentDownloader.RetryPolicy => File info is not available yet, trying again in 5s...
[5] 2026-04-14 09:05:52,612 DEBUG FileCacheServiceAgentDownloader.HandleDownloadResult => Cache service: update is present [https___sis.n-able.com_3rdPartySw_OS_WIN_Applications_Google_Google Drive.zip_2026041406] [https://sis.n-able.com/3rdPartySw/OS/WIN/Applications/Google/Google Drive.zip]
[5] 2026-04-14 09:05:52,612 DEBUG downloadInfoDetails: isupdatepresent = "true" || cachedLocation = "C:\ProgramData\MspPlatform\FileCacheServiceAgent\cache\https___sis.n-able.com_3rdPartySw_OS_WIN_Applications_Google_Google Drive.zip_2026041406.zip" || filename = "Google Drive.zip" || sizeinbytes = "27612" || checksum = "b0ab36ca62742bbbe75dd93777de41698be9eeb1" || uuid = "https___sis.n-able.com_3rdPartySw_OS_WIN_Applications_Google_Google Drive.zip_2026041406" || url = "https://sis.n-able.com/3rdPartySw/OS/WIN/Applications/Google/Google Drive.zip" || name = "" || kbs = "" || version = "" || architecture = "" || language = "" || cacheddatetime = "2026-4-14 9:5:47 am" || downloadFailed = "false" || 
[5] 2026-04-14 09:05:52,612 DEBUG FileCacheServiceAgentDownloader.HandleDownloadResult => Downloading file (https___sis.n-able.com_3rdPartySw_OS_WIN_Applications_Google_Google Drive.zip_2026041406, C:\ProgramData\MspPlatform\FileCacheServiceAgent\cache\https___sis.n-able.com_3rdPartySw_OS_WIN_Applications_Google_Google Drive.zip_2026041406.zip, Google Drive.zip, 27612, C:\ProgramData\MspPlatform\PME\ThirdPartyPatch\Downloads)...
[5] 2026-04-14 09:05:52,614 DEBUG DownloadFileInBlocks Status:Complete File location [C:\ProgramData\MspPlatform\FileCacheServiceAgent\cache\https___sis.n-able.com_3rdPartySw_OS_WIN_Applications_Google_Google Drive.zip_2026041406.zip] destination [C:\ProgramData\MspPlatform\PME\ThirdPartyPatch\Downloads\Google Drive.zip]
[5] 2026-04-14 09:05:52,615 DEBUG Download completed successfully. 
[5] 2026-04-14 09:05:52,615 DEBUG FileCacheServiceAgentDownloader.HandleDownloadResult => File was downloaded as "C:\ProgramData\MspPlatform\PME\ThirdPartyPatch\Downloads\Google Drive.zip" with status "Complete"
[1] 2026-04-14 09:05:52,699 DEBUG DownloaderFactory.GetDownloader => Can connect to https://sis.n-able.com/ using FileCacheServiceAgentDownloader
[1] 2026-04-14 09:05:52,699 DEBUG FileCacheServiceAgentDownloader.DownloadFile => url = https://sis.n-able.com/3rdPartySw/Vendors.xml, fileName = C:\ProgramData\MspPlatform\PME\ThirdPartyPatch\Downloads\Vendors.xml
[1] 2026-04-14 09:05:52,700 DEBUG FileCacheServiceAgentDownloader.StartAsyncDownload => Submitting file https://sis.n-able.com/3rdPartySw/Vendors.xml...
[1] 2026-04-14 09:05:52,700 DEBUG FileCacheServiceAgentDownloader.DownloadFile => Waiting for download to be finished
[5] 2026-04-14 09:05:52,702 DEBUG FileCacheServiceAgentDownloader.RetryPolicy => File info is not available yet, trying again in 5s...
[5] 2026-04-14 09:05:57,714 DEBUG FileCacheServiceAgentDownloader.RetryPolicy => File info is not available yet, trying again in 5s...
[5] 2026-04-14 09:06:02,716 DEBUG FileCacheServiceAgentDownloader.HandleDownloadResult => Cache service: update is present [https___sis.n-able.com_3rdPartySw_Vendors.xml_2026041406] [https://sis.n-able.com/3rdPartySw/Vendors.xml]
[5] 2026-04-14 09:06:02,716 DEBUG downloadInfoDetails: isupdatepresent = "true" || cachedLocation = "C:\ProgramData\MspPlatform\FileCacheServiceAgent\cache\https___sis.n-able.com_3rdPartySw_Vendors.xml_2026041406.xml" || filename = "Vendors.xml" || sizeinbytes = "4135" || checksum = "8de80a3dfbbe1d2386f740986f5044d05c426928" || uuid = "https___sis.n-able.com_3rdPartySw_Vendors.xml_2026041406" || url = "https://sis.n-able.com/3rdPartySw/Vendors.xml" || name = "" || kbs = "" || version = "" || architecture = "" || language = "" || cacheddatetime = "2026-4-14 9:5:58 am" || downloadFailed = "false" || 
[5] 2026-04-14 09:06:02,745 DEBUG FileCacheServiceAgentDownloader.HandleDownloadResult => Downloading file (https___sis.n-able.com_3rdPartySw_Vendors.xml_2026041406, C:\ProgramData\MspPlatform\FileCacheServiceAgent\cache\https___sis.n-able.com_3rdPartySw_Vendors.xml_2026041406.xml, Vendors.xml, 4135, C:\ProgramData\MspPlatform\PME\ThirdPartyPatch\Downloads)...
[5] 2026-04-14 09:06:02,747 DEBUG DownloadFileInBlocks Status:Complete File location [C:\ProgramData\MspPlatform\FileCacheServiceAgent\cache\https___sis.n-able.com_3rdPartySw_Vendors.xml_2026041406.xml] destination [C:\ProgramData\MspPlatform\PME\ThirdPartyPatch\Downloads\Vendors.xml]
[5] 2026-04-14 09:06:02,748 DEBUG Download completed successfully. 
[5] 2026-04-14 09:06:02,749 DEBUG FileCacheServiceAgentDownloader.HandleDownloadResult => File was downloaded as "C:\ProgramData\MspPlatform\PME\ThirdPartyPatch\Downloads\Vendors.xml" with status "Complete"
[1] 2026-04-14 09:06:03,092 DEBUG DownloaderFactory.GetDownloader => Can connect to https://sis.n-able.com/ using FileCacheServiceAgentDownloader
[1] 2026-04-14 09:06:03,093 DEBUG FileCacheServiceAgentDownloader.DownloadFile => url = https://sis.n-able.com/Repository.xml, fileName = C:\ProgramData\MspPlatform\PME\ThirdPartyPatch\Downloads\Repository.xml
[1] 2026-04-14 09:06:03,094 DEBUG FileCacheServiceAgentDownloader.StartAsyncDownload => Submitting file https://sis.n-able.com/Repository.xml...
[1] 2026-04-14 09:06:03,104 DEBUG FileCacheServiceAgentDownloader.DownloadFile => Waiting for download to be finished
[5] 2026-04-14 09:06:03,132 DEBUG FileCacheServiceAgentDownloader.HandleDownloadResult => Cache service: update is present [https___sis.n-able.com_Repository.xml_2026041406] [https://sis.n-able.com/Repository.xml]
[5] 2026-04-14 09:06:03,151 DEBUG downloadInfoDetails: isupdatepresent = "true" || cachedLocation = "C:\ProgramData\MspPlatform\FileCacheServiceAgent\cache\https___sis.n-able.com_Repository.xml_2026041406.xml" || filename = "Repository.xml" || sizeinbytes = "5679" || checksum = "0c649b2b4d422697e0e56395453ac63b841b8e65" || uuid = "https___sis.n-able.com_Repository.xml_2026041406" || url = "https://sis.n-able.com/Repository.xml" || name = "" || kbs = "" || version = "" || architecture = "" || language = "" || cacheddatetime = "2026-4-14 9:5:6 am" || downloadFailed = "false" || 
[5] 2026-04-14 09:06:03,152 DEBUG FileCacheServiceAgentDownloader.HandleDownloadResult => Downloading file (https___sis.n-able.com_Repository.xml_2026041406, C:\ProgramData\MspPlatform\FileCacheServiceAgent\cache\https___sis.n-able.com_Repository.xml_2026041406.xml, Repository.xml, 5679, C:\ProgramData\MspPlatform\PME\ThirdPartyPatch\Downloads)...
[5] 2026-04-14 09:06:03,159 DEBUG DownloadFileInBlocks Status:Complete File location [C:\ProgramData\MspPlatform\FileCacheServiceAgent\cache\https___sis.n-able.com_Repository.xml_2026041406.xml] destination [C:\ProgramData\MspPlatform\PME\ThirdPartyPatch\Downloads\Repository.xml]
[5] 2026-04-14 09:06:03,159 DEBUG Download completed successfully. 
[5] 2026-04-14 09:06:03,159 DEBUG FileCacheServiceAgentDownloader.HandleDownloadResult => File was downloaded as "C:\ProgramData\MspPlatform\PME\ThirdPartyPatch\Downloads\Repository.xml" with status "Complete"
[1] 2026-04-14 09:06:03,795 DEBUG DownloaderFactory.GetDownloader => Can connect to https://sis.n-able.com/ using FileCacheServiceAgentDownloader
[1] 2026-04-14 09:06:03,795 DEBUG FileCacheServiceAgentDownloader.DownloadFile => url = https://sis.n-able.com/3rdPartySw/OS/WIN/Applications/Microsoft/Microsoft Edge.zip, fileName = C:\ProgramData\MspPlatform\PME\ThirdPartyPatch\Downloads\Microsoft Edge.zip
[1] 2026-04-14 09:06:03,796 DEBUG FileCacheServiceAgentDownloader.StartAsyncDownload => Submitting file https://sis.n-able.com/3rdPartySw/OS/WIN/Applications/Microsoft/Microsoft Edge.zip...
[1] 2026-04-14 09:06:03,797 DEBUG FileCacheServiceAgentDownloader.DownloadFile => Waiting for download to be finished
[5] 2026-04-14 09:06:03,799 DEBUG FileCacheServiceAgentDownloader.RetryPolicy => File info is not available yet, trying again in 5s...
[5] 2026-04-14 09:06:08,813 DEBUG FileCacheServiceAgentDownloader.RetryPolicy => File info is not available yet, trying again in 5s...
[5] 2026-04-14 09:06:13,826 DEBUG FileCacheServiceAgentDownloader.HandleDownloadResult => Cache service: update is present [https___sis.n-able.com_3rdPartySw_OS_WIN_Applications_Microsoft_Microsoft Edge.zip_2026041406] [https://sis.n-able.com/3rdPartySw/OS/WIN/Applications/Microsoft/Microsoft Edge.zip]
[5] 2026-04-14 09:06:13,827 DEBUG downloadInfoDetails: isupdatepresent = "true" || cachedLocation = "C:\ProgramData\MspPlatform\FileCacheServiceAgent\cache\https___sis.n-able.com_3rdPartySw_OS_WIN_Applications_Microsoft_Microsoft Edge.zip_2026041406.zip" || filename = "Microsoft Edge.zip" || sizeinbytes = "9508" || checksum = "4d7c955e021a134e0e3ee1d5854106fd898cd997" || uuid = "https___sis.n-able.com_3rdPartySw_OS_WIN_Applications_Microsoft_Microsoft Edge.zip_2026041406" || url = "https://sis.n-able.com/3rdPartySw/OS/WIN/Applications/Microsoft/Microsoft Edge.zip" || name = "" || kbs = "" || version = "" || architecture = "" || language = "" || cacheddatetime = "2026-4-14 9:6:9 am" || downloadFailed = "false" || 
[5] 2026-04-14 09:06:13,828 DEBUG FileCacheServiceAgentDownloader.HandleDownloadResult => Downloading file (https___sis.n-able.com_3rdPartySw_OS_WIN_Applications_Microsoft_Microsoft Edge.zip_2026041406, C:\ProgramData\MspPlatform\FileCacheServiceAgent\cache\https___sis.n-able.com_3rdPartySw_OS_WIN_Applications_Microsoft_Microsoft Edge.zip_2026041406.zip, Microsoft Edge.zip, 9508, C:\ProgramData\MspPlatform\PME\ThirdPartyPatch\Downloads)...
[5] 2026-04-14 09:06:13,830 DEBUG DownloadFileInBlocks Status:Complete File location [C:\ProgramData\MspPlatform\FileCacheServiceAgent\cache\https___sis.n-able.com_3rdPartySw_OS_WIN_Applications_Microsoft_Microsoft Edge.zip_2026041406.zip] destination [C:\ProgramData\MspPlatform\PME\ThirdPartyPatch\Downloads\Microsoft Edge.zip]
[5] 2026-04-14 09:06:13,830 DEBUG Download completed successfully. 
[5] 2026-04-14 09:06:13,831 DEBUG FileCacheServiceAgentDownloader.HandleDownloadResult => File was downloaded as "C:\ProgramData\MspPlatform\PME\ThirdPartyPatch\Downloads\Microsoft Edge.zip" with status "Complete"
[1] 2026-04-14 09:08:05,707 DEBUG DownloaderFactory.GetDownloader => Can connect to https://sis.n-able.com/ using FileCacheServiceAgentDownloader
[1] 2026-04-14 09:08:05,708 DEBUG FileCacheServiceAgentDownloader.DownloadFile => url = https://sis.n-able.com/Repository.xml, fileName = C:\ProgramData\MspPlatform\PME\ThirdPartyPatch\Downloads\Repository.xml
[1] 2026-04-14 09:08:05,709 DEBUG FileCacheServiceAgentDownloader.StartAsyncDownload => Submitting file https://sis.n-able.com/Repository.xml...
[1] 2026-04-14 09:08:05,719 DEBUG FileCacheServiceAgentDownloader.DownloadFile => Waiting for download to be finished
[5] 2026-04-14 09:08:05,743 DEBUG FileCacheServiceAgentDownloader.HandleDownloadResult => Cache service: update is present [https___sis.n-able.com_Repository.xml_2026041406] [https://sis.n-able.com/Repository.xml]
[5] 2026-04-14 09:08:05,744 DEBUG downloadInfoDetails: isupdatepresent = "true" || cachedLocation = "C:\ProgramData\MspPlatform\FileCacheServiceAgent\cache\https___sis.n-able.com_Repository.xml_2026041406.xml" || filename = "Repository.xml" || sizeinbytes = "5679" || checksum = "0c649b2b4d422697e0e56395453ac63b841b8e65" || uuid = "https___sis.n-able.com_Repository.xml_2026041406" || url = "https://sis.n-able.com/Repository.xml" || name = "" || kbs = "" || version = "" || architecture = "" || language = "" || cacheddatetime = "2026-4-14 9:5:6 am" || downloadFailed = "false" || 
[5] 2026-04-14 09:08:05,744 DEBUG FileCacheServiceAgentDownloader.HandleDownloadResult => Downloading file (https___sis.n-able.com_Repository.xml_2026041406, C:\ProgramData\MspPlatform\FileCacheServiceAgent\cache\https___sis.n-able.com_Repository.xml_2026041406.xml, Repository.xml, 5679, C:\ProgramData\MspPlatform\PME\ThirdPartyPatch\Downloads)...
[5] 2026-04-14 09:08:05,750 DEBUG DownloadFileInBlocks Status:Complete File location [C:\ProgramData\MspPlatform\FileCacheServiceAgent\cache\https___sis.n-able.com_Repository.xml_2026041406.xml] destination [C:\ProgramData\MspPlatform\PME\ThirdPartyPatch\Downloads\Repository.xml]
[5] 2026-04-14 09:08:05,752 DEBUG Download completed successfully. 
[5] 2026-04-14 09:08:05,752 DEBUG FileCacheServiceAgentDownloader.HandleDownloadResult => File was downloaded as "C:\ProgramData\MspPlatform\PME\ThirdPartyPatch\Downloads\Repository.xml" with status "Complete"
[1] 2026-04-14 09:08:06,666 DEBUG DownloaderFactory.GetDownloader => Can connect to https://sis.n-able.com/ using FileCacheServiceAgentDownloader
[1] 2026-04-14 09:08:06,666 DEBUG FileCacheServiceAgentDownloader.DownloadFile => url = https://sis.n-able.com/Repository.xml, fileName = C:\ProgramData\MspPlatform\PME\ThirdPartyPatch\Downloads\Repository.xml
[1] 2026-04-14 09:08:06,667 DEBUG FileCacheServiceAgentDownloader.StartAsyncDownload => Submitting file https://sis.n-able.com/Repository.xml...
[1] 2026-04-14 09:08:06,676 DEBUG FileCacheServiceAgentDownloader.DownloadFile => Waiting for download to be finished
[5] 2026-04-14 09:08:06,700 DEBUG FileCacheServiceAgentDownloader.HandleDownloadResult => Cache service: update is present [https___sis.n-able.com_Repository.xml_2026041406] [https://sis.n-able.com/Repository.xml]
[5] 2026-04-14 09:08:06,701 DEBUG downloadInfoDetails: isupdatepresent = "true" || cachedLocation = "C:\ProgramData\MspPlatform\FileCacheServiceAgent\cache\https___sis.n-able.com_Repository.xml_2026041406.xml" || filename = "Repository.xml" || sizeinbytes = "5679" || checksum = "0c649b2b4d422697e0e56395453ac63b841b8e65" || uuid = "https___sis.n-able.com_Repository.xml_2026041406" || url = "https://sis.n-able.com/Repository.xml" || name = "" || kbs = "" || version = "" || architecture = "" || language = "" || cacheddatetime = "2026-4-14 9:5:6 am" || downloadFailed = "false" || 
[5] 2026-04-14 09:08:06,701 DEBUG FileCacheServiceAgentDownloader.HandleDownloadResult => Downloading file (https___sis.n-able.com_Repository.xml_2026041406, C:\ProgramData\MspPlatform\FileCacheServiceAgent\cache\https___sis.n-able.com_Repository.xml_2026041406.xml, Repository.xml, 5679, C:\ProgramData\MspPlatform\PME\ThirdPartyPatch\Downloads)...
[5] 2026-04-14 09:08:06,706 DEBUG DownloadFileInBlocks Status:Complete File location [C:\ProgramData\MspPlatform\FileCacheServiceAgent\cache\https___sis.n-able.com_Repository.xml_2026041406.xml] destination [C:\ProgramData\MspPlatform\PME\ThirdPartyPatch\Downloads\Repository.xml]
[5] 2026-04-14 09:08:06,706 DEBUG Download completed successfully. 
[5] 2026-04-14 09:08:06,706 DEBUG FileCacheServiceAgentDownloader.HandleDownloadResult => File was downloaded as "C:\ProgramData\MspPlatform\PME\ThirdPartyPatch\Downloads\Repository.xml" with status "Complete"
[1] 2026-04-14 11:14:02,686 DEBUG DownloaderFactory.GetDownloader => Can connect to https://sis.n-able.com/ using FileCacheServiceAgentDownloader
[1] 2026-04-14 11:14:02,687 DEBUG FileCacheServiceAgentDownloader.DownloadFile => url = https://sis.n-able.com/Repository.xml, fileName = C:\ProgramData\MspPlatform\PME\ThirdPartyPatch\Downloads\Repository.xml
[1] 2026-04-14 11:14:02,688 DEBUG FileCacheServiceAgentDownloader.StartAsyncDownload => Submitting file https://sis.n-able.com/Repository.xml...
[1] 2026-04-14 11:14:02,704 DEBUG FileCacheServiceAgentDownloader.DownloadFile => Waiting for download to be finished
[5] 2026-04-14 11:14:02,753 DEBUG FileCacheServiceAgentDownloader.HandleDownloadResult => Cache service: update is present [https___sis.n-able.com_Repository.xml_2026041406] [https://sis.n-able.com/Repository.xml]
[5] 2026-04-14 11:14:02,754 DEBUG downloadInfoDetails: isupdatepresent = "true" || cachedLocation = "C:\ProgramData\MspPlatform\FileCacheServiceAgent\cache\https___sis.n-able.com_Repository.xml_2026041406.xml" || filename = "Repository.xml" || sizeinbytes = "5679" || checksum = "0c649b2b4d422697e0e56395453ac63b841b8e65" || uuid = "https___sis.n-able.com_Repository.xml_2026041406" || url = "https://sis.n-able.com/Repository.xml" || name = "" || kbs = "" || version = "" || architecture = "" || language = "" || cacheddatetime = "2026-4-14 9:5:6 am" || downloadFailed = "false" || 
[5] 2026-04-14 11:14:02,755 DEBUG FileCacheServiceAgentDownloader.HandleDownloadResult => Downloading file (https___sis.n-able.com_Repository.xml_2026041406, C:\ProgramData\MspPlatform\FileCacheServiceAgent\cache\https___sis.n-able.com_Repository.xml_2026041406.xml, Repository.xml, 5679, C:\ProgramData\MspPlatform\PME\ThirdPartyPatch\Downloads)...
[5] 2026-04-14 11:14:02,766 DEBUG DownloadFileInBlocks Status:Complete File location [C:\ProgramData\MspPlatform\FileCacheServiceAgent\cache\https___sis.n-able.com_Repository.xml_2026041406.xml] destination [C:\ProgramData\MspPlatform\PME\ThirdPartyPatch\Downloads\Repository.xml]
[5] 2026-04-14 11:14:02,766 DEBUG Download completed successfully. 
[5] 2026-04-14 11:14:02,767 DEBUG FileCacheServiceAgentDownloader.HandleDownloadResult => File was downloaded as "C:\ProgramData\MspPlatform\PME\ThirdPartyPatch\Downloads\Repository.xml" with status "Complete"
[1] 2026-04-14 11:20:53,692 DEBUG DownloaderFactory.GetDownloader => Can connect to https://sis.n-able.com/ using FileCacheServiceAgentDownloader
[1] 2026-04-14 11:20:53,694 DEBUG FileCacheServiceAgentDownloader.DownloadFile => url = https://sis.n-able.com/Repository.xml, fileName = C:\ProgramData\MspPlatform\PME\ThirdPartyPatch\Downloads\Repository.xml
[1] 2026-04-14 11:20:53,696 DEBUG FileCacheServiceAgentDownloader.StartAsyncDownload => Submitting file https://sis.n-able.com/Repository.xml...
[1] 2026-04-14 11:20:53,716 DEBUG FileCacheServiceAgentDownloader.DownloadFile => Waiting for download to be finished
[5] 2026-04-14 11:20:53,778 DEBUG FileCacheServiceAgentDownloader.HandleDownloadResult => Cache service: update is present [https___sis.n-able.com_Repository.xml_2026041406] [https://sis.n-able.com/Repository.xml]
[5] 2026-04-14 11:20:53,778 DEBUG downloadInfoDetails: isupdatepresent = "true" || cachedLocation = "C:\ProgramData\MspPlatform\FileCacheServiceAgent\cache\https___sis.n-able.com_Repository.xml_2026041406.xml" || filename = "Repository.xml" || sizeinbytes = "5679" || checksum = "0c649b2b4d422697e0e56395453ac63b841b8e65" || uuid = "https___sis.n-able.com_Repository.xml_2026041406" || url = "https://sis.n-able.com/Repository.xml" || name = "" || kbs = "" || version = "" || architecture = "" || language = "" || cacheddatetime = "2026-4-14 9:5:6 am" || downloadFailed = "false" || 
[5] 2026-04-14 11:20:53,778 DEBUG FileCacheServiceAgentDownloader.HandleDownloadResult => Downloading file (https___sis.n-able.com_Repository.xml_2026041406, C:\ProgramData\MspPlatform\FileCacheServiceAgent\cache\https___sis.n-able.com_Repository.xml_2026041406.xml, Repository.xml, 5679, C:\ProgramData\MspPlatform\PME\ThirdPartyPatch\Downloads)...
[5] 2026-04-14 11:20:53,795 DEBUG DownloadFileInBlocks Status:Complete File location [C:\ProgramData\MspPlatform\FileCacheServiceAgent\cache\https___sis.n-able.com_Repository.xml_2026041406.xml] destination [C:\ProgramData\MspPlatform\PME\ThirdPartyPatch\Downloads\Repository.xml]
[5] 2026-04-14 11:20:53,796 DEBUG Download completed successfully. 
[5] 2026-04-14 11:20:53,800 DEBUG FileCacheServiceAgentDownloader.HandleDownloadResult => File was downloaded as "C:\ProgramData\MspPlatform\PME\ThirdPartyPatch\Downloads\Repository.xml" with status "Complete"
[1] 2026-04-15 11:03:05,860 DEBUG DownloaderFactory.GetDownloader => Can connect to https://sis.n-able.com/ using FileCacheServiceAgentDownloader
[1] 2026-04-15 11:03:05,861 DEBUG FileCacheServiceAgentDownloader.DownloadFile => url = https://sis.n-able.com/Repository.xml, fileName = C:\ProgramData\MspPlatform\PME\ThirdPartyPatch\Downloads\Repository.xml
[1] 2026-04-15 11:03:05,862 DEBUG FileCacheServiceAgentDownloader.StartAsyncDownload => Submitting file https://sis.n-able.com/Repository.xml...
[1] 2026-04-15 11:03:05,870 DEBUG FileCacheServiceAgentDownloader.DownloadFile => Waiting for download to be finished
[5] 2026-04-15 11:03:05,887 DEBUG FileCacheServiceAgentDownloader.RetryPolicy => File info is not available yet, trying again in 5s...
[5] 2026-04-15 11:03:10,906 DEBUG FileCacheServiceAgentDownloader.RetryPolicy => File info is not available yet, trying again in 5s...
[5] 2026-04-15 11:03:15,920 DEBUG FileCacheServiceAgentDownloader.HandleDownloadResult => Cache service: update is present [https___sis.n-able.com_Repository.xml_2026041506] [https://sis.n-able.com/Repository.xml]
[5] 2026-04-15 11:03:15,922 DEBUG downloadInfoDetails: isupdatepresent = "true" || cachedLocation = "C:\ProgramData\MspPlatform\FileCacheServiceAgent\cache\https___sis.n-able.com_Repository.xml_2026041506.xml" || filename = "Repository.xml" || sizeinbytes = "5391" || checksum = "79a6dd9bd6070146407e4882692308e40a20bff9" || uuid = "https___sis.n-able.com_Repository.xml_2026041506" || url = "https://sis.n-able.com/Repository.xml" || name = "" || kbs = "" || version = "" || architecture = "" || language = "" || cacheddatetime = "2026-4-15 11:3:11 am" || downloadFailed = "false" || 
[5] 2026-04-15 11:03:15,922 DEBUG FileCacheServiceAgentDownloader.HandleDownloadResult => Downloading file (https___sis.n-able.com_Repository.xml_2026041506, C:\ProgramData\MspPlatform\FileCacheServiceAgent\cache\https___sis.n-able.com_Repository.xml_2026041506.xml, Repository.xml, 5391, C:\ProgramData\MspPlatform\PME\ThirdPartyPatch\Downloads)...
[5] 2026-04-15 11:03:15,929 DEBUG DownloadFileInBlocks Status:Complete File location [C:\ProgramData\MspPlatform\FileCacheServiceAgent\cache\https___sis.n-able.com_Repository.xml_2026041506.xml] destination [C:\ProgramData\MspPlatform\PME\ThirdPartyPatch\Downloads\Repository.xml]
[5] 2026-04-15 11:03:15,929 DEBUG Download completed successfully. 
[5] 2026-04-15 11:03:15,929 DEBUG FileCacheServiceAgentDownloader.HandleDownloadResult => File was downloaded as "C:\ProgramData\MspPlatform\PME\ThirdPartyPatch\Downloads\Repository.xml" with status "Complete"
[1] 2026-04-15 11:03:16,813 DEBUG DownloaderFactory.GetDownloader => Can connect to https://sis.n-able.com/ using FileCacheServiceAgentDownloader
[1] 2026-04-15 11:03:16,814 DEBUG FileCacheServiceAgentDownloader.DownloadFile => url = https://sis.n-able.com/Repository.xml, fileName = C:\ProgramData\MspPlatform\PME\ThirdPartyPatch\Downloads\Repository.xml
[1] 2026-04-15 11:03:16,814 DEBUG FileCacheServiceAgentDownloader.StartAsyncDownload => Submitting file https://sis.n-able.com/Repository.xml...
[1] 2026-04-15 11:03:16,821 DEBUG FileCacheServiceAgentDownloader.DownloadFile => Waiting for download to be finished
[5] 2026-04-15 11:03:16,841 DEBUG FileCacheServiceAgentDownloader.HandleDownloadResult => Cache service: update is present [https___sis.n-able.com_Repository.xml_2026041506] [https://sis.n-able.com/Repository.xml]
[5] 2026-04-15 11:03:16,841 DEBUG downloadInfoDetails: isupdatepresent = "true" || cachedLocation = "C:\ProgramData\MspPlatform\FileCacheServiceAgent\cache\https___sis.n-able.com_Repository.xml_2026041506.xml" || filename = "Repository.xml" || sizeinbytes = "5391" || checksum = "79a6dd9bd6070146407e4882692308e40a20bff9" || uuid = "https___sis.n-able.com_Repository.xml_2026041506" || url = "https://sis.n-able.com/Repository.xml" || name = "" || kbs = "" || version = "" || architecture = "" || language = "" || cacheddatetime = "2026-4-15 11:3:11 am" || downloadFailed = "false" || 
[5] 2026-04-15 11:03:16,841 DEBUG FileCacheServiceAgentDownloader.HandleDownloadResult => Downloading file (https___sis.n-able.com_Repository.xml_2026041506, C:\ProgramData\MspPlatform\FileCacheServiceAgent\cache\https___sis.n-able.com_Repository.xml_2026041506.xml, Repository.xml, 5391, C:\ProgramData\MspPlatform\PME\ThirdPartyPatch\Downloads)...
[5] 2026-04-15 11:03:16,845 DEBUG DownloadFileInBlocks Status:Complete File location [C:\ProgramData\MspPlatform\FileCacheServiceAgent\cache\https___sis.n-able.com_Repository.xml_2026041506.xml] destination [C:\ProgramData\MspPlatform\PME\ThirdPartyPatch\Downloads\Repository.xml]
[5] 2026-04-15 11:03:16,845 DEBUG Download completed successfully. 
[5] 2026-04-15 11:03:16,846 DEBUG FileCacheServiceAgentDownloader.HandleDownloadResult => File was downloaded as "C:\ProgramData\MspPlatform\PME\ThirdPartyPatch\Downloads\Repository.xml" with status "Complete"
[1] 2026-04-16 09:31:08,405 DEBUG DownloaderFactory.GetDownloader => Can connect to https://sis.n-able.com/ using FileCacheServiceAgentDownloader
[1] 2026-04-16 09:31:08,407 DEBUG FileCacheServiceAgentDownloader.DownloadFile => url = https://sis.n-able.com/Repository.xml, fileName = C:\ProgramData\MspPlatform\PME\ThirdPartyPatch\Downloads\Repository.xml
[1] 2026-04-16 09:31:08,407 DEBUG FileCacheServiceAgentDownloader.StartAsyncDownload => Submitting file https://sis.n-able.com/Repository.xml...
[1] 2026-04-16 09:31:08,414 DEBUG FileCacheServiceAgentDownloader.DownloadFile => Waiting for download to be finished
[5] 2026-04-16 09:31:08,449 DEBUG FileCacheServiceAgentDownloader.RetryPolicy => File info is not available yet, trying again in 5s...
[5] 2026-04-16 09:31:13,457 DEBUG FileCacheServiceAgentDownloader.RetryPolicy => File info is not available yet, trying again in 5s...
[5] 2026-04-16 09:31:18,459 DEBUG FileCacheServiceAgentDownloader.HandleDownloadResult => Cache service: update is present [https___sis.n-able.com_Repository.xml_2026041606] [https://sis.n-able.com/Repository.xml]
[5] 2026-04-16 09:31:18,461 DEBUG downloadInfoDetails: isupdatepresent = "true" || cachedLocation = "C:\ProgramData\MspPlatform\FileCacheServiceAgent\cache\https___sis.n-able.com_Repository.xml_2026041606.xml" || filename = "Repository.xml" || sizeinbytes = "5391" || checksum = "ae5c427a3d7c268d5517b567b268f3b90093497a" || uuid = "https___sis.n-able.com_Repository.xml_2026041606" || url = "https://sis.n-able.com/Repository.xml" || name = "" || kbs = "" || version = "" || architecture = "" || language = "" || cacheddatetime = "2026-4-16 9:31:13 am" || downloadFailed = "false" || 
[5] 2026-04-16 09:31:18,462 DEBUG FileCacheServiceAgentDownloader.HandleDownloadResult => Downloading file (https___sis.n-able.com_Repository.xml_2026041606, C:\ProgramData\MspPlatform\FileCacheServiceAgent\cache\https___sis.n-able.com_Repository.xml_2026041606.xml, Repository.xml, 5391, C:\ProgramData\MspPlatform\PME\ThirdPartyPatch\Downloads)...
[5] 2026-04-16 09:31:18,470 DEBUG DownloadFileInBlocks Status:Complete File location [C:\ProgramData\MspPlatform\FileCacheServiceAgent\cache\https___sis.n-able.com_Repository.xml_2026041606.xml] destination [C:\ProgramData\MspPlatform\PME\ThirdPartyPatch\Downloads\Repository.xml]
[5] 2026-04-16 09:31:18,470 DEBUG Download completed successfully. 
[5] 2026-04-16 09:31:18,471 DEBUG FileCacheServiceAgentDownloader.HandleDownloadResult => File was downloaded as "C:\ProgramData\MspPlatform\PME\ThirdPartyPatch\Downloads\Repository.xml" with status "Complete"
[1] 2026-04-16 09:31:18,485 DEBUG DownloaderFactory.GetDownloader => Can connect to https://sis.n-able.com/ using FileCacheServiceAgentDownloader
[1] 2026-04-16 09:31:18,487 DEBUG FileCacheServiceAgentDownloader.DownloadFile => url = https://sis.n-able.com/3rdPartySw/ThirdPartySoftware.xml, fileName = C:\ProgramData\MspPlatform\PME\ThirdPartyPatch\Downloads\ThirdPartySoftware.xml
[1] 2026-04-16 09:31:18,488 DEBUG FileCacheServiceAgentDownloader.StartAsyncDownload => Submitting file https://sis.n-able.com/3rdPartySw/ThirdPartySoftware.xml...
[1] 2026-04-16 09:31:18,488 DEBUG FileCacheServiceAgentDownloader.DownloadFile => Waiting for download to be finished
[6] 2026-04-16 09:31:18,490 DEBUG FileCacheServiceAgentDownloader.RetryPolicy => File info is not available yet, trying again in 5s...
[6] 2026-04-16 09:31:23,492 DEBUG FileCacheServiceAgentDownloader.RetryPolicy => File info is not available yet, trying again in 5s...
[6] 2026-04-16 09:31:28,501 DEBUG FileCacheServiceAgentDownloader.HandleDownloadResult => Cache service: update is present [https___sis.n-able.com_3rdPartySw_ThirdPartySoftware.xml_2026041606] [https://sis.n-able.com/3rdPartySw/ThirdPartySoftware.xml]
[6] 2026-04-16 09:31:28,502 DEBUG downloadInfoDetails: isupdatepresent = "true" || cachedLocation = "C:\ProgramData\MspPlatform\FileCacheServiceAgent\cache\https___sis.n-able.com_3rdPartySw_ThirdPartySoftware.xml_2026041606.xml" || filename = "ThirdPartySoftware.xml" || sizeinbytes = "114917" || checksum = "11b8b62551448949ac7697b216ac060c9105ff59" || uuid = "https___sis.n-able.com_3rdPartySw_ThirdPartySoftware.xml_2026041606" || url = "https://sis.n-able.com/3rdPartySw/ThirdPartySoftware.xml" || name = "" || kbs = "" || version = "" || architecture = "" || language = "" || cacheddatetime = "2026-4-16 9:31:24 am" || downloadFailed = "false" || 
[6] 2026-04-16 09:31:28,502 DEBUG FileCacheServiceAgentDownloader.HandleDownloadResult => Downloading file (https___sis.n-able.com_3rdPartySw_ThirdPartySoftware.xml_2026041606, C:\ProgramData\MspPlatform\FileCacheServiceAgent\cache\https___sis.n-able.com_3rdPartySw_ThirdPartySoftware.xml_2026041606.xml, ThirdPartySoftware.xml, 114917, C:\ProgramData\MspPlatform\PME\ThirdPartyPatch\Downloads)...
[6] 2026-04-16 09:31:28,505 DEBUG DownloadFileInBlocks Status:Complete File location [C:\ProgramData\MspPlatform\FileCacheServiceAgent\cache\https___sis.n-able.com_3rdPartySw_ThirdPartySoftware.xml_2026041606.xml] destination [C:\ProgramData\MspPlatform\PME\ThirdPartyPatch\Downloads\ThirdPartySoftware.xml]
[6] 2026-04-16 09:31:28,505 DEBUG Download completed successfully. 
[6] 2026-04-16 09:31:28,505 DEBUG FileCacheServiceAgentDownloader.HandleDownloadResult => File was downloaded as "C:\ProgramData\MspPlatform\PME\ThirdPartyPatch\Downloads\ThirdPartySoftware.xml" with status "Complete"
[1] 2026-04-16 09:31:29,166 DEBUG DownloaderFactory.GetDownloader => Can connect to https://sis.n-able.com/ using FileCacheServiceAgentDownloader
[1] 2026-04-16 09:31:29,166 DEBUG FileCacheServiceAgentDownloader.DownloadFile => url = https://sis.n-able.com/3rdPartySw/OS/WIN/Applications/Google/Chrome.zip, fileName = C:\ProgramData\MspPlatform\PME\ThirdPartyPatch\Downloads\Chrome.zip
[1] 2026-04-16 09:31:29,166 DEBUG FileCacheServiceAgentDownloader.StartAsyncDownload => Submitting file https://sis.n-able.com/3rdPartySw/OS/WIN/Applications/Google/Chrome.zip...
[1] 2026-04-16 09:31:29,166 DEBUG FileCacheServiceAgentDownloader.DownloadFile => Waiting for download to be finished
[6] 2026-04-16 09:31:29,169 DEBUG FileCacheServiceAgentDownloader.RetryPolicy => File info is not available yet, trying again in 5s...
[6] 2026-04-16 09:31:34,182 DEBUG FileCacheServiceAgentDownloader.RetryPolicy => File info is not available yet, trying again in 5s...
[6] 2026-04-16 09:31:39,197 DEBUG FileCacheServiceAgentDownloader.HandleDownloadResult => Cache service: update is present [https___sis.n-able.com_3rdPartySw_OS_WIN_Applications_Google_Chrome.zip_2026041606] [https://sis.n-able.com/3rdPartySw/OS/WIN/Applications/Google/Chrome.zip]
[6] 2026-04-16 09:31:39,198 DEBUG downloadInfoDetails: isupdatepresent = "true" || cachedLocation = "C:\ProgramData\MspPlatform\FileCacheServiceAgent\cache\https___sis.n-able.com_3rdPartySw_OS_WIN_Applications_Google_Chrome.zip_2026041606.zip" || filename = "Chrome.zip" || sizeinbytes = "16242" || checksum = "b595e9cc0fcab5dc29f3db21e6920f38d36a2ee1" || uuid = "https___sis.n-able.com_3rdPartySw_OS_WIN_Applications_Google_Chrome.zip_2026041606" || url = "https://sis.n-able.com/3rdPartySw/OS/WIN/Applications/Google/Chrome.zip" || name = "" || kbs = "" || version = "" || architecture = "" || language = "" || cacheddatetime = "2026-4-16 9:31:34 am" || downloadFailed = "false" || 
[6] 2026-04-16 09:31:39,198 DEBUG FileCacheServiceAgentDownloader.HandleDownloadResult => Downloading file (https___sis.n-able.com_3rdPartySw_OS_WIN_Applications_Google_Chrome.zip_2026041606, C:\ProgramData\MspPlatform\FileCacheServiceAgent\cache\https___sis.n-able.com_3rdPartySw_OS_WIN_Applications_Google_Chrome.zip_2026041606.zip, Chrome.zip, 16242, C:\ProgramData\MspPlatform\PME\ThirdPartyPatch\Downloads)...
[6] 2026-04-16 09:31:39,200 DEBUG DownloadFileInBlocks Status:Complete File location [C:\ProgramData\MspPlatform\FileCacheServiceAgent\cache\https___sis.n-able.com_3rdPartySw_OS_WIN_Applications_Google_Chrome.zip_2026041606.zip] destination [C:\ProgramData\MspPlatform\PME\ThirdPartyPatch\Downloads\Chrome.zip]
[6] 2026-04-16 09:31:39,200 DEBUG Download completed successfully. 
[6] 2026-04-16 09:31:39,200 DEBUG FileCacheServiceAgentDownloader.HandleDownloadResult => File was downloaded as "C:\ProgramData\MspPlatform\PME\ThirdPartyPatch\Downloads\Chrome.zip" with status "Complete"
[1] 2026-04-16 09:31:39,297 DEBUG DownloaderFactory.GetDownloader => Can connect to https://sis.n-able.com/ using FileCacheServiceAgentDownloader
[1] 2026-04-16 09:31:39,297 DEBUG FileCacheServiceAgentDownloader.DownloadFile => url = https://sis.n-able.com/3rdPartySw/OS/WIN/Applications/Microsoft/OneDrive.zip, fileName = C:\ProgramData\MspPlatform\PME\ThirdPartyPatch\Downloads\OneDrive.zip
[1] 2026-04-16 09:31:39,298 DEBUG FileCacheServiceAgentDownloader.StartAsyncDownload => Submitting file https://sis.n-able.com/3rdPartySw/OS/WIN/Applications/Microsoft/OneDrive.zip...
[1] 2026-04-16 09:31:39,298 DEBUG FileCacheServiceAgentDownloader.DownloadFile => Waiting for download to be finished
[5] 2026-04-16 09:31:39,300 DEBUG FileCacheServiceAgentDownloader.RetryPolicy => File info is not available yet, trying again in 5s...
[5] 2026-04-16 09:31:44,301 DEBUG FileCacheServiceAgentDownloader.RetryPolicy => File info is not available yet, trying again in 5s...
[5] 2026-04-16 09:31:49,306 DEBUG FileCacheServiceAgentDownloader.HandleDownloadResult => Cache service: update is present [https___sis.n-able.com_3rdPartySw_OS_WIN_Applications_Microsoft_OneDrive.zip_2026041606] [https://sis.n-able.com/3rdPartySw/OS/WIN/Applications/Microsoft/OneDrive.zip]
[5] 2026-04-16 09:31:49,307 DEBUG downloadInfoDetails: isupdatepresent = "true" || cachedLocation = "C:\ProgramData\MspPlatform\FileCacheServiceAgent\cache\https___sis.n-able.com_3rdPartySw_OS_WIN_Applications_Microsoft_OneDrive.zip_2026041606.zip" || filename = "OneDrive.zip" || sizeinbytes = "32551" || checksum = "2a389c5ca7090a924c06631f82df0ad92128bb54" || uuid = "https___sis.n-able.com_3rdPartySw_OS_WIN_Applications_Microsoft_OneDrive.zip_2026041606" || url = "https://sis.n-able.com/3rdPartySw/OS/WIN/Applications/Microsoft/OneDrive.zip" || name = "" || kbs = "" || version = "" || architecture = "" || language = "" || cacheddatetime = "2026-4-16 9:31:44 am" || downloadFailed = "false" || 
[5] 2026-04-16 09:31:49,307 DEBUG FileCacheServiceAgentDownloader.HandleDownloadResult => Downloading file (https___sis.n-able.com_3rdPartySw_OS_WIN_Applications_Microsoft_OneDrive.zip_2026041606, C:\ProgramData\MspPlatform\FileCacheServiceAgent\cache\https___sis.n-able.com_3rdPartySw_OS_WIN_Applications_Microsoft_OneDrive.zip_2026041606.zip, OneDrive.zip, 32551, C:\ProgramData\MspPlatform\PME\ThirdPartyPatch\Downloads)...
[5] 2026-04-16 09:31:49,311 DEBUG DownloadFileInBlocks Status:Complete File location [C:\ProgramData\MspPlatform\FileCacheServiceAgent\cache\https___sis.n-able.com_3rdPartySw_OS_WIN_Applications_Microsoft_OneDrive.zip_2026041606.zip] destination [C:\ProgramData\MspPlatform\PME\ThirdPartyPatch\Downloads\OneDrive.zip]
[5] 2026-04-16 09:31:49,311 DEBUG Download completed successfully. 
[5] 2026-04-16 09:31:49,312 DEBUG FileCacheServiceAgentDownloader.HandleDownloadResult => File was downloaded as "C:\ProgramData\MspPlatform\PME\ThirdPartyPatch\Downloads\OneDrive.zip" with status "Complete"
[1] 2026-04-16 09:31:49,318 DEBUG DownloaderFactory.GetDownloader => Can connect to https://sis.n-able.com/ using FileCacheServiceAgentDownloader
[1] 2026-04-16 09:31:49,318 DEBUG FileCacheServiceAgentDownloader.DownloadFile => url = https://sis.n-able.com/3rdPartySw/OS/WIN/Applications/Google/Google Drive.zip, fileName = C:\ProgramData\MspPlatform\PME\ThirdPartyPatch\Downloads\Google Drive.zip
[1] 2026-04-16 09:31:49,318 DEBUG FileCacheServiceAgentDownloader.StartAsyncDownload => Submitting file https://sis.n-able.com/3rdPartySw/OS/WIN/Applications/Google/Google Drive.zip...
[1] 2026-04-16 09:31:49,319 DEBUG FileCacheServiceAgentDownloader.DownloadFile => Waiting for download to be finished
[6] 2026-04-16 09:31:49,320 DEBUG FileCacheServiceAgentDownloader.RetryPolicy => File info is not available yet, trying again in 5s...
[6] 2026-04-16 09:31:54,324 DEBUG FileCacheServiceAgentDownloader.RetryPolicy => File info is not available yet, trying again in 5s...
[6] 2026-04-16 09:31:59,331 DEBUG FileCacheServiceAgentDownloader.HandleDownloadResult => Cache service: update is present [https___sis.n-able.com_3rdPartySw_OS_WIN_Applications_Google_Google Drive.zip_2026041606] [https://sis.n-able.com/3rdPartySw/OS/WIN/Applications/Google/Google Drive.zip]
[6] 2026-04-16 09:31:59,332 DEBUG downloadInfoDetails: isupdatepresent = "true" || cachedLocation = "C:\ProgramData\MspPlatform\FileCacheServiceAgent\cache\https___sis.n-able.com_3rdPartySw_OS_WIN_Applications_Google_Google Drive.zip_2026041606.zip" || filename = "Google Drive.zip" || sizeinbytes = "27612" || checksum = "b0ab36ca62742bbbe75dd93777de41698be9eeb1" || uuid = "https___sis.n-able.com_3rdPartySw_OS_WIN_Applications_Google_Google Drive.zip_2026041606" || url = "https://sis.n-able.com/3rdPartySw/OS/WIN/Applications/Google/Google Drive.zip" || name = "" || kbs = "" || version = "" || architecture = "" || language = "" || cacheddatetime = "2026-4-16 9:31:54 am" || downloadFailed = "false" || 
[6] 2026-04-16 09:31:59,332 DEBUG FileCacheServiceAgentDownloader.HandleDownloadResult => Downloading file (https___sis.n-able.com_3rdPartySw_OS_WIN_Applications_Google_Google Drive.zip_2026041606, C:\ProgramData\MspPlatform\FileCacheServiceAgent\cache\https___sis.n-able.com_3rdPartySw_OS_WIN_Applications_Google_Google Drive.zip_2026041606.zip, Google Drive.zip, 27612, C:\ProgramData\MspPlatform\PME\ThirdPartyPatch\Downloads)...
[6] 2026-04-16 09:31:59,333 DEBUG DownloadFileInBlocks Status:Complete File location [C:\ProgramData\MspPlatform\FileCacheServiceAgent\cache\https___sis.n-able.com_3rdPartySw_OS_WIN_Applications_Google_Google Drive.zip_2026041606.zip] destination [C:\ProgramData\MspPlatform\PME\ThirdPartyPatch\Downloads\Google Drive.zip]
[6] 2026-04-16 09:31:59,334 DEBUG Download completed successfully. 
[6] 2026-04-16 09:31:59,334 DEBUG FileCacheServiceAgentDownloader.HandleDownloadResult => File was downloaded as "C:\ProgramData\MspPlatform\PME\ThirdPartyPatch\Downloads\Google Drive.zip" with status "Complete"
[1] 2026-04-16 09:31:59,338 DEBUG DownloaderFactory.GetDownloader => Can connect to https://sis.n-able.com/ using FileCacheServiceAgentDownloader
[1] 2026-04-16 09:31:59,338 DEBUG FileCacheServiceAgentDownloader.DownloadFile => url = https://sis.n-able.com/3rdPartySw/OS/WIN/Applications/Microsoft/Microsoft Edge.zip, fileName = C:\ProgramData\MspPlatform\PME\ThirdPartyPatch\Downloads\Microsoft Edge.zip
[1] 2026-04-16 09:31:59,338 DEBUG FileCacheServiceAgentDownloader.StartAsyncDownload => Submitting file https://sis.n-able.com/3rdPartySw/OS/WIN/Applications/Microsoft/Microsoft Edge.zip...
[1] 2026-04-16 09:31:59,339 DEBUG FileCacheServiceAgentDownloader.DownloadFile => Waiting for download to be finished
[6] 2026-04-16 09:31:59,340 DEBUG FileCacheServiceAgentDownloader.RetryPolicy => File info is not available yet, trying again in 5s...
[6] 2026-04-16 09:32:04,343 DEBUG FileCacheServiceAgentDownloader.RetryPolicy => File info is not available yet, trying again in 5s...
[6] 2026-04-16 09:32:09,349 DEBUG FileCacheServiceAgentDownloader.HandleDownloadResult => Cache service: update is present [https___sis.n-able.com_3rdPartySw_OS_WIN_Applications_Microsoft_Microsoft Edge.zip_2026041606] [https://sis.n-able.com/3rdPartySw/OS/WIN/Applications/Microsoft/Microsoft Edge.zip]
[6] 2026-04-16 09:32:09,350 DEBUG downloadInfoDetails: isupdatepresent = "true" || cachedLocation = "C:\ProgramData\MspPlatform\FileCacheServiceAgent\cache\https___sis.n-able.com_3rdPartySw_OS_WIN_Applications_Microsoft_Microsoft Edge.zip_2026041606.zip" || filename = "Microsoft Edge.zip" || sizeinbytes = "9508" || checksum = "4d7c955e021a134e0e3ee1d5854106fd898cd997" || uuid = "https___sis.n-able.com_3rdPartySw_OS_WIN_Applications_Microsoft_Microsoft Edge.zip_2026041606" || url = "https://sis.n-able.com/3rdPartySw/OS/WIN/Applications/Microsoft/Microsoft Edge.zip" || name = "" || kbs = "" || version = "" || architecture = "" || language = "" || cacheddatetime = "2026-4-16 9:32:4 am" || downloadFailed = "false" || 
[6] 2026-04-16 09:32:09,350 DEBUG FileCacheServiceAgentDownloader.HandleDownloadResult => Downloading file (https___sis.n-able.com_3rdPartySw_OS_WIN_Applications_Microsoft_Microsoft Edge.zip_2026041606, C:\ProgramData\MspPlatform\FileCacheServiceAgent\cache\https___sis.n-able.com_3rdPartySw_OS_WIN_Applications_Microsoft_Microsoft Edge.zip_2026041606.zip, Microsoft Edge.zip, 9508, C:\ProgramData\MspPlatform\PME\ThirdPartyPatch\Downloads)...
[6] 2026-04-16 09:32:09,352 DEBUG DownloadFileInBlocks Status:Complete File location [C:\ProgramData\MspPlatform\FileCacheServiceAgent\cache\https___sis.n-able.com_3rdPartySw_OS_WIN_Applications_Microsoft_Microsoft Edge.zip_2026041606.zip] destination [C:\ProgramData\MspPlatform\PME\ThirdPartyPatch\Downloads\Microsoft Edge.zip]
[6] 2026-04-16 09:32:09,352 DEBUG Download completed successfully. 
[6] 2026-04-16 09:32:09,352 DEBUG FileCacheServiceAgentDownloader.HandleDownloadResult => File was downloaded as "C:\ProgramData\MspPlatform\PME\ThirdPartyPatch\Downloads\Microsoft Edge.zip" with status "Complete"
[1] 2026-04-16 09:32:09,405 DEBUG DownloaderFactory.GetDownloader => Can connect to https://sis.n-able.com/ using FileCacheServiceAgentDownloader
[1] 2026-04-16 09:32:09,405 DEBUG FileCacheServiceAgentDownloader.DownloadFile => url = https://sis.n-able.com/3rdPartySw/Vendors.xml, fileName = C:\ProgramData\MspPlatform\PME\ThirdPartyPatch\Downloads\Vendors.xml
[1] 2026-04-16 09:32:09,405 DEBUG FileCacheServiceAgentDownloader.StartAsyncDownload => Submitting file https://sis.n-able.com/3rdPartySw/Vendors.xml...
[1] 2026-04-16 09:32:09,406 DEBUG FileCacheServiceAgentDownloader.DownloadFile => Waiting for download to be finished
[6] 2026-04-16 09:32:09,407 DEBUG FileCacheServiceAgentDownloader.RetryPolicy => File info is not available yet, trying again in 5s...
[6] 2026-04-16 09:32:14,421 DEBUG FileCacheServiceAgentDownloader.RetryPolicy => File info is not available yet, trying again in 5s...
[6] 2026-04-16 09:32:19,425 DEBUG FileCacheServiceAgentDownloader.HandleDownloadResult => Cache service: update is present [https___sis.n-able.com_3rdPartySw_Vendors.xml_2026041606] [https://sis.n-able.com/3rdPartySw/Vendors.xml]
[6] 2026-04-16 09:32:19,426 DEBUG downloadInfoDetails: isupdatepresent = "true" || cachedLocation = "C:\ProgramData\MspPlatform\FileCacheServiceAgent\cache\https___sis.n-able.com_3rdPartySw_Vendors.xml_2026041606.xml" || filename = "Vendors.xml" || sizeinbytes = "4135" || checksum = "8de80a3dfbbe1d2386f740986f5044d05c426928" || uuid = "https___sis.n-able.com_3rdPartySw_Vendors.xml_2026041606" || url = "https://sis.n-able.com/3rdPartySw/Vendors.xml" || name = "" || kbs = "" || version = "" || architecture = "" || language = "" || cacheddatetime = "2026-4-16 9:32:14 am" || downloadFailed = "false" || 
[6] 2026-04-16 09:32:19,426 DEBUG FileCacheServiceAgentDownloader.HandleDownloadResult => Downloading file (https___sis.n-able.com_3rdPartySw_Vendors.xml_2026041606, C:\ProgramData\MspPlatform\FileCacheServiceAgent\cache\https___sis.n-able.com_3rdPartySw_Vendors.xml_2026041606.xml, Vendors.xml, 4135, C:\ProgramData\MspPlatform\PME\ThirdPartyPatch\Downloads)...
[6] 2026-04-16 09:32:19,427 DEBUG DownloadFileInBlocks Status:Complete File location [C:\ProgramData\MspPlatform\FileCacheServiceAgent\cache\https___sis.n-able.com_3rdPartySw_Vendors.xml_2026041606.xml] destination [C:\ProgramData\MspPlatform\PME\ThirdPartyPatch\Downloads\Vendors.xml]
[6] 2026-04-16 09:32:19,428 DEBUG Download completed successfully. 
[6] 2026-04-16 09:32:19,428 DEBUG FileCacheServiceAgentDownloader.HandleDownloadResult => File was downloaded as "C:\ProgramData\MspPlatform\PME\ThirdPartyPatch\Downloads\Vendors.xml" with status "Complete"
[1] 2026-04-16 09:32:19,620 DEBUG DownloaderFactory.GetDownloader => Can connect to https://sis.n-able.com/ using FileCacheServiceAgentDownloader
[1] 2026-04-16 09:32:19,620 DEBUG FileCacheServiceAgentDownloader.DownloadFile => url = https://sis.n-able.com/Repository.xml, fileName = C:\ProgramData\MspPlatform\PME\ThirdPartyPatch\Downloads\Repository.xml
[1] 2026-04-16 09:32:19,621 DEBUG FileCacheServiceAgentDownloader.StartAsyncDownload => Submitting file https://sis.n-able.com/Repository.xml...
[1] 2026-04-16 09:32:19,627 DEBUG FileCacheServiceAgentDownloader.DownloadFile => Waiting for download to be finished
[5] 2026-04-16 09:32:19,645 DEBUG FileCacheServiceAgentDownloader.HandleDownloadResult => Cache service: update is present [https___sis.n-able.com_Repository.xml_2026041606] [https://sis.n-able.com/Repository.xml]
[5] 2026-04-16 09:32:19,645 DEBUG downloadInfoDetails: isupdatepresent = "true" || cachedLocation = "C:\ProgramData\MspPlatform\FileCacheServiceAgent\cache\https___sis.n-able.com_Repository.xml_2026041606.xml" || filename = "Repository.xml" || sizeinbytes = "5391" || checksum = "ae5c427a3d7c268d5517b567b268f3b90093497a" || uuid = "https___sis.n-able.com_Repository.xml_2026041606" || url = "https://sis.n-able.com/Repository.xml" || name = "" || kbs = "" || version = "" || architecture = "" || language = "" || cacheddatetime = "2026-4-16 9:31:13 am" || downloadFailed = "false" || 
[5] 2026-04-16 09:32:19,645 DEBUG FileCacheServiceAgentDownloader.HandleDownloadResult => Downloading file (https___sis.n-able.com_Repository.xml_2026041606, C:\ProgramData\MspPlatform\FileCacheServiceAgent\cache\https___sis.n-able.com_Repository.xml_2026041606.xml, Repository.xml, 5391, C:\ProgramData\MspPlatform\PME\ThirdPartyPatch\Downloads)...
[5] 2026-04-16 09:32:19,649 DEBUG DownloadFileInBlocks Status:Complete File location [C:\ProgramData\MspPlatform\FileCacheServiceAgent\cache\https___sis.n-able.com_Repository.xml_2026041606.xml] destination [C:\ProgramData\MspPlatform\PME\ThirdPartyPatch\Downloads\Repository.xml]
[5] 2026-04-16 09:32:19,649 DEBUG Download completed successfully. 
[5] 2026-04-16 09:32:19,650 DEBUG FileCacheServiceAgentDownloader.HandleDownloadResult => File was downloaded as "C:\ProgramData\MspPlatform\PME\ThirdPartyPatch\Downloads\Repository.xml" with status "Complete"
[1] 2026-04-16 11:02:35,555 DEBUG DownloaderFactory.GetDownloader => Can connect to https://sis.n-able.com/ using FileCacheServiceAgentDownloader
[1] 2026-04-16 11:02:35,556 DEBUG FileCacheServiceAgentDownloader.DownloadFile => url = https://sis.n-able.com/Repository.xml, fileName = C:\ProgramData\MspPlatform\PME\ThirdPartyPatch\Downloads\Repository.xml
[1] 2026-04-16 11:02:35,556 DEBUG FileCacheServiceAgentDownloader.StartAsyncDownload => Submitting file https://sis.n-able.com/Repository.xml...
[1] 2026-04-16 11:02:35,563 DEBUG FileCacheServiceAgentDownloader.DownloadFile => Waiting for download to be finished
[5] 2026-04-16 11:02:35,580 DEBUG FileCacheServiceAgentDownloader.HandleDownloadResult => Cache service: update is present [https___sis.n-able.com_Repository.xml_2026041606] [https://sis.n-able.com/Repository.xml]
[5] 2026-04-16 11:02:35,580 DEBUG downloadInfoDetails: isupdatepresent = "true" || cachedLocation = "C:\ProgramData\MspPlatform\FileCacheServiceAgent\cache\https___sis.n-able.com_Repository.xml_2026041606.xml" || filename = "Repository.xml" || sizeinbytes = "5391" || checksum = "ae5c427a3d7c268d5517b567b268f3b90093497a" || uuid = "https___sis.n-able.com_Repository.xml_2026041606" || url = "https://sis.n-able.com/Repository.xml" || name = "" || kbs = "" || version = "" || architecture = "" || language = "" || cacheddatetime = "2026-4-16 9:31:13 am" || downloadFailed = "false" || 
[5] 2026-04-16 11:02:35,580 DEBUG FileCacheServiceAgentDownloader.HandleDownloadResult => Downloading file (https___sis.n-able.com_Repository.xml_2026041606, C:\ProgramData\MspPlatform\FileCacheServiceAgent\cache\https___sis.n-able.com_Repository.xml_2026041606.xml, Repository.xml, 5391, C:\ProgramData\MspPlatform\PME\ThirdPartyPatch\Downloads)...
[5] 2026-04-16 11:02:35,584 DEBUG DownloadFileInBlocks Status:Complete File location [C:\ProgramData\MspPlatform\FileCacheServiceAgent\cache\https___sis.n-able.com_Repository.xml_2026041606.xml] destination [C:\ProgramData\MspPlatform\PME\ThirdPartyPatch\Downloads\Repository.xml]
[5] 2026-04-16 11:02:35,584 DEBUG Download completed successfully. 
[5] 2026-04-16 11:02:35,585 DEBUG FileCacheServiceAgentDownloader.HandleDownloadResult => File was downloaded as "C:\ProgramData\MspPlatform\PME\ThirdPartyPatch\Downloads\Repository.xml" with status "Complete"
[1] 2026-04-16 11:02:36,163 DEBUG DownloaderFactory.GetDownloader => Can connect to https://sis.n-able.com/ using FileCacheServiceAgentDownloader
[1] 2026-04-16 11:02:36,163 DEBUG FileCacheServiceAgentDownloader.DownloadFile => url = https://sis.n-able.com/Repository.xml, fileName = C:\ProgramData\MspPlatform\PME\ThirdPartyPatch\Downloads\Repository.xml
[1] 2026-04-16 11:02:36,164 DEBUG FileCacheServiceAgentDownloader.StartAsyncDownload => Submitting file https://sis.n-able.com/Repository.xml...
[1] 2026-04-16 11:02:36,169 DEBUG FileCacheServiceAgentDownloader.DownloadFile => Waiting for download to be finished
[5] 2026-04-16 11:02:36,186 DEBUG FileCacheServiceAgentDownloader.HandleDownloadResult => Cache service: update is present [https___sis.n-able.com_Repository.xml_2026041606] [https://sis.n-able.com/Repository.xml]
[5] 2026-04-16 11:02:36,186 DEBUG downloadInfoDetails: isupdatepresent = "true" || cachedLocation = "C:\ProgramData\MspPlatform\FileCacheServiceAgent\cache\https___sis.n-able.com_Repository.xml_2026041606.xml" || filename = "Repository.xml" || sizeinbytes = "5391" || checksum = "ae5c427a3d7c268d5517b567b268f3b90093497a" || uuid = "https___sis.n-able.com_Repository.xml_2026041606" || url = "https://sis.n-able.com/Repository.xml" || name = "" || kbs = "" || version = "" || architecture = "" || language = "" || cacheddatetime = "2026-4-16 9:31:13 am" || downloadFailed = "false" || 
[5] 2026-04-16 11:02:36,187 DEBUG FileCacheServiceAgentDownloader.HandleDownloadResult => Downloading file (https___sis.n-able.com_Repository.xml_2026041606, C:\ProgramData\MspPlatform\FileCacheServiceAgent\cache\https___sis.n-able.com_Repository.xml_2026041606.xml, Repository.xml, 5391, C:\ProgramData\MspPlatform\PME\ThirdPartyPatch\Downloads)...
[5] 2026-04-16 11:02:36,190 DEBUG DownloadFileInBlocks Status:Complete File location [C:\ProgramData\MspPlatform\FileCacheServiceAgent\cache\https___sis.n-able.com_Repository.xml_2026041606.xml] destination [C:\ProgramData\MspPlatform\PME\ThirdPartyPatch\Downloads\Repository.xml]
[5] 2026-04-16 11:02:36,192 DEBUG Download completed successfully. 
[5] 2026-04-16 11:02:36,192 DEBUG FileCacheServiceAgentDownloader.HandleDownloadResult => File was downloaded as "C:\ProgramData\MspPlatform\PME\ThirdPartyPatch\Downloads\Repository.xml" with status "Complete"
[1] 2026-04-18 08:36:02,845 DEBUG DownloaderFactory.GetDownloader => Can connect to https://sis.n-able.com/ using FileCacheServiceAgentDownloader
[1] 2026-04-18 08:36:02,846 DEBUG FileCacheServiceAgentDownloader.DownloadFile => url = https://sis.n-able.com/Repository.xml, fileName = C:\ProgramData\MspPlatform\PME\ThirdPartyPatch\Downloads\Repository.xml
[1] 2026-04-18 08:36:02,848 DEBUG FileCacheServiceAgentDownloader.StartAsyncDownload => Submitting file https://sis.n-able.com/Repository.xml...
[1] 2026-04-18 08:36:02,861 DEBUG FileCacheServiceAgentDownloader.DownloadFile => Waiting for download to be finished
[5] 2026-04-18 08:36:02,901 DEBUG FileCacheServiceAgentDownloader.RetryPolicy => File info is not available yet, trying again in 5s...
[5] 2026-04-18 08:36:07,922 DEBUG FileCacheServiceAgentDownloader.RetryPolicy => File info is not available yet, trying again in 5s...
[5] 2026-04-18 08:36:12,940 DEBUG FileCacheServiceAgentDownloader.HandleDownloadResult => Cache service: update is present [https___sis.n-able.com_Repository.xml_2026041806] [https://sis.n-able.com/Repository.xml]
[5] 2026-04-18 08:36:12,969 DEBUG downloadInfoDetails: isupdatepresent = "true" || cachedLocation = "C:\ProgramData\MspPlatform\FileCacheServiceAgent\cache\https___sis.n-able.com_Repository.xml_2026041806.xml" || filename = "Repository.xml" || sizeinbytes = "5391" || checksum = "d188290c0633acdd53570aab9029ba50b6a7aaa9" || uuid = "https___sis.n-able.com_Repository.xml_2026041806" || url = "https://sis.n-able.com/Repository.xml" || name = "" || kbs = "" || version = "" || architecture = "" || language = "" || cacheddatetime = "2026-4-18 8:36:8 am" || downloadFailed = "false" || 
[5] 2026-04-18 08:36:12,974 DEBUG FileCacheServiceAgentDownloader.HandleDownloadResult => Downloading file (https___sis.n-able.com_Repository.xml_2026041806, C:\ProgramData\MspPlatform\FileCacheServiceAgent\cache\https___sis.n-able.com_Repository.xml_2026041806.xml, Repository.xml, 5391, C:\ProgramData\MspPlatform\PME\ThirdPartyPatch\Downloads)...
[5] 2026-04-18 08:36:12,991 DEBUG DownloadFileInBlocks Status:Complete File location [C:\ProgramData\MspPlatform\FileCacheServiceAgent\cache\https___sis.n-able.com_Repository.xml_2026041806.xml] destination [C:\ProgramData\MspPlatform\PME\ThirdPartyPatch\Downloads\Repository.xml]
[5] 2026-04-18 08:36:12,992 DEBUG Download completed successfully. 
[5] 2026-04-18 08:36:12,992 DEBUG FileCacheServiceAgentDownloader.HandleDownloadResult => File was downloaded as "C:\ProgramData\MspPlatform\PME\ThirdPartyPatch\Downloads\Repository.xml" with status "Complete"
[1] 2026-04-18 08:36:13,035 DEBUG DownloaderFactory.GetDownloader => Can connect to https://sis.n-able.com/ using FileCacheServiceAgentDownloader
[1] 2026-04-18 08:36:13,037 DEBUG FileCacheServiceAgentDownloader.DownloadFile => url = https://sis.n-able.com/3rdPartySw/ThirdPartySoftware.xml, fileName = C:\ProgramData\MspPlatform\PME\ThirdPartyPatch\Downloads\ThirdPartySoftware.xml
[1] 2026-04-18 08:36:13,038 DEBUG FileCacheServiceAgentDownloader.StartAsyncDownload => Submitting file https://sis.n-able.com/3rdPartySw/ThirdPartySoftware.xml...
[1] 2026-04-18 08:36:13,039 DEBUG FileCacheServiceAgentDownloader.DownloadFile => Waiting for download to be finished
[5] 2026-04-18 08:36:13,042 DEBUG FileCacheServiceAgentDownloader.RetryPolicy => File info is not available yet, trying again in 5s...
[5] 2026-04-18 08:36:18,054 DEBUG FileCacheServiceAgentDownloader.RetryPolicy => File info is not available yet, trying again in 5s...
[5] 2026-04-18 08:36:23,059 DEBUG FileCacheServiceAgentDownloader.HandleDownloadResult => Cache service: update is present [https___sis.n-able.com_3rdPartySw_ThirdPartySoftware.xml_2026041806] [https://sis.n-able.com/3rdPartySw/ThirdPartySoftware.xml]
[5] 2026-04-18 08:36:23,061 DEBUG downloadInfoDetails: isupdatepresent = "true" || cachedLocation = "C:\ProgramData\MspPlatform\FileCacheServiceAgent\cache\https___sis.n-able.com_3rdPartySw_ThirdPartySoftware.xml_2026041806.xml" || filename = "ThirdPartySoftware.xml" || sizeinbytes = "114918" || checksum = "bedf50bd5943985be1d02e959297699d138a88e1" || uuid = "https___sis.n-able.com_3rdPartySw_ThirdPartySoftware.xml_2026041806" || url = "https://sis.n-able.com/3rdPartySw/ThirdPartySoftware.xml" || name = "" || kbs = "" || version = "" || architecture = "" || language = "" || cacheddatetime = "2026-4-18 8:36:18 am" || downloadFailed = "false" || 
[5] 2026-04-18 08:36:23,061 DEBUG FileCacheServiceAgentDownloader.HandleDownloadResult => Downloading file (https___sis.n-able.com_3rdPartySw_ThirdPartySoftware.xml_2026041806, C:\ProgramData\MspPlatform\FileCacheServiceAgent\cache\https___sis.n-able.com_3rdPartySw_ThirdPartySoftware.xml_2026041806.xml, ThirdPartySoftware.xml, 114918, C:\ProgramData\MspPlatform\PME\ThirdPartyPatch\Downloads)...
[5] 2026-04-18 08:36:23,067 DEBUG DownloadFileInBlocks Status:Complete File location [C:\ProgramData\MspPlatform\FileCacheServiceAgent\cache\https___sis.n-able.com_3rdPartySw_ThirdPartySoftware.xml_2026041806.xml] destination [C:\ProgramData\MspPlatform\PME\ThirdPartyPatch\Downloads\ThirdPartySoftware.xml]
[5] 2026-04-18 08:36:23,068 DEBUG Download completed successfully. 
[5] 2026-04-18 08:36:23,068 DEBUG FileCacheServiceAgentDownloader.HandleDownloadResult => File was downloaded as "C:\ProgramData\MspPlatform\PME\ThirdPartyPatch\Downloads\ThirdPartySoftware.xml" with status "Complete"
[1] 2026-04-18 08:36:24,529 DEBUG DownloaderFactory.GetDownloader => Can connect to https://sis.n-able.com/ using FileCacheServiceAgentDownloader
[1] 2026-04-18 08:36:24,530 DEBUG FileCacheServiceAgentDownloader.DownloadFile => url = https://sis.n-able.com/3rdPartySw/OS/WIN/Applications/Microsoft/OneDrive.zip, fileName = C:\ProgramData\MspPlatform\PME\ThirdPartyPatch\Downloads\OneDrive.zip
[1] 2026-04-18 08:36:24,531 DEBUG FileCacheServiceAgentDownloader.StartAsyncDownload => Submitting file https://sis.n-able.com/3rdPartySw/OS/WIN/Applications/Microsoft/OneDrive.zip...
[1] 2026-04-18 08:36:24,532 DEBUG FileCacheServiceAgentDownloader.DownloadFile => Waiting for download to be finished
[5] 2026-04-18 08:36:24,534 DEBUG FileCacheServiceAgentDownloader.RetryPolicy => File info is not available yet, trying again in 5s...
[5] 2026-04-18 08:36:29,552 DEBUG FileCacheServiceAgentDownloader.RetryPolicy => File info is not available yet, trying again in 5s...
[5] 2026-04-18 08:36:34,563 DEBUG FileCacheServiceAgentDownloader.HandleDownloadResult => Cache service: update is present [https___sis.n-able.com_3rdPartySw_OS_WIN_Applications_Microsoft_OneDrive.zip_2026041806] [https://sis.n-able.com/3rdPartySw/OS/WIN/Applications/Microsoft/OneDrive.zip]
[5] 2026-04-18 08:36:34,565 DEBUG downloadInfoDetails: isupdatepresent = "true" || cachedLocation = "C:\ProgramData\MspPlatform\FileCacheServiceAgent\cache\https___sis.n-able.com_3rdPartySw_OS_WIN_Applications_Microsoft_OneDrive.zip_2026041806.zip" || filename = "OneDrive.zip" || sizeinbytes = "32551" || checksum = "2a389c5ca7090a924c06631f82df0ad92128bb54" || uuid = "https___sis.n-able.com_3rdPartySw_OS_WIN_Applications_Microsoft_OneDrive.zip_2026041806" || url = "https://sis.n-able.com/3rdPartySw/OS/WIN/Applications/Microsoft/OneDrive.zip" || name = "" || kbs = "" || version = "" || architecture = "" || language = "" || cacheddatetime = "2026-4-18 8:36:30 am" || downloadFailed = "false" || 
[5] 2026-04-18 08:36:34,565 DEBUG FileCacheServiceAgentDownloader.HandleDownloadResult => Downloading file (https___sis.n-able.com_3rdPartySw_OS_WIN_Applications_Microsoft_OneDrive.zip_2026041806, C:\ProgramData\MspPlatform\FileCacheServiceAgent\cache\https___sis.n-able.com_3rdPartySw_OS_WIN_Applications_Microsoft_OneDrive.zip_2026041806.zip, OneDrive.zip, 32551, C:\ProgramData\MspPlatform\PME\ThirdPartyPatch\Downloads)...
[5] 2026-04-18 08:36:34,569 DEBUG DownloadFileInBlocks Status:Complete File location [C:\ProgramData\MspPlatform\FileCacheServiceAgent\cache\https___sis.n-able.com_3rdPartySw_OS_WIN_Applications_Microsoft_OneDrive.zip_2026041806.zip] destination [C:\ProgramData\MspPlatform\PME\ThirdPartyPatch\Downloads\OneDrive.zip]
[5] 2026-04-18 08:36:34,570 DEBUG Download completed successfully. 
[5] 2026-04-18 08:36:34,570 DEBUG FileCacheServiceAgentDownloader.HandleDownloadResult => File was downloaded as "C:\ProgramData\MspPlatform\PME\ThirdPartyPatch\Downloads\OneDrive.zip" with status "Complete"
[1] 2026-04-18 08:36:34,751 DEBUG DownloaderFactory.GetDownloader => Can connect to https://sis.n-able.com/ using FileCacheServiceAgentDownloader
[1] 2026-04-18 08:36:34,752 DEBUG FileCacheServiceAgentDownloader.DownloadFile => url = https://sis.n-able.com/3rdPartySw/OS/WIN/Applications/Google/Google Drive.zip, fileName = C:\ProgramData\MspPlatform\PME\ThirdPartyPatch\Downloads\Google Drive.zip
[1] 2026-04-18 08:36:34,752 DEBUG FileCacheServiceAgentDownloader.StartAsyncDownload => Submitting file https://sis.n-able.com/3rdPartySw/OS/WIN/Applications/Google/Google Drive.zip...
[1] 2026-04-18 08:36:34,753 DEBUG FileCacheServiceAgentDownloader.DownloadFile => Waiting for download to be finished
[6] 2026-04-18 08:36:34,756 DEBUG FileCacheServiceAgentDownloader.RetryPolicy => File info is not available yet, trying again in 5s...
[6] 2026-04-18 08:36:39,803 DEBUG FileCacheServiceAgentDownloader.RetryPolicy => File info is not available yet, trying again in 5s...
[6] 2026-04-18 08:36:44,811 DEBUG FileCacheServiceAgentDownloader.HandleDownloadResult => Cache service: update is present [https___sis.n-able.com_3rdPartySw_OS_WIN_Applications_Google_Google Drive.zip_2026041806] [https://sis.n-able.com/3rdPartySw/OS/WIN/Applications/Google/Google Drive.zip]
[6] 2026-04-18 08:36:44,814 DEBUG downloadInfoDetails: isupdatepresent = "true" || cachedLocation = "C:\ProgramData\MspPlatform\FileCacheServiceAgent\cache\https___sis.n-able.com_3rdPartySw_OS_WIN_Applications_Google_Google Drive.zip_2026041806.zip" || filename = "Google Drive.zip" || sizeinbytes = "27612" || checksum = "b0ab36ca62742bbbe75dd93777de41698be9eeb1" || uuid = "https___sis.n-able.com_3rdPartySw_OS_WIN_Applications_Google_Google Drive.zip_2026041806" || url = "https://sis.n-able.com/3rdPartySw/OS/WIN/Applications/Google/Google Drive.zip" || name = "" || kbs = "" || version = "" || architecture = "" || language = "" || cacheddatetime = "2026-4-18 8:36:40 am" || downloadFailed = "false" || 
[6] 2026-04-18 08:36:44,815 DEBUG FileCacheServiceAgentDownloader.HandleDownloadResult => Downloading file (https___sis.n-able.com_3rdPartySw_OS_WIN_Applications_Google_Google Drive.zip_2026041806, C:\ProgramData\MspPlatform\FileCacheServiceAgent\cache\https___sis.n-able.com_3rdPartySw_OS_WIN_Applications_Google_Google Drive.zip_2026041806.zip, Google Drive.zip, 27612, C:\ProgramData\MspPlatform\PME\ThirdPartyPatch\Downloads)...
[6] 2026-04-18 08:36:44,821 DEBUG DownloadFileInBlocks Status:Complete File location [C:\ProgramData\MspPlatform\FileCacheServiceAgent\cache\https___sis.n-able.com_3rdPartySw_OS_WIN_Applications_Google_Google Drive.zip_2026041806.zip] destination [C:\ProgramData\MspPlatform\PME\ThirdPartyPatch\Downloads\Google Drive.zip]
[6] 2026-04-18 08:36:44,821 DEBUG Download completed successfully. 
[6] 2026-04-18 08:36:44,822 DEBUG FileCacheServiceAgentDownloader.HandleDownloadResult => File was downloaded as "C:\ProgramData\MspPlatform\PME\ThirdPartyPatch\Downloads\Google Drive.zip" with status "Complete"
[1] 2026-04-18 08:36:44,919 DEBUG DownloaderFactory.GetDownloader => Can connect to https://sis.n-able.com/ using FileCacheServiceAgentDownloader
[1] 2026-04-18 08:36:44,919 DEBUG FileCacheServiceAgentDownloader.DownloadFile => url = https://sis.n-able.com/3rdPartySw/Vendors.xml, fileName = C:\ProgramData\MspPlatform\PME\ThirdPartyPatch\Downloads\Vendors.xml
[1] 2026-04-18 08:36:44,920 DEBUG FileCacheServiceAgentDownloader.StartAsyncDownload => Submitting file https://sis.n-able.com/3rdPartySw/Vendors.xml...
[1] 2026-04-18 08:36:44,921 DEBUG FileCacheServiceAgentDownloader.DownloadFile => Waiting for download to be finished
[6] 2026-04-18 08:36:44,922 DEBUG FileCacheServiceAgentDownloader.RetryPolicy => File info is not available yet, trying again in 5s...
[6] 2026-04-18 08:36:49,927 DEBUG FileCacheServiceAgentDownloader.RetryPolicy => File info is not available yet, trying again in 5s...
[6] 2026-04-18 08:36:54,937 DEBUG FileCacheServiceAgentDownloader.HandleDownloadResult => Cache service: update is present [https___sis.n-able.com_3rdPartySw_Vendors.xml_2026041806] [https://sis.n-able.com/3rdPartySw/Vendors.xml]
[6] 2026-04-18 08:36:54,938 DEBUG downloadInfoDetails: isupdatepresent = "true" || cachedLocation = "C:\ProgramData\MspPlatform\FileCacheServiceAgent\cache\https___sis.n-able.com_3rdPartySw_Vendors.xml_2026041806.xml" || filename = "Vendors.xml" || sizeinbytes = "4135" || checksum = "8de80a3dfbbe1d2386f740986f5044d05c426928" || uuid = "https___sis.n-able.com_3rdPartySw_Vendors.xml_2026041806" || url = "https://sis.n-able.com/3rdPartySw/Vendors.xml" || name = "" || kbs = "" || version = "" || architecture = "" || language = "" || cacheddatetime = "2026-4-18 8:36:50 am" || downloadFailed = "false" || 
[6] 2026-04-18 08:36:54,939 DEBUG FileCacheServiceAgentDownloader.HandleDownloadResult => Downloading file (https___sis.n-able.com_3rdPartySw_Vendors.xml_2026041806, C:\ProgramData\MspPlatform\FileCacheServiceAgent\cache\https___sis.n-able.com_3rdPartySw_Vendors.xml_2026041806.xml, Vendors.xml, 4135, C:\ProgramData\MspPlatform\PME\ThirdPartyPatch\Downloads)...
[6] 2026-04-18 08:36:54,945 DEBUG DownloadFileInBlocks Status:Complete File location [C:\ProgramData\MspPlatform\FileCacheServiceAgent\cache\https___sis.n-able.com_3rdPartySw_Vendors.xml_2026041806.xml] destination [C:\ProgramData\MspPlatform\PME\ThirdPartyPatch\Downloads\Vendors.xml]
[6] 2026-04-18 08:36:54,945 DEBUG Download completed successfully. 
[6] 2026-04-18 08:36:54,946 DEBUG FileCacheServiceAgentDownloader.HandleDownloadResult => File was downloaded as "C:\ProgramData\MspPlatform\PME\ThirdPartyPatch\Downloads\Vendors.xml" with status "Complete"
[1] 2026-04-18 08:36:55,480 DEBUG DownloaderFactory.GetDownloader => Can connect to https://sis.n-able.com/ using FileCacheServiceAgentDownloader
[1] 2026-04-18 08:36:55,482 DEBUG FileCacheServiceAgentDownloader.DownloadFile => url = https://sis.n-able.com/Repository.xml, fileName = C:\ProgramData\MspPlatform\PME\ThirdPartyPatch\Downloads\Repository.xml
[1] 2026-04-18 08:36:55,483 DEBUG FileCacheServiceAgentDownloader.StartAsyncDownload => Submitting file https://sis.n-able.com/Repository.xml...
[1] 2026-04-18 08:36:55,504 DEBUG FileCacheServiceAgentDownloader.DownloadFile => Waiting for download to be finished
[5] 2026-04-18 08:36:55,563 DEBUG FileCacheServiceAgentDownloader.HandleDownloadResult => Cache service: update is present [https___sis.n-able.com_Repository.xml_2026041806] [https://sis.n-able.com/Repository.xml]
[5] 2026-04-18 08:36:55,565 DEBUG downloadInfoDetails: isupdatepresent = "true" || cachedLocation = "C:\ProgramData\MspPlatform\FileCacheServiceAgent\cache\https___sis.n-able.com_Repository.xml_2026041806.xml" || filename = "Repository.xml" || sizeinbytes = "5391" || checksum = "d188290c0633acdd53570aab9029ba50b6a7aaa9" || uuid = "https___sis.n-able.com_Repository.xml_2026041806" || url = "https://sis.n-able.com/Repository.xml" || name = "" || kbs = "" || version = "" || architecture = "" || language = "" || cacheddatetime = "2026-4-18 8:36:8 am" || downloadFailed = "false" || 
[5] 2026-04-18 08:36:55,565 DEBUG FileCacheServiceAgentDownloader.HandleDownloadResult => Downloading file (https___sis.n-able.com_Repository.xml_2026041806, C:\ProgramData\MspPlatform\FileCacheServiceAgent\cache\https___sis.n-able.com_Repository.xml_2026041806.xml, Repository.xml, 5391, C:\ProgramData\MspPlatform\PME\ThirdPartyPatch\Downloads)...
[5] 2026-04-18 08:36:55,576 DEBUG DownloadFileInBlocks Status:Complete File location [C:\ProgramData\MspPlatform\FileCacheServiceAgent\cache\https___sis.n-able.com_Repository.xml_2026041806.xml] destination [C:\ProgramData\MspPlatform\PME\ThirdPartyPatch\Downloads\Repository.xml]
[5] 2026-04-18 08:36:55,577 DEBUG Download completed successfully. 
[5] 2026-04-18 08:36:55,579 DEBUG FileCacheServiceAgentDownloader.HandleDownloadResult => File was downloaded as "C:\ProgramData\MspPlatform\PME\ThirdPartyPatch\Downloads\Repository.xml" with status "Complete"
[1] 2026-04-18 08:36:56,704 DEBUG DownloaderFactory.GetDownloader => Can connect to https://sis.n-able.com/ using FileCacheServiceAgentDownloader
[1] 2026-04-18 08:36:56,704 DEBUG FileCacheServiceAgentDownloader.DownloadFile => url = https://sis.n-able.com/3rdPartySw/OS/WIN/Applications/Google/Chrome.zip, fileName = C:\ProgramData\MspPlatform\PME\ThirdPartyPatch\Downloads\Chrome.zip
[1] 2026-04-18 08:36:56,704 DEBUG FileCacheServiceAgentDownloader.StartAsyncDownload => Submitting file https://sis.n-able.com/3rdPartySw/OS/WIN/Applications/Google/Chrome.zip...
[1] 2026-04-18 08:36:56,722 DEBUG FileCacheServiceAgentDownloader.DownloadFile => Waiting for download to be finished
[6] 2026-04-18 08:36:56,725 DEBUG FileCacheServiceAgentDownloader.RetryPolicy => File info is not available yet, trying again in 5s...
[6] 2026-04-18 08:37:01,739 DEBUG FileCacheServiceAgentDownloader.RetryPolicy => File info is not available yet, trying again in 5s...
[6] 2026-04-18 08:37:06,753 DEBUG FileCacheServiceAgentDownloader.HandleDownloadResult => Cache service: update is present [https___sis.n-able.com_3rdPartySw_OS_WIN_Applications_Google_Chrome.zip_2026041806] [https://sis.n-able.com/3rdPartySw/OS/WIN/Applications/Google/Chrome.zip]
[6] 2026-04-18 08:37:06,754 DEBUG downloadInfoDetails: isupdatepresent = "true" || cachedLocation = "C:\ProgramData\MspPlatform\FileCacheServiceAgent\cache\https___sis.n-able.com_3rdPartySw_OS_WIN_Applications_Google_Chrome.zip_2026041806.zip" || filename = "Chrome.zip" || sizeinbytes = "16308" || checksum = "88ae7c10d73498267aa9c780c9d107179eb9e898" || uuid = "https___sis.n-able.com_3rdPartySw_OS_WIN_Applications_Google_Chrome.zip_2026041806" || url = "https://sis.n-able.com/3rdPartySw/OS/WIN/Applications/Google/Chrome.zip" || name = "" || kbs = "" || version = "" || architecture = "" || language = "" || cacheddatetime = "2026-4-18 8:37:2 am" || downloadFailed = "false" || 
[6] 2026-04-18 08:37:06,755 DEBUG FileCacheServiceAgentDownloader.HandleDownloadResult => Downloading file (https___sis.n-able.com_3rdPartySw_OS_WIN_Applications_Google_Chrome.zip_2026041806, C:\ProgramData\MspPlatform\FileCacheServiceAgent\cache\https___sis.n-able.com_3rdPartySw_OS_WIN_Applications_Google_Chrome.zip_2026041806.zip, Chrome.zip, 16308, C:\ProgramData\MspPlatform\PME\ThirdPartyPatch\Downloads)...
[6] 2026-04-18 08:37:06,761 DEBUG DownloadFileInBlocks Status:Complete File location [C:\ProgramData\MspPlatform\FileCacheServiceAgent\cache\https___sis.n-able.com_3rdPartySw_OS_WIN_Applications_Google_Chrome.zip_2026041806.zip] destination [C:\ProgramData\MspPlatform\PME\ThirdPartyPatch\Downloads\Chrome.zip]
[6] 2026-04-18 08:37:06,762 DEBUG Download completed successfully. 
[6] 2026-04-18 08:37:06,763 DEBUG FileCacheServiceAgentDownloader.HandleDownloadResult => File was downloaded as "C:\ProgramData\MspPlatform\PME\ThirdPartyPatch\Downloads\Chrome.zip" with status "Complete"
[1] 2026-04-18 08:37:06,929 DEBUG DownloaderFactory.GetDownloader => Can connect to https://sis.n-able.com/ using FileCacheServiceAgentDownloader
[1] 2026-04-18 08:37:06,930 DEBUG FileCacheServiceAgentDownloader.DownloadFile => url = https://sis.n-able.com/3rdPartySw/OS/WIN/Applications/Microsoft/Microsoft Edge.zip, fileName = C:\ProgramData\MspPlatform\PME\ThirdPartyPatch\Downloads\Microsoft Edge.zip
[1] 2026-04-18 08:37:06,931 DEBUG FileCacheServiceAgentDownloader.StartAsyncDownload => Submitting file https://sis.n-able.com/3rdPartySw/OS/WIN/Applications/Microsoft/Microsoft Edge.zip...
[1] 2026-04-18 08:37:06,932 DEBUG FileCacheServiceAgentDownloader.DownloadFile => Waiting for download to be finished
[6] 2026-04-18 08:37:06,934 DEBUG FileCacheServiceAgentDownloader.RetryPolicy => File info is not available yet, trying again in 5s...
[6] 2026-04-18 08:37:11,940 DEBUG FileCacheServiceAgentDownloader.RetryPolicy => File info is not available yet, trying again in 5s...
[6] 2026-04-18 08:37:16,948 DEBUG FileCacheServiceAgentDownloader.HandleDownloadResult => Cache service: update is present [https___sis.n-able.com_3rdPartySw_OS_WIN_Applications_Microsoft_Microsoft Edge.zip_2026041806] [https://sis.n-able.com/3rdPartySw/OS/WIN/Applications/Microsoft/Microsoft Edge.zip]
[6] 2026-04-18 08:37:16,948 DEBUG downloadInfoDetails: isupdatepresent = "true" || cachedLocation = "C:\ProgramData\MspPlatform\FileCacheServiceAgent\cache\https___sis.n-able.com_3rdPartySw_OS_WIN_Applications_Microsoft_Microsoft Edge.zip_2026041806.zip" || filename = "Microsoft Edge.zip" || sizeinbytes = "9576" || checksum = "d0537a7a9004e403d57037d9b28901e39b005575" || uuid = "https___sis.n-able.com_3rdPartySw_OS_WIN_Applications_Microsoft_Microsoft Edge.zip_2026041806" || url = "https://sis.n-able.com/3rdPartySw/OS/WIN/Applications/Microsoft/Microsoft Edge.zip" || name = "" || kbs = "" || version = "" || architecture = "" || language = "" || cacheddatetime = "2026-4-18 8:37:12 am" || downloadFailed = "false" || 
[6] 2026-04-18 08:37:16,949 DEBUG FileCacheServiceAgentDownloader.HandleDownloadResult => Downloading file (https___sis.n-able.com_3rdPartySw_OS_WIN_Applications_Microsoft_Microsoft Edge.zip_2026041806, C:\ProgramData\MspPlatform\FileCacheServiceAgent\cache\https___sis.n-able.com_3rdPartySw_OS_WIN_Applications_Microsoft_Microsoft Edge.zip_2026041806.zip, Microsoft Edge.zip, 9576, C:\ProgramData\MspPlatform\PME\ThirdPartyPatch\Downloads)...
[6] 2026-04-18 08:37:16,951 DEBUG DownloadFileInBlocks Status:Complete File location [C:\ProgramData\MspPlatform\FileCacheServiceAgent\cache\https___sis.n-able.com_3rdPartySw_OS_WIN_Applications_Microsoft_Microsoft Edge.zip_2026041806.zip] destination [C:\ProgramData\MspPlatform\PME\ThirdPartyPatch\Downloads\Microsoft Edge.zip]
[6] 2026-04-18 08:37:16,952 DEBUG Download completed successfully. 
[6] 2026-04-18 08:37:16,953 DEBUG FileCacheServiceAgentDownloader.HandleDownloadResult => File was downloaded as "C:\ProgramData\MspPlatform\PME\ThirdPartyPatch\Downloads\Microsoft Edge.zip" with status "Complete"
[1] 2026-04-19 08:35:41,476 DEBUG DownloaderFactory.GetDownloader => Can connect to https://sis.n-able.com/ using FileCacheServiceAgentDownloader
[1] 2026-04-19 08:35:41,477 DEBUG FileCacheServiceAgentDownloader.DownloadFile => url = https://sis.n-able.com/Repository.xml, fileName = C:\ProgramData\MspPlatform\PME\ThirdPartyPatch\Downloads\Repository.xml
[1] 2026-04-19 08:35:41,479 DEBUG FileCacheServiceAgentDownloader.StartAsyncDownload => Submitting file https://sis.n-able.com/Repository.xml...
[1] 2026-04-19 08:35:41,489 DEBUG FileCacheServiceAgentDownloader.DownloadFile => Waiting for download to be finished
[5] 2026-04-19 08:35:41,516 DEBUG FileCacheServiceAgentDownloader.RetryPolicy => File info is not available yet, trying again in 5s...
[5] 2026-04-19 08:35:46,533 DEBUG FileCacheServiceAgentDownloader.RetryPolicy => File info is not available yet, trying again in 5s...
[5] 2026-04-19 08:35:51,546 DEBUG FileCacheServiceAgentDownloader.HandleDownloadResult => Cache service: update is present [https___sis.n-able.com_Repository.xml_2026041906] [https://sis.n-able.com/Repository.xml]
[5] 2026-04-19 08:35:51,547 DEBUG downloadInfoDetails: isupdatepresent = "true" || cachedLocation = "C:\ProgramData\MspPlatform\FileCacheServiceAgent\cache\https___sis.n-able.com_Repository.xml_2026041906.xml" || filename = "Repository.xml" || sizeinbytes = "5679" || checksum = "7143b154a7233c22abec2624f7f378b5f0c77760" || uuid = "https___sis.n-able.com_Repository.xml_2026041906" || url = "https://sis.n-able.com/Repository.xml" || name = "" || kbs = "" || version = "" || architecture = "" || language = "" || cacheddatetime = "2026-4-19 8:35:47 am" || downloadFailed = "false" || 
[5] 2026-04-19 08:35:51,548 DEBUG FileCacheServiceAgentDownloader.HandleDownloadResult => Downloading file (https___sis.n-able.com_Repository.xml_2026041906, C:\ProgramData\MspPlatform\FileCacheServiceAgent\cache\https___sis.n-able.com_Repository.xml_2026041906.xml, Repository.xml, 5679, C:\ProgramData\MspPlatform\PME\ThirdPartyPatch\Downloads)...
[5] 2026-04-19 08:35:51,593 DEBUG DownloadFileInBlocks Status:Complete File location [C:\ProgramData\MspPlatform\FileCacheServiceAgent\cache\https___sis.n-able.com_Repository.xml_2026041906.xml] destination [C:\ProgramData\MspPlatform\PME\ThirdPartyPatch\Downloads\Repository.xml]
[5] 2026-04-19 08:35:51,595 DEBUG Download completed successfully. 
[5] 2026-04-19 08:35:51,595 DEBUG FileCacheServiceAgentDownloader.HandleDownloadResult => File was downloaded as "C:\ProgramData\MspPlatform\PME\ThirdPartyPatch\Downloads\Repository.xml" with status "Complete"
[1] 2026-04-19 08:35:53,633 DEBUG DownloaderFactory.GetDownloader => Can connect to https://sis.n-able.com/ using FileCacheServiceAgentDownloader
[1] 2026-04-19 08:35:53,634 DEBUG FileCacheServiceAgentDownloader.DownloadFile => url = https://sis.n-able.com/Repository.xml, fileName = C:\ProgramData\MspPlatform\PME\ThirdPartyPatch\Downloads\Repository.xml
[1] 2026-04-19 08:35:53,636 DEBUG FileCacheServiceAgentDownloader.StartAsyncDownload => Submitting file https://sis.n-able.com/Repository.xml...
[1] 2026-04-19 08:35:53,653 DEBUG FileCacheServiceAgentDownloader.DownloadFile => Waiting for download to be finished
[5] 2026-04-19 08:35:53,700 DEBUG FileCacheServiceAgentDownloader.HandleDownloadResult => Cache service: update is present [https___sis.n-able.com_Repository.xml_2026041906] [https://sis.n-able.com/Repository.xml]
[5] 2026-04-19 08:35:53,701 DEBUG downloadInfoDetails: isupdatepresent = "true" || cachedLocation = "C:\ProgramData\MspPlatform\FileCacheServiceAgent\cache\https___sis.n-able.com_Repository.xml_2026041906.xml" || filename = "Repository.xml" || sizeinbytes = "5679" || checksum = "7143b154a7233c22abec2624f7f378b5f0c77760" || uuid = "https___sis.n-able.com_Repository.xml_2026041906" || url = "https://sis.n-able.com/Repository.xml" || name = "" || kbs = "" || version = "" || architecture = "" || language = "" || cacheddatetime = "2026-4-19 8:35:47 am" || downloadFailed = "false" || 
[5] 2026-04-19 08:35:53,702 DEBUG FileCacheServiceAgentDownloader.HandleDownloadResult => Downloading file (https___sis.n-able.com_Repository.xml_2026041906, C:\ProgramData\MspPlatform\FileCacheServiceAgent\cache\https___sis.n-able.com_Repository.xml_2026041906.xml, Repository.xml, 5679, C:\ProgramData\MspPlatform\PME\ThirdPartyPatch\Downloads)...
[5] 2026-04-19 08:35:53,712 DEBUG DownloadFileInBlocks Status:Complete File location [C:\ProgramData\MspPlatform\FileCacheServiceAgent\cache\https___sis.n-able.com_Repository.xml_2026041906.xml] destination [C:\ProgramData\MspPlatform\PME\ThirdPartyPatch\Downloads\Repository.xml]
[5] 2026-04-19 08:35:53,713 DEBUG Download completed successfully. 
[5] 2026-04-19 08:35:53,713 DEBUG FileCacheServiceAgentDownloader.HandleDownloadResult => File was downloaded as "C:\ProgramData\MspPlatform\PME\ThirdPartyPatch\Downloads\Repository.xml" with status "Complete"
[1] 2026-04-19 09:02:47,671 DEBUG DownloaderFactory.GetDownloader => Can connect to https://sis.n-able.com/ using FileCacheServiceAgentDownloader
[1] 2026-04-19 09:02:47,672 DEBUG FileCacheServiceAgentDownloader.DownloadFile => url = https://sis.n-able.com/Repository.xml, fileName = C:\ProgramData\MspPlatform\PME\ThirdPartyPatch\Downloads\Repository.xml
[1] 2026-04-19 09:02:47,674 DEBUG FileCacheServiceAgentDownloader.StartAsyncDownload => Submitting file https://sis.n-able.com/Repository.xml...
[1] 2026-04-19 09:02:47,691 DEBUG FileCacheServiceAgentDownloader.DownloadFile => Waiting for download to be finished
[5] 2026-04-19 09:02:47,739 DEBUG FileCacheServiceAgentDownloader.HandleDownloadResult => Cache service: update is present [https___sis.n-able.com_Repository.xml_2026041906] [https://sis.n-able.com/Repository.xml]
[5] 2026-04-19 09:02:47,741 DEBUG downloadInfoDetails: isupdatepresent = "true" || cachedLocation = "C:\ProgramData\MspPlatform\FileCacheServiceAgent\cache\https___sis.n-able.com_Repository.xml_2026041906.xml" || filename = "Repository.xml" || sizeinbytes = "5679" || checksum = "7143b154a7233c22abec2624f7f378b5f0c77760" || uuid = "https___sis.n-able.com_Repository.xml_2026041906" || url = "https://sis.n-able.com/Repository.xml" || name = "" || kbs = "" || version = "" || architecture = "" || language = "" || cacheddatetime = "2026-4-19 8:35:47 am" || downloadFailed = "false" || 
[5] 2026-04-19 09:02:47,741 DEBUG FileCacheServiceAgentDownloader.HandleDownloadResult => Downloading file (https___sis.n-able.com_Repository.xml_2026041906, C:\ProgramData\MspPlatform\FileCacheServiceAgent\cache\https___sis.n-able.com_Repository.xml_2026041906.xml, Repository.xml, 5679, C:\ProgramData\MspPlatform\PME\ThirdPartyPatch\Downloads)...
[5] 2026-04-19 09:02:47,753 DEBUG DownloadFileInBlocks Status:Complete File location [C:\ProgramData\MspPlatform\FileCacheServiceAgent\cache\https___sis.n-able.com_Repository.xml_2026041906.xml] destination [C:\ProgramData\MspPlatform\PME\ThirdPartyPatch\Downloads\Repository.xml]
[5] 2026-04-19 09:02:47,754 DEBUG Download completed successfully. 
[5] 2026-04-19 09:02:47,755 DEBUG FileCacheServiceAgentDownloader.HandleDownloadResult => File was downloaded as "C:\ProgramData\MspPlatform\PME\ThirdPartyPatch\Downloads\Repository.xml" with status "Complete"
[1] 2026-04-19 09:02:49,284 DEBUG DownloaderFactory.GetDownloader => Can connect to https://sis.n-able.com/ using FileCacheServiceAgentDownloader
[1] 2026-04-19 09:02:49,284 DEBUG FileCacheServiceAgentDownloader.DownloadFile => url = https://sis.n-able.com/Repository.xml, fileName = C:\ProgramData\MspPlatform\PME\ThirdPartyPatch\Downloads\Repository.xml
[1] 2026-04-19 09:02:49,285 DEBUG FileCacheServiceAgentDownloader.StartAsyncDownload => Submitting file https://sis.n-able.com/Repository.xml...
[1] 2026-04-19 09:02:49,291 DEBUG FileCacheServiceAgentDownloader.DownloadFile => Waiting for download to be finished
[5] 2026-04-19 09:02:49,310 DEBUG FileCacheServiceAgentDownloader.HandleDownloadResult => Cache service: update is present [https___sis.n-able.com_Repository.xml_2026041906] [https://sis.n-able.com/Repository.xml]
[5] 2026-04-19 09:02:49,310 DEBUG downloadInfoDetails: isupdatepresent = "true" || cachedLocation = "C:\ProgramData\MspPlatform\FileCacheServiceAgent\cache\https___sis.n-able.com_Repository.xml_2026041906.xml" || filename = "Repository.xml" || sizeinbytes = "5679" || checksum = "7143b154a7233c22abec2624f7f378b5f0c77760" || uuid = "https___sis.n-able.com_Repository.xml_2026041906" || url = "https://sis.n-able.com/Repository.xml" || name = "" || kbs = "" || version = "" || architecture = "" || language = "" || cacheddatetime = "2026-4-19 8:35:47 am" || downloadFailed = "false" || 
[5] 2026-04-19 09:02:49,310 DEBUG FileCacheServiceAgentDownloader.HandleDownloadResult => Downloading file (https___sis.n-able.com_Repository.xml_2026041906, C:\ProgramData\MspPlatform\FileCacheServiceAgent\cache\https___sis.n-able.com_Repository.xml_2026041906.xml, Repository.xml, 5679, C:\ProgramData\MspPlatform\PME\ThirdPartyPatch\Downloads)...
[5] 2026-04-19 09:02:49,316 DEBUG DownloadFileInBlocks Status:Complete File location [C:\ProgramData\MspPlatform\FileCacheServiceAgent\cache\https___sis.n-able.com_Repository.xml_2026041906.xml] destination [C:\ProgramData\MspPlatform\PME\ThirdPartyPatch\Downloads\Repository.xml]
[5] 2026-04-19 09:02:49,316 DEBUG Download completed successfully. 
[5] 2026-04-19 09:02:49,316 DEBUG FileCacheServiceAgentDownloader.HandleDownloadResult => File was downloaded as "C:\ProgramData\MspPlatform\PME\ThirdPartyPatch\Downloads\Repository.xml" with status "Complete"
[1] 2026-04-19 09:03:10,791 DEBUG DownloaderFactory.GetDownloader => Can connect to https://sis.n-able.com/ using FileCacheServiceAgentDownloader
[1] 2026-04-19 09:03:10,791 DEBUG FileCacheServiceAgentDownloader.DownloadFile => url = https://sis.n-able.com/Repository.xml, fileName = C:\ProgramData\MspPlatform\PME\ThirdPartyPatch\Downloads\Repository.xml
[1] 2026-04-19 09:03:10,792 DEBUG FileCacheServiceAgentDownloader.StartAsyncDownload => Submitting file https://sis.n-able.com/Repository.xml...
[1] 2026-04-19 09:03:10,798 DEBUG FileCacheServiceAgentDownloader.DownloadFile => Waiting for download to be finished
[5] 2026-04-19 09:03:10,816 DEBUG FileCacheServiceAgentDownloader.HandleDownloadResult => Cache service: update is present [https___sis.n-able.com_Repository.xml_2026041906] [https://sis.n-able.com/Repository.xml]
[5] 2026-04-19 09:03:10,816 DEBUG downloadInfoDetails: isupdatepresent = "true" || cachedLocation = "C:\ProgramData\MspPlatform\FileCacheServiceAgent\cache\https___sis.n-able.com_Repository.xml_2026041906.xml" || filename = "Repository.xml" || sizeinbytes = "5679" || checksum = "7143b154a7233c22abec2624f7f378b5f0c77760" || uuid = "https___sis.n-able.com_Repository.xml_2026041906" || url = "https://sis.n-able.com/Repository.xml" || name = "" || kbs = "" || version = "" || architecture = "" || language = "" || cacheddatetime = "2026-4-19 8:35:47 am" || downloadFailed = "false" || 
[5] 2026-04-19 09:03:10,816 DEBUG FileCacheServiceAgentDownloader.HandleDownloadResult => Downloading file (https___sis.n-able.com_Repository.xml_2026041906, C:\ProgramData\MspPlatform\FileCacheServiceAgent\cache\https___sis.n-able.com_Repository.xml_2026041906.xml, Repository.xml, 5679, C:\ProgramData\MspPlatform\PME\ThirdPartyPatch\Downloads)...
[5] 2026-04-19 09:03:10,820 DEBUG DownloadFileInBlocks Status:Complete File location [C:\ProgramData\MspPlatform\FileCacheServiceAgent\cache\https___sis.n-able.com_Repository.xml_2026041906.xml] destination [C:\ProgramData\MspPlatform\PME\ThirdPartyPatch\Downloads\Repository.xml]
[5] 2026-04-19 09:03:10,820 DEBUG Download completed successfully. 
[5] 2026-04-19 09:03:10,820 DEBUG FileCacheServiceAgentDownloader.HandleDownloadResult => File was downloaded as "C:\ProgramData\MspPlatform\PME\ThirdPartyPatch\Downloads\Repository.xml" with status "Complete"
[1] 2026-04-19 09:04:38,325 DEBUG DownloaderFactory.GetDownloader => Can connect to https://sis.n-able.com/ using FileCacheServiceAgentDownloader
[1] 2026-04-19 09:04:38,326 DEBUG FileCacheServiceAgentDownloader.DownloadFile => url = https://sis.n-able.com/Repository.xml, fileName = C:\ProgramData\MspPlatform\PME\ThirdPartyPatch\Downloads\Repository.xml
[1] 2026-04-19 09:04:38,326 DEBUG FileCacheServiceAgentDownloader.StartAsyncDownload => Submitting file https://sis.n-able.com/Repository.xml...
[1] 2026-04-19 09:04:38,333 DEBUG FileCacheServiceAgentDownloader.DownloadFile => Waiting for download to be finished
[5] 2026-04-19 09:04:38,350 DEBUG FileCacheServiceAgentDownloader.HandleDownloadResult => Cache service: update is present [https___sis.n-able.com_Repository.xml_2026041906] [https://sis.n-able.com/Repository.xml]
[5] 2026-04-19 09:04:38,350 DEBUG downloadInfoDetails: isupdatepresent = "true" || cachedLocation = "C:\ProgramData\MspPlatform\FileCacheServiceAgent\cache\https___sis.n-able.com_Repository.xml_2026041906.xml" || filename = "Repository.xml" || sizeinbytes = "5679" || checksum = "7143b154a7233c22abec2624f7f378b5f0c77760" || uuid = "https___sis.n-able.com_Repository.xml_2026041906" || url = "https://sis.n-able.com/Repository.xml" || name = "" || kbs = "" || version = "" || architecture = "" || language = "" || cacheddatetime = "2026-4-19 8:35:47 am" || downloadFailed = "false" || 
[5] 2026-04-19 09:04:38,350 DEBUG FileCacheServiceAgentDownloader.HandleDownloadResult => Downloading file (https___sis.n-able.com_Repository.xml_2026041906, C:\ProgramData\MspPlatform\FileCacheServiceAgent\cache\https___sis.n-able.com_Repository.xml_2026041906.xml, Repository.xml, 5679, C:\ProgramData\MspPlatform\PME\ThirdPartyPatch\Downloads)...
[5] 2026-04-19 09:04:38,354 DEBUG DownloadFileInBlocks Status:Complete File location [C:\ProgramData\MspPlatform\FileCacheServiceAgent\cache\https___sis.n-able.com_Repository.xml_2026041906.xml] destination [C:\ProgramData\MspPlatform\PME\ThirdPartyPatch\Downloads\Repository.xml]
[5] 2026-04-19 09:04:38,354 DEBUG Download completed successfully. 
[5] 2026-04-19 09:04:38,355 DEBUG FileCacheServiceAgentDownloader.HandleDownloadResult => File was downloaded as "C:\ProgramData\MspPlatform\PME\ThirdPartyPatch\Downloads\Repository.xml" with status "Complete"
[1] 2026-04-19 09:04:38,968 DEBUG DownloaderFactory.GetDownloader => Can connect to https://sis.n-able.com/ using FileCacheServiceAgentDownloader
[1] 2026-04-19 09:04:38,968 DEBUG FileCacheServiceAgentDownloader.DownloadFile => url = https://sis.n-able.com/Repository.xml, fileName = C:\ProgramData\MspPlatform\PME\ThirdPartyPatch\Downloads\Repository.xml
[1] 2026-04-19 09:04:38,969 DEBUG FileCacheServiceAgentDownloader.StartAsyncDownload => Submitting file https://sis.n-able.com/Repository.xml...
[1] 2026-04-19 09:04:38,976 DEBUG FileCacheServiceAgentDownloader.DownloadFile => Waiting for download to be finished
[5] 2026-04-19 09:04:38,993 DEBUG FileCacheServiceAgentDownloader.HandleDownloadResult => Cache service: update is present [https___sis.n-able.com_Repository.xml_2026041906] [https://sis.n-able.com/Repository.xml]
[5] 2026-04-19 09:04:38,993 DEBUG downloadInfoDetails: isupdatepresent = "true" || cachedLocation = "C:\ProgramData\MspPlatform\FileCacheServiceAgent\cache\https___sis.n-able.com_Repository.xml_2026041906.xml" || filename = "Repository.xml" || sizeinbytes = "5679" || checksum = "7143b154a7233c22abec2624f7f378b5f0c77760" || uuid = "https___sis.n-able.com_Repository.xml_2026041906" || url = "https://sis.n-able.com/Repository.xml" || name = "" || kbs = "" || version = "" || architecture = "" || language = "" || cacheddatetime = "2026-4-19 8:35:47 am" || downloadFailed = "false" || 
[5] 2026-04-19 09:04:38,994 DEBUG FileCacheServiceAgentDownloader.HandleDownloadResult => Downloading file (https___sis.n-able.com_Repository.xml_2026041906, C:\ProgramData\MspPlatform\FileCacheServiceAgent\cache\https___sis.n-able.com_Repository.xml_2026041906.xml, Repository.xml, 5679, C:\ProgramData\MspPlatform\PME\ThirdPartyPatch\Downloads)...
[5] 2026-04-19 09:04:38,998 DEBUG DownloadFileInBlocks Status:Complete File location [C:\ProgramData\MspPlatform\FileCacheServiceAgent\cache\https___sis.n-able.com_Repository.xml_2026041906.xml] destination [C:\ProgramData\MspPlatform\PME\ThirdPartyPatch\Downloads\Repository.xml]
[5] 2026-04-19 09:04:38,998 DEBUG Download completed successfully. 
[5] 2026-04-19 09:04:38,998 DEBUG FileCacheServiceAgentDownloader.HandleDownloadResult => File was downloaded as "C:\ProgramData\MspPlatform\PME\ThirdPartyPatch\Downloads\Repository.xml" with status "Complete"
[1] 2026-04-19 11:01:21,987 DEBUG DownloaderFactory.GetDownloader => Can connect to https://sis.n-able.com/ using FileCacheServiceAgentDownloader
[1] 2026-04-19 11:01:21,987 DEBUG FileCacheServiceAgentDownloader.DownloadFile => url = https://sis.n-able.com/Repository.xml, fileName = C:\ProgramData\MspPlatform\PME\ThirdPartyPatch\Downloads\Repository.xml
[1] 2026-04-19 11:01:21,988 DEBUG FileCacheServiceAgentDownloader.StartAsyncDownload => Submitting file https://sis.n-able.com/Repository.xml...
[1] 2026-04-19 11:01:21,996 DEBUG FileCacheServiceAgentDownloader.DownloadFile => Waiting for download to be finished
[5] 2026-04-19 11:01:22,013 DEBUG FileCacheServiceAgentDownloader.HandleDownloadResult => Cache service: update is present [https___sis.n-able.com_Repository.xml_2026041906] [https://sis.n-able.com/Repository.xml]
[5] 2026-04-19 11:01:22,013 DEBUG downloadInfoDetails: isupdatepresent = "true" || cachedLocation = "C:\ProgramData\MspPlatform\FileCacheServiceAgent\cache\https___sis.n-able.com_Repository.xml_2026041906.xml" || filename = "Repository.xml" || sizeinbytes = "5679" || checksum = "7143b154a7233c22abec2624f7f378b5f0c77760" || uuid = "https___sis.n-able.com_Repository.xml_2026041906" || url = "https://sis.n-able.com/Repository.xml" || name = "" || kbs = "" || version = "" || architecture = "" || language = "" || cacheddatetime = "2026-4-19 8:35:47 am" || downloadFailed = "false" || 
[5] 2026-04-19 11:01:22,013 DEBUG FileCacheServiceAgentDownloader.HandleDownloadResult => Downloading file (https___sis.n-able.com_Repository.xml_2026041906, C:\ProgramData\MspPlatform\FileCacheServiceAgent\cache\https___sis.n-able.com_Repository.xml_2026041906.xml, Repository.xml, 5679, C:\ProgramData\MspPlatform\PME\ThirdPartyPatch\Downloads)...
[5] 2026-04-19 11:01:22,018 DEBUG DownloadFileInBlocks Status:Complete File location [C:\ProgramData\MspPlatform\FileCacheServiceAgent\cache\https___sis.n-able.com_Repository.xml_2026041906.xml] destination [C:\ProgramData\MspPlatform\PME\ThirdPartyPatch\Downloads\Repository.xml]
[5] 2026-04-19 11:01:22,018 DEBUG Download completed successfully. 
[5] 2026-04-19 11:01:22,018 DEBUG FileCacheServiceAgentDownloader.HandleDownloadResult => File was downloaded as "C:\ProgramData\MspPlatform\PME\ThirdPartyPatch\Downloads\Repository.xml" with status "Complete"
[1] 2026-04-19 11:01:22,589 DEBUG DownloaderFactory.GetDownloader => Can connect to https://sis.n-able.com/ using FileCacheServiceAgentDownloader
[1] 2026-04-19 11:01:22,590 DEBUG FileCacheServiceAgentDownloader.DownloadFile => url = https://sis.n-able.com/Repository.xml, fileName = C:\ProgramData\MspPlatform\PME\ThirdPartyPatch\Downloads\Repository.xml
[1] 2026-04-19 11:01:22,590 DEBUG FileCacheServiceAgentDownloader.StartAsyncDownload => Submitting file https://sis.n-able.com/Repository.xml...
[1] 2026-04-19 11:01:22,597 DEBUG FileCacheServiceAgentDownloader.DownloadFile => Waiting for download to be finished
[5] 2026-04-19 11:01:22,614 DEBUG FileCacheServiceAgentDownloader.HandleDownloadResult => Cache service: update is present [https___sis.n-able.com_Repository.xml_2026041906] [https://sis.n-able.com/Repository.xml]
[5] 2026-04-19 11:01:22,614 DEBUG downloadInfoDetails: isupdatepresent = "true" || cachedLocation = "C:\ProgramData\MspPlatform\FileCacheServiceAgent\cache\https___sis.n-able.com_Repository.xml_2026041906.xml" || filename = "Repository.xml" || sizeinbytes = "5679" || checksum = "7143b154a7233c22abec2624f7f378b5f0c77760" || uuid = "https___sis.n-able.com_Repository.xml_2026041906" || url = "https://sis.n-able.com/Repository.xml" || name = "" || kbs = "" || version = "" || architecture = "" || language = "" || cacheddatetime = "2026-4-19 8:35:47 am" || downloadFailed = "false" || 
[5] 2026-04-19 11:01:22,614 DEBUG FileCacheServiceAgentDownloader.HandleDownloadResult => Downloading file (https___sis.n-able.com_Repository.xml_2026041906, C:\ProgramData\MspPlatform\FileCacheServiceAgent\cache\https___sis.n-able.com_Repository.xml_2026041906.xml, Repository.xml, 5679, C:\ProgramData\MspPlatform\PME\ThirdPartyPatch\Downloads)...
[5] 2026-04-19 11:01:22,618 DEBUG DownloadFileInBlocks Status:Complete File location [C:\ProgramData\MspPlatform\FileCacheServiceAgent\cache\https___sis.n-able.com_Repository.xml_2026041906.xml] destination [C:\ProgramData\MspPlatform\PME\ThirdPartyPatch\Downloads\Repository.xml]
[5] 2026-04-19 11:01:22,618 DEBUG Download completed successfully. 
[5] 2026-04-19 11:01:22,619 DEBUG FileCacheServiceAgentDownloader.HandleDownloadResult => File was downloaded as "C:\ProgramData\MspPlatform\PME\ThirdPartyPatch\Downloads\Repository.xml" with status "Complete"
[1] 2026-04-20 09:07:21,342 DEBUG DownloaderFactory.GetDownloader => Can connect to https://sis.n-able.com/ using FileCacheServiceAgentDownloader
[1] 2026-04-20 09:07:21,345 DEBUG FileCacheServiceAgentDownloader.DownloadFile => url = https://sis.n-able.com/Repository.xml, fileName = C:\ProgramData\MspPlatform\PME\ThirdPartyPatch\Downloads\Repository.xml
[1] 2026-04-20 09:07:21,347 DEBUG FileCacheServiceAgentDownloader.StartAsyncDownload => Submitting file https://sis.n-able.com/Repository.xml...
[1] 2026-04-20 09:07:21,357 DEBUG FileCacheServiceAgentDownloader.DownloadFile => Waiting for download to be finished
[5] 2026-04-20 09:07:21,397 DEBUG FileCacheServiceAgentDownloader.RetryPolicy => File info is not available yet, trying again in 5s...
[5] 2026-04-20 09:07:26,404 DEBUG FileCacheServiceAgentDownloader.RetryPolicy => File info is not available yet, trying again in 5s...
[5] 2026-04-20 09:07:31,411 DEBUG FileCacheServiceAgentDownloader.HandleDownloadResult => Cache service: update is present [https___sis.n-able.com_Repository.xml_2026042006] [https://sis.n-able.com/Repository.xml]
[5] 2026-04-20 09:07:31,412 DEBUG downloadInfoDetails: isupdatepresent = "true" || cachedLocation = "C:\ProgramData\MspPlatform\FileCacheServiceAgent\cache\https___sis.n-able.com_Repository.xml_2026042006.xml" || filename = "Repository.xml" || sizeinbytes = "5391" || checksum = "d188290c0633acdd53570aab9029ba50b6a7aaa9" || uuid = "https___sis.n-able.com_Repository.xml_2026042006" || url = "https://sis.n-able.com/Repository.xml" || name = "" || kbs = "" || version = "" || architecture = "" || language = "" || cacheddatetime = "2026-4-20 9:7:26 am" || downloadFailed = "false" || 
[5] 2026-04-20 09:07:31,413 DEBUG FileCacheServiceAgentDownloader.HandleDownloadResult => Downloading file (https___sis.n-able.com_Repository.xml_2026042006, C:\ProgramData\MspPlatform\FileCacheServiceAgent\cache\https___sis.n-able.com_Repository.xml_2026042006.xml, Repository.xml, 5391, C:\ProgramData\MspPlatform\PME\ThirdPartyPatch\Downloads)...
[5] 2026-04-20 09:07:31,425 DEBUG DownloadFileInBlocks Status:Complete File location [C:\ProgramData\MspPlatform\FileCacheServiceAgent\cache\https___sis.n-able.com_Repository.xml_2026042006.xml] destination [C:\ProgramData\MspPlatform\PME\ThirdPartyPatch\Downloads\Repository.xml]
[5] 2026-04-20 09:07:31,425 DEBUG Download completed successfully. 
[5] 2026-04-20 09:07:31,427 DEBUG FileCacheServiceAgentDownloader.HandleDownloadResult => File was downloaded as "C:\ProgramData\MspPlatform\PME\ThirdPartyPatch\Downloads\Repository.xml" with status "Complete"
[1] 2026-04-20 09:07:32,839 DEBUG DownloaderFactory.GetDownloader => Can connect to https://sis.n-able.com/ using FileCacheServiceAgentDownloader
[1] 2026-04-20 09:07:32,841 DEBUG FileCacheServiceAgentDownloader.DownloadFile => url = https://sis.n-able.com/Repository.xml, fileName = C:\ProgramData\MspPlatform\PME\ThirdPartyPatch\Downloads\Repository.xml
[1] 2026-04-20 09:07:32,843 DEBUG FileCacheServiceAgentDownloader.StartAsyncDownload => Submitting file https://sis.n-able.com/Repository.xml...
[1] 2026-04-20 09:07:32,858 DEBUG FileCacheServiceAgentDownloader.DownloadFile => Waiting for download to be finished
[5] 2026-04-20 09:07:32,886 DEBUG FileCacheServiceAgentDownloader.HandleDownloadResult => Cache service: update is present [https___sis.n-able.com_Repository.xml_2026042006] [https://sis.n-able.com/Repository.xml]
[5] 2026-04-20 09:07:32,886 DEBUG downloadInfoDetails: isupdatepresent = "true" || cachedLocation = "C:\ProgramData\MspPlatform\FileCacheServiceAgent\cache\https___sis.n-able.com_Repository.xml_2026042006.xml" || filename = "Repository.xml" || sizeinbytes = "5391" || checksum = "d188290c0633acdd53570aab9029ba50b6a7aaa9" || uuid = "https___sis.n-able.com_Repository.xml_2026042006" || url = "https://sis.n-able.com/Repository.xml" || name = "" || kbs = "" || version = "" || architecture = "" || language = "" || cacheddatetime = "2026-4-20 9:7:26 am" || downloadFailed = "false" || 
[5] 2026-04-20 09:07:32,887 DEBUG FileCacheServiceAgentDownloader.HandleDownloadResult => Downloading file (https___sis.n-able.com_Repository.xml_2026042006, C:\ProgramData\MspPlatform\FileCacheServiceAgent\cache\https___sis.n-able.com_Repository.xml_2026042006.xml, Repository.xml, 5391, C:\ProgramData\MspPlatform\PME\ThirdPartyPatch\Downloads)...
[5] 2026-04-20 09:07:32,893 DEBUG DownloadFileInBlocks Status:Complete File location [C:\ProgramData\MspPlatform\FileCacheServiceAgent\cache\https___sis.n-able.com_Repository.xml_2026042006.xml] destination [C:\ProgramData\MspPlatform\PME\ThirdPartyPatch\Downloads\Repository.xml]
[5] 2026-04-20 09:07:32,893 DEBUG Download completed successfully. 
[5] 2026-04-20 09:07:32,893 DEBUG FileCacheServiceAgentDownloader.HandleDownloadResult => File was downloaded as "C:\ProgramData\MspPlatform\PME\ThirdPartyPatch\Downloads\Repository.xml" with status "Complete"
[1] 2026-04-20 09:07:45,296 DEBUG DownloaderFactory.GetDownloader => Can connect to https://sis.n-able.com/ using FileCacheServiceAgentDownloader
[1] 2026-04-20 09:07:45,296 DEBUG FileCacheServiceAgentDownloader.DownloadFile => url = https://sis.n-able.com/Repository.xml, fileName = C:\ProgramData\MspPlatform\PME\ThirdPartyPatch\Downloads\Repository.xml
[1] 2026-04-20 09:07:45,297 DEBUG FileCacheServiceAgentDownloader.StartAsyncDownload => Submitting file https://sis.n-able.com/Repository.xml...
[1] 2026-04-20 09:07:45,307 DEBUG FileCacheServiceAgentDownloader.DownloadFile => Waiting for download to be finished
[5] 2026-04-20 09:07:45,332 DEBUG FileCacheServiceAgentDownloader.HandleDownloadResult => Cache service: update is present [https___sis.n-able.com_Repository.xml_2026042006] [https://sis.n-able.com/Repository.xml]
[5] 2026-04-20 09:07:45,333 DEBUG downloadInfoDetails: isupdatepresent = "true" || cachedLocation = "C:\ProgramData\MspPlatform\FileCacheServiceAgent\cache\https___sis.n-able.com_Repository.xml_2026042006.xml" || filename = "Repository.xml" || sizeinbytes = "5391" || checksum = "d188290c0633acdd53570aab9029ba50b6a7aaa9" || uuid = "https___sis.n-able.com_Repository.xml_2026042006" || url = "https://sis.n-able.com/Repository.xml" || name = "" || kbs = "" || version = "" || architecture = "" || language = "" || cacheddatetime = "2026-4-20 9:7:26 am" || downloadFailed = "false" || 
[5] 2026-04-20 09:07:45,333 DEBUG FileCacheServiceAgentDownloader.HandleDownloadResult => Downloading file (https___sis.n-able.com_Repository.xml_2026042006, C:\ProgramData\MspPlatform\FileCacheServiceAgent\cache\https___sis.n-able.com_Repository.xml_2026042006.xml, Repository.xml, 5391, C:\ProgramData\MspPlatform\PME\ThirdPartyPatch\Downloads)...
[5] 2026-04-20 09:07:45,340 DEBUG DownloadFileInBlocks Status:Complete File location [C:\ProgramData\MspPlatform\FileCacheServiceAgent\cache\https___sis.n-able.com_Repository.xml_2026042006.xml] destination [C:\ProgramData\MspPlatform\PME\ThirdPartyPatch\Downloads\Repository.xml]
[5] 2026-04-20 09:07:45,341 DEBUG Download completed successfully. 
[5] 2026-04-20 09:07:45,341 DEBUG FileCacheServiceAgentDownloader.HandleDownloadResult => File was downloaded as "C:\ProgramData\MspPlatform\PME\ThirdPartyPatch\Downloads\Repository.xml" with status "Complete"
[1] 2026-04-20 09:08:57,279 DEBUG DownloaderFactory.GetDownloader => Can connect to https://sis.n-able.com/ using FileCacheServiceAgentDownloader
[1] 2026-04-20 09:08:57,279 DEBUG FileCacheServiceAgentDownloader.DownloadFile => url = https://sis.n-able.com/Repository.xml, fileName = C:\ProgramData\MspPlatform\PME\ThirdPartyPatch\Downloads\Repository.xml
[1] 2026-04-20 09:08:57,279 DEBUG FileCacheServiceAgentDownloader.StartAsyncDownload => Submitting file https://sis.n-able.com/Repository.xml...
[1] 2026-04-20 09:08:57,289 DEBUG FileCacheServiceAgentDownloader.DownloadFile => Waiting for download to be finished
[5] 2026-04-20 09:08:57,315 DEBUG FileCacheServiceAgentDownloader.HandleDownloadResult => Cache service: update is present [https___sis.n-able.com_Repository.xml_2026042006] [https://sis.n-able.com/Repository.xml]
[5] 2026-04-20 09:08:57,315 DEBUG downloadInfoDetails: isupdatepresent = "true" || cachedLocation = "C:\ProgramData\MspPlatform\FileCacheServiceAgent\cache\https___sis.n-able.com_Repository.xml_2026042006.xml" || filename = "Repository.xml" || sizeinbytes = "5391" || checksum = "d188290c0633acdd53570aab9029ba50b6a7aaa9" || uuid = "https___sis.n-able.com_Repository.xml_2026042006" || url = "https://sis.n-able.com/Repository.xml" || name = "" || kbs = "" || version = "" || architecture = "" || language = "" || cacheddatetime = "2026-4-20 9:7:26 am" || downloadFailed = "false" || 
[5] 2026-04-20 09:08:57,315 DEBUG FileCacheServiceAgentDownloader.HandleDownloadResult => Downloading file (https___sis.n-able.com_Repository.xml_2026042006, C:\ProgramData\MspPlatform\FileCacheServiceAgent\cache\https___sis.n-able.com_Repository.xml_2026042006.xml, Repository.xml, 5391, C:\ProgramData\MspPlatform\PME\ThirdPartyPatch\Downloads)...
[5] 2026-04-20 09:08:57,322 DEBUG DownloadFileInBlocks Status:Complete File location [C:\ProgramData\MspPlatform\FileCacheServiceAgent\cache\https___sis.n-able.com_Repository.xml_2026042006.xml] destination [C:\ProgramData\MspPlatform\PME\ThirdPartyPatch\Downloads\Repository.xml]
[5] 2026-04-20 09:08:57,322 DEBUG Download completed successfully. 
[5] 2026-04-20 09:08:57,322 DEBUG FileCacheServiceAgentDownloader.HandleDownloadResult => File was downloaded as "C:\ProgramData\MspPlatform\PME\ThirdPartyPatch\Downloads\Repository.xml" with status "Complete"
[1] 2026-04-20 09:08:58,212 DEBUG DownloaderFactory.GetDownloader => Can connect to https://sis.n-able.com/ using FileCacheServiceAgentDownloader
[1] 2026-04-20 09:08:58,212 DEBUG FileCacheServiceAgentDownloader.DownloadFile => url = https://sis.n-able.com/Repository.xml, fileName = C:\ProgramData\MspPlatform\PME\ThirdPartyPatch\Downloads\Repository.xml
[1] 2026-04-20 09:08:58,213 DEBUG FileCacheServiceAgentDownloader.StartAsyncDownload => Submitting file https://sis.n-able.com/Repository.xml...
[1] 2026-04-20 09:08:58,223 DEBUG FileCacheServiceAgentDownloader.DownloadFile => Waiting for download to be finished
[5] 2026-04-20 09:08:58,248 DEBUG FileCacheServiceAgentDownloader.HandleDownloadResult => Cache service: update is present [https___sis.n-able.com_Repository.xml_2026042006] [https://sis.n-able.com/Repository.xml]
[5] 2026-04-20 09:08:58,248 DEBUG downloadInfoDetails: isupdatepresent = "true" || cachedLocation = "C:\ProgramData\MspPlatform\FileCacheServiceAgent\cache\https___sis.n-able.com_Repository.xml_2026042006.xml" || filename = "Repository.xml" || sizeinbytes = "5391" || checksum = "d188290c0633acdd53570aab9029ba50b6a7aaa9" || uuid = "https___sis.n-able.com_Repository.xml_2026042006" || url = "https://sis.n-able.com/Repository.xml" || name = "" || kbs = "" || version = "" || architecture = "" || language = "" || cacheddatetime = "2026-4-20 9:7:26 am" || downloadFailed = "false" || 
[5] 2026-04-20 09:08:58,248 DEBUG FileCacheServiceAgentDownloader.HandleDownloadResult => Downloading file (https___sis.n-able.com_Repository.xml_2026042006, C:\ProgramData\MspPlatform\FileCacheServiceAgent\cache\https___sis.n-able.com_Repository.xml_2026042006.xml, Repository.xml, 5391, C:\ProgramData\MspPlatform\PME\ThirdPartyPatch\Downloads)...
[5] 2026-04-20 09:08:58,255 DEBUG DownloadFileInBlocks Status:Complete File location [C:\ProgramData\MspPlatform\FileCacheServiceAgent\cache\https___sis.n-able.com_Repository.xml_2026042006.xml] destination [C:\ProgramData\MspPlatform\PME\ThirdPartyPatch\Downloads\Repository.xml]
[5] 2026-04-20 09:08:58,255 DEBUG Download completed successfully. 
[5] 2026-04-20 09:08:58,256 DEBUG FileCacheServiceAgentDownloader.HandleDownloadResult => File was downloaded as "C:\ProgramData\MspPlatform\PME\ThirdPartyPatch\Downloads\Repository.xml" with status "Complete"
[1] 2026-04-20 11:03:39,425 DEBUG DownloaderFactory.GetDownloader => Can connect to https://sis.n-able.com/ using FileCacheServiceAgentDownloader
[1] 2026-04-20 11:03:39,426 DEBUG FileCacheServiceAgentDownloader.DownloadFile => url = https://sis.n-able.com/Repository.xml, fileName = C:\ProgramData\MspPlatform\PME\ThirdPartyPatch\Downloads\Repository.xml
[1] 2026-04-20 11:03:39,427 DEBUG FileCacheServiceAgentDownloader.StartAsyncDownload => Submitting file https://sis.n-able.com/Repository.xml...
[1] 2026-04-20 11:03:39,439 DEBUG FileCacheServiceAgentDownloader.DownloadFile => Waiting for download to be finished
[5] 2026-04-20 11:03:39,463 DEBUG FileCacheServiceAgentDownloader.HandleDownloadResult => Cache service: update is present [https___sis.n-able.com_Repository.xml_2026042006] [https://sis.n-able.com/Repository.xml]
[5] 2026-04-20 11:03:39,465 DEBUG downloadInfoDetails: isupdatepresent = "true" || cachedLocation = "C:\ProgramData\MspPlatform\FileCacheServiceAgent\cache\https___sis.n-able.com_Repository.xml_2026042006.xml" || filename = "Repository.xml" || sizeinbytes = "5391" || checksum = "d188290c0633acdd53570aab9029ba50b6a7aaa9" || uuid = "https___sis.n-able.com_Repository.xml_2026042006" || url = "https://sis.n-able.com/Repository.xml" || name = "" || kbs = "" || version = "" || architecture = "" || language = "" || cacheddatetime = "2026-4-20 9:7:26 am" || downloadFailed = "false" || 
[5] 2026-04-20 11:03:39,465 DEBUG FileCacheServiceAgentDownloader.HandleDownloadResult => Downloading file (https___sis.n-able.com_Repository.xml_2026042006, C:\ProgramData\MspPlatform\FileCacheServiceAgent\cache\https___sis.n-able.com_Repository.xml_2026042006.xml, Repository.xml, 5391, C:\ProgramData\MspPlatform\PME\ThirdPartyPatch\Downloads)...
[5] 2026-04-20 11:03:39,473 DEBUG DownloadFileInBlocks Status:Complete File location [C:\ProgramData\MspPlatform\FileCacheServiceAgent\cache\https___sis.n-able.com_Repository.xml_2026042006.xml] destination [C:\ProgramData\MspPlatform\PME\ThirdPartyPatch\Downloads\Repository.xml]
[5] 2026-04-20 11:03:39,473 DEBUG Download completed successfully. 
[5] 2026-04-20 11:03:39,473 DEBUG FileCacheServiceAgentDownloader.HandleDownloadResult => File was downloaded as "C:\ProgramData\MspPlatform\PME\ThirdPartyPatch\Downloads\Repository.xml" with status "Complete"
[1] 2026-04-20 11:03:40,505 DEBUG DownloaderFactory.GetDownloader => Can connect to https://sis.n-able.com/ using FileCacheServiceAgentDownloader
[1] 2026-04-20 11:03:40,506 DEBUG FileCacheServiceAgentDownloader.DownloadFile => url = https://sis.n-able.com/Repository.xml, fileName = C:\ProgramData\MspPlatform\PME\ThirdPartyPatch\Downloads\Repository.xml
[1] 2026-04-20 11:03:40,507 DEBUG FileCacheServiceAgentDownloader.StartAsyncDownload => Submitting file https://sis.n-able.com/Repository.xml...
[1] 2026-04-20 11:03:40,516 DEBUG FileCacheServiceAgentDownloader.DownloadFile => Waiting for download to be finished
[5] 2026-04-20 11:03:40,541 DEBUG FileCacheServiceAgentDownloader.HandleDownloadResult => Cache service: update is present [https___sis.n-able.com_Repository.xml_2026042006] [https://sis.n-able.com/Repository.xml]
[5] 2026-04-20 11:03:40,542 DEBUG downloadInfoDetails: isupdatepresent = "true" || cachedLocation = "C:\ProgramData\MspPlatform\FileCacheServiceAgent\cache\https___sis.n-able.com_Repository.xml_2026042006.xml" || filename = "Repository.xml" || sizeinbytes = "5391" || checksum = "d188290c0633acdd53570aab9029ba50b6a7aaa9" || uuid = "https___sis.n-able.com_Repository.xml_2026042006" || url = "https://sis.n-able.com/Repository.xml" || name = "" || kbs = "" || version = "" || architecture = "" || language = "" || cacheddatetime = "2026-4-20 9:7:26 am" || downloadFailed = "false" || 
[5] 2026-04-20 11:03:40,542 DEBUG FileCacheServiceAgentDownloader.HandleDownloadResult => Downloading file (https___sis.n-able.com_Repository.xml_2026042006, C:\ProgramData\MspPlatform\FileCacheServiceAgent\cache\https___sis.n-able.com_Repository.xml_2026042006.xml, Repository.xml, 5391, C:\ProgramData\MspPlatform\PME\ThirdPartyPatch\Downloads)...
[5] 2026-04-20 11:03:40,548 DEBUG DownloadFileInBlocks Status:Complete File location [C:\ProgramData\MspPlatform\FileCacheServiceAgent\cache\https___sis.n-able.com_Repository.xml_2026042006.xml] destination [C:\ProgramData\MspPlatform\PME\ThirdPartyPatch\Downloads\Repository.xml]
[5] 2026-04-20 11:03:40,549 DEBUG Download completed successfully. 
[5] 2026-04-20 11:03:40,549 DEBUG FileCacheServiceAgentDownloader.HandleDownloadResult => File was downloaded as "C:\ProgramData\MspPlatform\PME\ThirdPartyPatch\Downloads\Repository.xml" with status "Complete"
[1] 2026-04-21 09:05:29,042 DEBUG DownloaderFactory.GetDownloader => Can connect to https://sis.n-able.com/ using FileCacheServiceAgentDownloader
[1] 2026-04-21 09:05:29,043 DEBUG FileCacheServiceAgentDownloader.DownloadFile => url = https://sis.n-able.com/Repository.xml, fileName = C:\ProgramData\MspPlatform\PME\ThirdPartyPatch\Downloads\Repository.xml
[1] 2026-04-21 09:05:29,044 DEBUG FileCacheServiceAgentDownloader.StartAsyncDownload => Submitting file https://sis.n-able.com/Repository.xml...
[1] 2026-04-21 09:05:29,053 DEBUG FileCacheServiceAgentDownloader.DownloadFile => Waiting for download to be finished
[5] 2026-04-21 09:05:29,081 DEBUG FileCacheServiceAgentDownloader.RetryPolicy => File info is not available yet, trying again in 5s...
[5] 2026-04-21 09:05:34,098 DEBUG FileCacheServiceAgentDownloader.RetryPolicy => File info is not available yet, trying again in 5s...
[5] 2026-04-21 09:50:11,889 DEBUG FileCacheServiceAgentDownloader.RetryPolicy => File info is not available yet, trying again in 5s...
[5] 2026-04-21 09:50:16,905 DEBUG FileCacheServiceAgentDownloader.RetryPolicy => File info is not available yet, trying again in 15s...
[5] 2026-04-21 09:50:31,922 DEBUG FileCacheServiceAgentDownloader.HandleDownloadResult => Cache service: update is present [https___sis.n-able.com_Repository.xml_2026042106] [https://sis.n-able.com/Repository.xml]
[5] 2026-04-21 09:50:31,923 DEBUG downloadInfoDetails: isupdatepresent = "true" || cachedLocation = "C:\ProgramData\MspPlatform\FileCacheServiceAgent\cache\https___sis.n-able.com_Repository.xml_2026042106.xml" || filename = "Repository.xml" || sizeinbytes = "5391" || checksum = "d188290c0633acdd53570aab9029ba50b6a7aaa9" || uuid = "https___sis.n-able.com_Repository.xml_2026042106" || url = "https://sis.n-able.com/Repository.xml" || name = "" || kbs = "" || version = "" || architecture = "" || language = "" || cacheddatetime = "2026-4-21 9:50:17 am" || downloadFailed = "false" || 
[5] 2026-04-21 09:50:31,923 DEBUG FileCacheServiceAgentDownloader.HandleDownloadResult => Downloading file (https___sis.n-able.com_Repository.xml_2026042106, C:\ProgramData\MspPlatform\FileCacheServiceAgent\cache\https___sis.n-able.com_Repository.xml_2026042106.xml, Repository.xml, 5391, C:\ProgramData\MspPlatform\PME\ThirdPartyPatch\Downloads)...
[5] 2026-04-21 09:50:31,931 DEBUG DownloadFileInBlocks Status:Complete File location [C:\ProgramData\MspPlatform\FileCacheServiceAgent\cache\https___sis.n-able.com_Repository.xml_2026042106.xml] destination [C:\ProgramData\MspPlatform\PME\ThirdPartyPatch\Downloads\Repository.xml]
[5] 2026-04-21 09:50:31,932 DEBUG Download completed successfully. 
[5] 2026-04-21 09:50:31,932 DEBUG FileCacheServiceAgentDownloader.HandleDownloadResult => File was downloaded as "C:\ProgramData\MspPlatform\PME\ThirdPartyPatch\Downloads\Repository.xml" with status "Complete"
[1] 2026-04-21 09:50:34,031 DEBUG DownloaderFactory.GetDownloader => Can connect to https://sis.n-able.com/ using FileCacheServiceAgentDownloader
[1] 2026-04-21 09:50:34,032 DEBUG FileCacheServiceAgentDownloader.DownloadFile => url = https://sis.n-able.com/Repository.xml, fileName = C:\ProgramData\MspPlatform\PME\ThirdPartyPatch\Downloads\Repository.xml
[1] 2026-04-21 09:50:34,034 DEBUG FileCacheServiceAgentDownloader.StartAsyncDownload => Submitting file https://sis.n-able.com/Repository.xml...
[1] 2026-04-21 09:50:34,050 DEBUG FileCacheServiceAgentDownloader.DownloadFile => Waiting for download to be finished
[5] 2026-04-21 09:50:34,087 DEBUG FileCacheServiceAgentDownloader.HandleDownloadResult => Cache service: update is present [https___sis.n-able.com_Repository.xml_2026042106] [https://sis.n-able.com/Repository.xml]
[5] 2026-04-21 09:50:34,087 DEBUG downloadInfoDetails: isupdatepresent = "true" || cachedLocation = "C:\ProgramData\MspPlatform\FileCacheServiceAgent\cache\https___sis.n-able.com_Repository.xml_2026042106.xml" || filename = "Repository.xml" || sizeinbytes = "5391" || checksum = "d188290c0633acdd53570aab9029ba50b6a7aaa9" || uuid = "https___sis.n-able.com_Repository.xml_2026042106" || url = "https://sis.n-able.com/Repository.xml" || name = "" || kbs = "" || version = "" || architecture = "" || language = "" || cacheddatetime = "2026-4-21 9:50:17 am" || downloadFailed = "false" || 
[5] 2026-04-21 09:50:34,088 DEBUG FileCacheServiceAgentDownloader.HandleDownloadResult => Downloading file (https___sis.n-able.com_Repository.xml_2026042106, C:\ProgramData\MspPlatform\FileCacheServiceAgent\cache\https___sis.n-able.com_Repository.xml_2026042106.xml, Repository.xml, 5391, C:\ProgramData\MspPlatform\PME\ThirdPartyPatch\Downloads)...
[5] 2026-04-21 09:50:34,096 DEBUG DownloadFileInBlocks Status:Complete File location [C:\ProgramData\MspPlatform\FileCacheServiceAgent\cache\https___sis.n-able.com_Repository.xml_2026042106.xml] destination [C:\ProgramData\MspPlatform\PME\ThirdPartyPatch\Downloads\Repository.xml]
[5] 2026-04-21 09:50:34,096 DEBUG Download completed successfully. 
[5] 2026-04-21 09:50:34,097 DEBUG FileCacheServiceAgentDownloader.HandleDownloadResult => File was downloaded as "C:\ProgramData\MspPlatform\PME\ThirdPartyPatch\Downloads\Repository.xml" with status "Complete"
[1] 2026-04-21 09:50:37,664 DEBUG DownloaderFactory.GetDownloader => Can connect to https://sis.n-able.com/ using FileCacheServiceAgentDownloader
[1] 2026-04-21 09:50:37,665 DEBUG FileCacheServiceAgentDownloader.DownloadFile => url = https://sis.n-able.com/Repository.xml, fileName = C:\ProgramData\MspPlatform\PME\ThirdPartyPatch\Downloads\Repository.xml
[1] 2026-04-21 09:50:37,666 DEBUG FileCacheServiceAgentDownloader.StartAsyncDownload => Submitting file https://sis.n-able.com/Repository.xml...
[1] 2026-04-21 09:50:37,676 DEBUG FileCacheServiceAgentDownloader.DownloadFile => Waiting for download to be finished
[5] 2026-04-21 09:50:37,709 DEBUG FileCacheServiceAgentDownloader.HandleDownloadResult => Cache service: update is present [https___sis.n-able.com_Repository.xml_2026042106] [https://sis.n-able.com/Repository.xml]
[5] 2026-04-21 09:50:37,710 DEBUG downloadInfoDetails: isupdatepresent = "true" || cachedLocation = "C:\ProgramData\MspPlatform\FileCacheServiceAgent\cache\https___sis.n-able.com_Repository.xml_2026042106.xml" || filename = "Repository.xml" || sizeinbytes = "5391" || checksum = "d188290c0633acdd53570aab9029ba50b6a7aaa9" || uuid = "https___sis.n-able.com_Repository.xml_2026042106" || url = "https://sis.n-able.com/Repository.xml" || name = "" || kbs = "" || version = "" || architecture = "" || language = "" || cacheddatetime = "2026-4-21 9:50:17 am" || downloadFailed = "false" || 
[5] 2026-04-21 09:50:37,710 DEBUG FileCacheServiceAgentDownloader.HandleDownloadResult => Downloading file (https___sis.n-able.com_Repository.xml_2026042106, C:\ProgramData\MspPlatform\FileCacheServiceAgent\cache\https___sis.n-able.com_Repository.xml_2026042106.xml, Repository.xml, 5391, C:\ProgramData\MspPlatform\PME\ThirdPartyPatch\Downloads)...
[5] 2026-04-21 09:50:37,719 DEBUG DownloadFileInBlocks Status:Complete File location [C:\ProgramData\MspPlatform\FileCacheServiceAgent\cache\https___sis.n-able.com_Repository.xml_2026042106.xml] destination [C:\ProgramData\MspPlatform\PME\ThirdPartyPatch\Downloads\Repository.xml]
[5] 2026-04-21 09:50:37,719 DEBUG Download completed successfully. 
[5] 2026-04-21 09:50:37,720 DEBUG FileCacheServiceAgentDownloader.HandleDownloadResult => File was downloaded as "C:\ProgramData\MspPlatform\PME\ThirdPartyPatch\Downloads\Repository.xml" with status "Complete"
[1] 2026-04-21 09:52:20,892 DEBUG DownloaderFactory.GetDownloader => Can connect to https://sis.n-able.com/ using FileCacheServiceAgentDownloader
[1] 2026-04-21 09:52:20,893 DEBUG FileCacheServiceAgentDownloader.DownloadFile => url = https://sis.n-able.com/Repository.xml, fileName = C:\ProgramData\MspPlatform\PME\ThirdPartyPatch\Downloads\Repository.xml
[1] 2026-04-21 09:52:20,894 DEBUG FileCacheServiceAgentDownloader.StartAsyncDownload => Submitting file https://sis.n-able.com/Repository.xml...
[1] 2026-04-21 09:52:20,905 DEBUG FileCacheServiceAgentDownloader.DownloadFile => Waiting for download to be finished
[5] 2026-04-21 09:52:20,933 DEBUG FileCacheServiceAgentDownloader.HandleDownloadResult => Cache service: update is present [https___sis.n-able.com_Repository.xml_2026042106] [https://sis.n-able.com/Repository.xml]
[5] 2026-04-21 09:52:20,933 DEBUG downloadInfoDetails: isupdatepresent = "true" || cachedLocation = "C:\ProgramData\MspPlatform\FileCacheServiceAgent\cache\https___sis.n-able.com_Repository.xml_2026042106.xml" || filename = "Repository.xml" || sizeinbytes = "5391" || checksum = "d188290c0633acdd53570aab9029ba50b6a7aaa9" || uuid = "https___sis.n-able.com_Repository.xml_2026042106" || url = "https://sis.n-able.com/Repository.xml" || name = "" || kbs = "" || version = "" || architecture = "" || language = "" || cacheddatetime = "2026-4-21 9:50:17 am" || downloadFailed = "false" || 
[5] 2026-04-21 09:52:20,933 DEBUG FileCacheServiceAgentDownloader.HandleDownloadResult => Downloading file (https___sis.n-able.com_Repository.xml_2026042106, C:\ProgramData\MspPlatform\FileCacheServiceAgent\cache\https___sis.n-able.com_Repository.xml_2026042106.xml, Repository.xml, 5391, C:\ProgramData\MspPlatform\PME\ThirdPartyPatch\Downloads)...
[5] 2026-04-21 09:52:20,939 DEBUG DownloadFileInBlocks Status:Complete File location [C:\ProgramData\MspPlatform\FileCacheServiceAgent\cache\https___sis.n-able.com_Repository.xml_2026042106.xml] destination [C:\ProgramData\MspPlatform\PME\ThirdPartyPatch\Downloads\Repository.xml]
[5] 2026-04-21 09:52:20,940 DEBUG Download completed successfully. 
[5] 2026-04-21 09:52:20,940 DEBUG FileCacheServiceAgentDownloader.HandleDownloadResult => File was downloaded as "C:\ProgramData\MspPlatform\PME\ThirdPartyPatch\Downloads\Repository.xml" with status "Complete"
[1] 2026-04-21 09:52:21,924 DEBUG DownloaderFactory.GetDownloader => Can connect to https://sis.n-able.com/ using FileCacheServiceAgentDownloader
[1] 2026-04-21 09:52:21,926 DEBUG FileCacheServiceAgentDownloader.DownloadFile => url = https://sis.n-able.com/Repository.xml, fileName = C:\ProgramData\MspPlatform\PME\ThirdPartyPatch\Downloads\Repository.xml
[1] 2026-04-21 09:52:21,927 DEBUG FileCacheServiceAgentDownloader.StartAsyncDownload => Submitting file https://sis.n-able.com/Repository.xml...
[1] 2026-04-21 09:52:21,936 DEBUG FileCacheServiceAgentDownloader.DownloadFile => Waiting for download to be finished
[5] 2026-04-21 09:52:21,962 DEBUG FileCacheServiceAgentDownloader.HandleDownloadResult => Cache service: update is present [https___sis.n-able.com_Repository.xml_2026042106] [https://sis.n-able.com/Repository.xml]
[5] 2026-04-21 09:52:21,962 DEBUG downloadInfoDetails: isupdatepresent = "true" || cachedLocation = "C:\ProgramData\MspPlatform\FileCacheServiceAgent\cache\https___sis.n-able.com_Repository.xml_2026042106.xml" || filename = "Repository.xml" || sizeinbytes = "5391" || checksum = "d188290c0633acdd53570aab9029ba50b6a7aaa9" || uuid = "https___sis.n-able.com_Repository.xml_2026042106" || url = "https://sis.n-able.com/Repository.xml" || name = "" || kbs = "" || version = "" || architecture = "" || language = "" || cacheddatetime = "2026-4-21 9:50:17 am" || downloadFailed = "false" || 
[5] 2026-04-21 09:52:21,962 DEBUG FileCacheServiceAgentDownloader.HandleDownloadResult => Downloading file (https___sis.n-able.com_Repository.xml_2026042106, C:\ProgramData\MspPlatform\FileCacheServiceAgent\cache\https___sis.n-able.com_Repository.xml_2026042106.xml, Repository.xml, 5391, C:\ProgramData\MspPlatform\PME\ThirdPartyPatch\Downloads)...
[5] 2026-04-21 09:52:21,968 DEBUG DownloadFileInBlocks Status:Complete File location [C:\ProgramData\MspPlatform\FileCacheServiceAgent\cache\https___sis.n-able.com_Repository.xml_2026042106.xml] destination [C:\ProgramData\MspPlatform\PME\ThirdPartyPatch\Downloads\Repository.xml]
[5] 2026-04-21 09:52:21,970 DEBUG Download completed successfully. 
[5] 2026-04-21 09:52:21,970 DEBUG FileCacheServiceAgentDownloader.HandleDownloadResult => File was downloaded as "C:\ProgramData\MspPlatform\PME\ThirdPartyPatch\Downloads\Repository.xml" with status "Complete"
[1] 2026-04-23 08:45:23,329 DEBUG DownloaderFactory.GetDownloader => Can connect to https://sis.n-able.com/ using FileCacheServiceAgentDownloader
[1] 2026-04-23 08:45:23,329 DEBUG FileCacheServiceAgentDownloader.DownloadFile => url = https://sis.n-able.com/Repository.xml, fileName = C:\ProgramData\MspPlatform\PME\ThirdPartyPatch\Downloads\Repository.xml
[1] 2026-04-23 08:45:23,330 DEBUG FileCacheServiceAgentDownloader.StartAsyncDownload => Submitting file https://sis.n-able.com/Repository.xml...
[1] 2026-04-23 08:45:23,337 DEBUG FileCacheServiceAgentDownloader.DownloadFile => Waiting for download to be finished
[5] 2026-04-23 08:45:23,354 DEBUG FileCacheServiceAgentDownloader.RetryPolicy => File info is not available yet, trying again in 5s...
[5] 2026-04-23 08:45:28,367 DEBUG FileCacheServiceAgentDownloader.RetryPolicy => File info is not available yet, trying again in 5s...
[5] 2026-04-23 08:45:33,381 DEBUG FileCacheServiceAgentDownloader.HandleDownloadResult => Cache service: update is present [https___sis.n-able.com_Repository.xml_2026042306] [https://sis.n-able.com/Repository.xml]
[5] 2026-04-23 08:45:33,381 DEBUG downloadInfoDetails: isupdatepresent = "true" || cachedLocation = "C:\ProgramData\MspPlatform\FileCacheServiceAgent\cache\https___sis.n-able.com_Repository.xml_2026042306.xml" || filename = "Repository.xml" || sizeinbytes = "5391" || checksum = "9351a11a54b5f0eea80a794a7642ad3b4b8d04e7" || uuid = "https___sis.n-able.com_Repository.xml_2026042306" || url = "https://sis.n-able.com/Repository.xml" || name = "" || kbs = "" || version = "" || architecture = "" || language = "" || cacheddatetime = "2026-4-23 8:45:28 am" || downloadFailed = "false" || 
[5] 2026-04-23 08:45:33,382 DEBUG FileCacheServiceAgentDownloader.HandleDownloadResult => Downloading file (https___sis.n-able.com_Repository.xml_2026042306, C:\ProgramData\MspPlatform\FileCacheServiceAgent\cache\https___sis.n-able.com_Repository.xml_2026042306.xml, Repository.xml, 5391, C:\ProgramData\MspPlatform\PME\ThirdPartyPatch\Downloads)...
[5] 2026-04-23 08:45:33,386 DEBUG DownloadFileInBlocks Status:Complete File location [C:\ProgramData\MspPlatform\FileCacheServiceAgent\cache\https___sis.n-able.com_Repository.xml_2026042306.xml] destination [C:\ProgramData\MspPlatform\PME\ThirdPartyPatch\Downloads\Repository.xml]
[5] 2026-04-23 08:45:33,386 DEBUG Download completed successfully. 
[5] 2026-04-23 08:45:33,387 DEBUG FileCacheServiceAgentDownloader.HandleDownloadResult => File was downloaded as "C:\ProgramData\MspPlatform\PME\ThirdPartyPatch\Downloads\Repository.xml" with status "Complete"
[1] 2026-04-23 08:45:33,399 DEBUG DownloaderFactory.GetDownloader => Can connect to https://sis.n-able.com/ using FileCacheServiceAgentDownloader
[1] 2026-04-23 08:45:33,399 DEBUG FileCacheServiceAgentDownloader.DownloadFile => url = https://sis.n-able.com/3rdPartySw/ThirdPartySoftware.xml, fileName = C:\ProgramData\MspPlatform\PME\ThirdPartyPatch\Downloads\ThirdPartySoftware.xml
[1] 2026-04-23 08:45:33,400 DEBUG FileCacheServiceAgentDownloader.StartAsyncDownload => Submitting file https://sis.n-able.com/3rdPartySw/ThirdPartySoftware.xml...
[1] 2026-04-23 08:45:33,400 DEBUG FileCacheServiceAgentDownloader.DownloadFile => Waiting for download to be finished
[5] 2026-04-23 08:45:33,402 DEBUG FileCacheServiceAgentDownloader.RetryPolicy => File info is not available yet, trying again in 5s...
[5] 2026-04-23 08:45:38,406 DEBUG FileCacheServiceAgentDownloader.RetryPolicy => File info is not available yet, trying again in 5s...
[5] 2026-04-23 08:45:43,413 DEBUG FileCacheServiceAgentDownloader.HandleDownloadResult => Cache service: update is present [https___sis.n-able.com_3rdPartySw_ThirdPartySoftware.xml_2026042306] [https://sis.n-able.com/3rdPartySw/ThirdPartySoftware.xml]
[5] 2026-04-23 08:45:43,413 DEBUG downloadInfoDetails: isupdatepresent = "true" || cachedLocation = "C:\ProgramData\MspPlatform\FileCacheServiceAgent\cache\https___sis.n-able.com_3rdPartySw_ThirdPartySoftware.xml_2026042306.xml" || filename = "ThirdPartySoftware.xml" || sizeinbytes = "114912" || checksum = "f6ca8264a46fc2246a6f391762518cd40e40abe7" || uuid = "https___sis.n-able.com_3rdPartySw_ThirdPartySoftware.xml_2026042306" || url = "https://sis.n-able.com/3rdPartySw/ThirdPartySoftware.xml" || name = "" || kbs = "" || version = "" || architecture = "" || language = "" || cacheddatetime = "2026-4-23 8:45:38 am" || downloadFailed = "false" || 
[5] 2026-04-23 08:45:43,414 DEBUG FileCacheServiceAgentDownloader.HandleDownloadResult => Downloading file (https___sis.n-able.com_3rdPartySw_ThirdPartySoftware.xml_2026042306, C:\ProgramData\MspPlatform\FileCacheServiceAgent\cache\https___sis.n-able.com_3rdPartySw_ThirdPartySoftware.xml_2026042306.xml, ThirdPartySoftware.xml, 114912, C:\ProgramData\MspPlatform\PME\ThirdPartyPatch\Downloads)...
[5] 2026-04-23 08:45:43,415 DEBUG DownloadFileInBlocks Status:Complete File location [C:\ProgramData\MspPlatform\FileCacheServiceAgent\cache\https___sis.n-able.com_3rdPartySw_ThirdPartySoftware.xml_2026042306.xml] destination [C:\ProgramData\MspPlatform\PME\ThirdPartyPatch\Downloads\ThirdPartySoftware.xml]
[5] 2026-04-23 08:45:43,416 DEBUG Download completed successfully. 
[5] 2026-04-23 08:45:43,416 DEBUG FileCacheServiceAgentDownloader.HandleDownloadResult => File was downloaded as "C:\ProgramData\MspPlatform\PME\ThirdPartyPatch\Downloads\ThirdPartySoftware.xml" with status "Complete"
[1] 2026-04-23 08:45:44,011 DEBUG DownloaderFactory.GetDownloader => Can connect to https://sis.n-able.com/ using FileCacheServiceAgentDownloader
[1] 2026-04-23 08:45:44,011 DEBUG FileCacheServiceAgentDownloader.DownloadFile => url = https://sis.n-able.com/3rdPartySw/OS/WIN/Applications/Microsoft/OneDrive.zip, fileName = C:\ProgramData\MspPlatform\PME\ThirdPartyPatch\Downloads\OneDrive.zip
[1] 2026-04-23 08:45:44,012 DEBUG FileCacheServiceAgentDownloader.StartAsyncDownload => Submitting file https://sis.n-able.com/3rdPartySw/OS/WIN/Applications/Microsoft/OneDrive.zip...
[1] 2026-04-23 08:45:44,012 DEBUG FileCacheServiceAgentDownloader.DownloadFile => Waiting for download to be finished
[6] 2026-04-23 08:45:44,013 DEBUG FileCacheServiceAgentDownloader.RetryPolicy => File info is not available yet, trying again in 5s...
[6] 2026-04-23 08:45:49,028 DEBUG FileCacheServiceAgentDownloader.RetryPolicy => File info is not available yet, trying again in 5s...
[6] 2026-04-23 08:45:54,037 DEBUG FileCacheServiceAgentDownloader.HandleDownloadResult => Cache service: update is present [https___sis.n-able.com_3rdPartySw_OS_WIN_Applications_Microsoft_OneDrive.zip_2026042306] [https://sis.n-able.com/3rdPartySw/OS/WIN/Applications/Microsoft/OneDrive.zip]
[6] 2026-04-23 08:45:54,038 DEBUG downloadInfoDetails: isupdatepresent = "true" || cachedLocation = "C:\ProgramData\MspPlatform\FileCacheServiceAgent\cache\https___sis.n-able.com_3rdPartySw_OS_WIN_Applications_Microsoft_OneDrive.zip_2026042306.zip" || filename = "OneDrive.zip" || sizeinbytes = "32626" || checksum = "662e1ee265537d75c0285cedb89444fde4e8c46f" || uuid = "https___sis.n-able.com_3rdPartySw_OS_WIN_Applications_Microsoft_OneDrive.zip_2026042306" || url = "https://sis.n-able.com/3rdPartySw/OS/WIN/Applications/Microsoft/OneDrive.zip" || name = "" || kbs = "" || version = "" || architecture = "" || language = "" || cacheddatetime = "2026-4-23 8:45:49 am" || downloadFailed = "false" || 
[6] 2026-04-23 08:45:54,038 DEBUG FileCacheServiceAgentDownloader.HandleDownloadResult => Downloading file (https___sis.n-able.com_3rdPartySw_OS_WIN_Applications_Microsoft_OneDrive.zip_2026042306, C:\ProgramData\MspPlatform\FileCacheServiceAgent\cache\https___sis.n-able.com_3rdPartySw_OS_WIN_Applications_Microsoft_OneDrive.zip_2026042306.zip, OneDrive.zip, 32626, C:\ProgramData\MspPlatform\PME\ThirdPartyPatch\Downloads)...
[6] 2026-04-23 08:45:54,040 DEBUG DownloadFileInBlocks Status:Complete File location [C:\ProgramData\MspPlatform\FileCacheServiceAgent\cache\https___sis.n-able.com_3rdPartySw_OS_WIN_Applications_Microsoft_OneDrive.zip_2026042306.zip] destination [C:\ProgramData\MspPlatform\PME\ThirdPartyPatch\Downloads\OneDrive.zip]
[6] 2026-04-23 08:45:54,040 DEBUG Download completed successfully. 
[6] 2026-04-23 08:45:54,040 DEBUG FileCacheServiceAgentDownloader.HandleDownloadResult => File was downloaded as "C:\ProgramData\MspPlatform\PME\ThirdPartyPatch\Downloads\OneDrive.zip" with status "Complete"
[1] 2026-04-23 08:45:54,111 DEBUG DownloaderFactory.GetDownloader => Can connect to https://sis.n-able.com/ using FileCacheServiceAgentDownloader
[1] 2026-04-23 08:45:54,111 DEBUG FileCacheServiceAgentDownloader.DownloadFile => url = https://sis.n-able.com/3rdPartySw/OS/WIN/Applications/Google/Google Drive.zip, fileName = C:\ProgramData\MspPlatform\PME\ThirdPartyPatch\Downloads\Google Drive.zip
[1] 2026-04-23 08:45:54,111 DEBUG FileCacheServiceAgentDownloader.StartAsyncDownload => Submitting file https://sis.n-able.com/3rdPartySw/OS/WIN/Applications/Google/Google Drive.zip...
[1] 2026-04-23 08:45:54,112 DEBUG FileCacheServiceAgentDownloader.DownloadFile => Waiting for download to be finished
[6] 2026-04-23 08:45:54,113 DEBUG FileCacheServiceAgentDownloader.RetryPolicy => File info is not available yet, trying again in 5s...
[6] 2026-04-23 08:45:59,114 DEBUG FileCacheServiceAgentDownloader.RetryPolicy => File info is not available yet, trying again in 5s...
[6] 2026-04-23 08:46:04,121 DEBUG FileCacheServiceAgentDownloader.HandleDownloadResult => Cache service: update is present [https___sis.n-able.com_3rdPartySw_OS_WIN_Applications_Google_Google Drive.zip_2026042306] [https://sis.n-able.com/3rdPartySw/OS/WIN/Applications/Google/Google Drive.zip]
[6] 2026-04-23 08:46:04,122 DEBUG downloadInfoDetails: isupdatepresent = "true" || cachedLocation = "C:\ProgramData\MspPlatform\FileCacheServiceAgent\cache\https___sis.n-able.com_3rdPartySw_OS_WIN_Applications_Google_Google Drive.zip_2026042306.zip" || filename = "Google Drive.zip" || sizeinbytes = "27612" || checksum = "b0ab36ca62742bbbe75dd93777de41698be9eeb1" || uuid = "https___sis.n-able.com_3rdPartySw_OS_WIN_Applications_Google_Google Drive.zip_2026042306" || url = "https://sis.n-able.com/3rdPartySw/OS/WIN/Applications/Google/Google Drive.zip" || name = "" || kbs = "" || version = "" || architecture = "" || language = "" || cacheddatetime = "2026-4-23 8:45:59 am" || downloadFailed = "false" || 
[6] 2026-04-23 08:46:04,122 DEBUG FileCacheServiceAgentDownloader.HandleDownloadResult => Downloading file (https___sis.n-able.com_3rdPartySw_OS_WIN_Applications_Google_Google Drive.zip_2026042306, C:\ProgramData\MspPlatform\FileCacheServiceAgent\cache\https___sis.n-able.com_3rdPartySw_OS_WIN_Applications_Google_Google Drive.zip_2026042306.zip, Google Drive.zip, 27612, C:\ProgramData\MspPlatform\PME\ThirdPartyPatch\Downloads)...
[6] 2026-04-23 08:46:04,124 DEBUG DownloadFileInBlocks Status:Complete File location [C:\ProgramData\MspPlatform\FileCacheServiceAgent\cache\https___sis.n-able.com_3rdPartySw_OS_WIN_Applications_Google_Google Drive.zip_2026042306.zip] destination [C:\ProgramData\MspPlatform\PME\ThirdPartyPatch\Downloads\Google Drive.zip]
[6] 2026-04-23 08:46:04,125 DEBUG Download completed successfully. 
[6] 2026-04-23 08:46:04,125 DEBUG FileCacheServiceAgentDownloader.HandleDownloadResult => File was downloaded as "C:\ProgramData\MspPlatform\PME\ThirdPartyPatch\Downloads\Google Drive.zip" with status "Complete"
[1] 2026-04-23 08:46:04,130 DEBUG DownloaderFactory.GetDownloader => Can connect to https://sis.n-able.com/ using FileCacheServiceAgentDownloader
[1] 2026-04-23 08:46:04,130 DEBUG FileCacheServiceAgentDownloader.DownloadFile => url = https://sis.n-able.com/3rdPartySw/OS/WIN/Applications/Microsoft/Microsoft Edge.zip, fileName = C:\ProgramData\MspPlatform\PME\ThirdPartyPatch\Downloads\Microsoft Edge.zip
[1] 2026-04-23 08:46:04,130 DEBUG FileCacheServiceAgentDownloader.StartAsyncDownload => Submitting file https://sis.n-able.com/3rdPartySw/OS/WIN/Applications/Microsoft/Microsoft Edge.zip...
[1] 2026-04-23 08:46:04,131 DEBUG FileCacheServiceAgentDownloader.DownloadFile => Waiting for download to be finished
[5] 2026-04-23 08:46:04,132 DEBUG FileCacheServiceAgentDownloader.RetryPolicy => File info is not available yet, trying again in 5s...
[5] 2026-04-23 08:46:09,145 DEBUG FileCacheServiceAgentDownloader.RetryPolicy => File info is not available yet, trying again in 5s...
[5] 2026-04-23 08:46:14,146 DEBUG FileCacheServiceAgentDownloader.HandleDownloadResult => Cache service: update is present [https___sis.n-able.com_3rdPartySw_OS_WIN_Applications_Microsoft_Microsoft Edge.zip_2026042306] [https://sis.n-able.com/3rdPartySw/OS/WIN/Applications/Microsoft/Microsoft Edge.zip]
[5] 2026-04-23 08:46:14,146 DEBUG downloadInfoDetails: isupdatepresent = "true" || cachedLocation = "C:\ProgramData\MspPlatform\FileCacheServiceAgent\cache\https___sis.n-able.com_3rdPartySw_OS_WIN_Applications_Microsoft_Microsoft Edge.zip_2026042306.zip" || filename = "Microsoft Edge.zip" || sizeinbytes = "9576" || checksum = "d0537a7a9004e403d57037d9b28901e39b005575" || uuid = "https___sis.n-able.com_3rdPartySw_OS_WIN_Applications_Microsoft_Microsoft Edge.zip_2026042306" || url = "https://sis.n-able.com/3rdPartySw/OS/WIN/Applications/Microsoft/Microsoft Edge.zip" || name = "" || kbs = "" || version = "" || architecture = "" || language = "" || cacheddatetime = "2026-4-23 8:46:9 am" || downloadFailed = "false" || 
[5] 2026-04-23 08:46:14,147 DEBUG FileCacheServiceAgentDownloader.HandleDownloadResult => Downloading file (https___sis.n-able.com_3rdPartySw_OS_WIN_Applications_Microsoft_Microsoft Edge.zip_2026042306, C:\ProgramData\MspPlatform\FileCacheServiceAgent\cache\https___sis.n-able.com_3rdPartySw_OS_WIN_Applications_Microsoft_Microsoft Edge.zip_2026042306.zip, Microsoft Edge.zip, 9576, C:\ProgramData\MspPlatform\PME\ThirdPartyPatch\Downloads)...
[5] 2026-04-23 08:46:14,148 DEBUG DownloadFileInBlocks Status:Complete File location [C:\ProgramData\MspPlatform\FileCacheServiceAgent\cache\https___sis.n-able.com_3rdPartySw_OS_WIN_Applications_Microsoft_Microsoft Edge.zip_2026042306.zip] destination [C:\ProgramData\MspPlatform\PME\ThirdPartyPatch\Downloads\Microsoft Edge.zip]
[5] 2026-04-23 08:46:14,148 DEBUG Download completed successfully. 
[5] 2026-04-23 08:46:14,148 DEBUG FileCacheServiceAgentDownloader.HandleDownloadResult => File was downloaded as "C:\ProgramData\MspPlatform\PME\ThirdPartyPatch\Downloads\Microsoft Edge.zip" with status "Complete"
[1] 2026-04-23 08:46:14,193 DEBUG DownloaderFactory.GetDownloader => Can connect to https://sis.n-able.com/ using FileCacheServiceAgentDownloader
[1] 2026-04-23 08:46:14,194 DEBUG FileCacheServiceAgentDownloader.DownloadFile => url = https://sis.n-able.com/3rdPartySw/Vendors.xml, fileName = C:\ProgramData\MspPlatform\PME\ThirdPartyPatch\Downloads\Vendors.xml
[1] 2026-04-23 08:46:14,195 DEBUG FileCacheServiceAgentDownloader.StartAsyncDownload => Submitting file https://sis.n-able.com/3rdPartySw/Vendors.xml...
[1] 2026-04-23 08:46:14,195 DEBUG FileCacheServiceAgentDownloader.DownloadFile => Waiting for download to be finished
[5] 2026-04-23 08:46:14,196 DEBUG FileCacheServiceAgentDownloader.RetryPolicy => File info is not available yet, trying again in 5s...
[5] 2026-04-23 08:46:19,203 DEBUG FileCacheServiceAgentDownloader.RetryPolicy => File info is not available yet, trying again in 5s...
[5] 2026-04-23 08:46:24,218 DEBUG FileCacheServiceAgentDownloader.HandleDownloadResult => Cache service: update is present [https___sis.n-able.com_3rdPartySw_Vendors.xml_2026042306] [https://sis.n-able.com/3rdPartySw/Vendors.xml]
[5] 2026-04-23 08:46:24,218 DEBUG downloadInfoDetails: isupdatepresent = "true" || cachedLocation = "C:\ProgramData\MspPlatform\FileCacheServiceAgent\cache\https___sis.n-able.com_3rdPartySw_Vendors.xml_2026042306.xml" || filename = "Vendors.xml" || sizeinbytes = "4135" || checksum = "8de80a3dfbbe1d2386f740986f5044d05c426928" || uuid = "https___sis.n-able.com_3rdPartySw_Vendors.xml_2026042306" || url = "https://sis.n-able.com/3rdPartySw/Vendors.xml" || name = "" || kbs = "" || version = "" || architecture = "" || language = "" || cacheddatetime = "2026-4-23 8:46:19 am" || downloadFailed = "false" || 
[5] 2026-04-23 08:46:24,218 DEBUG FileCacheServiceAgentDownloader.HandleDownloadResult => Downloading file (https___sis.n-able.com_3rdPartySw_Vendors.xml_2026042306, C:\ProgramData\MspPlatform\FileCacheServiceAgent\cache\https___sis.n-able.com_3rdPartySw_Vendors.xml_2026042306.xml, Vendors.xml, 4135, C:\ProgramData\MspPlatform\PME\ThirdPartyPatch\Downloads)...
[5] 2026-04-23 08:46:24,221 DEBUG DownloadFileInBlocks Status:Complete File location [C:\ProgramData\MspPlatform\FileCacheServiceAgent\cache\https___sis.n-able.com_3rdPartySw_Vendors.xml_2026042306.xml] destination [C:\ProgramData\MspPlatform\PME\ThirdPartyPatch\Downloads\Vendors.xml]
[5] 2026-04-23 08:46:24,221 DEBUG Download completed successfully. 
[5] 2026-04-23 08:46:24,222 DEBUG FileCacheServiceAgentDownloader.HandleDownloadResult => File was downloaded as "C:\ProgramData\MspPlatform\PME\ThirdPartyPatch\Downloads\Vendors.xml" with status "Complete"
[1] 2026-04-23 08:46:24,400 DEBUG DownloaderFactory.GetDownloader => Can connect to https://sis.n-able.com/ using FileCacheServiceAgentDownloader
[1] 2026-04-23 08:46:24,400 DEBUG FileCacheServiceAgentDownloader.DownloadFile => url = https://sis.n-able.com/Repository.xml, fileName = C:\ProgramData\MspPlatform\PME\ThirdPartyPatch\Downloads\Repository.xml
[1] 2026-04-23 08:46:24,400 DEBUG FileCacheServiceAgentDownloader.StartAsyncDownload => Submitting file https://sis.n-able.com/Repository.xml...
[1] 2026-04-23 08:46:24,406 DEBUG FileCacheServiceAgentDownloader.DownloadFile => Waiting for download to be finished
[5] 2026-04-23 08:46:24,423 DEBUG FileCacheServiceAgentDownloader.HandleDownloadResult => Cache service: update is present [https___sis.n-able.com_Repository.xml_2026042306] [https://sis.n-able.com/Repository.xml]
[5] 2026-04-23 08:46:24,423 DEBUG downloadInfoDetails: isupdatepresent = "true" || cachedLocation = "C:\ProgramData\MspPlatform\FileCacheServiceAgent\cache\https___sis.n-able.com_Repository.xml_2026042306.xml" || filename = "Repository.xml" || sizeinbytes = "5391" || checksum = "9351a11a54b5f0eea80a794a7642ad3b4b8d04e7" || uuid = "https___sis.n-able.com_Repository.xml_2026042306" || url = "https://sis.n-able.com/Repository.xml" || name = "" || kbs = "" || version = "" || architecture = "" || language = "" || cacheddatetime = "2026-4-23 8:45:28 am" || downloadFailed = "false" || 
[5] 2026-04-23 08:46:24,423 DEBUG FileCacheServiceAgentDownloader.HandleDownloadResult => Downloading file (https___sis.n-able.com_Repository.xml_2026042306, C:\ProgramData\MspPlatform\FileCacheServiceAgent\cache\https___sis.n-able.com_Repository.xml_2026042306.xml, Repository.xml, 5391, C:\ProgramData\MspPlatform\PME\ThirdPartyPatch\Downloads)...
[5] 2026-04-23 08:46:24,428 DEBUG DownloadFileInBlocks Status:Complete File location [C:\ProgramData\MspPlatform\FileCacheServiceAgent\cache\https___sis.n-able.com_Repository.xml_2026042306.xml] destination [C:\ProgramData\MspPlatform\PME\ThirdPartyPatch\Downloads\Repository.xml]
[5] 2026-04-23 08:46:24,428 DEBUG Download completed successfully. 
[5] 2026-04-23 08:46:24,428 DEBUG FileCacheServiceAgentDownloader.HandleDownloadResult => File was downloaded as "C:\ProgramData\MspPlatform\PME\ThirdPartyPatch\Downloads\Repository.xml" with status "Complete"
[1] 2026-04-23 08:46:24,780 DEBUG DownloaderFactory.GetDownloader => Can connect to https://sis.n-able.com/ using FileCacheServiceAgentDownloader
[1] 2026-04-23 08:46:24,780 DEBUG FileCacheServiceAgentDownloader.DownloadFile => url = https://sis.n-able.com/3rdPartySw/OS/WIN/Applications/Google/Chrome.zip, fileName = C:\ProgramData\MspPlatform\PME\ThirdPartyPatch\Downloads\Chrome.zip
[1] 2026-04-23 08:46:24,780 DEBUG FileCacheServiceAgentDownloader.StartAsyncDownload => Submitting file https://sis.n-able.com/3rdPartySw/OS/WIN/Applications/Google/Chrome.zip...
[1] 2026-04-23 08:46:24,781 DEBUG FileCacheServiceAgentDownloader.DownloadFile => Waiting for download to be finished
[6] 2026-04-23 08:46:24,783 DEBUG FileCacheServiceAgentDownloader.RetryPolicy => File info is not available yet, trying again in 5s...
[6] 2026-04-23 08:46:29,785 DEBUG FileCacheServiceAgentDownloader.RetryPolicy => File info is not available yet, trying again in 5s...
[6] 2026-04-23 08:46:34,789 DEBUG FileCacheServiceAgentDownloader.HandleDownloadResult => Cache service: update is present [https___sis.n-able.com_3rdPartySw_OS_WIN_Applications_Google_Chrome.zip_2026042306] [https://sis.n-able.com/3rdPartySw/OS/WIN/Applications/Google/Chrome.zip]
[6] 2026-04-23 08:46:34,790 DEBUG downloadInfoDetails: isupdatepresent = "true" || cachedLocation = "C:\ProgramData\MspPlatform\FileCacheServiceAgent\cache\https___sis.n-able.com_3rdPartySw_OS_WIN_Applications_Google_Chrome.zip_2026042306.zip" || filename = "Chrome.zip" || sizeinbytes = "16308" || checksum = "88ae7c10d73498267aa9c780c9d107179eb9e898" || uuid = "https___sis.n-able.com_3rdPartySw_OS_WIN_Applications_Google_Chrome.zip_2026042306" || url = "https://sis.n-able.com/3rdPartySw/OS/WIN/Applications/Google/Chrome.zip" || name = "" || kbs = "" || version = "" || architecture = "" || language = "" || cacheddatetime = "2026-4-23 8:46:30 am" || downloadFailed = "false" || 
[6] 2026-04-23 08:46:34,790 DEBUG FileCacheServiceAgentDownloader.HandleDownloadResult => Downloading file (https___sis.n-able.com_3rdPartySw_OS_WIN_Applications_Google_Chrome.zip_2026042306, C:\ProgramData\MspPlatform\FileCacheServiceAgent\cache\https___sis.n-able.com_3rdPartySw_OS_WIN_Applications_Google_Chrome.zip_2026042306.zip, Chrome.zip, 16308, C:\ProgramData\MspPlatform\PME\ThirdPartyPatch\Downloads)...
[6] 2026-04-23 08:46:34,791 DEBUG DownloadFileInBlocks Status:Complete File location [C:\ProgramData\MspPlatform\FileCacheServiceAgent\cache\https___sis.n-able.com_3rdPartySw_OS_WIN_Applications_Google_Chrome.zip_2026042306.zip] destination [C:\ProgramData\MspPlatform\PME\ThirdPartyPatch\Downloads\Chrome.zip]
[6] 2026-04-23 08:46:34,792 DEBUG Download completed successfully. 
[6] 2026-04-23 08:46:34,792 DEBUG FileCacheServiceAgentDownloader.HandleDownloadResult => File was downloaded as "C:\ProgramData\MspPlatform\PME\ThirdPartyPatch\Downloads\Chrome.zip" with status "Complete"
[1] 2026-04-23 08:48:13,855 DEBUG DownloaderFactory.GetDownloader => Can connect to https://sis.n-able.com/ using FileCacheServiceAgentDownloader
[1] 2026-04-23 08:48:13,856 DEBUG FileCacheServiceAgentDownloader.DownloadFile => url = https://sis.n-able.com/Repository.xml, fileName = C:\ProgramData\MspPlatform\PME\ThirdPartyPatch\Downloads\Repository.xml
[1] 2026-04-23 08:48:13,857 DEBUG FileCacheServiceAgentDownloader.StartAsyncDownload => Submitting file https://sis.n-able.com/Repository.xml...
[1] 2026-04-23 08:48:13,866 DEBUG FileCacheServiceAgentDownloader.DownloadFile => Waiting for download to be finished
[5] 2026-04-23 08:48:13,888 DEBUG FileCacheServiceAgentDownloader.HandleDownloadResult => Cache service: update is present [https___sis.n-able.com_Repository.xml_2026042306] [https://sis.n-able.com/Repository.xml]
[5] 2026-04-23 08:48:13,888 DEBUG downloadInfoDetails: isupdatepresent = "true" || cachedLocation = "C:\ProgramData\MspPlatform\FileCacheServiceAgent\cache\https___sis.n-able.com_Repository.xml_2026042306.xml" || filename = "Repository.xml" || sizeinbytes = "5391" || checksum = "9351a11a54b5f0eea80a794a7642ad3b4b8d04e7" || uuid = "https___sis.n-able.com_Repository.xml_2026042306" || url = "https://sis.n-able.com/Repository.xml" || name = "" || kbs = "" || version = "" || architecture = "" || language = "" || cacheddatetime = "2026-4-23 8:45:28 am" || downloadFailed = "false" || 
[5] 2026-04-23 08:48:13,889 DEBUG FileCacheServiceAgentDownloader.HandleDownloadResult => Downloading file (https___sis.n-able.com_Repository.xml_2026042306, C:\ProgramData\MspPlatform\FileCacheServiceAgent\cache\https___sis.n-able.com_Repository.xml_2026042306.xml, Repository.xml, 5391, C:\ProgramData\MspPlatform\PME\ThirdPartyPatch\Downloads)...
[5] 2026-04-23 08:48:13,894 DEBUG DownloadFileInBlocks Status:Complete File location [C:\ProgramData\MspPlatform\FileCacheServiceAgent\cache\https___sis.n-able.com_Repository.xml_2026042306.xml] destination [C:\ProgramData\MspPlatform\PME\ThirdPartyPatch\Downloads\Repository.xml]
[5] 2026-04-23 08:48:13,894 DEBUG Download completed successfully. 
[5] 2026-04-23 08:48:13,894 DEBUG FileCacheServiceAgentDownloader.HandleDownloadResult => File was downloaded as "C:\ProgramData\MspPlatform\PME\ThirdPartyPatch\Downloads\Repository.xml" with status "Complete"
[1] 2026-04-23 08:48:14,503 DEBUG DownloaderFactory.GetDownloader => Can connect to https://sis.n-able.com/ using FileCacheServiceAgentDownloader
[1] 2026-04-23 08:48:14,503 DEBUG FileCacheServiceAgentDownloader.DownloadFile => url = https://sis.n-able.com/Repository.xml, fileName = C:\ProgramData\MspPlatform\PME\ThirdPartyPatch\Downloads\Repository.xml
[1] 2026-04-23 08:48:14,504 DEBUG FileCacheServiceAgentDownloader.StartAsyncDownload => Submitting file https://sis.n-able.com/Repository.xml...
[1] 2026-04-23 08:48:14,509 DEBUG FileCacheServiceAgentDownloader.DownloadFile => Waiting for download to be finished
[5] 2026-04-23 08:48:14,526 DEBUG FileCacheServiceAgentDownloader.HandleDownloadResult => Cache service: update is present [https___sis.n-able.com_Repository.xml_2026042306] [https://sis.n-able.com/Repository.xml]
[5] 2026-04-23 08:48:14,526 DEBUG downloadInfoDetails: isupdatepresent = "true" || cachedLocation = "C:\ProgramData\MspPlatform\FileCacheServiceAgent\cache\https___sis.n-able.com_Repository.xml_2026042306.xml" || filename = "Repository.xml" || sizeinbytes = "5391" || checksum = "9351a11a54b5f0eea80a794a7642ad3b4b8d04e7" || uuid = "https___sis.n-able.com_Repository.xml_2026042306" || url = "https://sis.n-able.com/Repository.xml" || name = "" || kbs = "" || version = "" || architecture = "" || language = "" || cacheddatetime = "2026-4-23 8:45:28 am" || downloadFailed = "false" || 
[5] 2026-04-23 08:48:14,526 DEBUG FileCacheServiceAgentDownloader.HandleDownloadResult => Downloading file (https___sis.n-able.com_Repository.xml_2026042306, C:\ProgramData\MspPlatform\FileCacheServiceAgent\cache\https___sis.n-able.com_Repository.xml_2026042306.xml, Repository.xml, 5391, C:\ProgramData\MspPlatform\PME\ThirdPartyPatch\Downloads)...
[5] 2026-04-23 08:48:14,530 DEBUG DownloadFileInBlocks Status:Complete File location [C:\ProgramData\MspPlatform\FileCacheServiceAgent\cache\https___sis.n-able.com_Repository.xml_2026042306.xml] destination [C:\ProgramData\MspPlatform\PME\ThirdPartyPatch\Downloads\Repository.xml]
[5] 2026-04-23 08:48:14,530 DEBUG Download completed successfully. 
[5] 2026-04-23 08:48:14,531 DEBUG FileCacheServiceAgentDownloader.HandleDownloadResult => File was downloaded as "C:\ProgramData\MspPlatform\PME\ThirdPartyPatch\Downloads\Repository.xml" with status "Complete"
[1] 2026-04-23 13:50:37,026 DEBUG DownloaderFactory.GetDownloader => Can connect to https://sis.n-able.com/ using FileCacheServiceAgentDownloader
[1] 2026-04-23 13:50:37,026 DEBUG FileCacheServiceAgentDownloader.DownloadFile => url = https://sis.n-able.com/Repository.xml, fileName = C:\ProgramData\MspPlatform\PME\ThirdPartyPatch\Downloads\Repository.xml
[1] 2026-04-23 13:50:37,027 DEBUG FileCacheServiceAgentDownloader.StartAsyncDownload => Submitting file https://sis.n-able.com/Repository.xml...
[1] 2026-04-23 13:50:37,033 DEBUG FileCacheServiceAgentDownloader.DownloadFile => Waiting for download to be finished
[5] 2026-04-23 13:50:37,066 DEBUG FileCacheServiceAgentDownloader.RetryPolicy => File info is not available yet, trying again in 5s...
[5] 2026-04-23 13:50:42,079 DEBUG FileCacheServiceAgentDownloader.RetryPolicy => File info is not available yet, trying again in 5s...
[5] 2026-04-23 13:50:47,087 DEBUG FileCacheServiceAgentDownloader.HandleDownloadResult => Cache service: update is present [https___sis.n-able.com_Repository.xml_2026042312] [https://sis.n-able.com/Repository.xml]
[5] 2026-04-23 13:50:47,087 DEBUG downloadInfoDetails: isupdatepresent = "true" || cachedLocation = "C:\ProgramData\MspPlatform\FileCacheServiceAgent\cache\https___sis.n-able.com_Repository.xml_2026042312.xml" || filename = "Repository.xml" || sizeinbytes = "5391" || checksum = "9351a11a54b5f0eea80a794a7642ad3b4b8d04e7" || uuid = "https___sis.n-able.com_Repository.xml_2026042312" || url = "https://sis.n-able.com/Repository.xml" || name = "" || kbs = "" || version = "" || architecture = "" || language = "" || cacheddatetime = "2026-4-23 13:50:42 pm" || downloadFailed = "false" || 
[5] 2026-04-23 13:50:47,088 DEBUG FileCacheServiceAgentDownloader.HandleDownloadResult => Downloading file (https___sis.n-able.com_Repository.xml_2026042312, C:\ProgramData\MspPlatform\FileCacheServiceAgent\cache\https___sis.n-able.com_Repository.xml_2026042312.xml, Repository.xml, 5391, C:\ProgramData\MspPlatform\PME\ThirdPartyPatch\Downloads)...
[5] 2026-04-23 13:50:47,095 DEBUG DownloadFileInBlocks Status:Complete File location [C:\ProgramData\MspPlatform\FileCacheServiceAgent\cache\https___sis.n-able.com_Repository.xml_2026042312.xml] destination [C:\ProgramData\MspPlatform\PME\ThirdPartyPatch\Downloads\Repository.xml]
[5] 2026-04-23 13:50:47,095 DEBUG Download completed successfully. 
[5] 2026-04-23 13:50:47,095 DEBUG FileCacheServiceAgentDownloader.HandleDownloadResult => File was downloaded as "C:\ProgramData\MspPlatform\PME\ThirdPartyPatch\Downloads\Repository.xml" with status "Complete"
[1] 2026-04-23 13:50:48,065 DEBUG DownloaderFactory.GetDownloader => Can connect to https://sis.n-able.com/ using FileCacheServiceAgentDownloader
[1] 2026-04-23 13:50:48,066 DEBUG FileCacheServiceAgentDownloader.DownloadFile => url = https://sis.n-able.com/Repository.xml, fileName = C:\ProgramData\MspPlatform\PME\ThirdPartyPatch\Downloads\Repository.xml
[1] 2026-04-23 13:50:48,066 DEBUG FileCacheServiceAgentDownloader.StartAsyncDownload => Submitting file https://sis.n-able.com/Repository.xml...
[1] 2026-04-23 13:50:48,073 DEBUG FileCacheServiceAgentDownloader.DownloadFile => Waiting for download to be finished
[5] 2026-04-23 13:50:48,094 DEBUG FileCacheServiceAgentDownloader.HandleDownloadResult => Cache service: update is present [https___sis.n-able.com_Repository.xml_2026042312] [https://sis.n-able.com/Repository.xml]
[5] 2026-04-23 13:50:48,095 DEBUG downloadInfoDetails: isupdatepresent = "true" || cachedLocation = "C:\ProgramData\MspPlatform\FileCacheServiceAgent\cache\https___sis.n-able.com_Repository.xml_2026042312.xml" || filename = "Repository.xml" || sizeinbytes = "5391" || checksum = "9351a11a54b5f0eea80a794a7642ad3b4b8d04e7" || uuid = "https___sis.n-able.com_Repository.xml_2026042312" || url = "https://sis.n-able.com/Repository.xml" || name = "" || kbs = "" || version = "" || architecture = "" || language = "" || cacheddatetime = "2026-4-23 13:50:42 pm" || downloadFailed = "false" || 
[5] 2026-04-23 13:50:48,095 DEBUG FileCacheServiceAgentDownloader.HandleDownloadResult => Downloading file (https___sis.n-able.com_Repository.xml_2026042312, C:\ProgramData\MspPlatform\FileCacheServiceAgent\cache\https___sis.n-able.com_Repository.xml_2026042312.xml, Repository.xml, 5391, C:\ProgramData\MspPlatform\PME\ThirdPartyPatch\Downloads)...
[5] 2026-04-23 13:50:48,099 DEBUG DownloadFileInBlocks Status:Complete File location [C:\ProgramData\MspPlatform\FileCacheServiceAgent\cache\https___sis.n-able.com_Repository.xml_2026042312.xml] destination [C:\ProgramData\MspPlatform\PME\ThirdPartyPatch\Downloads\Repository.xml]
[5] 2026-04-23 13:50:48,099 DEBUG Download completed successfully. 
[5] 2026-04-23 13:50:48,099 DEBUG FileCacheServiceAgentDownloader.HandleDownloadResult => File was downloaded as "C:\ProgramData\MspPlatform\PME\ThirdPartyPatch\Downloads\Repository.xml" with status "Complete"
[1] 2026-04-25 07:39:38,808 DEBUG DownloaderFactory.GetDownloader => Can connect to https://sis.n-able.com/ using FileCacheServiceAgentDownloader
[1] 2026-04-25 07:39:38,809 DEBUG FileCacheServiceAgentDownloader.DownloadFile => url = https://sis.n-able.com/Repository.xml, fileName = C:\ProgramData\MspPlatform\PME\ThirdPartyPatch\Downloads\Repository.xml
[1] 2026-04-25 07:39:38,809 DEBUG FileCacheServiceAgentDownloader.StartAsyncDownload => Submitting file https://sis.n-able.com/Repository.xml...
[1] 2026-04-25 07:39:38,823 DEBUG FileCacheServiceAgentDownloader.DownloadFile => Waiting for download to be finished
[5] 2026-04-25 07:39:38,858 DEBUG FileCacheServiceAgentDownloader.RetryPolicy => File info is not available yet, trying again in 5s...
[5] 2026-04-25 07:39:43,875 DEBUG FileCacheServiceAgentDownloader.RetryPolicy => File info is not available yet, trying again in 5s...
[5] 2026-04-25 07:39:48,885 DEBUG FileCacheServiceAgentDownloader.HandleDownloadResult => Cache service: update is present [https___sis.n-able.com_Repository.xml_2026042506] [https://sis.n-able.com/Repository.xml]
[5] 2026-04-25 07:39:48,914 DEBUG downloadInfoDetails: isupdatepresent = "true" || cachedLocation = "C:\ProgramData\MspPlatform\FileCacheServiceAgent\cache\https___sis.n-able.com_Repository.xml_2026042506.xml" || filename = "Repository.xml" || sizeinbytes = "5679" || checksum = "66abc4320276cc2d05d0f393d6a2a11fa8df8e07" || uuid = "https___sis.n-able.com_Repository.xml_2026042506" || url = "https://sis.n-able.com/Repository.xml" || name = "" || kbs = "" || version = "" || architecture = "" || language = "" || cacheddatetime = "2026-4-25 7:39:44 am" || downloadFailed = "false" || 
[5] 2026-04-25 07:39:48,915 DEBUG FileCacheServiceAgentDownloader.HandleDownloadResult => Downloading file (https___sis.n-able.com_Repository.xml_2026042506, C:\ProgramData\MspPlatform\FileCacheServiceAgent\cache\https___sis.n-able.com_Repository.xml_2026042506.xml, Repository.xml, 5679, C:\ProgramData\MspPlatform\PME\ThirdPartyPatch\Downloads)...
[5] 2026-04-25 07:39:48,929 DEBUG DownloadFileInBlocks Status:Complete File location [C:\ProgramData\MspPlatform\FileCacheServiceAgent\cache\https___sis.n-able.com_Repository.xml_2026042506.xml] destination [C:\ProgramData\MspPlatform\PME\ThirdPartyPatch\Downloads\Repository.xml]
[5] 2026-04-25 07:39:48,930 DEBUG Download completed successfully. 
[5] 2026-04-25 07:39:48,930 DEBUG FileCacheServiceAgentDownloader.HandleDownloadResult => File was downloaded as "C:\ProgramData\MspPlatform\PME\ThirdPartyPatch\Downloads\Repository.xml" with status "Complete"
[1] 2026-04-25 07:39:48,965 DEBUG DownloaderFactory.GetDownloader => Can connect to https://sis.n-able.com/ using FileCacheServiceAgentDownloader
[1] 2026-04-25 07:39:48,968 DEBUG FileCacheServiceAgentDownloader.DownloadFile => url = https://sis.n-able.com/3rdPartySw/ThirdPartySoftware.xml, fileName = C:\ProgramData\MspPlatform\PME\ThirdPartyPatch\Downloads\ThirdPartySoftware.xml
[1] 2026-04-25 07:39:48,969 DEBUG FileCacheServiceAgentDownloader.StartAsyncDownload => Submitting file https://sis.n-able.com/3rdPartySw/ThirdPartySoftware.xml...
[1] 2026-04-25 07:39:48,970 DEBUG FileCacheServiceAgentDownloader.DownloadFile => Waiting for download to be finished
[6] 2026-04-25 07:39:48,973 DEBUG FileCacheServiceAgentDownloader.RetryPolicy => File info is not available yet, trying again in 5s...
[6] 2026-04-25 07:39:53,994 DEBUG FileCacheServiceAgentDownloader.RetryPolicy => File info is not available yet, trying again in 5s...
[6] 2026-04-25 07:39:59,011 DEBUG FileCacheServiceAgentDownloader.HandleDownloadResult => Cache service: update is present [https___sis.n-able.com_3rdPartySw_ThirdPartySoftware.xml_2026042506] [https://sis.n-able.com/3rdPartySw/ThirdPartySoftware.xml]
[6] 2026-04-25 07:39:59,012 DEBUG downloadInfoDetails: isupdatepresent = "true" || cachedLocation = "C:\ProgramData\MspPlatform\FileCacheServiceAgent\cache\https___sis.n-able.com_3rdPartySw_ThirdPartySoftware.xml_2026042506.xml" || filename = "ThirdPartySoftware.xml" || sizeinbytes = "114912" || checksum = "cca2651f253ab18248f6028421196374734f91b4" || uuid = "https___sis.n-able.com_3rdPartySw_ThirdPartySoftware.xml_2026042506" || url = "https://sis.n-able.com/3rdPartySw/ThirdPartySoftware.xml" || name = "" || kbs = "" || version = "" || architecture = "" || language = "" || cacheddatetime = "2026-4-25 7:39:54 am" || downloadFailed = "false" || 
[6] 2026-04-25 07:39:59,013 DEBUG FileCacheServiceAgentDownloader.HandleDownloadResult => Downloading file (https___sis.n-able.com_3rdPartySw_ThirdPartySoftware.xml_2026042506, C:\ProgramData\MspPlatform\FileCacheServiceAgent\cache\https___sis.n-able.com_3rdPartySw_ThirdPartySoftware.xml_2026042506.xml, ThirdPartySoftware.xml, 114912, C:\ProgramData\MspPlatform\PME\ThirdPartyPatch\Downloads)...
[6] 2026-04-25 07:39:59,017 DEBUG DownloadFileInBlocks Status:Complete File location [C:\ProgramData\MspPlatform\FileCacheServiceAgent\cache\https___sis.n-able.com_3rdPartySw_ThirdPartySoftware.xml_2026042506.xml] destination [C:\ProgramData\MspPlatform\PME\ThirdPartyPatch\Downloads\ThirdPartySoftware.xml]
[6] 2026-04-25 07:39:59,018 DEBUG Download completed successfully. 
[6] 2026-04-25 07:39:59,018 DEBUG FileCacheServiceAgentDownloader.HandleDownloadResult => File was downloaded as "C:\ProgramData\MspPlatform\PME\ThirdPartyPatch\Downloads\ThirdPartySoftware.xml" with status "Complete"
[1] 2026-04-25 07:40:00,586 DEBUG DownloaderFactory.GetDownloader => Can connect to https://sis.n-able.com/ using FileCacheServiceAgentDownloader
[1] 2026-04-25 07:40:00,586 DEBUG FileCacheServiceAgentDownloader.DownloadFile => url = https://sis.n-able.com/3rdPartySw/OS/WIN/Applications/Microsoft/OneDrive.zip, fileName = C:\ProgramData\MspPlatform\PME\ThirdPartyPatch\Downloads\OneDrive.zip
[1] 2026-04-25 07:40:00,586 DEBUG FileCacheServiceAgentDownloader.StartAsyncDownload => Submitting file https://sis.n-able.com/3rdPartySw/OS/WIN/Applications/Microsoft/OneDrive.zip...
[1] 2026-04-25 07:40:00,587 DEBUG FileCacheServiceAgentDownloader.DownloadFile => Waiting for download to be finished
[6] 2026-04-25 07:40:00,589 DEBUG FileCacheServiceAgentDownloader.RetryPolicy => File info is not available yet, trying again in 5s...
[6] 2026-04-25 07:40:05,590 DEBUG FileCacheServiceAgentDownloader.RetryPolicy => File info is not available yet, trying again in 5s...
[6] 2026-04-25 07:40:10,601 DEBUG FileCacheServiceAgentDownloader.HandleDownloadResult => Cache service: update is present [https___sis.n-able.com_3rdPartySw_OS_WIN_Applications_Microsoft_OneDrive.zip_2026042506] [https://sis.n-able.com/3rdPartySw/OS/WIN/Applications/Microsoft/OneDrive.zip]
[6] 2026-04-25 07:40:10,603 DEBUG downloadInfoDetails: isupdatepresent = "true" || cachedLocation = "C:\ProgramData\MspPlatform\FileCacheServiceAgent\cache\https___sis.n-able.com_3rdPartySw_OS_WIN_Applications_Microsoft_OneDrive.zip_2026042506.zip" || filename = "OneDrive.zip" || sizeinbytes = "32626" || checksum = "662e1ee265537d75c0285cedb89444fde4e8c46f" || uuid = "https___sis.n-able.com_3rdPartySw_OS_WIN_Applications_Microsoft_OneDrive.zip_2026042506" || url = "https://sis.n-able.com/3rdPartySw/OS/WIN/Applications/Microsoft/OneDrive.zip" || name = "" || kbs = "" || version = "" || architecture = "" || language = "" || cacheddatetime = "2026-4-25 7:40:6 am" || downloadFailed = "false" || 
[6] 2026-04-25 07:40:10,603 DEBUG FileCacheServiceAgentDownloader.HandleDownloadResult => Downloading file (https___sis.n-able.com_3rdPartySw_OS_WIN_Applications_Microsoft_OneDrive.zip_2026042506, C:\ProgramData\MspPlatform\FileCacheServiceAgent\cache\https___sis.n-able.com_3rdPartySw_OS_WIN_Applications_Microsoft_OneDrive.zip_2026042506.zip, OneDrive.zip, 32626, C:\ProgramData\MspPlatform\PME\ThirdPartyPatch\Downloads)...
[6] 2026-04-25 07:40:10,609 DEBUG DownloadFileInBlocks Status:Complete File location [C:\ProgramData\MspPlatform\FileCacheServiceAgent\cache\https___sis.n-able.com_3rdPartySw_OS_WIN_Applications_Microsoft_OneDrive.zip_2026042506.zip] destination [C:\ProgramData\MspPlatform\PME\ThirdPartyPatch\Downloads\OneDrive.zip]
[6] 2026-04-25 07:40:10,611 DEBUG Download completed successfully. 
[6] 2026-04-25 07:40:10,611 DEBUG FileCacheServiceAgentDownloader.HandleDownloadResult => File was downloaded as "C:\ProgramData\MspPlatform\PME\ThirdPartyPatch\Downloads\OneDrive.zip" with status "Complete"
[1] 2026-04-25 07:40:10,960 DEBUG DownloaderFactory.GetDownloader => Can connect to https://sis.n-able.com/ using FileCacheServiceAgentDownloader
[1] 2026-04-25 07:40:10,961 DEBUG FileCacheServiceAgentDownloader.DownloadFile => url = https://sis.n-able.com/3rdPartySw/OS/WIN/Applications/Google/Google Drive.zip, fileName = C:\ProgramData\MspPlatform\PME\ThirdPartyPatch\Downloads\Google Drive.zip
[1] 2026-04-25 07:40:10,961 DEBUG FileCacheServiceAgentDownloader.StartAsyncDownload => Submitting file https://sis.n-able.com/3rdPartySw/OS/WIN/Applications/Google/Google Drive.zip...
[1] 2026-04-25 07:40:10,963 DEBUG FileCacheServiceAgentDownloader.DownloadFile => Waiting for download to be finished
[6] 2026-04-25 07:40:10,966 DEBUG FileCacheServiceAgentDownloader.RetryPolicy => File info is not available yet, trying again in 5s...
[6] 2026-04-25 07:40:15,981 DEBUG FileCacheServiceAgentDownloader.RetryPolicy => File info is not available yet, trying again in 5s...
[6] 2026-04-25 07:40:20,993 DEBUG FileCacheServiceAgentDownloader.HandleDownloadResult => Cache service: update is present [https___sis.n-able.com_3rdPartySw_OS_WIN_Applications_Google_Google Drive.zip_2026042506] [https://sis.n-able.com/3rdPartySw/OS/WIN/Applications/Google/Google Drive.zip]
[6] 2026-04-25 07:40:20,995 DEBUG downloadInfoDetails: isupdatepresent = "true" || cachedLocation = "C:\ProgramData\MspPlatform\FileCacheServiceAgent\cache\https___sis.n-able.com_3rdPartySw_OS_WIN_Applications_Google_Google Drive.zip_2026042506.zip" || filename = "Google Drive.zip" || sizeinbytes = "27612" || checksum = "b0ab36ca62742bbbe75dd93777de41698be9eeb1" || uuid = "https___sis.n-able.com_3rdPartySw_OS_WIN_Applications_Google_Google Drive.zip_2026042506" || url = "https://sis.n-able.com/3rdPartySw/OS/WIN/Applications/Google/Google Drive.zip" || name = "" || kbs = "" || version = "" || architecture = "" || language = "" || cacheddatetime = "2026-4-25 7:40:16 am" || downloadFailed = "false" || 
[6] 2026-04-25 07:40:20,995 DEBUG FileCacheServiceAgentDownloader.HandleDownloadResult => Downloading file (https___sis.n-able.com_3rdPartySw_OS_WIN_Applications_Google_Google Drive.zip_2026042506, C:\ProgramData\MspPlatform\FileCacheServiceAgent\cache\https___sis.n-able.com_3rdPartySw_OS_WIN_Applications_Google_Google Drive.zip_2026042506.zip, Google Drive.zip, 27612, C:\ProgramData\MspPlatform\PME\ThirdPartyPatch\Downloads)...
[6] 2026-04-25 07:40:20,999 DEBUG DownloadFileInBlocks Status:Complete File location [C:\ProgramData\MspPlatform\FileCacheServiceAgent\cache\https___sis.n-able.com_3rdPartySw_OS_WIN_Applications_Google_Google Drive.zip_2026042506.zip] destination [C:\ProgramData\MspPlatform\PME\ThirdPartyPatch\Downloads\Google Drive.zip]
[6] 2026-04-25 07:40:20,999 DEBUG Download completed successfully. 
[6] 2026-04-25 07:40:21,000 DEBUG FileCacheServiceAgentDownloader.HandleDownloadResult => File was downloaded as "C:\ProgramData\MspPlatform\PME\ThirdPartyPatch\Downloads\Google Drive.zip" with status "Complete"
[1] 2026-04-25 07:40:21,012 DEBUG DownloaderFactory.GetDownloader => Can connect to https://sis.n-able.com/ using FileCacheServiceAgentDownloader
[1] 2026-04-25 07:40:21,012 DEBUG FileCacheServiceAgentDownloader.DownloadFile => url = https://sis.n-able.com/3rdPartySw/OS/WIN/Applications/Microsoft/Microsoft Edge.zip, fileName = C:\ProgramData\MspPlatform\PME\ThirdPartyPatch\Downloads\Microsoft Edge.zip
[1] 2026-04-25 07:40:21,013 DEBUG FileCacheServiceAgentDownloader.StartAsyncDownload => Submitting file https://sis.n-able.com/3rdPartySw/OS/WIN/Applications/Microsoft/Microsoft Edge.zip...
[1] 2026-04-25 07:40:21,014 DEBUG FileCacheServiceAgentDownloader.DownloadFile => Waiting for download to be finished
[5] 2026-04-25 07:40:21,017 DEBUG FileCacheServiceAgentDownloader.RetryPolicy => File info is not available yet, trying again in 5s...
[5] 2026-04-25 07:40:26,026 DEBUG FileCacheServiceAgentDownloader.RetryPolicy => File info is not available yet, trying again in 5s...
[5] 2026-04-25 07:40:31,044 DEBUG FileCacheServiceAgentDownloader.HandleDownloadResult => Cache service: update is present [https___sis.n-able.com_3rdPartySw_OS_WIN_Applications_Microsoft_Microsoft Edge.zip_2026042506] [https://sis.n-able.com/3rdPartySw/OS/WIN/Applications/Microsoft/Microsoft Edge.zip]
[5] 2026-04-25 07:40:31,045 DEBUG downloadInfoDetails: isupdatepresent = "true" || cachedLocation = "C:\ProgramData\MspPlatform\FileCacheServiceAgent\cache\https___sis.n-able.com_3rdPartySw_OS_WIN_Applications_Microsoft_Microsoft Edge.zip_2026042506.zip" || filename = "Microsoft Edge.zip" || sizeinbytes = "9576" || checksum = "d0537a7a9004e403d57037d9b28901e39b005575" || uuid = "https___sis.n-able.com_3rdPartySw_OS_WIN_Applications_Microsoft_Microsoft Edge.zip_2026042506" || url = "https://sis.n-able.com/3rdPartySw/OS/WIN/Applications/Microsoft/Microsoft Edge.zip" || name = "" || kbs = "" || version = "" || architecture = "" || language = "" || cacheddatetime = "2026-4-25 7:40:26 am" || downloadFailed = "false" || 
[5] 2026-04-25 07:40:31,046 DEBUG FileCacheServiceAgentDownloader.HandleDownloadResult => Downloading file (https___sis.n-able.com_3rdPartySw_OS_WIN_Applications_Microsoft_Microsoft Edge.zip_2026042506, C:\ProgramData\MspPlatform\FileCacheServiceAgent\cache\https___sis.n-able.com_3rdPartySw_OS_WIN_Applications_Microsoft_Microsoft Edge.zip_2026042506.zip, Microsoft Edge.zip, 9576, C:\ProgramData\MspPlatform\PME\ThirdPartyPatch\Downloads)...
[5] 2026-04-25 07:40:31,050 DEBUG DownloadFileInBlocks Status:Complete File location [C:\ProgramData\MspPlatform\FileCacheServiceAgent\cache\https___sis.n-able.com_3rdPartySw_OS_WIN_Applications_Microsoft_Microsoft Edge.zip_2026042506.zip] destination [C:\ProgramData\MspPlatform\PME\ThirdPartyPatch\Downloads\Microsoft Edge.zip]
[5] 2026-04-25 07:40:31,051 DEBUG Download completed successfully. 
[5] 2026-04-25 07:40:31,051 DEBUG FileCacheServiceAgentDownloader.HandleDownloadResult => File was downloaded as "C:\ProgramData\MspPlatform\PME\ThirdPartyPatch\Downloads\Microsoft Edge.zip" with status "Complete"
[1] 2026-04-25 07:40:31,187 DEBUG DownloaderFactory.GetDownloader => Can connect to https://sis.n-able.com/ using FileCacheServiceAgentDownloader
[1] 2026-04-25 07:40:31,188 DEBUG FileCacheServiceAgentDownloader.DownloadFile => url = https://sis.n-able.com/3rdPartySw/Vendors.xml, fileName = C:\ProgramData\MspPlatform\PME\ThirdPartyPatch\Downloads\Vendors.xml
[1] 2026-04-25 07:40:31,189 DEBUG FileCacheServiceAgentDownloader.StartAsyncDownload => Submitting file https://sis.n-able.com/3rdPartySw/Vendors.xml...
[1] 2026-04-25 07:40:31,191 DEBUG FileCacheServiceAgentDownloader.DownloadFile => Waiting for download to be finished
[5] 2026-04-25 07:40:31,201 DEBUG FileCacheServiceAgentDownloader.RetryPolicy => File info is not available yet, trying again in 5s...
[5] 2026-04-25 07:40:36,211 DEBUG FileCacheServiceAgentDownloader.RetryPolicy => File info is not available yet, trying again in 5s...
[5] 2026-04-25 07:40:41,221 DEBUG FileCacheServiceAgentDownloader.HandleDownloadResult => Cache service: update is present [https___sis.n-able.com_3rdPartySw_Vendors.xml_2026042506] [https://sis.n-able.com/3rdPartySw/Vendors.xml]
[5] 2026-04-25 07:40:41,221 DEBUG downloadInfoDetails: isupdatepresent = "true" || cachedLocation = "C:\ProgramData\MspPlatform\FileCacheServiceAgent\cache\https___sis.n-able.com_3rdPartySw_Vendors.xml_2026042506.xml" || filename = "Vendors.xml" || sizeinbytes = "4135" || checksum = "8de80a3dfbbe1d2386f740986f5044d05c426928" || uuid = "https___sis.n-able.com_3rdPartySw_Vendors.xml_2026042506" || url = "https://sis.n-able.com/3rdPartySw/Vendors.xml" || name = "" || kbs = "" || version = "" || architecture = "" || language = "" || cacheddatetime = "2026-4-25 7:40:36 am" || downloadFailed = "false" || 
[5] 2026-04-25 07:40:41,222 DEBUG FileCacheServiceAgentDownloader.HandleDownloadResult => Downloading file (https___sis.n-able.com_3rdPartySw_Vendors.xml_2026042506, C:\ProgramData\MspPlatform\FileCacheServiceAgent\cache\https___sis.n-able.com_3rdPartySw_Vendors.xml_2026042506.xml, Vendors.xml, 4135, C:\ProgramData\MspPlatform\PME\ThirdPartyPatch\Downloads)...
[5] 2026-04-25 07:40:41,224 DEBUG DownloadFileInBlocks Status:Complete File location [C:\ProgramData\MspPlatform\FileCacheServiceAgent\cache\https___sis.n-able.com_3rdPartySw_Vendors.xml_2026042506.xml] destination [C:\ProgramData\MspPlatform\PME\ThirdPartyPatch\Downloads\Vendors.xml]
[5] 2026-04-25 07:40:41,225 DEBUG Download completed successfully. 
[5] 2026-04-25 07:40:41,226 DEBUG FileCacheServiceAgentDownloader.HandleDownloadResult => File was downloaded as "C:\ProgramData\MspPlatform\PME\ThirdPartyPatch\Downloads\Vendors.xml" with status "Complete"
[1] 2026-04-25 07:40:41,610 DEBUG DownloaderFactory.GetDownloader => Can connect to https://sis.n-able.com/ using FileCacheServiceAgentDownloader
[1] 2026-04-25 07:40:41,610 DEBUG FileCacheServiceAgentDownloader.DownloadFile => url = https://sis.n-able.com/Repository.xml, fileName = C:\ProgramData\MspPlatform\PME\ThirdPartyPatch\Downloads\Repository.xml
[1] 2026-04-25 07:40:41,611 DEBUG FileCacheServiceAgentDownloader.StartAsyncDownload => Submitting file https://sis.n-able.com/Repository.xml...
[1] 2026-04-25 07:40:41,624 DEBUG FileCacheServiceAgentDownloader.DownloadFile => Waiting for download to be finished
[5] 2026-04-25 07:40:41,650 DEBUG FileCacheServiceAgentDownloader.HandleDownloadResult => Cache service: update is present [https___sis.n-able.com_Repository.xml_2026042506] [https://sis.n-able.com/Repository.xml]
[5] 2026-04-25 07:40:41,651 DEBUG downloadInfoDetails: isupdatepresent = "true" || cachedLocation = "C:\ProgramData\MspPlatform\FileCacheServiceAgent\cache\https___sis.n-able.com_Repository.xml_2026042506.xml" || filename = "Repository.xml" || sizeinbytes = "5679" || checksum = "66abc4320276cc2d05d0f393d6a2a11fa8df8e07" || uuid = "https___sis.n-able.com_Repository.xml_2026042506" || url = "https://sis.n-able.com/Repository.xml" || name = "" || kbs = "" || version = "" || architecture = "" || language = "" || cacheddatetime = "2026-4-25 7:39:44 am" || downloadFailed = "false" || 
[5] 2026-04-25 07:40:41,651 DEBUG FileCacheServiceAgentDownloader.HandleDownloadResult => Downloading file (https___sis.n-able.com_Repository.xml_2026042506, C:\ProgramData\MspPlatform\FileCacheServiceAgent\cache\https___sis.n-able.com_Repository.xml_2026042506.xml, Repository.xml, 5679, C:\ProgramData\MspPlatform\PME\ThirdPartyPatch\Downloads)...
[5] 2026-04-25 07:40:41,657 DEBUG DownloadFileInBlocks Status:Complete File location [C:\ProgramData\MspPlatform\FileCacheServiceAgent\cache\https___sis.n-able.com_Repository.xml_2026042506.xml] destination [C:\ProgramData\MspPlatform\PME\ThirdPartyPatch\Downloads\Repository.xml]
[5] 2026-04-25 07:40:41,657 DEBUG Download completed successfully. 
[5] 2026-04-25 07:40:41,657 DEBUG FileCacheServiceAgentDownloader.HandleDownloadResult => File was downloaded as "C:\ProgramData\MspPlatform\PME\ThirdPartyPatch\Downloads\Repository.xml" with status "Complete"
[1] 2026-04-25 07:40:42,264 DEBUG DownloaderFactory.GetDownloader => Can connect to https://sis.n-able.com/ using FileCacheServiceAgentDownloader
[1] 2026-04-25 07:40:42,265 DEBUG FileCacheServiceAgentDownloader.DownloadFile => url = https://sis.n-able.com/3rdPartySw/OS/WIN/Applications/Google/Chrome.zip, fileName = C:\ProgramData\MspPlatform\PME\ThirdPartyPatch\Downloads\Chrome.zip
[1] 2026-04-25 07:40:42,265 DEBUG FileCacheServiceAgentDownloader.StartAsyncDownload => Submitting file https://sis.n-able.com/3rdPartySw/OS/WIN/Applications/Google/Chrome.zip...
[1] 2026-04-25 07:40:42,266 DEBUG FileCacheServiceAgentDownloader.DownloadFile => Waiting for download to be finished
[5] 2026-04-25 07:40:42,268 DEBUG FileCacheServiceAgentDownloader.RetryPolicy => File info is not available yet, trying again in 5s...
[5] 2026-04-25 07:40:47,275 DEBUG FileCacheServiceAgentDownloader.RetryPolicy => File info is not available yet, trying again in 5s...
[5] 2026-04-25 07:40:52,288 DEBUG FileCacheServiceAgentDownloader.HandleDownloadResult => Cache service: update is present [https___sis.n-able.com_3rdPartySw_OS_WIN_Applications_Google_Chrome.zip_2026042506] [https://sis.n-able.com/3rdPartySw/OS/WIN/Applications/Google/Chrome.zip]
[5] 2026-04-25 07:40:52,291 DEBUG downloadInfoDetails: isupdatepresent = "true" || cachedLocation = "C:\ProgramData\MspPlatform\FileCacheServiceAgent\cache\https___sis.n-able.com_3rdPartySw_OS_WIN_Applications_Google_Chrome.zip_2026042506.zip" || filename = "Chrome.zip" || sizeinbytes = "16368" || checksum = "50cc9cead2d0ce9d2ce946e7c7da99e1e305f9a6" || uuid = "https___sis.n-able.com_3rdPartySw_OS_WIN_Applications_Google_Chrome.zip_2026042506" || url = "https://sis.n-able.com/3rdPartySw/OS/WIN/Applications/Google/Chrome.zip" || name = "" || kbs = "" || version = "" || architecture = "" || language = "" || cacheddatetime = "2026-4-25 7:40:47 am" || downloadFailed = "false" || 
[5] 2026-04-25 07:40:52,292 DEBUG FileCacheServiceAgentDownloader.HandleDownloadResult => Downloading file (https___sis.n-able.com_3rdPartySw_OS_WIN_Applications_Google_Chrome.zip_2026042506, C:\ProgramData\MspPlatform\FileCacheServiceAgent\cache\https___sis.n-able.com_3rdPartySw_OS_WIN_Applications_Google_Chrome.zip_2026042506.zip, Chrome.zip, 16368, C:\ProgramData\MspPlatform\PME\ThirdPartyPatch\Downloads)...
[5] 2026-04-25 07:40:52,298 DEBUG DownloadFileInBlocks Status:Complete File location [C:\ProgramData\MspPlatform\FileCacheServiceAgent\cache\https___sis.n-able.com_3rdPartySw_OS_WIN_Applications_Google_Chrome.zip_2026042506.zip] destination [C:\ProgramData\MspPlatform\PME\ThirdPartyPatch\Downloads\Chrome.zip]
[5] 2026-04-25 07:40:52,299 DEBUG Download completed successfully. 
[5] 2026-04-25 07:40:52,299 DEBUG FileCacheServiceAgentDownloader.HandleDownloadResult => File was downloaded as "C:\ProgramData\MspPlatform\PME\ThirdPartyPatch\Downloads\Chrome.zip" with status "Complete"
[1] 2026-04-26 08:07:45,144 DEBUG DownloaderFactory.GetDownloader => Can connect to https://sis.n-able.com/ using FileCacheServiceAgentDownloader
[1] 2026-04-26 08:07:45,145 DEBUG FileCacheServiceAgentDownloader.DownloadFile => url = https://sis.n-able.com/Repository.xml, fileName = C:\ProgramData\MspPlatform\PME\ThirdPartyPatch\Downloads\Repository.xml
[1] 2026-04-26 08:07:45,146 DEBUG FileCacheServiceAgentDownloader.StartAsyncDownload => Submitting file https://sis.n-able.com/Repository.xml...
[1] 2026-04-26 08:07:45,162 DEBUG FileCacheServiceAgentDownloader.DownloadFile => Waiting for download to be finished
[5] 2026-04-26 08:07:45,192 DEBUG FileCacheServiceAgentDownloader.RetryPolicy => File info is not available yet, trying again in 5s...
[5] 2026-04-26 08:07:50,208 DEBUG FileCacheServiceAgentDownloader.RetryPolicy => File info is not available yet, trying again in 5s...
[5] 2026-04-26 08:07:55,222 DEBUG FileCacheServiceAgentDownloader.HandleDownloadResult => Cache service: update is present [https___sis.n-able.com_Repository.xml_2026042606] [https://sis.n-able.com/Repository.xml]
[5] 2026-04-26 08:07:55,224 DEBUG downloadInfoDetails: isupdatepresent = "true" || cachedLocation = "C:\ProgramData\MspPlatform\FileCacheServiceAgent\cache\https___sis.n-able.com_Repository.xml_2026042606.xml" || filename = "Repository.xml" || sizeinbytes = "5679" || checksum = "a7bbbb0cea392e5e0b7621bb2106ee5412f74f91" || uuid = "https___sis.n-able.com_Repository.xml_2026042606" || url = "https://sis.n-able.com/Repository.xml" || name = "" || kbs = "" || version = "" || architecture = "" || language = "" || cacheddatetime = "2026-4-26 8:7:50 am" || downloadFailed = "false" || 
[5] 2026-04-26 08:07:55,226 DEBUG FileCacheServiceAgentDownloader.HandleDownloadResult => Downloading file (https___sis.n-able.com_Repository.xml_2026042606, C:\ProgramData\MspPlatform\FileCacheServiceAgent\cache\https___sis.n-able.com_Repository.xml_2026042606.xml, Repository.xml, 5679, C:\ProgramData\MspPlatform\PME\ThirdPartyPatch\Downloads)...
[5] 2026-04-26 08:07:55,273 DEBUG DownloadFileInBlocks Status:Complete File location [C:\ProgramData\MspPlatform\FileCacheServiceAgent\cache\https___sis.n-able.com_Repository.xml_2026042606.xml] destination [C:\ProgramData\MspPlatform\PME\ThirdPartyPatch\Downloads\Repository.xml]
[5] 2026-04-26 08:07:55,274 DEBUG Download completed successfully. 
[5] 2026-04-26 08:07:55,274 DEBUG FileCacheServiceAgentDownloader.HandleDownloadResult => File was downloaded as "C:\ProgramData\MspPlatform\PME\ThirdPartyPatch\Downloads\Repository.xml" with status "Complete"
[1] 2026-04-26 08:07:57,177 DEBUG DownloaderFactory.GetDownloader => Can connect to https://sis.n-able.com/ using FileCacheServiceAgentDownloader
[1] 2026-04-26 08:07:57,177 DEBUG FileCacheServiceAgentDownloader.DownloadFile => url = https://sis.n-able.com/Repository.xml, fileName = C:\ProgramData\MspPlatform\PME\ThirdPartyPatch\Downloads\Repository.xml
[1] 2026-04-26 08:07:57,178 DEBUG FileCacheServiceAgentDownloader.StartAsyncDownload => Submitting file https://sis.n-able.com/Repository.xml...
[1] 2026-04-26 08:07:57,188 DEBUG FileCacheServiceAgentDownloader.DownloadFile => Waiting for download to be finished
[5] 2026-04-26 08:07:57,214 DEBUG FileCacheServiceAgentDownloader.HandleDownloadResult => Cache service: update is present [https___sis.n-able.com_Repository.xml_2026042606] [https://sis.n-able.com/Repository.xml]
[5] 2026-04-26 08:07:57,214 DEBUG downloadInfoDetails: isupdatepresent = "true" || cachedLocation = "C:\ProgramData\MspPlatform\FileCacheServiceAgent\cache\https___sis.n-able.com_Repository.xml_2026042606.xml" || filename = "Repository.xml" || sizeinbytes = "5679" || checksum = "a7bbbb0cea392e5e0b7621bb2106ee5412f74f91" || uuid = "https___sis.n-able.com_Repository.xml_2026042606" || url = "https://sis.n-able.com/Repository.xml" || name = "" || kbs = "" || version = "" || architecture = "" || language = "" || cacheddatetime = "2026-4-26 8:7:50 am" || downloadFailed = "false" || 
[5] 2026-04-26 08:07:57,214 DEBUG FileCacheServiceAgentDownloader.HandleDownloadResult => Downloading file (https___sis.n-able.com_Repository.xml_2026042606, C:\ProgramData\MspPlatform\FileCacheServiceAgent\cache\https___sis.n-able.com_Repository.xml_2026042606.xml, Repository.xml, 5679, C:\ProgramData\MspPlatform\PME\ThirdPartyPatch\Downloads)...
[5] 2026-04-26 08:07:57,220 DEBUG DownloadFileInBlocks Status:Complete File location [C:\ProgramData\MspPlatform\FileCacheServiceAgent\cache\https___sis.n-able.com_Repository.xml_2026042606.xml] destination [C:\ProgramData\MspPlatform\PME\ThirdPartyPatch\Downloads\Repository.xml]
[5] 2026-04-26 08:07:57,220 DEBUG Download completed successfully. 
[5] 2026-04-26 08:07:57,220 DEBUG FileCacheServiceAgentDownloader.HandleDownloadResult => File was downloaded as "C:\ProgramData\MspPlatform\PME\ThirdPartyPatch\Downloads\Repository.xml" with status "Complete"
[1] 2026-04-26 09:00:49,845 DEBUG DownloaderFactory.GetDownloader => Can connect to https://sis.n-able.com/ using FileCacheServiceAgentDownloader
[1] 2026-04-26 09:00:49,845 DEBUG FileCacheServiceAgentDownloader.DownloadFile => url = https://sis.n-able.com/Repository.xml, fileName = C:\ProgramData\MspPlatform\PME\ThirdPartyPatch\Downloads\Repository.xml
[1] 2026-04-26 09:00:49,847 DEBUG FileCacheServiceAgentDownloader.StartAsyncDownload => Submitting file https://sis.n-able.com/Repository.xml...
[1] 2026-04-26 09:00:49,855 DEBUG FileCacheServiceAgentDownloader.DownloadFile => Waiting for download to be finished
[5] 2026-04-26 09:00:49,872 DEBUG FileCacheServiceAgentDownloader.HandleDownloadResult => Cache service: update is present [https___sis.n-able.com_Repository.xml_2026042606] [https://sis.n-able.com/Repository.xml]
[5] 2026-04-26 09:00:49,872 DEBUG downloadInfoDetails: isupdatepresent = "true" || cachedLocation = "C:\ProgramData\MspPlatform\FileCacheServiceAgent\cache\https___sis.n-able.com_Repository.xml_2026042606.xml" || filename = "Repository.xml" || sizeinbytes = "5679" || checksum = "a7bbbb0cea392e5e0b7621bb2106ee5412f74f91" || uuid = "https___sis.n-able.com_Repository.xml_2026042606" || url = "https://sis.n-able.com/Repository.xml" || name = "" || kbs = "" || version = "" || architecture = "" || language = "" || cacheddatetime = "2026-4-26 8:7:50 am" || downloadFailed = "false" || 
[5] 2026-04-26 09:00:49,872 DEBUG FileCacheServiceAgentDownloader.HandleDownloadResult => Downloading file (https___sis.n-able.com_Repository.xml_2026042606, C:\ProgramData\MspPlatform\FileCacheServiceAgent\cache\https___sis.n-able.com_Repository.xml_2026042606.xml, Repository.xml, 5679, C:\ProgramData\MspPlatform\PME\ThirdPartyPatch\Downloads)...
[5] 2026-04-26 09:00:49,877 DEBUG DownloadFileInBlocks Status:Complete File location [C:\ProgramData\MspPlatform\FileCacheServiceAgent\cache\https___sis.n-able.com_Repository.xml_2026042606.xml] destination [C:\ProgramData\MspPlatform\PME\ThirdPartyPatch\Downloads\Repository.xml]
[5] 2026-04-26 09:00:49,877 DEBUG Download completed successfully. 
[5] 2026-04-26 09:00:49,877 DEBUG FileCacheServiceAgentDownloader.HandleDownloadResult => File was downloaded as "C:\ProgramData\MspPlatform\PME\ThirdPartyPatch\Downloads\Repository.xml" with status "Complete"
[1] 2026-04-26 09:00:50,455 DEBUG DownloaderFactory.GetDownloader => Can connect to https://sis.n-able.com/ using FileCacheServiceAgentDownloader
[1] 2026-04-26 09:00:50,456 DEBUG FileCacheServiceAgentDownloader.DownloadFile => url = https://sis.n-able.com/Repository.xml, fileName = C:\ProgramData\MspPlatform\PME\ThirdPartyPatch\Downloads\Repository.xml
[1] 2026-04-26 09:00:50,456 DEBUG FileCacheServiceAgentDownloader.StartAsyncDownload => Submitting file https://sis.n-able.com/Repository.xml...
[1] 2026-04-26 09:00:50,463 DEBUG FileCacheServiceAgentDownloader.DownloadFile => Waiting for download to be finished
[5] 2026-04-26 09:00:50,480 DEBUG FileCacheServiceAgentDownloader.HandleDownloadResult => Cache service: update is present [https___sis.n-able.com_Repository.xml_2026042606] [https://sis.n-able.com/Repository.xml]
[5] 2026-04-26 09:00:50,480 DEBUG downloadInfoDetails: isupdatepresent = "true" || cachedLocation = "C:\ProgramData\MspPlatform\FileCacheServiceAgent\cache\https___sis.n-able.com_Repository.xml_2026042606.xml" || filename = "Repository.xml" || sizeinbytes = "5679" || checksum = "a7bbbb0cea392e5e0b7621bb2106ee5412f74f91" || uuid = "https___sis.n-able.com_Repository.xml_2026042606" || url = "https://sis.n-able.com/Repository.xml" || name = "" || kbs = "" || version = "" || architecture = "" || language = "" || cacheddatetime = "2026-4-26 8:7:50 am" || downloadFailed = "false" || 
[5] 2026-04-26 09:00:50,480 DEBUG FileCacheServiceAgentDownloader.HandleDownloadResult => Downloading file (https___sis.n-able.com_Repository.xml_2026042606, C:\ProgramData\MspPlatform\FileCacheServiceAgent\cache\https___sis.n-able.com_Repository.xml_2026042606.xml, Repository.xml, 5679, C:\ProgramData\MspPlatform\PME\ThirdPartyPatch\Downloads)...
[5] 2026-04-26 09:00:50,484 DEBUG DownloadFileInBlocks Status:Complete File location [C:\ProgramData\MspPlatform\FileCacheServiceAgent\cache\https___sis.n-able.com_Repository.xml_2026042606.xml] destination [C:\ProgramData\MspPlatform\PME\ThirdPartyPatch\Downloads\Repository.xml]
[5] 2026-04-26 09:00:50,485 DEBUG Download completed successfully. 
[5] 2026-04-26 09:00:50,485 DEBUG FileCacheServiceAgentDownloader.HandleDownloadResult => File was downloaded as "C:\ProgramData\MspPlatform\PME\ThirdPartyPatch\Downloads\Repository.xml" with status "Complete"
[1] 2026-04-26 09:01:01,561 DEBUG DownloaderFactory.GetDownloader => Can connect to https://sis.n-able.com/ using FileCacheServiceAgentDownloader
[1] 2026-04-26 09:01:01,562 DEBUG FileCacheServiceAgentDownloader.DownloadFile => url = https://sis.n-able.com/Repository.xml, fileName = C:\ProgramData\MspPlatform\PME\ThirdPartyPatch\Downloads\Repository.xml
[1] 2026-04-26 09:01:01,562 DEBUG FileCacheServiceAgentDownloader.StartAsyncDownload => Submitting file https://sis.n-able.com/Repository.xml...
[1] 2026-04-26 09:01:01,569 DEBUG FileCacheServiceAgentDownloader.DownloadFile => Waiting for download to be finished
[5] 2026-04-26 09:01:01,586 DEBUG FileCacheServiceAgentDownloader.HandleDownloadResult => Cache service: update is present [https___sis.n-able.com_Repository.xml_2026042606] [https://sis.n-able.com/Repository.xml]
[5] 2026-04-26 09:01:01,586 DEBUG downloadInfoDetails: isupdatepresent = "true" || cachedLocation = "C:\ProgramData\MspPlatform\FileCacheServiceAgent\cache\https___sis.n-able.com_Repository.xml_2026042606.xml" || filename = "Repository.xml" || sizeinbytes = "5679" || checksum = "a7bbbb0cea392e5e0b7621bb2106ee5412f74f91" || uuid = "https___sis.n-able.com_Repository.xml_2026042606" || url = "https://sis.n-able.com/Repository.xml" || name = "" || kbs = "" || version = "" || architecture = "" || language = "" || cacheddatetime = "2026-4-26 8:7:50 am" || downloadFailed = "false" || 
[5] 2026-04-26 09:01:01,586 DEBUG FileCacheServiceAgentDownloader.HandleDownloadResult => Downloading file (https___sis.n-able.com_Repository.xml_2026042606, C:\ProgramData\MspPlatform\FileCacheServiceAgent\cache\https___sis.n-able.com_Repository.xml_2026042606.xml, Repository.xml, 5679, C:\ProgramData\MspPlatform\PME\ThirdPartyPatch\Downloads)...
[5] 2026-04-26 09:01:01,590 DEBUG DownloadFileInBlocks Status:Complete File location [C:\ProgramData\MspPlatform\FileCacheServiceAgent\cache\https___sis.n-able.com_Repository.xml_2026042606.xml] destination [C:\ProgramData\MspPlatform\PME\ThirdPartyPatch\Downloads\Repository.xml]
[5] 2026-04-26 09:01:01,590 DEBUG Download completed successfully. 
[5] 2026-04-26 09:01:01,590 DEBUG FileCacheServiceAgentDownloader.HandleDownloadResult => File was downloaded as "C:\ProgramData\MspPlatform\PME\ThirdPartyPatch\Downloads\Repository.xml" with status "Complete"
[1] 2026-04-26 09:02:46,666 DEBUG DownloaderFactory.GetDownloader => Can connect to https://sis.n-able.com/ using FileCacheServiceAgentDownloader
[1] 2026-04-26 09:02:46,666 DEBUG FileCacheServiceAgentDownloader.DownloadFile => url = https://sis.n-able.com/Repository.xml, fileName = C:\ProgramData\MspPlatform\PME\ThirdPartyPatch\Downloads\Repository.xml
[1] 2026-04-26 09:02:46,667 DEBUG FileCacheServiceAgentDownloader.StartAsyncDownload => Submitting file https://sis.n-able.com/Repository.xml...
[1] 2026-04-26 09:02:46,674 DEBUG FileCacheServiceAgentDownloader.DownloadFile => Waiting for download to be finished
[5] 2026-04-26 09:02:46,691 DEBUG FileCacheServiceAgentDownloader.HandleDownloadResult => Cache service: update is present [https___sis.n-able.com_Repository.xml_2026042606] [https://sis.n-able.com/Repository.xml]
[5] 2026-04-26 09:02:46,691 DEBUG downloadInfoDetails: isupdatepresent = "true" || cachedLocation = "C:\ProgramData\MspPlatform\FileCacheServiceAgent\cache\https___sis.n-able.com_Repository.xml_2026042606.xml" || filename = "Repository.xml" || sizeinbytes = "5679" || checksum = "a7bbbb0cea392e5e0b7621bb2106ee5412f74f91" || uuid = "https___sis.n-able.com_Repository.xml_2026042606" || url = "https://sis.n-able.com/Repository.xml" || name = "" || kbs = "" || version = "" || architecture = "" || language = "" || cacheddatetime = "2026-4-26 8:7:50 am" || downloadFailed = "false" || 
[5] 2026-04-26 09:02:46,691 DEBUG FileCacheServiceAgentDownloader.HandleDownloadResult => Downloading file (https___sis.n-able.com_Repository.xml_2026042606, C:\ProgramData\MspPlatform\FileCacheServiceAgent\cache\https___sis.n-able.com_Repository.xml_2026042606.xml, Repository.xml, 5679, C:\ProgramData\MspPlatform\PME\ThirdPartyPatch\Downloads)...
[5] 2026-04-26 09:02:46,695 DEBUG DownloadFileInBlocks Status:Complete File location [C:\ProgramData\MspPlatform\FileCacheServiceAgent\cache\https___sis.n-able.com_Repository.xml_2026042606.xml] destination [C:\ProgramData\MspPlatform\PME\ThirdPartyPatch\Downloads\Repository.xml]
[5] 2026-04-26 09:02:46,695 DEBUG Download completed successfully. 
[5] 2026-04-26 09:02:46,695 DEBUG FileCacheServiceAgentDownloader.HandleDownloadResult => File was downloaded as "C:\ProgramData\MspPlatform\PME\ThirdPartyPatch\Downloads\Repository.xml" with status "Complete"
[1] 2026-04-26 09:02:47,265 DEBUG DownloaderFactory.GetDownloader => Can connect to https://sis.n-able.com/ using FileCacheServiceAgentDownloader
[1] 2026-04-26 09:02:47,266 DEBUG FileCacheServiceAgentDownloader.DownloadFile => url = https://sis.n-able.com/Repository.xml, fileName = C:\ProgramData\MspPlatform\PME\ThirdPartyPatch\Downloads\Repository.xml
[1] 2026-04-26 09:02:47,266 DEBUG FileCacheServiceAgentDownloader.StartAsyncDownload => Submitting file https://sis.n-able.com/Repository.xml...
[1] 2026-04-26 09:02:47,273 DEBUG FileCacheServiceAgentDownloader.DownloadFile => Waiting for download to be finished
[5] 2026-04-26 09:02:47,289 DEBUG FileCacheServiceAgentDownloader.HandleDownloadResult => Cache service: update is present [https___sis.n-able.com_Repository.xml_2026042606] [https://sis.n-able.com/Repository.xml]
[5] 2026-04-26 09:02:47,290 DEBUG downloadInfoDetails: isupdatepresent = "true" || cachedLocation = "C:\ProgramData\MspPlatform\FileCacheServiceAgent\cache\https___sis.n-able.com_Repository.xml_2026042606.xml" || filename = "Repository.xml" || sizeinbytes = "5679" || checksum = "a7bbbb0cea392e5e0b7621bb2106ee5412f74f91" || uuid = "https___sis.n-able.com_Repository.xml_2026042606" || url = "https://sis.n-able.com/Repository.xml" || name = "" || kbs = "" || version = "" || architecture = "" || language = "" || cacheddatetime = "2026-4-26 8:7:50 am" || downloadFailed = "false" || 
[5] 2026-04-26 09:02:47,290 DEBUG FileCacheServiceAgentDownloader.HandleDownloadResult => Downloading file (https___sis.n-able.com_Repository.xml_2026042606, C:\ProgramData\MspPlatform\FileCacheServiceAgent\cache\https___sis.n-able.com_Repository.xml_2026042606.xml, Repository.xml, 5679, C:\ProgramData\MspPlatform\PME\ThirdPartyPatch\Downloads)...
[5] 2026-04-26 09:02:47,294 DEBUG DownloadFileInBlocks Status:Complete File location [C:\ProgramData\MspPlatform\FileCacheServiceAgent\cache\https___sis.n-able.com_Repository.xml_2026042606.xml] destination [C:\ProgramData\MspPlatform\PME\ThirdPartyPatch\Downloads\Repository.xml]
[5] 2026-04-26 09:02:47,294 DEBUG Download completed successfully. 
[5] 2026-04-26 09:02:47,294 DEBUG FileCacheServiceAgentDownloader.HandleDownloadResult => File was downloaded as "C:\ProgramData\MspPlatform\PME\ThirdPartyPatch\Downloads\Repository.xml" with status "Complete"
[1] 2026-04-26 11:03:31,978 DEBUG DownloaderFactory.GetDownloader => Can connect to https://sis.n-able.com/ using FileCacheServiceAgentDownloader
[1] 2026-04-26 11:03:31,978 DEBUG FileCacheServiceAgentDownloader.DownloadFile => url = https://sis.n-able.com/Repository.xml, fileName = C:\ProgramData\MspPlatform\PME\ThirdPartyPatch\Downloads\Repository.xml
[1] 2026-04-26 11:03:31,979 DEBUG FileCacheServiceAgentDownloader.StartAsyncDownload => Submitting file https://sis.n-able.com/Repository.xml...
[1] 2026-04-26 11:03:31,986 DEBUG FileCacheServiceAgentDownloader.DownloadFile => Waiting for download to be finished
[5] 2026-04-26 11:03:32,020 DEBUG FileCacheServiceAgentDownloader.HandleDownloadResult => Cache service: update is present [https___sis.n-able.com_Repository.xml_2026042606] [https://sis.n-able.com/Repository.xml]
[5] 2026-04-26 11:03:32,020 DEBUG downloadInfoDetails: isupdatepresent = "true" || cachedLocation = "C:\ProgramData\MspPlatform\FileCacheServiceAgent\cache\https___sis.n-able.com_Repository.xml_2026042606.xml" || filename = "Repository.xml" || sizeinbytes = "5679" || checksum = "a7bbbb0cea392e5e0b7621bb2106ee5412f74f91" || uuid = "https___sis.n-able.com_Repository.xml_2026042606" || url = "https://sis.n-able.com/Repository.xml" || name = "" || kbs = "" || version = "" || architecture = "" || language = "" || cacheddatetime = "2026-4-26 8:7:50 am" || downloadFailed = "false" || 
[5] 2026-04-26 11:03:32,020 DEBUG FileCacheServiceAgentDownloader.HandleDownloadResult => Downloading file (https___sis.n-able.com_Repository.xml_2026042606, C:\ProgramData\MspPlatform\FileCacheServiceAgent\cache\https___sis.n-able.com_Repository.xml_2026042606.xml, Repository.xml, 5679, C:\ProgramData\MspPlatform\PME\ThirdPartyPatch\Downloads)...
[5] 2026-04-26 11:03:32,024 DEBUG DownloadFileInBlocks Status:Complete File location [C:\ProgramData\MspPlatform\FileCacheServiceAgent\cache\https___sis.n-able.com_Repository.xml_2026042606.xml] destination [C:\ProgramData\MspPlatform\PME\ThirdPartyPatch\Downloads\Repository.xml]
[5] 2026-04-26 11:03:32,024 DEBUG Download completed successfully. 
[5] 2026-04-26 11:03:32,024 DEBUG FileCacheServiceAgentDownloader.HandleDownloadResult => File was downloaded as "C:\ProgramData\MspPlatform\PME\ThirdPartyPatch\Downloads\Repository.xml" with status "Complete"
[1] 2026-04-26 11:03:32,613 DEBUG DownloaderFactory.GetDownloader => Can connect to https://sis.n-able.com/ using FileCacheServiceAgentDownloader
[1] 2026-04-26 11:03:32,614 DEBUG FileCacheServiceAgentDownloader.DownloadFile => url = https://sis.n-able.com/Repository.xml, fileName = C:\ProgramData\MspPlatform\PME\ThirdPartyPatch\Downloads\Repository.xml
[1] 2026-04-26 11:03:32,614 DEBUG FileCacheServiceAgentDownloader.StartAsyncDownload => Submitting file https://sis.n-able.com/Repository.xml...
[1] 2026-04-26 11:03:32,621 DEBUG FileCacheServiceAgentDownloader.DownloadFile => Waiting for download to be finished
[5] 2026-04-26 11:03:32,637 DEBUG FileCacheServiceAgentDownloader.HandleDownloadResult => Cache service: update is present [https___sis.n-able.com_Repository.xml_2026042606] [https://sis.n-able.com/Repository.xml]
[5] 2026-04-26 11:03:32,637 DEBUG downloadInfoDetails: isupdatepresent = "true" || cachedLocation = "C:\ProgramData\MspPlatform\FileCacheServiceAgent\cache\https___sis.n-able.com_Repository.xml_2026042606.xml" || filename = "Repository.xml" || sizeinbytes = "5679" || checksum = "a7bbbb0cea392e5e0b7621bb2106ee5412f74f91" || uuid = "https___sis.n-able.com_Repository.xml_2026042606" || url = "https://sis.n-able.com/Repository.xml" || name = "" || kbs = "" || version = "" || architecture = "" || language = "" || cacheddatetime = "2026-4-26 8:7:50 am" || downloadFailed = "false" || 
[5] 2026-04-26 11:03:32,637 DEBUG FileCacheServiceAgentDownloader.HandleDownloadResult => Downloading file (https___sis.n-able.com_Repository.xml_2026042606, C:\ProgramData\MspPlatform\FileCacheServiceAgent\cache\https___sis.n-able.com_Repository.xml_2026042606.xml, Repository.xml, 5679, C:\ProgramData\MspPlatform\PME\ThirdPartyPatch\Downloads)...
[5] 2026-04-26 11:03:32,643 DEBUG DownloadFileInBlocks Status:Complete File location [C:\ProgramData\MspPlatform\FileCacheServiceAgent\cache\https___sis.n-able.com_Repository.xml_2026042606.xml] destination [C:\ProgramData\MspPlatform\PME\ThirdPartyPatch\Downloads\Repository.xml]
[5] 2026-04-26 11:03:32,643 DEBUG Download completed successfully. 
[5] 2026-04-26 11:03:32,643 DEBUG FileCacheServiceAgentDownloader.HandleDownloadResult => File was downloaded as "C:\ProgramData\MspPlatform\PME\ThirdPartyPatch\Downloads\Repository.xml" with status "Complete"
[1] 2026-04-27 09:00:45,212 DEBUG DownloaderFactory.GetDownloader => Can connect to https://sis.n-able.com/ using FileCacheServiceAgentDownloader
[1] 2026-04-27 09:00:45,213 DEBUG FileCacheServiceAgentDownloader.DownloadFile => url = https://sis.n-able.com/Repository.xml, fileName = C:\ProgramData\MspPlatform\PME\ThirdPartyPatch\Downloads\Repository.xml
[1] 2026-04-27 09:00:45,214 DEBUG FileCacheServiceAgentDownloader.StartAsyncDownload => Submitting file https://sis.n-able.com/Repository.xml...
[1] 2026-04-27 09:00:45,223 DEBUG FileCacheServiceAgentDownloader.DownloadFile => Waiting for download to be finished
[5] 2026-04-27 09:00:45,244 DEBUG FileCacheServiceAgentDownloader.RetryPolicy => File info is not available yet, trying again in 5s...
[5] 2026-04-27 09:00:50,257 DEBUG FileCacheServiceAgentDownloader.RetryPolicy => File info is not available yet, trying again in 5s...
[5] 2026-04-27 09:00:55,259 DEBUG FileCacheServiceAgentDownloader.HandleDownloadResult => Cache service: update is present [https___sis.n-able.com_Repository.xml_2026042706] [https://sis.n-able.com/Repository.xml]
[5] 2026-04-27 09:00:55,259 DEBUG downloadInfoDetails: isupdatepresent = "true" || cachedLocation = "C:\ProgramData\MspPlatform\FileCacheServiceAgent\cache\https___sis.n-able.com_Repository.xml_2026042706.xml" || filename = "Repository.xml" || sizeinbytes = "5391" || checksum = "f79dfdb6ac5fd3f22e736f3160bb6a2cd3335013" || uuid = "https___sis.n-able.com_Repository.xml_2026042706" || url = "https://sis.n-able.com/Repository.xml" || name = "" || kbs = "" || version = "" || architecture = "" || language = "" || cacheddatetime = "2026-4-27 9:0:50 am" || downloadFailed = "false" || 
[5] 2026-04-27 09:00:55,261 DEBUG FileCacheServiceAgentDownloader.HandleDownloadResult => Downloading file (https___sis.n-able.com_Repository.xml_2026042706, C:\ProgramData\MspPlatform\FileCacheServiceAgent\cache\https___sis.n-able.com_Repository.xml_2026042706.xml, Repository.xml, 5391, C:\ProgramData\MspPlatform\PME\ThirdPartyPatch\Downloads)...
[5] 2026-04-27 09:00:55,266 DEBUG DownloadFileInBlocks Status:Complete File location [C:\ProgramData\MspPlatform\FileCacheServiceAgent\cache\https___sis.n-able.com_Repository.xml_2026042706.xml] destination [C:\ProgramData\MspPlatform\PME\ThirdPartyPatch\Downloads\Repository.xml]
[5] 2026-04-27 09:00:55,268 DEBUG Download completed successfully. 
[5] 2026-04-27 09:00:55,268 DEBUG FileCacheServiceAgentDownloader.HandleDownloadResult => File was downloaded as "C:\ProgramData\MspPlatform\PME\ThirdPartyPatch\Downloads\Repository.xml" with status "Complete"
[1] 2026-04-27 09:00:56,161 DEBUG DownloaderFactory.GetDownloader => Can connect to https://sis.n-able.com/ using FileCacheServiceAgentDownloader
[1] 2026-04-27 09:00:56,162 DEBUG FileCacheServiceAgentDownloader.DownloadFile => url = https://sis.n-able.com/Repository.xml, fileName = C:\ProgramData\MspPlatform\PME\ThirdPartyPatch\Downloads\Repository.xml
[1] 2026-04-27 09:00:56,162 DEBUG FileCacheServiceAgentDownloader.StartAsyncDownload => Submitting file https://sis.n-able.com/Repository.xml...
[1] 2026-04-27 09:00:56,169 DEBUG FileCacheServiceAgentDownloader.DownloadFile => Waiting for download to be finished
[5] 2026-04-27 09:00:56,187 DEBUG FileCacheServiceAgentDownloader.HandleDownloadResult => Cache service: update is present [https___sis.n-able.com_Repository.xml_2026042706] [https://sis.n-able.com/Repository.xml]
[5] 2026-04-27 09:00:56,187 DEBUG downloadInfoDetails: isupdatepresent = "true" || cachedLocation = "C:\ProgramData\MspPlatform\FileCacheServiceAgent\cache\https___sis.n-able.com_Repository.xml_2026042706.xml" || filename = "Repository.xml" || sizeinbytes = "5391" || checksum = "f79dfdb6ac5fd3f22e736f3160bb6a2cd3335013" || uuid = "https___sis.n-able.com_Repository.xml_2026042706" || url = "https://sis.n-able.com/Repository.xml" || name = "" || kbs = "" || version = "" || architecture = "" || language = "" || cacheddatetime = "2026-4-27 9:0:50 am" || downloadFailed = "false" || 
[5] 2026-04-27 09:00:56,187 DEBUG FileCacheServiceAgentDownloader.HandleDownloadResult => Downloading file (https___sis.n-able.com_Repository.xml_2026042706, C:\ProgramData\MspPlatform\FileCacheServiceAgent\cache\https___sis.n-able.com_Repository.xml_2026042706.xml, Repository.xml, 5391, C:\ProgramData\MspPlatform\PME\ThirdPartyPatch\Downloads)...
[5] 2026-04-27 09:00:56,191 DEBUG DownloadFileInBlocks Status:Complete File location [C:\ProgramData\MspPlatform\FileCacheServiceAgent\cache\https___sis.n-able.com_Repository.xml_2026042706.xml] destination [C:\ProgramData\MspPlatform\PME\ThirdPartyPatch\Downloads\Repository.xml]
[5] 2026-04-27 09:00:56,192 DEBUG Download completed successfully. 
[5] 2026-04-27 09:00:56,192 DEBUG FileCacheServiceAgentDownloader.HandleDownloadResult => File was downloaded as "C:\ProgramData\MspPlatform\PME\ThirdPartyPatch\Downloads\Repository.xml" with status "Complete"
[1] 2026-04-27 09:01:07,327 DEBUG DownloaderFactory.GetDownloader => Can connect to https://sis.n-able.com/ using FileCacheServiceAgentDownloader
[1] 2026-04-27 09:01:07,327 DEBUG FileCacheServiceAgentDownloader.DownloadFile => url = https://sis.n-able.com/Repository.xml, fileName = C:\ProgramData\MspPlatform\PME\ThirdPartyPatch\Downloads\Repository.xml
[1] 2026-04-27 09:01:07,328 DEBUG FileCacheServiceAgentDownloader.StartAsyncDownload => Submitting file https://sis.n-able.com/Repository.xml...
[1] 2026-04-27 09:01:07,335 DEBUG FileCacheServiceAgentDownloader.DownloadFile => Waiting for download to be finished
[5] 2026-04-27 09:01:07,351 DEBUG FileCacheServiceAgentDownloader.HandleDownloadResult => Cache service: update is present [https___sis.n-able.com_Repository.xml_2026042706] [https://sis.n-able.com/Repository.xml]
[5] 2026-04-27 09:01:07,353 DEBUG downloadInfoDetails: isupdatepresent = "true" || cachedLocation = "C:\ProgramData\MspPlatform\FileCacheServiceAgent\cache\https___sis.n-able.com_Repository.xml_2026042706.xml" || filename = "Repository.xml" || sizeinbytes = "5391" || checksum = "f79dfdb6ac5fd3f22e736f3160bb6a2cd3335013" || uuid = "https___sis.n-able.com_Repository.xml_2026042706" || url = "https://sis.n-able.com/Repository.xml" || name = "" || kbs = "" || version = "" || architecture = "" || language = "" || cacheddatetime = "2026-4-27 9:0:50 am" || downloadFailed = "false" || 
[5] 2026-04-27 09:01:07,353 DEBUG FileCacheServiceAgentDownloader.HandleDownloadResult => Downloading file (https___sis.n-able.com_Repository.xml_2026042706, C:\ProgramData\MspPlatform\FileCacheServiceAgent\cache\https___sis.n-able.com_Repository.xml_2026042706.xml, Repository.xml, 5391, C:\ProgramData\MspPlatform\PME\ThirdPartyPatch\Downloads)...
[5] 2026-04-27 09:01:07,357 DEBUG DownloadFileInBlocks Status:Complete File location [C:\ProgramData\MspPlatform\FileCacheServiceAgent\cache\https___sis.n-able.com_Repository.xml_2026042706.xml] destination [C:\ProgramData\MspPlatform\PME\ThirdPartyPatch\Downloads\Repository.xml]
[5] 2026-04-27 09:01:07,357 DEBUG Download completed successfully. 
[5] 2026-04-27 09:01:07,357 DEBUG FileCacheServiceAgentDownloader.HandleDownloadResult => File was downloaded as "C:\ProgramData\MspPlatform\PME\ThirdPartyPatch\Downloads\Repository.xml" with status "Complete"
[1] 2026-04-27 09:02:18,582 DEBUG DownloaderFactory.GetDownloader => Can connect to https://sis.n-able.com/ using FileCacheServiceAgentDownloader
[1] 2026-04-27 09:02:18,582 DEBUG FileCacheServiceAgentDownloader.DownloadFile => url = https://sis.n-able.com/Repository.xml, fileName = C:\ProgramData\MspPlatform\PME\ThirdPartyPatch\Downloads\Repository.xml
[1] 2026-04-27 09:02:18,583 DEBUG FileCacheServiceAgentDownloader.StartAsyncDownload => Submitting file https://sis.n-able.com/Repository.xml...
[1] 2026-04-27 09:02:18,589 DEBUG FileCacheServiceAgentDownloader.DownloadFile => Waiting for download to be finished
[5] 2026-04-27 09:02:18,608 DEBUG FileCacheServiceAgentDownloader.HandleDownloadResult => Cache service: update is present [https___sis.n-able.com_Repository.xml_2026042706] [https://sis.n-able.com/Repository.xml]
[5] 2026-04-27 09:02:18,609 DEBUG downloadInfoDetails: isupdatepresent = "true" || cachedLocation = "C:\ProgramData\MspPlatform\FileCacheServiceAgent\cache\https___sis.n-able.com_Repository.xml_2026042706.xml" || filename = "Repository.xml" || sizeinbytes = "5391" || checksum = "f79dfdb6ac5fd3f22e736f3160bb6a2cd3335013" || uuid = "https___sis.n-able.com_Repository.xml_2026042706" || url = "https://sis.n-able.com/Repository.xml" || name = "" || kbs = "" || version = "" || architecture = "" || language = "" || cacheddatetime = "2026-4-27 9:0:50 am" || downloadFailed = "false" || 
[5] 2026-04-27 09:02:18,609 DEBUG FileCacheServiceAgentDownloader.HandleDownloadResult => Downloading file (https___sis.n-able.com_Repository.xml_2026042706, C:\ProgramData\MspPlatform\FileCacheServiceAgent\cache\https___sis.n-able.com_Repository.xml_2026042706.xml, Repository.xml, 5391, C:\ProgramData\MspPlatform\PME\ThirdPartyPatch\Downloads)...
[5] 2026-04-27 09:02:18,614 DEBUG DownloadFileInBlocks Status:Complete File location [C:\ProgramData\MspPlatform\FileCacheServiceAgent\cache\https___sis.n-able.com_Repository.xml_2026042706.xml] destination [C:\ProgramData\MspPlatform\PME\ThirdPartyPatch\Downloads\Repository.xml]
[5] 2026-04-27 09:02:18,614 DEBUG Download completed successfully. 
[5] 2026-04-27 09:02:18,614 DEBUG FileCacheServiceAgentDownloader.HandleDownloadResult => File was downloaded as "C:\ProgramData\MspPlatform\PME\ThirdPartyPatch\Downloads\Repository.xml" with status "Complete"
[1] 2026-04-27 09:02:19,246 DEBUG DownloaderFactory.GetDownloader => Can connect to https://sis.n-able.com/ using FileCacheServiceAgentDownloader
[1] 2026-04-27 09:02:19,247 DEBUG FileCacheServiceAgentDownloader.DownloadFile => url = https://sis.n-able.com/Repository.xml, fileName = C:\ProgramData\MspPlatform\PME\ThirdPartyPatch\Downloads\Repository.xml
[1] 2026-04-27 09:02:19,247 DEBUG FileCacheServiceAgentDownloader.StartAsyncDownload => Submitting file https://sis.n-able.com/Repository.xml...
[1] 2026-04-27 09:02:19,256 DEBUG FileCacheServiceAgentDownloader.DownloadFile => Waiting for download to be finished
[5] 2026-04-27 09:02:19,277 DEBUG FileCacheServiceAgentDownloader.HandleDownloadResult => Cache service: update is present [https___sis.n-able.com_Repository.xml_2026042706] [https://sis.n-able.com/Repository.xml]
[5] 2026-04-27 09:02:19,277 DEBUG downloadInfoDetails: isupdatepresent = "true" || cachedLocation = "C:\ProgramData\MspPlatform\FileCacheServiceAgent\cache\https___sis.n-able.com_Repository.xml_2026042706.xml" || filename = "Repository.xml" || sizeinbytes = "5391" || checksum = "f79dfdb6ac5fd3f22e736f3160bb6a2cd3335013" || uuid = "https___sis.n-able.com_Repository.xml_2026042706" || url = "https://sis.n-able.com/Repository.xml" || name = "" || kbs = "" || version = "" || architecture = "" || language = "" || cacheddatetime = "2026-4-27 9:0:50 am" || downloadFailed = "false" || 
[5] 2026-04-27 09:02:19,277 DEBUG FileCacheServiceAgentDownloader.HandleDownloadResult => Downloading file (https___sis.n-able.com_Repository.xml_2026042706, C:\ProgramData\MspPlatform\FileCacheServiceAgent\cache\https___sis.n-able.com_Repository.xml_2026042706.xml, Repository.xml, 5391, C:\ProgramData\MspPlatform\PME\ThirdPartyPatch\Downloads)...
[5] 2026-04-27 09:02:19,281 DEBUG DownloadFileInBlocks Status:Complete File location [C:\ProgramData\MspPlatform\FileCacheServiceAgent\cache\https___sis.n-able.com_Repository.xml_2026042706.xml] destination [C:\ProgramData\MspPlatform\PME\ThirdPartyPatch\Downloads\Repository.xml]
[5] 2026-04-27 09:02:19,282 DEBUG Download completed successfully. 
[5] 2026-04-27 09:02:19,282 DEBUG FileCacheServiceAgentDownloader.HandleDownloadResult => File was downloaded as "C:\ProgramData\MspPlatform\PME\ThirdPartyPatch\Downloads\Repository.xml" with status "Complete"
[1] 2026-04-27 10:32:34,518 DEBUG DownloaderFactory.GetDownloader => Can connect to https://sis.n-able.com/ using FileCacheServiceAgentDownloader
[1] 2026-04-27 10:32:34,518 DEBUG FileCacheServiceAgentDownloader.DownloadFile => url = https://sis.n-able.com/Repository.xml, fileName = C:\ProgramData\MspPlatform\PME\ThirdPartyPatch\Downloads\Repository.xml
[1] 2026-04-27 10:32:34,518 DEBUG FileCacheServiceAgentDownloader.StartAsyncDownload => Submitting file https://sis.n-able.com/Repository.xml...
[1] 2026-04-27 10:32:34,522 DEBUG FileCacheServiceAgentDownloader.DownloadFile => Waiting for download to be finished
[5] 2026-04-27 10:32:34,553 DEBUG FileCacheServiceAgentDownloader.HandleDownloadResult => Cache service: update is present [https___sis.n-able.com_Repository.xml_2026042706] [https://sis.n-able.com/Repository.xml]
[5] 2026-04-27 10:32:34,553 DEBUG downloadInfoDetails: isupdatepresent = "true" || cachedLocation = "C:\ProgramData\MspPlatform\FileCacheServiceAgent\cache\https___sis.n-able.com_Repository.xml_2026042706.xml" || filename = "Repository.xml" || sizeinbytes = "5391" || checksum = "f79dfdb6ac5fd3f22e736f3160bb6a2cd3335013" || uuid = "https___sis.n-able.com_Repository.xml_2026042706" || url = "https://sis.n-able.com/Repository.xml" || name = "" || kbs = "" || version = "" || architecture = "" || language = "" || cacheddatetime = "2026-4-27 9:0:50 am" || downloadFailed = "false" || 
[5] 2026-04-27 10:32:34,553 DEBUG FileCacheServiceAgentDownloader.HandleDownloadResult => Downloading file (https___sis.n-able.com_Repository.xml_2026042706, C:\ProgramData\MspPlatform\FileCacheServiceAgent\cache\https___sis.n-able.com_Repository.xml_2026042706.xml, Repository.xml, 5391, C:\ProgramData\MspPlatform\PME\ThirdPartyPatch\Downloads)...
[5] 2026-04-27 10:32:34,566 DEBUG DownloadFileInBlocks Status:Complete File location [C:\ProgramData\MspPlatform\FileCacheServiceAgent\cache\https___sis.n-able.com_Repository.xml_2026042706.xml] destination [C:\ProgramData\MspPlatform\PME\ThirdPartyPatch\Downloads\Repository.xml]
[5] 2026-04-27 10:32:34,566 DEBUG Download completed successfully. 
[5] 2026-04-27 10:32:34,568 DEBUG FileCacheServiceAgentDownloader.HandleDownloadResult => File was downloaded as "C:\ProgramData\MspPlatform\PME\ThirdPartyPatch\Downloads\Repository.xml" with status "Complete"
[1] 2026-04-27 10:32:35,145 DEBUG DownloaderFactory.GetDownloader => Can connect to https://sis.n-able.com/ using FileCacheServiceAgentDownloader
[1] 2026-04-27 10:32:35,145 DEBUG FileCacheServiceAgentDownloader.DownloadFile => url = https://sis.n-able.com/Repository.xml, fileName = C:\ProgramData\MspPlatform\PME\ThirdPartyPatch\Downloads\Repository.xml
[1] 2026-04-27 10:32:35,145 DEBUG FileCacheServiceAgentDownloader.StartAsyncDownload => Submitting file https://sis.n-able.com/Repository.xml...
[1] 2026-04-27 10:32:35,155 DEBUG FileCacheServiceAgentDownloader.DownloadFile => Waiting for download to be finished
[5] 2026-04-27 10:32:35,169 DEBUG FileCacheServiceAgentDownloader.HandleDownloadResult => Cache service: update is present [https___sis.n-able.com_Repository.xml_2026042706] [https://sis.n-able.com/Repository.xml]
[5] 2026-04-27 10:32:35,169 DEBUG downloadInfoDetails: isupdatepresent = "true" || cachedLocation = "C:\ProgramData\MspPlatform\FileCacheServiceAgent\cache\https___sis.n-able.com_Repository.xml_2026042706.xml" || filename = "Repository.xml" || sizeinbytes = "5391" || checksum = "f79dfdb6ac5fd3f22e736f3160bb6a2cd3335013" || uuid = "https___sis.n-able.com_Repository.xml_2026042706" || url = "https://sis.n-able.com/Repository.xml" || name = "" || kbs = "" || version = "" || architecture = "" || language = "" || cacheddatetime = "2026-4-27 9:0:50 am" || downloadFailed = "false" || 
[5] 2026-04-27 10:32:35,169 DEBUG FileCacheServiceAgentDownloader.HandleDownloadResult => Downloading file (https___sis.n-able.com_Repository.xml_2026042706, C:\ProgramData\MspPlatform\FileCacheServiceAgent\cache\https___sis.n-able.com_Repository.xml_2026042706.xml, Repository.xml, 5391, C:\ProgramData\MspPlatform\PME\ThirdPartyPatch\Downloads)...
[5] 2026-04-27 10:32:35,169 DEBUG DownloadFileInBlocks Status:Complete File location [C:\ProgramData\MspPlatform\FileCacheServiceAgent\cache\https___sis.n-able.com_Repository.xml_2026042706.xml] destination [C:\ProgramData\MspPlatform\PME\ThirdPartyPatch\Downloads\Repository.xml]
[5] 2026-04-27 10:32:35,169 DEBUG Download completed successfully. 
[5] 2026-04-27 10:32:35,169 DEBUG FileCacheServiceAgentDownloader.HandleDownloadResult => File was downloaded as "C:\ProgramData\MspPlatform\PME\ThirdPartyPatch\Downloads\Repository.xml" with status "Complete"
[1] 2026-04-27 11:03:11,241 DEBUG DownloaderFactory.GetDownloader => Can connect to https://sis.n-able.com/ using FileCacheServiceAgentDownloader
[1] 2026-04-27 11:03:11,241 DEBUG FileCacheServiceAgentDownloader.DownloadFile => url = https://sis.n-able.com/Repository.xml, fileName = C:\ProgramData\MspPlatform\PME\ThirdPartyPatch\Downloads\Repository.xml
[1] 2026-04-27 11:03:11,241 DEBUG FileCacheServiceAgentDownloader.StartAsyncDownload => Submitting file https://sis.n-able.com/Repository.xml...
[1] 2026-04-27 11:03:11,251 DEBUG FileCacheServiceAgentDownloader.DownloadFile => Waiting for download to be finished
[5] 2026-04-27 11:03:11,268 DEBUG FileCacheServiceAgentDownloader.HandleDownloadResult => Cache service: update is present [https___sis.n-able.com_Repository.xml_2026042706] [https://sis.n-able.com/Repository.xml]
[5] 2026-04-27 11:03:11,268 DEBUG downloadInfoDetails: isupdatepresent = "true" || cachedLocation = "C:\ProgramData\MspPlatform\FileCacheServiceAgent\cache\https___sis.n-able.com_Repository.xml_2026042706.xml" || filename = "Repository.xml" || sizeinbytes = "5391" || checksum = "f79dfdb6ac5fd3f22e736f3160bb6a2cd3335013" || uuid = "https___sis.n-able.com_Repository.xml_2026042706" || url = "https://sis.n-able.com/Repository.xml" || name = "" || kbs = "" || version = "" || architecture = "" || language = "" || cacheddatetime = "2026-4-27 9:0:50 am" || downloadFailed = "false" || 
[5] 2026-04-27 11:03:11,268 DEBUG FileCacheServiceAgentDownloader.HandleDownloadResult => Downloading file (https___sis.n-able.com_Repository.xml_2026042706, C:\ProgramData\MspPlatform\FileCacheServiceAgent\cache\https___sis.n-able.com_Repository.xml_2026042706.xml, Repository.xml, 5391, C:\ProgramData\MspPlatform\PME\ThirdPartyPatch\Downloads)...
[5] 2026-04-27 11:03:11,274 DEBUG DownloadFileInBlocks Status:Complete File location [C:\ProgramData\MspPlatform\FileCacheServiceAgent\cache\https___sis.n-able.com_Repository.xml_2026042706.xml] destination [C:\ProgramData\MspPlatform\PME\ThirdPartyPatch\Downloads\Repository.xml]
[5] 2026-04-27 11:03:11,274 DEBUG Download completed successfully. 
[5] 2026-04-27 11:03:11,274 DEBUG FileCacheServiceAgentDownloader.HandleDownloadResult => File was downloaded as "C:\ProgramData\MspPlatform\PME\ThirdPartyPatch\Downloads\Repository.xml" with status "Complete"
[1] 2026-04-27 11:03:11,833 DEBUG DownloaderFactory.GetDownloader => Can connect to https://sis.n-able.com/ using FileCacheServiceAgentDownloader
[1] 2026-04-27 11:03:11,833 DEBUG FileCacheServiceAgentDownloader.DownloadFile => url = https://sis.n-able.com/Repository.xml, fileName = C:\ProgramData\MspPlatform\PME\ThirdPartyPatch\Downloads\Repository.xml
[1] 2026-04-27 11:03:11,833 DEBUG FileCacheServiceAgentDownloader.StartAsyncDownload => Submitting file https://sis.n-able.com/Repository.xml...
[1] 2026-04-27 11:03:11,843 DEBUG FileCacheServiceAgentDownloader.DownloadFile => Waiting for download to be finished
[5] 2026-04-27 11:03:11,859 DEBUG FileCacheServiceAgentDownloader.HandleDownloadResult => Cache service: update is present [https___sis.n-able.com_Repository.xml_2026042706] [https://sis.n-able.com/Repository.xml]
[5] 2026-04-27 11:03:11,859 DEBUG downloadInfoDetails: isupdatepresent = "true" || cachedLocation = "C:\ProgramData\MspPlatform\FileCacheServiceAgent\cache\https___sis.n-able.com_Repository.xml_2026042706.xml" || filename = "Repository.xml" || sizeinbytes = "5391" || checksum = "f79dfdb6ac5fd3f22e736f3160bb6a2cd3335013" || uuid = "https___sis.n-able.com_Repository.xml_2026042706" || url = "https://sis.n-able.com/Repository.xml" || name = "" || kbs = "" || version = "" || architecture = "" || language = "" || cacheddatetime = "2026-4-27 9:0:50 am" || downloadFailed = "false" || 
[5] 2026-04-27 11:03:11,859 DEBUG FileCacheServiceAgentDownloader.HandleDownloadResult => Downloading file (https___sis.n-able.com_Repository.xml_2026042706, C:\ProgramData\MspPlatform\FileCacheServiceAgent\cache\https___sis.n-able.com_Repository.xml_2026042706.xml, Repository.xml, 5391, C:\ProgramData\MspPlatform\PME\ThirdPartyPatch\Downloads)...
[5] 2026-04-27 11:03:11,864 DEBUG DownloadFileInBlocks Status:Complete File location [C:\ProgramData\MspPlatform\FileCacheServiceAgent\cache\https___sis.n-able.com_Repository.xml_2026042706.xml] destination [C:\ProgramData\MspPlatform\PME\ThirdPartyPatch\Downloads\Repository.xml]
[5] 2026-04-27 11:03:11,864 DEBUG Download completed successfully. 
[5] 2026-04-27 11:03:11,864 DEBUG FileCacheServiceAgentDownloader.HandleDownloadResult => File was downloaded as "C:\ProgramData\MspPlatform\PME\ThirdPartyPatch\Downloads\Repository.xml" with status "Complete"
[1] 2026-04-28 11:13:59,720 DEBUG DownloaderFactory.GetDownloader => Can connect to https://sis.n-able.com/ using FileCacheServiceAgentDownloader
[1] 2026-04-28 11:13:59,720 DEBUG FileCacheServiceAgentDownloader.DownloadFile => url = https://sis.n-able.com/Repository.xml, fileName = C:\ProgramData\MspPlatform\PME\ThirdPartyPatch\Downloads\Repository.xml
[1] 2026-04-28 11:13:59,720 DEBUG FileCacheServiceAgentDownloader.StartAsyncDownload => Submitting file https://sis.n-able.com/Repository.xml...
[1] 2026-04-28 11:13:59,730 DEBUG FileCacheServiceAgentDownloader.DownloadFile => Waiting for download to be finished
[5] 2026-04-28 11:13:59,741 DEBUG FileCacheServiceAgentDownloader.RetryPolicy => File info is not available yet, trying again in 5s...
[5] 2026-04-28 11:14:04,743 DEBUG FileCacheServiceAgentDownloader.RetryPolicy => File info is not available yet, trying again in 5s...
[5] 2026-04-28 11:14:09,747 DEBUG FileCacheServiceAgentDownloader.HandleDownloadResult => Cache service: update is present [https___sis.n-able.com_Repository.xml_2026042806] [https://sis.n-able.com/Repository.xml]
[5] 2026-04-28 11:14:09,747 DEBUG downloadInfoDetails: isupdatepresent = "true" || cachedLocation = "C:\ProgramData\MspPlatform\FileCacheServiceAgent\cache\https___sis.n-able.com_Repository.xml_2026042806.xml" || filename = "Repository.xml" || sizeinbytes = "5391" || checksum = "c4f6897a5e8191d01df599054ac32a0ce6fd92e7" || uuid = "https___sis.n-able.com_Repository.xml_2026042806" || url = "https://sis.n-able.com/Repository.xml" || name = "" || kbs = "" || version = "" || architecture = "" || language = "" || cacheddatetime = "2026-4-28 11:14:5 am" || downloadFailed = "false" || 
[5] 2026-04-28 11:14:09,747 DEBUG FileCacheServiceAgentDownloader.HandleDownloadResult => Downloading file (https___sis.n-able.com_Repository.xml_2026042806, C:\ProgramData\MspPlatform\FileCacheServiceAgent\cache\https___sis.n-able.com_Repository.xml_2026042806.xml, Repository.xml, 5391, C:\ProgramData\MspPlatform\PME\ThirdPartyPatch\Downloads)...
[5] 2026-04-28 11:14:09,753 DEBUG DownloadFileInBlocks Status:Complete File location [C:\ProgramData\MspPlatform\FileCacheServiceAgent\cache\https___sis.n-able.com_Repository.xml_2026042806.xml] destination [C:\ProgramData\MspPlatform\PME\ThirdPartyPatch\Downloads\Repository.xml]
[5] 2026-04-28 11:14:09,753 DEBUG Download completed successfully. 
[5] 2026-04-28 11:14:09,753 DEBUG FileCacheServiceAgentDownloader.HandleDownloadResult => File was downloaded as "C:\ProgramData\MspPlatform\PME\ThirdPartyPatch\Downloads\Repository.xml" with status "Complete"
[1] 2026-04-28 11:14:09,763 DEBUG DownloaderFactory.GetDownloader => Can connect to https://sis.n-able.com/ using FileCacheServiceAgentDownloader
[1] 2026-04-28 11:14:09,763 DEBUG FileCacheServiceAgentDownloader.DownloadFile => url = https://sis.n-able.com/3rdPartySw/ThirdPartySoftware.xml, fileName = C:\ProgramData\MspPlatform\PME\ThirdPartyPatch\Downloads\ThirdPartySoftware.xml
[1] 2026-04-28 11:14:09,763 DEBUG FileCacheServiceAgentDownloader.StartAsyncDownload => Submitting file https://sis.n-able.com/3rdPartySw/ThirdPartySoftware.xml...
[1] 2026-04-28 11:14:09,763 DEBUG FileCacheServiceAgentDownloader.DownloadFile => Waiting for download to be finished
[5] 2026-04-28 11:14:09,773 DEBUG FileCacheServiceAgentDownloader.RetryPolicy => File info is not available yet, trying again in 5s...
[5] 2026-04-28 11:14:14,776 DEBUG FileCacheServiceAgentDownloader.RetryPolicy => File info is not available yet, trying again in 5s...
[5] 2026-04-28 11:14:19,777 DEBUG FileCacheServiceAgentDownloader.HandleDownloadResult => Cache service: update is present [https___sis.n-able.com_3rdPartySw_ThirdPartySoftware.xml_2026042806] [https://sis.n-able.com/3rdPartySw/ThirdPartySoftware.xml]
[5] 2026-04-28 11:14:19,777 DEBUG downloadInfoDetails: isupdatepresent = "true" || cachedLocation = "C:\ProgramData\MspPlatform\FileCacheServiceAgent\cache\https___sis.n-able.com_3rdPartySw_ThirdPartySoftware.xml_2026042806.xml" || filename = "ThirdPartySoftware.xml" || sizeinbytes = "114816" || checksum = "b53624bbad269887a97b5b7658b95b0ac55c44a8" || uuid = "https___sis.n-able.com_3rdPartySw_ThirdPartySoftware.xml_2026042806" || url = "https://sis.n-able.com/3rdPartySw/ThirdPartySoftware.xml" || name = "" || kbs = "" || version = "" || architecture = "" || language = "" || cacheddatetime = "2026-4-28 11:14:15 am" || downloadFailed = "false" || 
[5] 2026-04-28 11:14:19,777 DEBUG FileCacheServiceAgentDownloader.HandleDownloadResult => Downloading file (https___sis.n-able.com_3rdPartySw_ThirdPartySoftware.xml_2026042806, C:\ProgramData\MspPlatform\FileCacheServiceAgent\cache\https___sis.n-able.com_3rdPartySw_ThirdPartySoftware.xml_2026042806.xml, ThirdPartySoftware.xml, 114816, C:\ProgramData\MspPlatform\PME\ThirdPartyPatch\Downloads)...
[5] 2026-04-28 11:14:19,779 DEBUG DownloadFileInBlocks Status:Complete File location [C:\ProgramData\MspPlatform\FileCacheServiceAgent\cache\https___sis.n-able.com_3rdPartySw_ThirdPartySoftware.xml_2026042806.xml] destination [C:\ProgramData\MspPlatform\PME\ThirdPartyPatch\Downloads\ThirdPartySoftware.xml]
[5] 2026-04-28 11:14:19,779 DEBUG Download completed successfully. 
[5] 2026-04-28 11:14:19,779 DEBUG FileCacheServiceAgentDownloader.HandleDownloadResult => File was downloaded as "C:\ProgramData\MspPlatform\PME\ThirdPartyPatch\Downloads\ThirdPartySoftware.xml" with status "Complete"
[1] 2026-04-28 11:14:20,403 DEBUG DownloaderFactory.GetDownloader => Can connect to https://sis.n-able.com/ using FileCacheServiceAgentDownloader
[1] 2026-04-28 11:14:20,404 DEBUG FileCacheServiceAgentDownloader.DownloadFile => url = https://sis.n-able.com/3rdPartySw/OS/WIN/Applications/Google/Chrome.zip, fileName = C:\ProgramData\MspPlatform\PME\ThirdPartyPatch\Downloads\Chrome.zip
[1] 2026-04-28 11:14:20,404 DEBUG FileCacheServiceAgentDownloader.StartAsyncDownload => Submitting file https://sis.n-able.com/3rdPartySw/OS/WIN/Applications/Google/Chrome.zip...
[1] 2026-04-28 11:14:20,404 DEBUG FileCacheServiceAgentDownloader.DownloadFile => Waiting for download to be finished
[5] 2026-04-28 11:14:20,404 DEBUG FileCacheServiceAgentDownloader.RetryPolicy => File info is not available yet, trying again in 5s...
[5] 2026-04-28 11:14:25,405 DEBUG FileCacheServiceAgentDownloader.RetryPolicy => File info is not available yet, trying again in 5s...
[5] 2026-04-28 11:14:30,416 DEBUG FileCacheServiceAgentDownloader.HandleDownloadResult => Cache service: update is present [https___sis.n-able.com_3rdPartySw_OS_WIN_Applications_Google_Chrome.zip_2026042806] [https://sis.n-able.com/3rdPartySw/OS/WIN/Applications/Google/Chrome.zip]
[5] 2026-04-28 11:14:30,416 DEBUG downloadInfoDetails: isupdatepresent = "true" || cachedLocation = "C:\ProgramData\MspPlatform\FileCacheServiceAgent\cache\https___sis.n-able.com_3rdPartySw_OS_WIN_Applications_Google_Chrome.zip_2026042806.zip" || filename = "Chrome.zip" || sizeinbytes = "16368" || checksum = "50cc9cead2d0ce9d2ce946e7c7da99e1e305f9a6" || uuid = "https___sis.n-able.com_3rdPartySw_OS_WIN_Applications_Google_Chrome.zip_2026042806" || url = "https://sis.n-able.com/3rdPartySw/OS/WIN/Applications/Google/Chrome.zip" || name = "" || kbs = "" || version = "" || architecture = "" || language = "" || cacheddatetime = "2026-4-28 11:14:25 am" || downloadFailed = "false" || 
[5] 2026-04-28 11:14:30,416 DEBUG FileCacheServiceAgentDownloader.HandleDownloadResult => Downloading file (https___sis.n-able.com_3rdPartySw_OS_WIN_Applications_Google_Chrome.zip_2026042806, C:\ProgramData\MspPlatform\FileCacheServiceAgent\cache\https___sis.n-able.com_3rdPartySw_OS_WIN_Applications_Google_Chrome.zip_2026042806.zip, Chrome.zip, 16368, C:\ProgramData\MspPlatform\PME\ThirdPartyPatch\Downloads)...
[5] 2026-04-28 11:14:30,416 DEBUG DownloadFileInBlocks Status:Complete File location [C:\ProgramData\MspPlatform\FileCacheServiceAgent\cache\https___sis.n-able.com_3rdPartySw_OS_WIN_Applications_Google_Chrome.zip_2026042806.zip] destination [C:\ProgramData\MspPlatform\PME\ThirdPartyPatch\Downloads\Chrome.zip]
[5] 2026-04-28 11:14:30,416 DEBUG Download completed successfully. 
[5] 2026-04-28 11:14:30,416 DEBUG FileCacheServiceAgentDownloader.HandleDownloadResult => File was downloaded as "C:\ProgramData\MspPlatform\PME\ThirdPartyPatch\Downloads\Chrome.zip" with status "Complete"
[1] 2026-04-28 11:14:30,480 DEBUG DownloaderFactory.GetDownloader => Can connect to https://sis.n-able.com/ using FileCacheServiceAgentDownloader
[1] 2026-04-28 11:14:30,490 DEBUG FileCacheServiceAgentDownloader.DownloadFile => url = https://sis.n-able.com/3rdPartySw/OS/WIN/Applications/Microsoft/OneDrive.zip, fileName = C:\ProgramData\MspPlatform\PME\ThirdPartyPatch\Downloads\OneDrive.zip
[1] 2026-04-28 11:14:30,490 DEBUG FileCacheServiceAgentDownloader.StartAsyncDownload => Submitting file https://sis.n-able.com/3rdPartySw/OS/WIN/Applications/Microsoft/OneDrive.zip...
[1] 2026-04-28 11:14:30,490 DEBUG FileCacheServiceAgentDownloader.DownloadFile => Waiting for download to be finished
[5] 2026-04-28 11:14:30,490 DEBUG FileCacheServiceAgentDownloader.RetryPolicy => File info is not available yet, trying again in 5s...
[5] 2026-04-28 11:14:35,496 DEBUG FileCacheServiceAgentDownloader.RetryPolicy => File info is not available yet, trying again in 5s...
[5] 2026-04-28 11:14:40,502 DEBUG FileCacheServiceAgentDownloader.HandleDownloadResult => Cache service: update is present [https___sis.n-able.com_3rdPartySw_OS_WIN_Applications_Microsoft_OneDrive.zip_2026042806] [https://sis.n-able.com/3rdPartySw/OS/WIN/Applications/Microsoft/OneDrive.zip]
[5] 2026-04-28 11:14:40,502 DEBUG downloadInfoDetails: isupdatepresent = "true" || cachedLocation = "C:\ProgramData\MspPlatform\FileCacheServiceAgent\cache\https___sis.n-able.com_3rdPartySw_OS_WIN_Applications_Microsoft_OneDrive.zip_2026042806.zip" || filename = "OneDrive.zip" || sizeinbytes = "32689" || checksum = "601b769b0380f2b4aac628e577a22979a5b97a76" || uuid = "https___sis.n-able.com_3rdPartySw_OS_WIN_Applications_Microsoft_OneDrive.zip_2026042806" || url = "https://sis.n-able.com/3rdPartySw/OS/WIN/Applications/Microsoft/OneDrive.zip" || name = "" || kbs = "" || version = "" || architecture = "" || language = "" || cacheddatetime = "2026-4-28 11:14:35 am" || downloadFailed = "false" || 
[5] 2026-04-28 11:14:40,502 DEBUG FileCacheServiceAgentDownloader.HandleDownloadResult => Downloading file (https___sis.n-able.com_3rdPartySw_OS_WIN_Applications_Microsoft_OneDrive.zip_2026042806, C:\ProgramData\MspPlatform\FileCacheServiceAgent\cache\https___sis.n-able.com_3rdPartySw_OS_WIN_Applications_Microsoft_OneDrive.zip_2026042806.zip, OneDrive.zip, 32689, C:\ProgramData\MspPlatform\PME\ThirdPartyPatch\Downloads)...
[5] 2026-04-28 11:14:40,502 DEBUG DownloadFileInBlocks Status:Complete File location [C:\ProgramData\MspPlatform\FileCacheServiceAgent\cache\https___sis.n-able.com_3rdPartySw_OS_WIN_Applications_Microsoft_OneDrive.zip_2026042806.zip] destination [C:\ProgramData\MspPlatform\PME\ThirdPartyPatch\Downloads\OneDrive.zip]
[5] 2026-04-28 11:14:40,502 DEBUG Download completed successfully. 
[5] 2026-04-28 11:14:40,502 DEBUG FileCacheServiceAgentDownloader.HandleDownloadResult => File was downloaded as "C:\ProgramData\MspPlatform\PME\ThirdPartyPatch\Downloads\OneDrive.zip" with status "Complete"
[1] 2026-04-28 11:14:40,502 DEBUG DownloaderFactory.GetDownloader => Can connect to https://sis.n-able.com/ using FileCacheServiceAgentDownloader
[1] 2026-04-28 11:14:40,502 DEBUG FileCacheServiceAgentDownloader.DownloadFile => url = https://sis.n-able.com/3rdPartySw/OS/WIN/Applications/Google/Google Drive.zip, fileName = C:\ProgramData\MspPlatform\PME\ThirdPartyPatch\Downloads\Google Drive.zip
[1] 2026-04-28 11:14:40,513 DEBUG FileCacheServiceAgentDownloader.StartAsyncDownload => Submitting file https://sis.n-able.com/3rdPartySw/OS/WIN/Applications/Google/Google Drive.zip...
[1] 2026-04-28 11:14:40,513 DEBUG FileCacheServiceAgentDownloader.DownloadFile => Waiting for download to be finished
[6] 2026-04-28 11:14:40,513 DEBUG FileCacheServiceAgentDownloader.RetryPolicy => File info is not available yet, trying again in 5s...
[6] 2026-04-28 11:14:45,521 DEBUG FileCacheServiceAgentDownloader.RetryPolicy => File info is not available yet, trying again in 5s...
[6] 2026-04-28 11:14:50,529 DEBUG FileCacheServiceAgentDownloader.HandleDownloadResult => Cache service: update is present [https___sis.n-able.com_3rdPartySw_OS_WIN_Applications_Google_Google Drive.zip_2026042806] [https://sis.n-able.com/3rdPartySw/OS/WIN/Applications/Google/Google Drive.zip]
[6] 2026-04-28 11:14:50,529 DEBUG downloadInfoDetails: isupdatepresent = "true" || cachedLocation = "C:\ProgramData\MspPlatform\FileCacheServiceAgent\cache\https___sis.n-able.com_3rdPartySw_OS_WIN_Applications_Google_Google Drive.zip_2026042806.zip" || filename = "Google Drive.zip" || sizeinbytes = "27612" || checksum = "b0ab36ca62742bbbe75dd93777de41698be9eeb1" || uuid = "https___sis.n-able.com_3rdPartySw_OS_WIN_Applications_Google_Google Drive.zip_2026042806" || url = "https://sis.n-able.com/3rdPartySw/OS/WIN/Applications/Google/Google Drive.zip" || name = "" || kbs = "" || version = "" || architecture = "" || language = "" || cacheddatetime = "2026-4-28 11:14:45 am" || downloadFailed = "false" || 
[6] 2026-04-28 11:14:50,529 DEBUG FileCacheServiceAgentDownloader.HandleDownloadResult => Downloading file (https___sis.n-able.com_3rdPartySw_OS_WIN_Applications_Google_Google Drive.zip_2026042806, C:\ProgramData\MspPlatform\FileCacheServiceAgent\cache\https___sis.n-able.com_3rdPartySw_OS_WIN_Applications_Google_Google Drive.zip_2026042806.zip, Google Drive.zip, 27612, C:\ProgramData\MspPlatform\PME\ThirdPartyPatch\Downloads)...
[6] 2026-04-28 11:14:50,529 DEBUG DownloadFileInBlocks Status:Complete File location [C:\ProgramData\MspPlatform\FileCacheServiceAgent\cache\https___sis.n-able.com_3rdPartySw_OS_WIN_Applications_Google_Google Drive.zip_2026042806.zip] destination [C:\ProgramData\MspPlatform\PME\ThirdPartyPatch\Downloads\Google Drive.zip]
[6] 2026-04-28 11:14:50,529 DEBUG Download completed successfully. 
[6] 2026-04-28 11:14:50,529 DEBUG FileCacheServiceAgentDownloader.HandleDownloadResult => File was downloaded as "C:\ProgramData\MspPlatform\PME\ThirdPartyPatch\Downloads\Google Drive.zip" with status "Complete"
[1] 2026-04-28 11:14:50,529 DEBUG DownloaderFactory.GetDownloader => Can connect to https://sis.n-able.com/ using FileCacheServiceAgentDownloader
[1] 2026-04-28 11:14:50,539 DEBUG FileCacheServiceAgentDownloader.DownloadFile => url = https://sis.n-able.com/3rdPartySw/OS/WIN/Applications/Microsoft/Microsoft Edge.zip, fileName = C:\ProgramData\MspPlatform\PME\ThirdPartyPatch\Downloads\Microsoft Edge.zip
[1] 2026-04-28 11:14:50,539 DEBUG FileCacheServiceAgentDownloader.StartAsyncDownload => Submitting file https://sis.n-able.com/3rdPartySw/OS/WIN/Applications/Microsoft/Microsoft Edge.zip...
[1] 2026-04-28 11:14:50,539 DEBUG FileCacheServiceAgentDownloader.DownloadFile => Waiting for download to be finished
[6] 2026-04-28 11:14:50,539 DEBUG FileCacheServiceAgentDownloader.RetryPolicy => File info is not available yet, trying again in 5s...
[6] 2026-04-28 11:14:55,552 DEBUG FileCacheServiceAgentDownloader.RetryPolicy => File info is not available yet, trying again in 5s...
[6] 2026-04-28 11:15:00,557 DEBUG FileCacheServiceAgentDownloader.HandleDownloadResult => Cache service: update is present [https___sis.n-able.com_3rdPartySw_OS_WIN_Applications_Microsoft_Microsoft Edge.zip_2026042806] [https://sis.n-able.com/3rdPartySw/OS/WIN/Applications/Microsoft/Microsoft Edge.zip]
[6] 2026-04-28 11:15:00,557 DEBUG downloadInfoDetails: isupdatepresent = "true" || cachedLocation = "C:\ProgramData\MspPlatform\FileCacheServiceAgent\cache\https___sis.n-able.com_3rdPartySw_OS_WIN_Applications_Microsoft_Microsoft Edge.zip_2026042806.zip" || filename = "Microsoft Edge.zip" || sizeinbytes = "9641" || checksum = "040d4b34664a38708d5a4980f2bb9f17b3acc082" || uuid = "https___sis.n-able.com_3rdPartySw_OS_WIN_Applications_Microsoft_Microsoft Edge.zip_2026042806" || url = "https://sis.n-able.com/3rdPartySw/OS/WIN/Applications/Microsoft/Microsoft Edge.zip" || name = "" || kbs = "" || version = "" || architecture = "" || language = "" || cacheddatetime = "2026-4-28 11:14:55 am" || downloadFailed = "false" || 
[6] 2026-04-28 11:15:00,557 DEBUG FileCacheServiceAgentDownloader.HandleDownloadResult => Downloading file (https___sis.n-able.com_3rdPartySw_OS_WIN_Applications_Microsoft_Microsoft Edge.zip_2026042806, C:\ProgramData\MspPlatform\FileCacheServiceAgent\cache\https___sis.n-able.com_3rdPartySw_OS_WIN_Applications_Microsoft_Microsoft Edge.zip_2026042806.zip, Microsoft Edge.zip, 9641, C:\ProgramData\MspPlatform\PME\ThirdPartyPatch\Downloads)...
[6] 2026-04-28 11:15:00,557 DEBUG DownloadFileInBlocks Status:Complete File location [C:\ProgramData\MspPlatform\FileCacheServiceAgent\cache\https___sis.n-able.com_3rdPartySw_OS_WIN_Applications_Microsoft_Microsoft Edge.zip_2026042806.zip] destination [C:\ProgramData\MspPlatform\PME\ThirdPartyPatch\Downloads\Microsoft Edge.zip]
[6] 2026-04-28 11:15:00,557 DEBUG Download completed successfully. 
[6] 2026-04-28 11:15:00,557 DEBUG FileCacheServiceAgentDownloader.HandleDownloadResult => File was downloaded as "C:\ProgramData\MspPlatform\PME\ThirdPartyPatch\Downloads\Microsoft Edge.zip" with status "Complete"
[1] 2026-04-28 11:15:00,607 DEBUG DownloaderFactory.GetDownloader => Can connect to https://sis.n-able.com/ using FileCacheServiceAgentDownloader
[1] 2026-04-28 11:15:00,613 DEBUG FileCacheServiceAgentDownloader.DownloadFile => url = https://sis.n-able.com/3rdPartySw/Vendors.xml, fileName = C:\ProgramData\MspPlatform\PME\ThirdPartyPatch\Downloads\Vendors.xml
[1] 2026-04-28 11:15:00,613 DEBUG FileCacheServiceAgentDownloader.StartAsyncDownload => Submitting file https://sis.n-able.com/3rdPartySw/Vendors.xml...
[1] 2026-04-28 11:15:00,613 DEBUG FileCacheServiceAgentDownloader.DownloadFile => Waiting for download to be finished
[6] 2026-04-28 11:15:00,613 DEBUG FileCacheServiceAgentDownloader.RetryPolicy => File info is not available yet, trying again in 5s...
[6] 2026-04-28 11:15:05,628 DEBUG FileCacheServiceAgentDownloader.RetryPolicy => File info is not available yet, trying again in 5s...
[6] 2026-04-28 11:15:10,634 DEBUG FileCacheServiceAgentDownloader.HandleDownloadResult => Cache service: update is present [https___sis.n-able.com_3rdPartySw_Vendors.xml_2026042806] [https://sis.n-able.com/3rdPartySw/Vendors.xml]
[6] 2026-04-28 11:15:10,634 DEBUG downloadInfoDetails: isupdatepresent = "true" || cachedLocation = "C:\ProgramData\MspPlatform\FileCacheServiceAgent\cache\https___sis.n-able.com_3rdPartySw_Vendors.xml_2026042806.xml" || filename = "Vendors.xml" || sizeinbytes = "4135" || checksum = "8de80a3dfbbe1d2386f740986f5044d05c426928" || uuid = "https___sis.n-able.com_3rdPartySw_Vendors.xml_2026042806" || url = "https://sis.n-able.com/3rdPartySw/Vendors.xml" || name = "" || kbs = "" || version = "" || architecture = "" || language = "" || cacheddatetime = "2026-4-28 11:15:5 am" || downloadFailed = "false" || 
[6] 2026-04-28 11:15:10,634 DEBUG FileCacheServiceAgentDownloader.HandleDownloadResult => Downloading file (https___sis.n-able.com_3rdPartySw_Vendors.xml_2026042806, C:\ProgramData\MspPlatform\FileCacheServiceAgent\cache\https___sis.n-able.com_3rdPartySw_Vendors.xml_2026042806.xml, Vendors.xml, 4135, C:\ProgramData\MspPlatform\PME\ThirdPartyPatch\Downloads)...
[6] 2026-04-28 11:15:10,634 DEBUG DownloadFileInBlocks Status:Complete File location [C:\ProgramData\MspPlatform\FileCacheServiceAgent\cache\https___sis.n-able.com_3rdPartySw_Vendors.xml_2026042806.xml] destination [C:\ProgramData\MspPlatform\PME\ThirdPartyPatch\Downloads\Vendors.xml]
[6] 2026-04-28 11:15:10,634 DEBUG Download completed successfully. 
[6] 2026-04-28 11:15:10,634 DEBUG FileCacheServiceAgentDownloader.HandleDownloadResult => File was downloaded as "C:\ProgramData\MspPlatform\PME\ThirdPartyPatch\Downloads\Vendors.xml" with status "Complete"
[1] 2026-04-28 11:15:10,809 DEBUG DownloaderFactory.GetDownloader => Can connect to https://sis.n-able.com/ using FileCacheServiceAgentDownloader
[1] 2026-04-28 11:15:10,809 DEBUG FileCacheServiceAgentDownloader.DownloadFile => url = https://sis.n-able.com/Repository.xml, fileName = C:\ProgramData\MspPlatform\PME\ThirdPartyPatch\Downloads\Repository.xml
[1] 2026-04-28 11:15:10,809 DEBUG FileCacheServiceAgentDownloader.StartAsyncDownload => Submitting file https://sis.n-able.com/Repository.xml...
[1] 2026-04-28 11:15:10,824 DEBUG FileCacheServiceAgentDownloader.DownloadFile => Waiting for download to be finished
[5] 2026-04-28 11:15:10,842 DEBUG FileCacheServiceAgentDownloader.HandleDownloadResult => Cache service: update is present [https___sis.n-able.com_Repository.xml_2026042806] [https://sis.n-able.com/Repository.xml]
[5] 2026-04-28 11:15:10,842 DEBUG downloadInfoDetails: isupdatepresent = "true" || cachedLocation = "C:\ProgramData\MspPlatform\FileCacheServiceAgent\cache\https___sis.n-able.com_Repository.xml_2026042806.xml" || filename = "Repository.xml" || sizeinbytes = "5391" || checksum = "c4f6897a5e8191d01df599054ac32a0ce6fd92e7" || uuid = "https___sis.n-able.com_Repository.xml_2026042806" || url = "https://sis.n-able.com/Repository.xml" || name = "" || kbs = "" || version = "" || architecture = "" || language = "" || cacheddatetime = "2026-4-28 11:14:5 am" || downloadFailed = "false" || 
[5] 2026-04-28 11:15:10,842 DEBUG FileCacheServiceAgentDownloader.HandleDownloadResult => Downloading file (https___sis.n-able.com_Repository.xml_2026042806, C:\ProgramData\MspPlatform\FileCacheServiceAgent\cache\https___sis.n-able.com_Repository.xml_2026042806.xml, Repository.xml, 5391, C:\ProgramData\MspPlatform\PME\ThirdPartyPatch\Downloads)...
[5] 2026-04-28 11:15:10,844 DEBUG DownloadFileInBlocks Status:Complete File location [C:\ProgramData\MspPlatform\FileCacheServiceAgent\cache\https___sis.n-able.com_Repository.xml_2026042806.xml] destination [C:\ProgramData\MspPlatform\PME\ThirdPartyPatch\Downloads\Repository.xml]
[5] 2026-04-28 11:15:10,844 DEBUG Download completed successfully. 
[5] 2026-04-28 11:15:10,844 DEBUG FileCacheServiceAgentDownloader.HandleDownloadResult => File was downloaded as "C:\ProgramData\MspPlatform\PME\ThirdPartyPatch\Downloads\Repository.xml" with status "Complete"
[1] 2026-04-30 09:37:26,790 DEBUG DownloaderFactory.GetDownloader => Can connect to https://sis.n-able.com/ using FileCacheServiceAgentDownloader
[1] 2026-04-30 09:37:26,791 DEBUG FileCacheServiceAgentDownloader.DownloadFile => url = https://sis.n-able.com/Repository.xml, fileName = C:\ProgramData\MspPlatform\PME\ThirdPartyPatch\Downloads\Repository.xml
[1] 2026-04-30 09:37:26,792 DEBUG FileCacheServiceAgentDownloader.StartAsyncDownload => Submitting file https://sis.n-able.com/Repository.xml...
[1] 2026-04-30 09:37:26,809 DEBUG FileCacheServiceAgentDownloader.DownloadFile => Waiting for download to be finished
[5] 2026-04-30 09:37:26,833 DEBUG FileCacheServiceAgentDownloader.RetryPolicy => File info is not available yet, trying again in 5s...
[5] 2026-04-30 09:37:31,840 DEBUG FileCacheServiceAgentDownloader.RetryPolicy => File info is not available yet, trying again in 5s...
[5] 2026-04-30 09:37:36,846 DEBUG FileCacheServiceAgentDownloader.HandleDownloadResult => Cache service: update is present [https___sis.n-able.com_Repository.xml_2026043006] [https://sis.n-able.com/Repository.xml]
[5] 2026-04-30 09:37:36,848 DEBUG downloadInfoDetails: isupdatepresent = "true" || cachedLocation = "C:\ProgramData\MspPlatform\FileCacheServiceAgent\cache\https___sis.n-able.com_Repository.xml_2026043006.xml" || filename = "Repository.xml" || sizeinbytes = "5391" || checksum = "c66884b2bf094a34edb1c5da978107dae7df2f57" || uuid = "https___sis.n-able.com_Repository.xml_2026043006" || url = "https://sis.n-able.com/Repository.xml" || name = "" || kbs = "" || version = "" || architecture = "" || language = "" || cacheddatetime = "2026-4-30 9:37:32 am" || downloadFailed = "false" || 
[5] 2026-04-30 09:37:36,850 DEBUG FileCacheServiceAgentDownloader.HandleDownloadResult => Downloading file (https___sis.n-able.com_Repository.xml_2026043006, C:\ProgramData\MspPlatform\FileCacheServiceAgent\cache\https___sis.n-able.com_Repository.xml_2026043006.xml, Repository.xml, 5391, C:\ProgramData\MspPlatform\PME\ThirdPartyPatch\Downloads)...
[5] 2026-04-30 09:37:36,858 DEBUG DownloadFileInBlocks Status:Complete File location [C:\ProgramData\MspPlatform\FileCacheServiceAgent\cache\https___sis.n-able.com_Repository.xml_2026043006.xml] destination [C:\ProgramData\MspPlatform\PME\ThirdPartyPatch\Downloads\Repository.xml]
[5] 2026-04-30 09:37:36,859 DEBUG Download completed successfully. 
[5] 2026-04-30 09:37:36,860 DEBUG FileCacheServiceAgentDownloader.HandleDownloadResult => File was downloaded as "C:\ProgramData\MspPlatform\PME\ThirdPartyPatch\Downloads\Repository.xml" with status "Complete"
[1] 2026-04-30 09:37:36,880 DEBUG DownloaderFactory.GetDownloader => Can connect to https://sis.n-able.com/ using FileCacheServiceAgentDownloader
[1] 2026-04-30 09:37:36,882 DEBUG FileCacheServiceAgentDownloader.DownloadFile => url = https://sis.n-able.com/3rdPartySw/ThirdPartySoftware.xml, fileName = C:\ProgramData\MspPlatform\PME\ThirdPartyPatch\Downloads\ThirdPartySoftware.xml
[1] 2026-04-30 09:37:36,883 DEBUG FileCacheServiceAgentDownloader.StartAsyncDownload => Submitting file https://sis.n-able.com/3rdPartySw/ThirdPartySoftware.xml...
[1] 2026-04-30 09:37:36,883 DEBUG FileCacheServiceAgentDownloader.DownloadFile => Waiting for download to be finished
[5] 2026-04-30 09:37:36,885 DEBUG FileCacheServiceAgentDownloader.RetryPolicy => File info is not available yet, trying again in 5s...
[5] 2026-04-30 09:37:41,896 DEBUG FileCacheServiceAgentDownloader.RetryPolicy => File info is not available yet, trying again in 5s...
[5] 2026-04-30 09:37:46,900 DEBUG FileCacheServiceAgentDownloader.HandleDownloadResult => Cache service: update is present [https___sis.n-able.com_3rdPartySw_ThirdPartySoftware.xml_2026043006] [https://sis.n-able.com/3rdPartySw/ThirdPartySoftware.xml]
[5] 2026-04-30 09:37:46,901 DEBUG downloadInfoDetails: isupdatepresent = "true" || cachedLocation = "C:\ProgramData\MspPlatform\FileCacheServiceAgent\cache\https___sis.n-able.com_3rdPartySw_ThirdPartySoftware.xml_2026043006.xml" || filename = "ThirdPartySoftware.xml" || sizeinbytes = "114818" || checksum = "bc174551aaa2d411adfbdb31ca98676c71e88fe0" || uuid = "https___sis.n-able.com_3rdPartySw_ThirdPartySoftware.xml_2026043006" || url = "https://sis.n-able.com/3rdPartySw/ThirdPartySoftware.xml" || name = "" || kbs = "" || version = "" || architecture = "" || language = "" || cacheddatetime = "2026-4-30 9:37:42 am" || downloadFailed = "false" || 
[5] 2026-04-30 09:37:46,901 DEBUG FileCacheServiceAgentDownloader.HandleDownloadResult => Downloading file (https___sis.n-able.com_3rdPartySw_ThirdPartySoftware.xml_2026043006, C:\ProgramData\MspPlatform\FileCacheServiceAgent\cache\https___sis.n-able.com_3rdPartySw_ThirdPartySoftware.xml_2026043006.xml, ThirdPartySoftware.xml, 114818, C:\ProgramData\MspPlatform\PME\ThirdPartyPatch\Downloads)...
[5] 2026-04-30 09:37:46,916 DEBUG DownloadFileInBlocks Status:Complete File location [C:\ProgramData\MspPlatform\FileCacheServiceAgent\cache\https___sis.n-able.com_3rdPartySw_ThirdPartySoftware.xml_2026043006.xml] destination [C:\ProgramData\MspPlatform\PME\ThirdPartyPatch\Downloads\ThirdPartySoftware.xml]
[5] 2026-04-30 09:37:46,918 DEBUG Download completed successfully. 
[5] 2026-04-30 09:37:46,918 DEBUG FileCacheServiceAgentDownloader.HandleDownloadResult => File was downloaded as "C:\ProgramData\MspPlatform\PME\ThirdPartyPatch\Downloads\ThirdPartySoftware.xml" with status "Complete"
[1] 2026-04-30 09:37:47,960 DEBUG DownloaderFactory.GetDownloader => Can connect to https://sis.n-able.com/ using FileCacheServiceAgentDownloader
[1] 2026-04-30 09:37:47,960 DEBUG FileCacheServiceAgentDownloader.DownloadFile => url = https://sis.n-able.com/3rdPartySw/OS/WIN/Applications/Microsoft/OneDrive.zip, fileName = C:\ProgramData\MspPlatform\PME\ThirdPartyPatch\Downloads\OneDrive.zip
[1] 2026-04-30 09:37:47,960 DEBUG FileCacheServiceAgentDownloader.StartAsyncDownload => Submitting file https://sis.n-able.com/3rdPartySw/OS/WIN/Applications/Microsoft/OneDrive.zip...
[1] 2026-04-30 09:37:47,960 DEBUG FileCacheServiceAgentDownloader.DownloadFile => Waiting for download to be finished
[5] 2026-04-30 09:37:47,960 DEBUG FileCacheServiceAgentDownloader.RetryPolicy => File info is not available yet, trying again in 5s...
[5] 2026-04-30 09:37:52,966 DEBUG FileCacheServiceAgentDownloader.RetryPolicy => File info is not available yet, trying again in 5s...
[5] 2026-04-30 09:37:57,976 DEBUG FileCacheServiceAgentDownloader.HandleDownloadResult => Cache service: update is present [https___sis.n-able.com_3rdPartySw_OS_WIN_Applications_Microsoft_OneDrive.zip_2026043006] [https://sis.n-able.com/3rdPartySw/OS/WIN/Applications/Microsoft/OneDrive.zip]
[5] 2026-04-30 09:37:57,976 DEBUG downloadInfoDetails: isupdatepresent = "true" || cachedLocation = "C:\ProgramData\MspPlatform\FileCacheServiceAgent\cache\https___sis.n-able.com_3rdPartySw_OS_WIN_Applications_Microsoft_OneDrive.zip_2026043006.zip" || filename = "OneDrive.zip" || sizeinbytes = "32689" || checksum = "601b769b0380f2b4aac628e577a22979a5b97a76" || uuid = "https___sis.n-able.com_3rdPartySw_OS_WIN_Applications_Microsoft_OneDrive.zip_2026043006" || url = "https://sis.n-able.com/3rdPartySw/OS/WIN/Applications/Microsoft/OneDrive.zip" || name = "" || kbs = "" || version = "" || architecture = "" || language = "" || cacheddatetime = "2026-4-30 9:37:53 am" || downloadFailed = "false" || 
[5] 2026-04-30 09:37:57,979 DEBUG FileCacheServiceAgentDownloader.HandleDownloadResult => Downloading file (https___sis.n-able.com_3rdPartySw_OS_WIN_Applications_Microsoft_OneDrive.zip_2026043006, C:\ProgramData\MspPlatform\FileCacheServiceAgent\cache\https___sis.n-able.com_3rdPartySw_OS_WIN_Applications_Microsoft_OneDrive.zip_2026043006.zip, OneDrive.zip, 32689, C:\ProgramData\MspPlatform\PME\ThirdPartyPatch\Downloads)...
[5] 2026-04-30 09:37:57,982 DEBUG DownloadFileInBlocks Status:Complete File location [C:\ProgramData\MspPlatform\FileCacheServiceAgent\cache\https___sis.n-able.com_3rdPartySw_OS_WIN_Applications_Microsoft_OneDrive.zip_2026043006.zip] destination [C:\ProgramData\MspPlatform\PME\ThirdPartyPatch\Downloads\OneDrive.zip]
[5] 2026-04-30 09:37:57,982 DEBUG Download completed successfully. 
[5] 2026-04-30 09:37:57,984 DEBUG FileCacheServiceAgentDownloader.HandleDownloadResult => File was downloaded as "C:\ProgramData\MspPlatform\PME\ThirdPartyPatch\Downloads\OneDrive.zip" with status "Complete"
[1] 2026-04-30 09:37:58,205 DEBUG DownloaderFactory.GetDownloader => Can connect to https://sis.n-able.com/ using FileCacheServiceAgentDownloader
[1] 2026-04-30 09:37:58,205 DEBUG FileCacheServiceAgentDownloader.DownloadFile => url = https://sis.n-able.com/3rdPartySw/OS/WIN/Applications/Google/Google Drive.zip, fileName = C:\ProgramData\MspPlatform\PME\ThirdPartyPatch\Downloads\Google Drive.zip
[1] 2026-04-30 09:37:58,207 DEBUG FileCacheServiceAgentDownloader.StartAsyncDownload => Submitting file https://sis.n-able.com/3rdPartySw/OS/WIN/Applications/Google/Google Drive.zip...
[1] 2026-04-30 09:37:58,208 DEBUG FileCacheServiceAgentDownloader.DownloadFile => Waiting for download to be finished
[5] 2026-04-30 09:37:58,208 DEBUG FileCacheServiceAgentDownloader.RetryPolicy => File info is not available yet, trying again in 5s...
[5] 2026-04-30 09:38:03,216 DEBUG FileCacheServiceAgentDownloader.RetryPolicy => File info is not available yet, trying again in 5s...
[5] 2026-04-30 09:38:08,229 DEBUG FileCacheServiceAgentDownloader.HandleDownloadResult => Cache service: update is present [https___sis.n-able.com_3rdPartySw_OS_WIN_Applications_Google_Google Drive.zip_2026043006] [https://sis.n-able.com/3rdPartySw/OS/WIN/Applications/Google/Google Drive.zip]
[5] 2026-04-30 09:38:08,231 DEBUG downloadInfoDetails: isupdatepresent = "true" || cachedLocation = "C:\ProgramData\MspPlatform\FileCacheServiceAgent\cache\https___sis.n-able.com_3rdPartySw_OS_WIN_Applications_Google_Google Drive.zip_2026043006.zip" || filename = "Google Drive.zip" || sizeinbytes = "27612" || checksum = "b0ab36ca62742bbbe75dd93777de41698be9eeb1" || uuid = "https___sis.n-able.com_3rdPartySw_OS_WIN_Applications_Google_Google Drive.zip_2026043006" || url = "https://sis.n-able.com/3rdPartySw/OS/WIN/Applications/Google/Google Drive.zip" || name = "" || kbs = "" || version = "" || architecture = "" || language = "" || cacheddatetime = "2026-4-30 9:38:3 am" || downloadFailed = "false" || 
[5] 2026-04-30 09:38:08,231 DEBUG FileCacheServiceAgentDownloader.HandleDownloadResult => Downloading file (https___sis.n-able.com_3rdPartySw_OS_WIN_Applications_Google_Google Drive.zip_2026043006, C:\ProgramData\MspPlatform\FileCacheServiceAgent\cache\https___sis.n-able.com_3rdPartySw_OS_WIN_Applications_Google_Google Drive.zip_2026043006.zip, Google Drive.zip, 27612, C:\ProgramData\MspPlatform\PME\ThirdPartyPatch\Downloads)...
[5] 2026-04-30 09:38:08,245 DEBUG DownloadFileInBlocks Status:Complete File location [C:\ProgramData\MspPlatform\FileCacheServiceAgent\cache\https___sis.n-able.com_3rdPartySw_OS_WIN_Applications_Google_Google Drive.zip_2026043006.zip] destination [C:\ProgramData\MspPlatform\PME\ThirdPartyPatch\Downloads\Google Drive.zip]
[5] 2026-04-30 09:38:08,245 DEBUG Download completed successfully. 
[5] 2026-04-30 09:38:08,245 DEBUG FileCacheServiceAgentDownloader.HandleDownloadResult => File was downloaded as "C:\ProgramData\MspPlatform\PME\ThirdPartyPatch\Downloads\Google Drive.zip" with status "Complete"
[1] 2026-04-30 09:38:08,251 DEBUG DownloaderFactory.GetDownloader => Can connect to https://sis.n-able.com/ using FileCacheServiceAgentDownloader
[1] 2026-04-30 09:38:08,252 DEBUG FileCacheServiceAgentDownloader.DownloadFile => url = https://sis.n-able.com/3rdPartySw/OS/WIN/Applications/Microsoft/Microsoft Edge.zip, fileName = C:\ProgramData\MspPlatform\PME\ThirdPartyPatch\Downloads\Microsoft Edge.zip
[1] 2026-04-30 09:38:08,252 DEBUG FileCacheServiceAgentDownloader.StartAsyncDownload => Submitting file https://sis.n-able.com/3rdPartySw/OS/WIN/Applications/Microsoft/Microsoft Edge.zip...
[1] 2026-04-30 09:38:08,252 DEBUG FileCacheServiceAgentDownloader.DownloadFile => Waiting for download to be finished
[5] 2026-04-30 09:38:08,254 DEBUG FileCacheServiceAgentDownloader.RetryPolicy => File info is not available yet, trying again in 5s...
[5] 2026-04-30 09:38:13,272 DEBUG FileCacheServiceAgentDownloader.RetryPolicy => File info is not available yet, trying again in 5s...
[5] 2026-04-30 09:38:18,276 DEBUG FileCacheServiceAgentDownloader.HandleDownloadResult => Cache service: update is present [https___sis.n-able.com_3rdPartySw_OS_WIN_Applications_Microsoft_Microsoft Edge.zip_2026043006] [https://sis.n-able.com/3rdPartySw/OS/WIN/Applications/Microsoft/Microsoft Edge.zip]
[5] 2026-04-30 09:38:18,277 DEBUG downloadInfoDetails: isupdatepresent = "true" || cachedLocation = "C:\ProgramData\MspPlatform\FileCacheServiceAgent\cache\https___sis.n-able.com_3rdPartySw_OS_WIN_Applications_Microsoft_Microsoft Edge.zip_2026043006.zip" || filename = "Microsoft Edge.zip" || sizeinbytes = "9641" || checksum = "040d4b34664a38708d5a4980f2bb9f17b3acc082" || uuid = "https___sis.n-able.com_3rdPartySw_OS_WIN_Applications_Microsoft_Microsoft Edge.zip_2026043006" || url = "https://sis.n-able.com/3rdPartySw/OS/WIN/Applications/Microsoft/Microsoft Edge.zip" || name = "" || kbs = "" || version = "" || architecture = "" || language = "" || cacheddatetime = "2026-4-30 9:38:13 am" || downloadFailed = "false" || 
[5] 2026-04-30 09:38:18,277 DEBUG FileCacheServiceAgentDownloader.HandleDownloadResult => Downloading file (https___sis.n-able.com_3rdPartySw_OS_WIN_Applications_Microsoft_Microsoft Edge.zip_2026043006, C:\ProgramData\MspPlatform\FileCacheServiceAgent\cache\https___sis.n-able.com_3rdPartySw_OS_WIN_Applications_Microsoft_Microsoft Edge.zip_2026043006.zip, Microsoft Edge.zip, 9641, C:\ProgramData\MspPlatform\PME\ThirdPartyPatch\Downloads)...
[5] 2026-04-30 09:38:18,278 DEBUG DownloadFileInBlocks Status:Complete File location [C:\ProgramData\MspPlatform\FileCacheServiceAgent\cache\https___sis.n-able.com_3rdPartySw_OS_WIN_Applications_Microsoft_Microsoft Edge.zip_2026043006.zip] destination [C:\ProgramData\MspPlatform\PME\ThirdPartyPatch\Downloads\Microsoft Edge.zip]
[5] 2026-04-30 09:38:18,278 DEBUG Download completed successfully. 
[5] 2026-04-30 09:38:18,278 DEBUG FileCacheServiceAgentDownloader.HandleDownloadResult => File was downloaded as "C:\ProgramData\MspPlatform\PME\ThirdPartyPatch\Downloads\Microsoft Edge.zip" with status "Complete"
[1] 2026-04-30 09:38:18,343 DEBUG DownloaderFactory.GetDownloader => Can connect to https://sis.n-able.com/ using FileCacheServiceAgentDownloader
[1] 2026-04-30 09:38:18,343 DEBUG FileCacheServiceAgentDownloader.DownloadFile => url = https://sis.n-able.com/3rdPartySw/Vendors.xml, fileName = C:\ProgramData\MspPlatform\PME\ThirdPartyPatch\Downloads\Vendors.xml
[1] 2026-04-30 09:38:18,343 DEBUG FileCacheServiceAgentDownloader.StartAsyncDownload => Submitting file https://sis.n-able.com/3rdPartySw/Vendors.xml...
[1] 2026-04-30 09:38:18,343 DEBUG FileCacheServiceAgentDownloader.DownloadFile => Waiting for download to be finished
[5] 2026-04-30 09:38:18,347 DEBUG FileCacheServiceAgentDownloader.RetryPolicy => File info is not available yet, trying again in 5s...
[5] 2026-04-30 09:38:23,353 DEBUG FileCacheServiceAgentDownloader.RetryPolicy => File info is not available yet, trying again in 5s...
[5] 2026-04-30 09:38:28,364 DEBUG FileCacheServiceAgentDownloader.HandleDownloadResult => Cache service: update is present [https___sis.n-able.com_3rdPartySw_Vendors.xml_2026043006] [https://sis.n-able.com/3rdPartySw/Vendors.xml]
[5] 2026-04-30 09:38:28,364 DEBUG downloadInfoDetails: isupdatepresent = "true" || cachedLocation = "C:\ProgramData\MspPlatform\FileCacheServiceAgent\cache\https___sis.n-able.com_3rdPartySw_Vendors.xml_2026043006.xml" || filename = "Vendors.xml" || sizeinbytes = "4135" || checksum = "8de80a3dfbbe1d2386f740986f5044d05c426928" || uuid = "https___sis.n-able.com_3rdPartySw_Vendors.xml_2026043006" || url = "https://sis.n-able.com/3rdPartySw/Vendors.xml" || name = "" || kbs = "" || version = "" || architecture = "" || language = "" || cacheddatetime = "2026-4-30 9:38:23 am" || downloadFailed = "false" || 
[5] 2026-04-30 09:38:28,367 DEBUG FileCacheServiceAgentDownloader.HandleDownloadResult => Downloading file (https___sis.n-able.com_3rdPartySw_Vendors.xml_2026043006, C:\ProgramData\MspPlatform\FileCacheServiceAgent\cache\https___sis.n-able.com_3rdPartySw_Vendors.xml_2026043006.xml, Vendors.xml, 4135, C:\ProgramData\MspPlatform\PME\ThirdPartyPatch\Downloads)...
[5] 2026-04-30 09:38:28,369 DEBUG DownloadFileInBlocks Status:Complete File location [C:\ProgramData\MspPlatform\FileCacheServiceAgent\cache\https___sis.n-able.com_3rdPartySw_Vendors.xml_2026043006.xml] destination [C:\ProgramData\MspPlatform\PME\ThirdPartyPatch\Downloads\Vendors.xml]
[5] 2026-04-30 09:38:28,369 DEBUG Download completed successfully. 
[5] 2026-04-30 09:38:28,369 DEBUG FileCacheServiceAgentDownloader.HandleDownloadResult => File was downloaded as "C:\ProgramData\MspPlatform\PME\ThirdPartyPatch\Downloads\Vendors.xml" with status "Complete"
[1] 2026-04-30 09:38:28,691 DEBUG DownloaderFactory.GetDownloader => Can connect to https://sis.n-able.com/ using FileCacheServiceAgentDownloader
[1] 2026-04-30 09:38:28,694 DEBUG FileCacheServiceAgentDownloader.DownloadFile => url = https://sis.n-able.com/Repository.xml, fileName = C:\ProgramData\MspPlatform\PME\ThirdPartyPatch\Downloads\Repository.xml
[1] 2026-04-30 09:38:28,695 DEBUG FileCacheServiceAgentDownloader.StartAsyncDownload => Submitting file https://sis.n-able.com/Repository.xml...
[1] 2026-04-30 09:38:28,706 DEBUG FileCacheServiceAgentDownloader.DownloadFile => Waiting for download to be finished
[5] 2026-04-30 09:38:28,732 DEBUG FileCacheServiceAgentDownloader.HandleDownloadResult => Cache service: update is present [https___sis.n-able.com_Repository.xml_2026043006] [https://sis.n-able.com/Repository.xml]
[5] 2026-04-30 09:38:28,733 DEBUG downloadInfoDetails: isupdatepresent = "true" || cachedLocation = "C:\ProgramData\MspPlatform\FileCacheServiceAgent\cache\https___sis.n-able.com_Repository.xml_2026043006.xml" || filename = "Repository.xml" || sizeinbytes = "5391" || checksum = "c66884b2bf094a34edb1c5da978107dae7df2f57" || uuid = "https___sis.n-able.com_Repository.xml_2026043006" || url = "https://sis.n-able.com/Repository.xml" || name = "" || kbs = "" || version = "" || architecture = "" || language = "" || cacheddatetime = "2026-4-30 9:37:32 am" || downloadFailed = "false" || 
[5] 2026-04-30 09:38:28,734 DEBUG FileCacheServiceAgentDownloader.HandleDownloadResult => Downloading file (https___sis.n-able.com_Repository.xml_2026043006, C:\ProgramData\MspPlatform\FileCacheServiceAgent\cache\https___sis.n-able.com_Repository.xml_2026043006.xml, Repository.xml, 5391, C:\ProgramData\MspPlatform\PME\ThirdPartyPatch\Downloads)...
[5] 2026-04-30 09:38:28,739 DEBUG DownloadFileInBlocks Status:Complete File location [C:\ProgramData\MspPlatform\FileCacheServiceAgent\cache\https___sis.n-able.com_Repository.xml_2026043006.xml] destination [C:\ProgramData\MspPlatform\PME\ThirdPartyPatch\Downloads\Repository.xml]
[5] 2026-04-30 09:38:28,740 DEBUG Download completed successfully. 
[5] 2026-04-30 09:38:28,740 DEBUG FileCacheServiceAgentDownloader.HandleDownloadResult => File was downloaded as "C:\ProgramData\MspPlatform\PME\ThirdPartyPatch\Downloads\Repository.xml" with status "Complete"
[1] 2026-04-30 09:38:29,374 DEBUG DownloaderFactory.GetDownloader => Can connect to https://sis.n-able.com/ using FileCacheServiceAgentDownloader
[1] 2026-04-30 09:38:29,374 DEBUG FileCacheServiceAgentDownloader.DownloadFile => url = https://sis.n-able.com/3rdPartySw/OS/WIN/Applications/Google/Chrome.zip, fileName = C:\ProgramData\MspPlatform\PME\ThirdPartyPatch\Downloads\Chrome.zip
[1] 2026-04-30 09:38:29,374 DEBUG FileCacheServiceAgentDownloader.StartAsyncDownload => Submitting file https://sis.n-able.com/3rdPartySw/OS/WIN/Applications/Google/Chrome.zip...
[1] 2026-04-30 09:38:29,374 DEBUG FileCacheServiceAgentDownloader.DownloadFile => Waiting for download to be finished
[5] 2026-04-30 09:38:29,380 DEBUG FileCacheServiceAgentDownloader.RetryPolicy => File info is not available yet, trying again in 5s...
[5] 2026-04-30 09:38:34,401 DEBUG FileCacheServiceAgentDownloader.RetryPolicy => File info is not available yet, trying again in 5s...
[5] 2026-04-30 09:38:39,401 DEBUG FileCacheServiceAgentDownloader.HandleDownloadResult => Cache service: update is present [https___sis.n-able.com_3rdPartySw_OS_WIN_Applications_Google_Chrome.zip_2026043006] [https://sis.n-able.com/3rdPartySw/OS/WIN/Applications/Google/Chrome.zip]
[5] 2026-04-30 09:38:39,401 DEBUG downloadInfoDetails: isupdatepresent = "true" || cachedLocation = "C:\ProgramData\MspPlatform\FileCacheServiceAgent\cache\https___sis.n-able.com_3rdPartySw_OS_WIN_Applications_Google_Chrome.zip_2026043006.zip" || filename = "Chrome.zip" || sizeinbytes = "16429" || checksum = "7cf75c1e0bb26b42d8e7bc81745f863716be87d1" || uuid = "https___sis.n-able.com_3rdPartySw_OS_WIN_Applications_Google_Chrome.zip_2026043006" || url = "https://sis.n-able.com/3rdPartySw/OS/WIN/Applications/Google/Chrome.zip" || name = "" || kbs = "" || version = "" || architecture = "" || language = "" || cacheddatetime = "2026-4-30 9:38:34 am" || downloadFailed = "false" || 
[5] 2026-04-30 09:38:39,401 DEBUG FileCacheServiceAgentDownloader.HandleDownloadResult => Downloading file (https___sis.n-able.com_3rdPartySw_OS_WIN_Applications_Google_Chrome.zip_2026043006, C:\ProgramData\MspPlatform\FileCacheServiceAgent\cache\https___sis.n-able.com_3rdPartySw_OS_WIN_Applications_Google_Chrome.zip_2026043006.zip, Chrome.zip, 16429, C:\ProgramData\MspPlatform\PME\ThirdPartyPatch\Downloads)...
[5] 2026-04-30 09:38:39,406 DEBUG DownloadFileInBlocks Status:Complete File location [C:\ProgramData\MspPlatform\FileCacheServiceAgent\cache\https___sis.n-able.com_3rdPartySw_OS_WIN_Applications_Google_Chrome.zip_2026043006.zip] destination [C:\ProgramData\MspPlatform\PME\ThirdPartyPatch\Downloads\Chrome.zip]
[5] 2026-04-30 09:38:39,406 DEBUG Download completed successfully. 
[5] 2026-04-30 09:38:39,406 DEBUG FileCacheServiceAgentDownloader.HandleDownloadResult => File was downloaded as "C:\ProgramData\MspPlatform\PME\ThirdPartyPatch\Downloads\Chrome.zip" with status "Complete"
[1] 2026-04-30 11:01:32,920 DEBUG DownloaderFactory.GetDownloader => Can connect to https://sis.n-able.com/ using FileCacheServiceAgentDownloader
[1] 2026-04-30 11:01:32,922 DEBUG FileCacheServiceAgentDownloader.DownloadFile => url = https://sis.n-able.com/Repository.xml, fileName = C:\ProgramData\MspPlatform\PME\ThirdPartyPatch\Downloads\Repository.xml
[1] 2026-04-30 11:01:32,923 DEBUG FileCacheServiceAgentDownloader.StartAsyncDownload => Submitting file https://sis.n-able.com/Repository.xml...
[1] 2026-04-30 11:01:32,935 DEBUG FileCacheServiceAgentDownloader.DownloadFile => Waiting for download to be finished
[5] 2026-04-30 11:01:32,969 DEBUG FileCacheServiceAgentDownloader.HandleDownloadResult => Cache service: update is present [https___sis.n-able.com_Repository.xml_2026043006] [https://sis.n-able.com/Repository.xml]
[5] 2026-04-30 11:01:32,970 DEBUG downloadInfoDetails: isupdatepresent = "true" || cachedLocation = "C:\ProgramData\MspPlatform\FileCacheServiceAgent\cache\https___sis.n-able.com_Repository.xml_2026043006.xml" || filename = "Repository.xml" || sizeinbytes = "5391" || checksum = "c66884b2bf094a34edb1c5da978107dae7df2f57" || uuid = "https___sis.n-able.com_Repository.xml_2026043006" || url = "https://sis.n-able.com/Repository.xml" || name = "" || kbs = "" || version = "" || architecture = "" || language = "" || cacheddatetime = "2026-4-30 9:37:32 am" || downloadFailed = "false" || 
[5] 2026-04-30 11:01:32,971 DEBUG FileCacheServiceAgentDownloader.HandleDownloadResult => Downloading file (https___sis.n-able.com_Repository.xml_2026043006, C:\ProgramData\MspPlatform\FileCacheServiceAgent\cache\https___sis.n-able.com_Repository.xml_2026043006.xml, Repository.xml, 5391, C:\ProgramData\MspPlatform\PME\ThirdPartyPatch\Downloads)...
[5] 2026-04-30 11:01:32,979 DEBUG DownloadFileInBlocks Status:Complete File location [C:\ProgramData\MspPlatform\FileCacheServiceAgent\cache\https___sis.n-able.com_Repository.xml_2026043006.xml] destination [C:\ProgramData\MspPlatform\PME\ThirdPartyPatch\Downloads\Repository.xml]
[5] 2026-04-30 11:01:32,979 DEBUG Download completed successfully. 
[5] 2026-04-30 11:01:32,979 DEBUG FileCacheServiceAgentDownloader.HandleDownloadResult => File was downloaded as "C:\ProgramData\MspPlatform\PME\ThirdPartyPatch\Downloads\Repository.xml" with status "Complete"
[1] 2026-04-30 11:01:34,001 DEBUG DownloaderFactory.GetDownloader => Can connect to https://sis.n-able.com/ using FileCacheServiceAgentDownloader
[1] 2026-04-30 11:01:34,002 DEBUG FileCacheServiceAgentDownloader.DownloadFile => url = https://sis.n-able.com/Repository.xml, fileName = C:\ProgramData\MspPlatform\PME\ThirdPartyPatch\Downloads\Repository.xml
[1] 2026-04-30 11:01:34,002 DEBUG FileCacheServiceAgentDownloader.StartAsyncDownload => Submitting file https://sis.n-able.com/Repository.xml...
[1] 2026-04-30 11:01:34,014 DEBUG FileCacheServiceAgentDownloader.DownloadFile => Waiting for download to be finished
[5] 2026-04-30 11:01:34,039 DEBUG FileCacheServiceAgentDownloader.HandleDownloadResult => Cache service: update is present [https___sis.n-able.com_Repository.xml_2026043006] [https://sis.n-able.com/Repository.xml]
[5] 2026-04-30 11:01:34,039 DEBUG downloadInfoDetails: isupdatepresent = "true" || cachedLocation = "C:\ProgramData\MspPlatform\FileCacheServiceAgent\cache\https___sis.n-able.com_Repository.xml_2026043006.xml" || filename = "Repository.xml" || sizeinbytes = "5391" || checksum = "c66884b2bf094a34edb1c5da978107dae7df2f57" || uuid = "https___sis.n-able.com_Repository.xml_2026043006" || url = "https://sis.n-able.com/Repository.xml" || name = "" || kbs = "" || version = "" || architecture = "" || language = "" || cacheddatetime = "2026-4-30 9:37:32 am" || downloadFailed = "false" || 
[5] 2026-04-30 11:01:34,040 DEBUG FileCacheServiceAgentDownloader.HandleDownloadResult => Downloading file (https___sis.n-able.com_Repository.xml_2026043006, C:\ProgramData\MspPlatform\FileCacheServiceAgent\cache\https___sis.n-able.com_Repository.xml_2026043006.xml, Repository.xml, 5391, C:\ProgramData\MspPlatform\PME\ThirdPartyPatch\Downloads)...
[5] 2026-04-30 11:01:34,047 DEBUG DownloadFileInBlocks Status:Complete File location [C:\ProgramData\MspPlatform\FileCacheServiceAgent\cache\https___sis.n-able.com_Repository.xml_2026043006.xml] destination [C:\ProgramData\MspPlatform\PME\ThirdPartyPatch\Downloads\Repository.xml]
[5] 2026-04-30 11:01:34,047 DEBUG Download completed successfully. 
[5] 2026-04-30 11:01:34,048 DEBUG FileCacheServiceAgentDownloader.HandleDownloadResult => File was downloaded as "C:\ProgramData\MspPlatform\PME\ThirdPartyPatch\Downloads\Repository.xml" with status "Complete"
